Age,Gender,Student_Working_Status,Daily_Social_Media_Hours,Screen_Time_Hours,Night_Scrolling_Frequency,Online_Gaming_Hours,Content_Type_Preference,Exercise_Frequency_per_Week,Daily_Sleep_Hours,Caffeine_Intake_Cups,Study_Work_Hours_per_Day,Overthinking_Score,Anxiety_Score,Mood_Stability_Score,Social_Comparison_Index,Sleep_Quality_Score,Motivation_Level,Emotional_Fatigue_Score,Wellbeing_Index,Burnout_Risk
24,1,2,5.0,7.0,3.0,2.0,4,5.0,6.84,2.0,11.0,5.0,4.0,6.0,5.0,6.0,6.0,6.0,4.0,2
21,1,1,4.0,8.0,2.0,4.0,2,3.0,7.88,2.0,7.0,6.0,4.0,6.0,5.0,7.0,6.0,4.0,5.0,2
25,1,1,3.0,7.0,3.0,3.0,1,3.0,6.39,1.0,8.0,4.0,6.0,6.0,2.0,6.0,5.0,7.0,4.0,0
22,0,1,4.0,7.0,5.0,3.0,0,2.0,7.92,1.0,7.0,6.0,5.0,5.0,6.0,7.0,5.0,6.0,4.0,0
24,1,1,3.0,6.0,2.0,2.0,0,5.0,5.97,2.0,5.0,5.0,4.0,5.0,6.0,6.0,6.0,2.0,5.0,2
20,1,0,6.0,9.0,5.0,1.0,2,6.0,6.7,0.0,6.0,6.0,4.0,3.0,6.0,8.0,5.0,6.0,3.0,0
24,1,1,4.0,6.0,2.0,2.0,4,4.0,5.18,2.0,7.0,5.0,5.0,6.0,3.0,5.0,6.0,6.0,4.0,0
25,0,1,5.0,7.0,4.0,2.0,0,2.0,6.27,2.0,6.0,4.0,4.0,4.0,4.0,7.0,3.0,6.0,3.0,0
22,1,1,6.0,10.0,4.0,0.0,0,1.0,6.78,2.0,11.0,5.0,5.0,4.0,5.0,7.0,5.0,6.0,3.0,0
21,0,1,4.0,6.0,4.0,1.0,4,2.0,4.65,3.0,10.0,4.0,5.0,6.0,5.0,5.0,6.0,5.0,4.0,0
25,1,1,3.0,3.0,4.0,3.0,4,2.0,8.19,1.0,7.0,5.0,3.0,6.0,4.0,9.0,6.0,4.0,6.0,2
25,0,1,3.0,8.0,3.0,0.0,4,4.0,6.73,0.0,3.0,5.0,4.0,6.0,5.0,5.0,6.0,4.0,4.0,2
20,2,2,4.0,9.0,4.0,0.0,3,0.0,7.32,1.0,6.0,5.0,5.0,5.0,4.0,6.0,3.0,8.0,2.0,0
23,1,1,4.0,7.0,3.0,0.0,3,3.0,6.45,2.0,7.0,5.0,6.0,3.0,3.0,6.0,6.0,5.0,3.0,0
22,1,1,4.0,5.0,3.0,1.0,4,2.0,5.9,3.0,7.0,4.0,5.0,5.0,3.0,6.0,5.0,5.0,4.0,0
19,0,1,5.0,10.0,2.0,1.0,4,5.0,4.08,3.0,4.0,6.0,6.0,5.0,4.0,4.0,4.0,8.0,2.0,0
25,1,2,4.0,8.0,2.0,4.0,2,4.0,7.33,0.0,10.0,4.0,3.0,5.0,4.0,8.0,4.0,5.0,4.0,2
23,1,1,3.0,6.0,4.0,3.0,0,2.0,7.92,1.0,3.0,5.0,5.0,5.0,3.0,8.0,6.0,5.0,5.0,2
19,0,1,4.0,9.0,3.0,2.0,1,3.0,6.59,1.0,5.0,3.0,3.0,8.0,5.0,7.0,6.0,6.0,5.0,2
22,2,1,3.0,5.0,4.0,1.0,3,4.0,4.98,1.0,7.0,7.0,7.0,2.0,4.0,4.0,5.0,8.0,1.0,0
18,0,1,3.0,4.0,4.0,1.0,3,3.0,7.83,1.0,2.0,5.0,4.0,6.0,3.0,8.0,7.0,3.0,6.0,2
23,1,2,0.0,3.0,1.0,3.0,4,0.0,7.93,1.0,3.0,3.0,4.0,5.0,1.0,8.0,6.0,6.0,5.0,2
26,1,2,3.0,6.0,2.0,3.0,4,3.0,6.87,2.0,5.0,5.0,3.0,5.0,6.0,6.0,3.0,4.0,4.0,0
18,1,0,5.0,10.0,2.0,0.0,4,0.0,7.25,3.0,6.0,5.0,4.0,6.0,6.0,8.0,6.0,7.0,5.0,2
20,0,1,5.0,7.0,5.0,2.0,1,3.0,8.23,3.0,6.0,6.0,3.0,6.0,5.0,9.0,6.0,5.0,6.0,2
24,0,1,5.0,7.0,3.0,2.0,3,5.0,7.27,1.0,3.0,6.0,4.0,6.0,4.0,7.0,5.0,4.0,4.0,2
21,0,1,5.0,8.0,3.0,3.0,1,3.0,7.48,1.0,5.0,5.0,5.0,6.0,4.0,7.0,7.0,7.0,5.0,2
26,1,1,3.0,6.0,2.0,4.0,0,3.0,8.43,3.0,6.0,4.0,3.0,6.0,4.0,9.0,6.0,5.0,6.0,2
20,0,1,2.0,7.0,3.0,2.0,1,2.0,6.98,2.0,10.0,4.0,4.0,6.0,4.0,7.0,5.0,5.0,5.0,2
22,1,2,4.0,7.0,2.0,1.0,2,3.0,5.19,3.0,4.0,6.0,5.0,4.0,5.0,5.0,4.0,5.0,3.0,0
20,1,1,0.0,6.0,1.0,0.0,3,2.0,9.77,2.0,6.0,2.0,1.0,8.0,2.0,9.0,6.0,3.0,7.0,1
24,0,1,6.0,10.0,2.0,0.0,1,4.0,8.04,3.0,4.0,4.0,4.0,5.0,6.0,8.0,4.0,7.0,4.0,0
22,1,1,4.0,8.0,3.0,2.0,3,3.0,7.89,1.0,5.0,4.0,2.0,5.0,6.0,6.0,6.0,4.0,5.0,2
26,0,2,5.0,7.0,7.0,3.0,4,4.0,6.01,1.0,6.0,8.0,8.0,4.0,6.0,5.0,5.0,7.0,2.0,0
24,0,1,3.0,6.0,1.0,4.0,1,3.0,6.76,0.0,3.0,4.0,5.0,5.0,3.0,8.0,6.0,6.0,5.0,2
19,2,1,2.0,5.0,3.0,0.0,3,3.0,4.82,0.0,9.0,4.0,5.0,3.0,3.0,3.0,4.0,6.0,2.0,0
21,0,0,4.0,5.0,3.0,1.0,1,2.0,6.07,1.0,2.0,5.0,6.0,6.0,4.0,6.0,4.0,6.0,4.0,0
26,0,2,4.0,7.0,4.0,2.0,1,2.0,6.13,0.0,5.0,6.0,6.0,3.0,5.0,5.0,3.0,6.0,2.0,0
19,0,1,4.0,6.0,3.0,3.0,1,3.0,5.99,2.0,6.0,5.0,4.0,7.0,4.0,5.0,5.0,7.0,4.0,0
26,1,1,4.0,7.0,2.0,1.0,2,2.0,4.74,2.0,4.0,4.0,4.0,8.0,7.0,5.0,4.0,4.0,4.0,2
22,1,1,3.0,8.0,4.0,1.0,2,5.0,4.88,1.0,8.0,5.0,5.0,7.0,2.0,4.0,4.0,4.0,4.0,0
19,0,2,4.0,8.0,4.0,2.0,1,0.0,7.31,1.0,5.0,5.0,5.0,6.0,4.0,8.0,5.0,7.0,5.0,2
21,0,2,5.0,8.0,4.0,0.0,1,4.0,6.94,3.0,7.0,5.0,6.0,5.0,5.0,7.0,4.0,6.0,3.0,0
24,0,1,7.0,8.0,4.0,1.0,3,5.0,8.0,1.0,9.0,5.0,4.0,7.0,4.0,9.0,7.0,1.0,7.0,1
25,1,2,5.0,8.0,1.0,1.0,4,2.0,5.46,0.0,6.0,4.0,6.0,4.0,5.0,6.0,5.0,5.0,3.0,0
20,1,1,2.0,7.0,4.0,2.0,0,3.0,7.06,1.0,3.0,5.0,3.0,5.0,2.0,8.0,5.0,4.0,5.0,2
18,1,2,3.0,6.0,3.0,2.0,4,2.0,6.42,3.0,5.0,3.0,4.0,7.0,5.0,5.0,4.0,5.0,4.0,2
21,0,1,3.0,5.0,0.0,1.0,3,5.0,6.54,1.0,7.0,3.0,2.0,6.0,4.0,7.0,7.0,4.0,6.0,2
19,0,1,6.0,8.0,4.0,1.0,2,4.0,5.65,2.0,5.0,4.0,2.0,8.0,6.0,5.0,5.0,5.0,5.0,2
25,0,2,3.0,6.0,2.0,2.0,3,1.0,4.31,1.0,5.0,6.0,8.0,4.0,3.0,5.0,3.0,8.0,1.0,0
21,1,1,4.0,7.0,4.0,1.0,3,1.0,6.66,0.0,6.0,6.0,6.0,3.0,4.0,5.0,5.0,7.0,2.0,0
19,1,0,4.0,7.0,3.0,3.0,0,3.0,5.44,0.0,8.0,4.0,5.0,6.0,6.0,5.0,4.0,7.0,3.0,0
23,0,1,5.0,6.0,4.0,1.0,4,4.0,5.45,0.0,8.0,6.0,7.0,3.0,4.0,6.0,5.0,7.0,2.0,0
23,0,1,2.0,6.0,4.0,5.0,2,4.0,6.04,2.0,6.0,4.0,6.0,4.0,4.0,6.0,5.0,5.0,3.0,0
21,0,2,4.0,7.0,2.0,0.0,3,3.0,7.24,2.0,7.0,5.0,6.0,3.0,3.0,7.0,4.0,4.0,3.0,0
23,0,1,5.0,9.0,5.0,3.0,0,4.0,4.51,0.0,6.0,5.0,7.0,3.0,5.0,5.0,5.0,6.0,2.0,0
19,1,1,4.0,7.0,2.0,3.0,3,3.0,6.3,1.0,6.0,6.0,7.0,3.0,2.0,3.0,4.0,7.0,1.0,0
19,0,1,7.0,10.0,2.0,0.0,3,2.0,4.66,1.0,9.0,5.0,5.0,6.0,6.0,4.0,5.0,5.0,3.0,0
21,0,0,3.0,6.0,4.0,2.0,4,3.0,7.6,4.0,4.0,5.0,3.0,8.0,4.0,9.0,6.0,3.0,6.0,2
25,0,2,3.0,7.0,3.0,4.0,4,2.0,8.37,1.0,7.0,5.0,4.0,3.0,2.0,9.0,7.0,5.0,5.0,2
24,0,1,5.0,9.0,6.0,2.0,0,5.0,7.42,2.0,5.0,5.0,6.0,5.0,6.0,9.0,6.0,5.0,5.0,2
26,0,1,4.0,8.0,2.0,0.0,3,2.0,7.77,0.0,7.0,3.0,3.0,6.0,7.0,7.0,6.0,4.0,5.0,2
25,0,1,4.0,8.0,4.0,3.0,3,2.0,9.75,1.0,8.0,4.0,5.0,4.0,5.0,10.0,8.0,6.0,6.0,2
22,0,1,2.0,6.0,4.0,2.0,3,0.0,3.92,0.0,9.0,6.0,3.0,7.0,4.0,5.0,4.0,6.0,4.0,0
19,0,0,3.0,7.0,5.0,2.0,1,2.0,6.77,1.0,7.0,4.0,5.0,7.0,4.0,5.0,6.0,6.0,4.0,0
22,0,2,7.0,10.0,5.0,1.0,1,3.0,6.35,1.0,6.0,6.0,6.0,4.0,7.0,6.0,4.0,5.0,3.0,0
25,1,1,4.0,8.0,4.0,0.0,3,1.0,7.01,0.0,6.0,5.0,5.0,6.0,5.0,8.0,4.0,6.0,4.0,2
26,2,1,5.0,7.0,4.0,4.0,4,5.0,5.85,2.0,1.0,7.0,7.0,5.0,3.0,6.0,3.0,6.0,2.0,0
26,0,0,3.0,4.0,3.0,3.0,0,1.0,6.84,2.0,7.0,6.0,4.0,3.0,4.0,8.0,6.0,4.0,4.0,2
18,1,1,4.0,9.0,3.0,3.0,4,3.0,7.28,2.0,7.0,5.0,3.0,5.0,5.0,7.0,6.0,4.0,5.0,2
26,0,0,4.0,7.0,4.0,1.0,0,4.0,7.12,2.0,4.0,5.0,6.0,4.0,4.0,7.0,5.0,6.0,4.0,0
24,1,1,2.0,5.0,4.0,2.0,2,0.0,4.69,0.0,8.0,2.0,4.0,6.0,2.0,4.0,4.0,5.0,3.0,0
26,1,2,3.0,7.0,4.0,2.0,3,1.0,7.57,2.0,6.0,4.0,6.0,4.0,4.0,8.0,5.0,7.0,4.0,0
25,1,2,3.0,6.0,3.0,2.0,3,3.0,5.73,1.0,8.0,6.0,5.0,6.0,3.0,5.0,4.0,7.0,3.0,0
18,0,2,7.0,10.0,1.0,2.0,1,4.0,5.91,0.0,5.0,5.0,3.0,6.0,6.0,6.0,5.0,5.0,4.0,2
25,0,1,7.0,9.0,2.0,3.0,2,0.0,5.81,1.0,4.0,6.0,5.0,6.0,5.0,6.0,2.0,8.0,3.0,0
25,0,1,1.0,4.0,2.0,0.0,1,3.0,7.24,1.0,5.0,5.0,4.0,6.0,3.0,7.0,7.0,4.0,5.0,2
20,0,1,3.0,5.0,3.0,4.0,4,2.0,4.66,2.0,9.0,5.0,5.0,5.0,3.0,4.0,4.0,5.0,3.0,0
18,1,0,4.0,6.0,4.0,2.0,1,3.0,7.98,1.0,2.0,5.0,4.0,5.0,2.0,8.0,6.0,4.0,5.0,2
25,1,1,4.0,7.0,3.0,0.0,0,3.0,9.15,3.0,5.0,5.0,3.0,3.0,5.0,8.0,9.0,5.0,5.0,2
20,1,0,4.0,5.0,2.0,0.0,3,4.0,6.36,2.0,6.0,6.0,7.0,5.0,3.0,7.0,6.0,8.0,3.0,0
20,0,2,7.0,11.0,1.0,0.0,4,2.0,5.11,2.0,7.0,3.0,4.0,6.0,5.0,5.0,5.0,7.0,3.0,0
18,2,1,3.0,6.0,2.0,2.0,2,6.0,4.44,3.0,7.0,4.0,5.0,7.0,4.0,5.0,6.0,4.0,4.0,2
22,0,0,7.0,10.0,2.0,0.0,3,4.0,6.33,2.0,8.0,4.0,5.0,5.0,6.0,6.0,6.0,8.0,4.0,0
24,0,2,5.0,9.0,4.0,2.0,4,2.0,5.91,2.0,6.0,7.0,6.0,5.0,4.0,6.0,4.0,8.0,2.0,0
26,2,1,4.0,7.0,4.0,2.0,2,2.0,7.48,1.0,3.0,6.0,3.0,7.0,4.0,7.0,5.0,7.0,4.0,2
24,1,1,3.0,6.0,2.0,0.0,0,4.0,7.79,1.0,8.0,4.0,3.0,6.0,6.0,6.0,6.0,3.0,5.0,2
26,0,2,3.0,5.0,3.0,1.0,0,3.0,4.84,2.0,7.0,5.0,4.0,6.0,4.0,5.0,4.0,3.0,4.0,0
25,0,2,7.0,9.0,3.0,5.0,2,4.0,6.24,0.0,6.0,7.0,7.0,5.0,7.0,6.0,4.0,8.0,3.0,0
19,0,2,5.0,8.0,2.0,3.0,3,3.0,5.53,0.0,10.0,5.0,7.0,3.0,5.0,6.0,2.0,8.0,1.0,0
18,1,2,4.0,8.0,3.0,2.0,0,0.0,6.81,4.0,4.0,6.0,5.0,6.0,6.0,6.0,5.0,6.0,4.0,0
24,0,1,1.0,3.0,3.0,1.0,4,2.0,3.54,1.0,7.0,5.0,7.0,2.0,2.0,3.0,4.0,6.0,1.0,0
24,0,2,3.0,6.0,4.0,0.0,3,3.0,4.74,5.0,6.0,7.0,7.0,5.0,5.0,4.0,4.0,6.0,2.0,0
25,1,1,3.0,7.0,3.0,2.0,2,0.0,5.88,2.0,3.0,7.0,6.0,4.0,6.0,7.0,7.0,8.0,3.0,0
22,0,1,4.0,8.0,5.0,2.0,0,4.0,7.26,2.0,4.0,7.0,6.0,5.0,4.0,7.0,5.0,5.0,4.0,0
20,1,1,4.0,9.0,2.0,0.0,0,2.0,5.68,1.0,6.0,4.0,4.0,6.0,4.0,5.0,6.0,7.0,4.0,0
25,0,1,3.0,6.0,1.0,0.0,1,1.0,7.68,1.0,6.0,3.0,2.0,6.0,3.0,7.0,6.0,3.0,5.0,2
23,0,1,4.0,6.0,3.0,1.0,1,2.0,5.08,0.0,7.0,5.0,6.0,2.0,3.0,5.0,3.0,7.0,1.0,0
20,0,1,5.0,10.0,4.0,2.0,3,2.0,6.29,2.0,6.0,6.0,5.0,5.0,4.0,6.0,5.0,9.0,3.0,0
18,1,1,3.0,6.0,2.0,0.0,3,3.0,5.59,1.0,5.0,4.0,5.0,5.0,4.0,5.0,4.0,5.0,3.0,0
20,1,1,3.0,7.0,3.0,0.0,2,4.0,7.84,1.0,8.0,5.0,5.0,6.0,4.0,8.0,7.0,6.0,5.0,2
22,1,2,3.0,5.0,4.0,3.0,2,1.0,8.3,1.0,1.0,6.0,4.0,6.0,4.0,8.0,5.0,6.0,5.0,2
20,1,1,3.0,5.0,0.0,1.0,2,4.0,7.54,0.0,8.0,4.0,3.0,7.0,3.0,8.0,5.0,3.0,6.0,2
18,1,1,4.0,7.0,6.0,3.0,1,1.0,8.14,0.0,4.0,6.0,6.0,2.0,5.0,10.0,5.0,7.0,3.0,0
22,0,2,7.0,10.0,3.0,0.0,0,3.0,6.34,1.0,5.0,6.0,6.0,4.0,6.0,7.0,6.0,7.0,3.0,0
24,1,1,3.0,6.0,2.0,1.0,0,1.0,5.42,1.0,6.0,7.0,7.0,3.0,4.0,6.0,2.0,7.0,1.0,0
24,0,1,2.0,4.0,4.0,3.0,2,4.0,5.96,0.0,6.0,7.0,8.0,3.0,6.0,6.0,4.0,6.0,2.0,0
26,1,0,3.0,6.0,3.0,3.0,1,4.0,5.08,1.0,5.0,5.0,6.0,5.0,7.0,5.0,4.0,5.0,2.0,0
20,0,1,6.0,10.0,2.0,2.0,2,4.0,6.94,1.0,9.0,5.0,2.0,5.0,7.0,6.0,5.0,4.0,4.0,2
24,0,1,4.0,6.0,4.0,0.0,4,4.0,5.95,2.0,9.0,5.0,6.0,3.0,5.0,7.0,5.0,5.0,3.0,0
18,0,2,3.0,7.0,3.0,0.0,3,3.0,5.3,1.0,11.0,4.0,4.0,5.0,5.0,6.0,6.0,4.0,4.0,2
21,2,2,1.0,5.0,1.0,1.0,1,3.0,6.54,2.0,7.0,3.0,5.0,6.0,1.0,7.0,5.0,6.0,4.0,2
21,1,2,4.0,7.0,3.0,3.0,0,3.0,4.04,2.0,5.0,3.0,4.0,6.0,4.0,5.0,4.0,6.0,3.0,0
22,1,1,2.0,4.0,2.0,0.0,4,6.0,6.8,1.0,6.0,3.0,3.0,6.0,3.0,6.0,6.0,2.0,5.0,2
24,1,2,4.0,8.0,3.0,3.0,3,6.0,4.46,0.0,10.0,4.0,6.0,2.0,3.0,5.0,5.0,8.0,2.0,0
24,1,2,3.0,7.0,3.0,0.0,3,2.0,6.51,0.0,6.0,6.0,5.0,3.0,4.0,7.0,4.0,6.0,3.0,0
21,0,1,1.0,4.0,0.0,2.0,3,6.0,6.76,2.0,5.0,4.0,4.0,5.0,2.0,7.0,5.0,2.0,4.0,2
24,0,1,6.0,9.0,4.0,3.0,1,5.0,5.19,1.0,5.0,7.0,5.0,3.0,6.0,5.0,5.0,7.0,2.0,0
20,0,2,7.0,11.0,2.0,3.0,1,6.0,6.06,1.0,6.0,6.0,5.0,4.0,7.0,6.0,7.0,6.0,4.0,0
23,1,1,4.0,8.0,4.0,2.0,1,1.0,6.64,2.0,5.0,5.0,7.0,3.0,3.0,6.0,3.0,7.0,2.0,0
19,2,1,6.0,9.0,2.0,1.0,0,1.0,5.21,0.0,5.0,5.0,7.0,4.0,6.0,6.0,3.0,8.0,2.0,0
26,2,1,4.0,8.0,3.0,0.0,0,5.0,7.22,2.0,4.0,5.0,3.0,6.0,7.0,8.0,8.0,4.0,6.0,2
22,1,1,1.0,3.0,5.0,0.0,0,1.0,8.48,1.0,8.0,7.0,5.0,6.0,4.0,8.0,4.0,3.0,5.0,2
23,1,1,4.0,5.0,2.0,1.0,4,3.0,6.44,1.0,5.0,4.0,4.0,5.0,3.0,7.0,5.0,6.0,4.0,0
21,0,1,3.0,5.0,2.0,4.0,4,4.0,7.73,1.0,5.0,5.0,4.0,5.0,3.0,9.0,7.0,5.0,6.0,2
24,2,1,2.0,5.0,2.0,1.0,2,4.0,6.82,2.0,6.0,6.0,4.0,8.0,3.0,5.0,5.0,3.0,5.0,2
26,1,0,4.0,7.0,5.0,2.0,2,4.0,6.2,1.0,8.0,4.0,5.0,4.0,4.0,5.0,3.0,7.0,2.0,0
24,1,1,3.0,6.0,1.0,2.0,3,4.0,6.52,1.0,6.0,2.0,3.0,7.0,4.0,7.0,5.0,3.0,5.0,2
18,2,1,4.0,8.0,4.0,1.0,3,1.0,6.23,3.0,3.0,5.0,4.0,5.0,5.0,8.0,5.0,5.0,4.0,2
18,0,0,5.0,8.0,1.0,3.0,1,2.0,6.82,1.0,4.0,6.0,6.0,4.0,4.0,8.0,4.0,8.0,3.0,0
26,1,2,7.0,9.0,1.0,2.0,3,4.0,6.8,0.0,8.0,5.0,3.0,6.0,6.0,6.0,8.0,5.0,6.0,2
26,0,1,4.0,7.0,2.0,1.0,3,3.0,7.81,1.0,3.0,3.0,4.0,7.0,3.0,8.0,6.0,5.0,6.0,2
21,2,1,2.0,5.0,3.0,0.0,4,2.0,5.84,1.0,5.0,5.0,5.0,5.0,2.0,6.0,3.0,7.0,3.0,0
26,0,1,3.0,6.0,4.0,3.0,0,4.0,5.85,0.0,2.0,6.0,3.0,4.0,4.0,5.0,5.0,4.0,4.0,0
20,0,0,3.0,7.0,3.0,2.0,3,2.0,7.68,1.0,3.0,5.0,5.0,5.0,4.0,8.0,6.0,6.0,4.0,2
24,0,1,7.0,11.0,4.0,2.0,2,3.0,6.56,2.0,3.0,5.0,5.0,5.0,7.0,7.0,7.0,7.0,4.0,2
23,1,1,4.0,6.0,2.0,1.0,2,3.0,6.35,3.0,7.0,3.0,3.0,7.0,4.0,8.0,6.0,4.0,6.0,2
25,0,2,5.0,7.0,3.0,2.0,3,3.0,3.61,0.0,4.0,5.0,6.0,6.0,6.0,5.0,4.0,8.0,3.0,0
26,1,1,6.0,10.0,4.0,0.0,1,4.0,8.38,2.0,4.0,6.0,6.0,5.0,6.0,9.0,6.0,6.0,4.0,2
22,2,2,6.0,9.0,4.0,0.0,2,4.0,5.86,1.0,5.0,6.0,6.0,4.0,7.0,5.0,3.0,8.0,2.0,0
18,1,2,4.0,6.0,4.0,2.0,3,1.0,6.84,2.0,9.0,6.0,6.0,5.0,3.0,8.0,5.0,7.0,4.0,0
20,0,1,3.0,6.0,1.0,3.0,2,3.0,5.87,1.0,4.0,4.0,5.0,7.0,4.0,6.0,3.0,6.0,4.0,0
25,1,1,3.0,5.0,2.0,0.0,3,2.0,7.34,1.0,7.0,4.0,4.0,7.0,4.0,7.0,6.0,4.0,5.0,2
23,0,1,2.0,2.0,3.0,2.0,4,1.0,7.61,1.0,10.0,6.0,4.0,6.0,2.0,6.0,4.0,5.0,4.0,2
25,1,2,5.0,9.0,3.0,3.0,2,4.0,5.32,1.0,8.0,5.0,5.0,3.0,5.0,5.0,3.0,7.0,2.0,0
26,0,2,8.0,10.0,2.0,0.0,3,6.0,8.41,1.0,5.0,5.0,3.0,6.0,7.0,8.0,8.0,5.0,6.0,2
21,0,2,6.0,8.0,2.0,1.0,4,5.0,4.72,0.0,5.0,3.0,4.0,6.0,5.0,4.0,7.0,6.0,4.0,0
18,0,1,4.0,6.0,4.0,2.0,3,4.0,6.4,2.0,7.0,5.0,6.0,4.0,5.0,6.0,4.0,5.0,3.0,0
18,0,2,2.0,5.0,3.0,5.0,3,0.0,5.3,1.0,8.0,5.0,5.0,6.0,4.0,5.0,4.0,4.0,3.0,0
21,1,1,3.0,6.0,4.0,1.0,1,3.0,7.29,0.0,4.0,4.0,3.0,7.0,4.0,8.0,6.0,4.0,6.0,2
24,2,1,5.0,7.0,6.0,1.0,3,5.0,8.42,1.0,4.0,6.0,7.0,3.0,4.0,8.0,7.0,4.0,4.0,2
19,0,1,3.0,6.0,1.0,2.0,2,5.0,6.95,2.0,8.0,6.0,5.0,5.0,5.0,7.0,6.0,5.0,4.0,2
20,0,2,4.0,7.0,3.0,0.0,0,4.0,5.8,0.0,5.0,4.0,6.0,3.0,3.0,6.0,4.0,6.0,2.0,0
18,0,2,5.0,9.0,3.0,2.0,3,2.0,5.53,2.0,6.0,5.0,6.0,5.0,5.0,4.0,4.0,8.0,2.0,0
22,0,1,4.0,7.0,4.0,1.0,2,3.0,8.87,1.0,8.0,6.0,4.0,6.0,5.0,9.0,7.0,5.0,6.0,2
18,1,2,7.0,10.0,4.0,4.0,3,3.0,5.52,2.0,6.0,7.0,6.0,3.0,6.0,6.0,4.0,8.0,2.0,0
25,0,1,7.0,10.0,3.0,1.0,0,0.0,5.33,1.0,7.0,5.0,6.0,5.0,6.0,6.0,6.0,8.0,3.0,0
18,0,1,4.0,7.0,3.0,5.0,0,2.0,5.86,2.0,5.0,5.0,6.0,4.0,3.0,5.0,5.0,6.0,3.0,0
18,0,1,6.0,10.0,4.0,0.0,3,0.0,5.92,3.0,9.0,7.0,6.0,3.0,5.0,5.0,3.0,7.0,1.0,0
19,0,0,2.0,5.0,4.0,1.0,2,0.0,5.66,2.0,6.0,4.0,3.0,6.0,4.0,5.0,4.0,6.0,4.0,0
19,1,1,5.0,8.0,5.0,2.0,4,0.0,5.51,2.0,7.0,6.0,6.0,4.0,4.0,6.0,5.0,8.0,2.0,0
23,1,1,5.0,8.0,3.0,2.0,1,3.0,6.27,2.0,6.0,4.0,5.0,4.0,5.0,5.0,4.0,5.0,3.0,0
24,1,0,3.0,6.0,3.0,0.0,3,2.0,6.66,1.0,8.0,4.0,5.0,4.0,3.0,7.0,5.0,6.0,3.0,0
22,1,2,6.0,12.0,2.0,2.0,2,3.0,6.68,1.0,5.0,4.0,5.0,4.0,5.0,6.0,4.0,6.0,3.0,0
18,0,2,2.0,5.0,3.0,0.0,0,3.0,4.26,0.0,7.0,4.0,6.0,5.0,4.0,6.0,4.0,4.0,3.0,0
18,0,1,4.0,6.0,2.0,0.0,2,1.0,5.53,2.0,5.0,6.0,8.0,3.0,3.0,5.0,4.0,9.0,1.0,0
20,1,2,4.0,6.0,3.0,0.0,3,1.0,6.1,1.0,5.0,5.0,5.0,5.0,5.0,7.0,4.0,5.0,4.0,0
19,0,1,1.0,4.0,5.0,2.0,2,1.0,6.44,2.0,8.0,7.0,7.0,5.0,2.0,7.0,4.0,7.0,3.0,0
22,2,2,4.0,7.0,4.0,3.0,2,3.0,6.7,2.0,5.0,5.0,5.0,4.0,4.0,7.0,5.0,5.0,3.0,0
23,0,1,3.0,6.0,1.0,2.0,3,5.0,5.04,1.0,6.0,4.0,4.0,7.0,3.0,8.0,6.0,5.0,5.0,2
24,0,2,3.0,6.0,1.0,1.0,3,0.0,6.35,2.0,5.0,5.0,4.0,5.0,5.0,5.0,4.0,6.0,3.0,0
21,0,1,4.0,6.0,1.0,3.0,4,5.0,8.7,3.0,5.0,4.0,3.0,7.0,5.0,8.0,9.0,5.0,7.0,2
24,0,1,1.0,3.0,2.0,1.0,3,4.0,5.8,1.0,11.0,4.0,5.0,5.0,3.0,7.0,5.0,4.0,4.0,2
25,1,2,3.0,6.0,3.0,0.0,0,1.0,4.61,1.0,8.0,5.0,6.0,4.0,4.0,4.0,5.0,6.0,2.0,0
18,1,1,4.0,7.0,4.0,3.0,2,3.0,7.91,1.0,6.0,4.0,3.0,7.0,3.0,8.0,5.0,6.0,5.0,2
23,1,1,3.0,7.0,4.0,0.0,0,3.0,6.44,2.0,5.0,5.0,7.0,3.0,4.0,8.0,3.0,5.0,3.0,0
25,1,1,3.0,6.0,4.0,2.0,1,3.0,5.81,1.0,5.0,6.0,5.0,5.0,3.0,5.0,4.0,8.0,2.0,0
22,2,2,2.0,5.0,2.0,1.0,1,3.0,8.28,3.0,3.0,4.0,4.0,6.0,2.0,9.0,6.0,3.0,6.0,2
21,0,1,2.0,6.0,2.0,2.0,3,4.0,3.0,1.0,11.0,2.0,5.0,5.0,1.0,4.0,3.0,4.0,2.0,0
19,1,2,1.0,4.0,2.0,2.0,2,1.0,5.88,2.0,4.0,4.0,5.0,5.0,2.0,6.0,3.0,4.0,3.0,0
23,0,2,3.0,5.0,5.0,1.0,3,4.0,4.43,1.0,4.0,6.0,6.0,3.0,4.0,4.0,5.0,6.0,2.0,0
23,1,2,6.0,8.0,2.0,0.0,4,3.0,8.37,2.0,6.0,3.0,1.0,9.0,6.0,8.0,5.0,3.0,7.0,2
18,0,1,2.0,4.0,1.0,2.0,0,2.0,5.75,1.0,2.0,4.0,3.0,6.0,4.0,5.0,6.0,5.0,4.0,2
26,0,2,5.0,10.0,3.0,2.0,3,2.0,4.74,3.0,6.0,5.0,7.0,2.0,5.0,5.0,3.0,8.0,1.0,0
23,1,1,2.0,6.0,5.0,1.0,4,0.0,4.47,1.0,8.0,6.0,4.0,6.0,4.0,5.0,4.0,6.0,3.0,0
20,1,1,5.0,7.0,3.0,1.0,0,5.0,7.85,1.0,7.0,4.0,3.0,5.0,5.0,9.0,6.0,4.0,5.0,2
21,0,2,8.0,11.0,3.0,3.0,3,2.0,8.91,1.0,6.0,7.0,4.0,5.0,4.0,9.0,6.0,6.0,5.0,2
21,0,0,5.0,9.0,1.0,1.0,3,2.0,6.25,4.0,4.0,5.0,5.0,5.0,6.0,7.0,5.0,5.0,4.0,0
20,1,1,4.0,6.0,4.0,0.0,3,1.0,6.54,1.0,5.0,6.0,3.0,5.0,3.0,7.0,4.0,4.0,4.0,0
20,0,1,4.0,7.0,4.0,3.0,4,5.0,5.78,1.0,5.0,6.0,7.0,3.0,3.0,6.0,4.0,7.0,2.0,0
20,0,0,5.0,7.0,3.0,2.0,0,2.0,7.62,3.0,5.0,4.0,5.0,4.0,7.0,6.0,5.0,5.0,3.0,0
21,1,2,5.0,7.0,4.0,3.0,2,3.0,5.65,3.0,4.0,7.0,8.0,2.0,3.0,5.0,5.0,8.0,1.0,0
24,1,1,4.0,8.0,0.0,1.0,4,0.0,5.36,3.0,5.0,1.0,4.0,4.0,3.0,6.0,3.0,9.0,2.0,0
21,1,1,3.0,6.0,5.0,2.0,4,6.0,5.89,0.0,8.0,6.0,4.0,5.0,5.0,5.0,6.0,5.0,4.0,0
26,0,1,4.0,8.0,3.0,2.0,4,2.0,7.29,1.0,5.0,6.0,4.0,6.0,3.0,7.0,6.0,4.0,5.0,2
18,2,2,1.0,5.0,2.0,2.0,0,0.0,7.35,2.0,7.0,4.0,3.0,8.0,1.0,7.0,6.0,5.0,6.0,2
25,0,1,3.0,6.0,3.0,2.0,1,4.0,4.89,2.0,7.0,5.0,3.0,8.0,2.0,4.0,6.0,4.0,5.0,2
24,0,2,7.0,10.0,6.0,1.0,2,2.0,6.32,2.0,9.0,6.0,6.0,4.0,6.0,7.0,4.0,8.0,3.0,0
19,0,0,5.0,7.0,3.0,2.0,2,3.0,3.38,0.0,3.0,5.0,7.0,3.0,6.0,4.0,4.0,7.0,1.0,0
25,0,0,4.0,6.0,3.0,0.0,2,5.0,5.05,1.0,7.0,5.0,7.0,3.0,5.0,7.0,4.0,6.0,2.0,0
18,2,2,2.0,5.0,3.0,2.0,1,2.0,6.04,0.0,6.0,4.0,2.0,6.0,4.0,5.0,6.0,4.0,5.0,2
26,1,1,7.0,9.0,2.0,4.0,4,2.0,5.32,2.0,10.0,7.0,6.0,5.0,6.0,5.0,5.0,7.0,3.0,0
26,0,1,3.0,8.0,1.0,0.0,1,2.0,6.52,1.0,7.0,6.0,5.0,4.0,5.0,6.0,4.0,6.0,3.0,0
19,0,2,3.0,4.0,4.0,1.0,2,1.0,8.13,1.0,7.0,5.0,4.0,6.0,4.0,9.0,8.0,3.0,7.0,2
24,0,1,4.0,7.0,3.0,1.0,4,4.0,6.85,2.0,6.0,4.0,3.0,6.0,4.0,6.0,6.0,5.0,5.0,2
20,1,1,3.0,4.0,3.0,2.0,0,1.0,8.48,1.0,4.0,5.0,4.0,6.0,4.0,9.0,6.0,5.0,5.0,2
24,0,1,1.0,3.0,4.0,1.0,2,4.0,5.94,1.0,5.0,5.0,5.0,6.0,5.0,6.0,5.0,4.0,4.0,2
26,0,0,2.0,5.0,4.0,0.0,4,3.0,6.18,1.0,6.0,5.0,4.0,5.0,3.0,6.0,6.0,4.0,4.0,2
21,0,2,4.0,8.0,2.0,2.0,0,2.0,7.39,2.0,9.0,5.0,4.0,7.0,7.0,7.0,4.0,5.0,5.0,2
18,0,1,2.0,5.0,4.0,2.0,1,2.0,8.16,2.0,5.0,5.0,6.0,6.0,1.0,8.0,5.0,5.0,5.0,2
19,1,1,2.0,4.0,4.0,3.0,4,2.0,7.17,1.0,3.0,5.0,4.0,6.0,2.0,6.0,6.0,4.0,5.0,2
18,2,1,2.0,4.0,2.0,2.0,4,4.0,7.63,0.0,5.0,3.0,3.0,7.0,2.0,8.0,6.0,6.0,6.0,2
22,0,2,4.0,7.0,2.0,3.0,1,5.0,6.3,2.0,7.0,7.0,4.0,7.0,3.0,6.0,6.0,5.0,5.0,2
22,0,1,4.0,8.0,3.0,0.0,0,2.0,5.07,2.0,5.0,4.0,7.0,4.0,3.0,8.0,5.0,9.0,3.0,0
24,1,0,5.0,8.0,4.0,1.0,1,1.0,7.45,2.0,7.0,5.0,5.0,6.0,5.0,8.0,5.0,6.0,4.0,2
26,1,2,2.0,4.0,3.0,0.0,2,2.0,6.01,2.0,8.0,4.0,6.0,4.0,3.0,5.0,4.0,6.0,2.0,0
26,0,0,4.0,6.0,3.0,3.0,3,2.0,6.46,1.0,5.0,5.0,6.0,5.0,4.0,7.0,4.0,7.0,3.0,0
20,1,2,3.0,6.0,2.0,1.0,1,3.0,4.36,2.0,5.0,7.0,8.0,1.0,3.0,5.0,5.0,8.0,1.0,0
20,0,2,5.0,9.0,2.0,2.0,2,3.0,9.07,1.0,7.0,5.0,4.0,6.0,4.0,9.0,7.0,6.0,6.0,2
20,1,2,4.0,6.0,4.0,3.0,4,3.0,7.49,2.0,5.0,4.0,2.0,6.0,2.0,7.0,5.0,3.0,5.0,2
21,0,1,5.0,7.0,2.0,3.0,2,4.0,8.19,1.0,9.0,6.0,3.0,7.0,6.0,7.0,6.0,6.0,5.0,2
25,0,1,6.0,7.0,2.0,1.0,4,3.0,8.07,1.0,8.0,6.0,4.0,5.0,7.0,9.0,8.0,4.0,6.0,2
23,1,2,4.0,5.0,1.0,0.0,3,4.0,6.61,1.0,6.0,4.0,4.0,5.0,5.0,6.0,6.0,4.0,4.0,2
25,0,1,6.0,8.0,2.0,1.0,3,5.0,3.83,1.0,7.0,6.0,6.0,6.0,6.0,4.0,5.0,6.0,3.0,0
18,0,1,2.0,4.0,2.0,0.0,1,2.0,6.55,1.0,7.0,5.0,5.0,4.0,2.0,7.0,5.0,3.0,4.0,2
25,0,2,2.0,4.0,2.0,2.0,3,3.0,5.66,1.0,9.0,5.0,6.0,4.0,1.0,8.0,3.0,5.0,3.0,0
21,1,2,6.0,9.0,2.0,3.0,1,3.0,8.17,1.0,7.0,5.0,4.0,4.0,5.0,7.0,8.0,5.0,5.0,2
18,0,1,4.0,7.0,3.0,0.0,0,5.0,7.33,0.0,6.0,7.0,5.0,4.0,3.0,9.0,6.0,6.0,4.0,2
25,1,1,5.0,8.0,4.0,1.0,4,2.0,6.92,2.0,6.0,6.0,5.0,3.0,6.0,6.0,6.0,7.0,3.0,0
21,1,1,6.0,10.0,4.0,0.0,1,6.0,5.27,0.0,4.0,6.0,7.0,3.0,6.0,6.0,5.0,6.0,2.0,0
23,1,1,3.0,6.0,4.0,0.0,3,2.0,5.37,2.0,7.0,4.0,5.0,5.0,5.0,5.0,3.0,4.0,2.0,0
25,0,0,3.0,6.0,4.0,1.0,3,2.0,4.48,1.0,6.0,5.0,6.0,5.0,3.0,5.0,4.0,7.0,2.0,0
21,1,2,5.0,9.0,4.0,3.0,4,1.0,5.2,3.0,6.0,7.0,6.0,4.0,5.0,5.0,3.0,9.0,2.0,0
20,2,0,3.0,5.0,3.0,4.0,4,3.0,6.41,2.0,5.0,5.0,6.0,4.0,5.0,7.0,3.0,4.0,3.0,0
26,1,1,3.0,6.0,2.0,3.0,0,2.0,5.47,1.0,9.0,5.0,6.0,5.0,3.0,5.0,5.0,6.0,3.0,0
20,1,1,2.0,6.0,4.0,2.0,0,3.0,6.86,0.0,7.0,7.0,5.0,5.0,3.0,7.0,5.0,6.0,4.0,0
26,0,2,5.0,8.0,1.0,2.0,3,2.0,7.37,2.0,7.0,3.0,4.0,5.0,6.0,9.0,4.0,6.0,5.0,2
19,1,1,3.0,6.0,3.0,3.0,4,3.0,6.95,1.0,9.0,5.0,5.0,5.0,4.0,8.0,5.0,6.0,4.0,0
19,0,1,5.0,8.0,2.0,3.0,1,4.0,8.85,0.0,5.0,4.0,4.0,7.0,4.0,9.0,6.0,7.0,6.0,2
19,1,0,5.0,8.0,2.0,2.0,1,3.0,6.19,2.0,7.0,4.0,5.0,3.0,5.0,9.0,4.0,7.0,3.0,0
23,1,2,6.0,10.0,2.0,3.0,4,3.0,7.99,3.0,10.0,6.0,4.0,6.0,7.0,7.0,7.0,6.0,5.0,2
20,1,1,1.0,2.0,4.0,1.0,2,2.0,8.06,0.0,4.0,2.0,2.0,6.0,3.0,8.0,6.0,4.0,6.0,2
26,1,1,0.0,3.0,6.0,1.0,0,6.0,4.79,1.0,5.0,4.0,6.0,4.0,3.0,4.0,5.0,6.0,2.0,0
21,1,1,7.0,8.0,4.0,3.0,2,4.0,7.04,1.0,8.0,6.0,4.0,7.0,6.0,7.0,5.0,5.0,4.0,2
18,0,0,6.0,5.0,1.0,1.0,1,1.0,8.53,0.0,5.0,5.0,3.0,7.0,6.0,9.0,5.0,6.0,6.0,2
21,0,2,2.0,6.0,3.0,5.0,4,2.0,5.96,1.0,2.0,3.0,3.0,7.0,4.0,5.0,5.0,5.0,4.0,2
18,0,1,3.0,7.0,2.0,3.0,1,4.0,5.31,2.0,4.0,4.0,6.0,5.0,2.0,6.0,4.0,6.0,3.0,0
22,0,1,4.0,7.0,2.0,1.0,0,2.0,6.99,2.0,4.0,4.0,5.0,6.0,5.0,7.0,5.0,6.0,4.0,2
21,0,2,4.0,6.0,3.0,4.0,1,3.0,6.76,1.0,3.0,6.0,6.0,4.0,4.0,8.0,4.0,6.0,3.0,0
25,2,1,3.0,6.0,2.0,3.0,4,3.0,9.52,4.0,7.0,5.0,3.0,8.0,4.0,9.0,7.0,4.0,7.0,2
25,1,0,3.0,9.0,2.0,0.0,4,2.0,7.89,2.0,7.0,4.0,2.0,6.0,5.0,8.0,6.0,5.0,6.0,2
24,1,0,3.0,5.0,4.0,2.0,4,4.0,7.25,2.0,6.0,5.0,4.0,5.0,5.0,7.0,5.0,4.0,4.0,2
20,1,2,5.0,6.0,3.0,0.0,0,3.0,5.4,1.0,6.0,6.0,5.0,6.0,3.0,6.0,3.0,4.0,4.0,0
18,1,2,4.0,8.0,5.0,2.0,1,3.0,4.44,3.0,8.0,5.0,5.0,4.0,3.0,4.0,4.0,7.0,2.0,0
18,1,1,3.0,7.0,2.0,0.0,0,2.0,8.14,2.0,7.0,4.0,3.0,4.0,3.0,9.0,4.0,4.0,5.0,2
20,0,1,3.0,6.0,1.0,2.0,0,0.0,7.05,1.0,5.0,4.0,4.0,6.0,4.0,7.0,4.0,5.0,4.0,2
23,0,2,7.0,10.0,3.0,1.0,1,2.0,6.4,1.0,2.0,5.0,4.0,6.0,7.0,6.0,4.0,6.0,4.0,0
24,2,1,3.0,6.0,2.0,2.0,2,2.0,6.52,0.0,3.0,5.0,5.0,6.0,5.0,6.0,3.0,5.0,4.0,0
23,1,1,5.0,6.0,4.0,2.0,1,3.0,7.3,2.0,4.0,5.0,3.0,6.0,6.0,7.0,8.0,6.0,5.0,2
23,1,1,8.0,13.0,4.0,2.0,0,4.0,5.67,2.0,9.0,7.0,6.0,4.0,6.0,6.0,5.0,8.0,3.0,0
23,2,1,5.0,10.0,4.0,2.0,3,4.0,3.43,2.0,4.0,7.0,6.0,5.0,5.0,4.0,3.0,7.0,2.0,0
20,0,1,5.0,7.0,1.0,0.0,2,4.0,5.64,2.0,4.0,7.0,6.0,5.0,5.0,5.0,4.0,7.0,2.0,0
23,0,2,6.0,10.0,3.0,2.0,2,1.0,6.34,0.0,6.0,7.0,5.0,6.0,6.0,7.0,5.0,8.0,4.0,0
25,0,1,6.0,9.0,1.0,1.0,3,2.0,5.11,2.0,6.0,5.0,5.0,4.0,7.0,6.0,5.0,7.0,3.0,0
19,0,1,4.0,5.0,4.0,4.0,2,3.0,6.46,1.0,6.0,6.0,5.0,4.0,7.0,6.0,5.0,6.0,3.0,0
22,0,1,2.0,3.0,2.0,3.0,1,6.0,9.23,1.0,3.0,6.0,4.0,6.0,3.0,9.0,6.0,5.0,6.0,2
18,1,1,4.0,8.0,3.0,0.0,3,7.0,6.41,2.0,6.0,5.0,3.0,5.0,5.0,5.0,6.0,4.0,4.0,2
18,0,2,5.0,9.0,1.0,2.0,3,2.0,4.65,1.0,4.0,2.0,5.0,6.0,7.0,4.0,2.0,7.0,2.0,0
22,0,1,3.0,7.0,2.0,5.0,3,1.0,6.72,2.0,3.0,5.0,3.0,7.0,4.0,8.0,5.0,8.0,5.0,2
20,1,1,4.0,7.0,3.0,0.0,1,1.0,6.76,2.0,9.0,4.0,6.0,4.0,4.0,6.0,4.0,8.0,2.0,0
21,0,1,6.0,9.0,3.0,2.0,2,2.0,6.44,1.0,5.0,4.0,2.0,6.0,5.0,6.0,5.0,6.0,4.0,2
20,1,0,5.0,7.0,3.0,1.0,2,5.0,4.83,0.0,7.0,6.0,6.0,5.0,6.0,5.0,4.0,4.0,3.0,0
18,0,1,5.0,9.0,4.0,4.0,4,4.0,7.37,1.0,2.0,4.0,3.0,8.0,5.0,7.0,6.0,5.0,6.0,2
18,1,1,2.0,5.0,4.0,0.0,1,0.0,9.33,2.0,7.0,5.0,3.0,7.0,4.0,10.0,6.0,5.0,6.0,2
22,0,1,4.0,7.0,4.0,1.0,2,0.0,8.03,2.0,6.0,6.0,3.0,4.0,4.0,8.0,5.0,5.0,4.0,2
23,0,1,5.0,9.0,3.0,2.0,4,4.0,7.83,0.0,5.0,5.0,5.0,5.0,3.0,9.0,5.0,7.0,4.0,2
20,1,1,5.0,10.0,2.0,0.0,4,6.0,4.76,1.0,4.0,4.0,5.0,5.0,5.0,5.0,4.0,6.0,3.0,0
26,1,2,6.0,10.0,3.0,1.0,0,5.0,5.85,3.0,5.0,5.0,3.0,7.0,6.0,6.0,6.0,6.0,5.0,2
22,0,1,5.0,7.0,3.0,2.0,1,2.0,5.35,2.0,4.0,5.0,5.0,5.0,3.0,6.0,3.0,7.0,3.0,0
25,2,2,3.0,6.0,3.0,0.0,4,2.0,6.33,3.0,5.0,3.0,4.0,5.0,4.0,6.0,4.0,7.0,3.0,0
18,1,1,7.0,9.0,2.0,3.0,3,3.0,7.48,0.0,2.0,4.0,4.0,4.0,5.0,8.0,5.0,7.0,4.0,0
22,1,1,4.0,6.0,3.0,0.0,3,4.0,7.38,2.0,3.0,5.0,3.0,5.0,4.0,6.0,7.0,6.0,5.0,2
20,0,2,5.0,7.0,4.0,0.0,0,4.0,6.66,1.0,3.0,5.0,5.0,3.0,4.0,8.0,7.0,6.0,4.0,2
18,0,1,3.0,7.0,4.0,3.0,4,0.0,5.23,1.0,8.0,5.0,5.0,5.0,5.0,7.0,3.0,7.0,3.0,0
21,1,2,3.0,5.0,2.0,1.0,3,3.0,7.53,0.0,7.0,4.0,4.0,8.0,2.0,9.0,4.0,6.0,5.0,2
22,0,2,2.0,7.0,2.0,0.0,4,4.0,7.14,2.0,4.0,6.0,5.0,4.0,3.0,7.0,4.0,6.0,3.0,0
24,0,0,2.0,5.0,3.0,2.0,3,4.0,3.0,3.0,2.0,5.0,6.0,3.0,4.0,3.0,3.0,4.0,2.0,0
18,1,1,3.0,6.0,3.0,3.0,1,3.0,6.94,0.0,11.0,4.0,3.0,7.0,3.0,8.0,5.0,4.0,6.0,2
20,0,1,6.0,8.0,1.0,0.0,2,6.0,5.0,1.0,5.0,5.0,5.0,3.0,5.0,5.0,6.0,6.0,3.0,0
19,1,1,4.0,7.0,5.0,2.0,3,4.0,6.14,1.0,6.0,6.0,6.0,5.0,4.0,7.0,6.0,6.0,4.0,0
26,0,1,1.0,5.0,2.0,2.0,1,1.0,5.26,3.0,10.0,4.0,4.0,5.0,1.0,4.0,5.0,4.0,3.0,0
23,0,1,5.0,8.0,2.0,0.0,2,3.0,6.69,1.0,7.0,5.0,5.0,7.0,5.0,7.0,5.0,5.0,5.0,2
20,0,1,4.0,8.0,1.0,0.0,0,3.0,6.89,1.0,7.0,5.0,6.0,4.0,6.0,6.0,5.0,6.0,3.0,0
25,1,1,6.0,8.0,4.0,2.0,2,0.0,6.95,2.0,7.0,5.0,8.0,3.0,7.0,8.0,5.0,8.0,2.0,0
25,1,1,3.0,6.0,2.0,3.0,1,1.0,6.71,2.0,6.0,4.0,4.0,6.0,3.0,6.0,3.0,5.0,4.0,0
19,0,2,3.0,7.0,4.0,2.0,3,5.0,6.76,1.0,4.0,4.0,4.0,7.0,4.0,5.0,6.0,4.0,5.0,2
23,0,2,7.0,11.0,4.0,0.0,0,2.0,5.88,2.0,7.0,5.0,5.0,5.0,6.0,6.0,4.0,6.0,3.0,0
24,0,1,6.0,8.0,2.0,4.0,4,6.0,6.69,2.0,4.0,5.0,4.0,5.0,5.0,5.0,7.0,7.0,4.0,0
19,0,2,1.0,4.0,2.0,4.0,0,3.0,7.4,1.0,7.0,4.0,6.0,6.0,4.0,7.0,5.0,3.0,5.0,2
19,1,1,5.0,7.0,3.0,3.0,2,4.0,6.52,3.0,7.0,6.0,4.0,6.0,5.0,8.0,6.0,5.0,5.0,2
18,1,1,1.0,4.0,1.0,0.0,1,5.0,6.53,2.0,5.0,3.0,3.0,8.0,2.0,7.0,5.0,4.0,6.0,2
25,1,1,5.0,9.0,4.0,0.0,0,4.0,5.32,1.0,3.0,6.0,5.0,5.0,4.0,6.0,6.0,7.0,3.0,0
18,1,2,2.0,4.0,3.0,1.0,0,2.0,7.19,3.0,5.0,6.0,6.0,6.0,3.0,8.0,5.0,6.0,4.0,2
26,0,1,2.0,7.0,2.0,1.0,3,5.0,7.8,3.0,6.0,5.0,4.0,6.0,3.0,8.0,7.0,6.0,5.0,2
23,1,1,6.0,9.0,2.0,3.0,2,2.0,7.56,1.0,5.0,4.0,4.0,5.0,3.0,8.0,7.0,7.0,5.0,2
24,1,0,5.0,7.0,3.0,3.0,3,4.0,6.22,2.0,8.0,5.0,5.0,7.0,5.0,5.0,6.0,8.0,4.0,0
24,0,1,5.0,10.0,2.0,0.0,3,5.0,7.81,1.0,10.0,5.0,4.0,6.0,5.0,8.0,6.0,7.0,5.0,2
20,1,0,3.0,5.0,5.0,3.0,2,4.0,6.6,1.0,4.0,5.0,5.0,6.0,6.0,5.0,5.0,2.0,4.0,2
19,0,1,4.0,6.0,2.0,1.0,0,3.0,4.62,1.0,8.0,4.0,3.0,7.0,5.0,4.0,5.0,5.0,4.0,0
26,1,2,6.0,8.0,2.0,0.0,1,2.0,7.62,1.0,7.0,5.0,4.0,5.0,4.0,9.0,7.0,6.0,5.0,2
25,1,2,4.0,7.0,3.0,1.0,1,5.0,5.28,0.0,8.0,5.0,6.0,4.0,6.0,4.0,5.0,7.0,2.0,0
24,1,2,8.0,10.0,4.0,0.0,2,6.0,5.67,3.0,6.0,7.0,6.0,4.0,8.0,6.0,5.0,6.0,3.0,0
26,1,0,4.0,5.0,3.0,3.0,2,2.0,6.47,0.0,5.0,7.0,6.0,5.0,3.0,6.0,6.0,7.0,3.0,0
21,0,2,5.0,7.0,2.0,1.0,1,4.0,6.99,3.0,5.0,5.0,3.0,6.0,5.0,7.0,7.0,6.0,5.0,2
21,0,1,6.0,9.0,3.0,3.0,1,4.0,7.43,2.0,3.0,6.0,4.0,5.0,6.0,9.0,7.0,6.0,5.0,2
18,1,2,4.0,8.0,4.0,3.0,4,3.0,4.44,0.0,2.0,5.0,6.0,4.0,5.0,4.0,5.0,5.0,2.0,0
25,1,2,6.0,8.0,4.0,1.0,2,3.0,7.06,1.0,6.0,7.0,5.0,6.0,7.0,7.0,6.0,6.0,5.0,2
20,1,1,3.0,6.0,1.0,2.0,3,4.0,4.65,2.0,7.0,3.0,6.0,5.0,4.0,4.0,3.0,7.0,2.0,0
24,1,0,5.0,8.0,4.0,0.0,0,2.0,6.67,2.0,6.0,5.0,6.0,6.0,6.0,7.0,5.0,7.0,4.0,0
19,1,1,2.0,5.0,2.0,3.0,0,4.0,6.45,1.0,5.0,6.0,6.0,5.0,2.0,6.0,6.0,5.0,4.0,0
19,0,1,2.0,7.0,1.0,1.0,4,3.0,3.94,1.0,6.0,2.0,5.0,6.0,3.0,5.0,3.0,5.0,3.0,0
24,0,1,4.0,7.0,4.0,2.0,2,3.0,9.13,2.0,8.0,5.0,4.0,4.0,5.0,10.0,7.0,5.0,6.0,2
23,1,2,4.0,7.0,1.0,3.0,0,5.0,4.09,0.0,9.0,3.0,3.0,7.0,5.0,3.0,5.0,5.0,4.0,2
20,0,1,2.0,6.0,1.0,4.0,0,5.0,6.68,0.0,9.0,4.0,4.0,6.0,3.0,6.0,7.0,4.0,5.0,2
26,0,1,5.0,8.0,4.0,3.0,0,2.0,6.14,1.0,6.0,5.0,4.0,7.0,5.0,5.0,6.0,5.0,5.0,2
23,1,1,6.0,9.0,1.0,1.0,1,3.0,6.19,0.0,7.0,4.0,2.0,7.0,6.0,6.0,8.0,5.0,5.0,2
23,0,2,4.0,7.0,2.0,4.0,4,5.0,4.34,0.0,5.0,5.0,5.0,3.0,4.0,6.0,5.0,6.0,3.0,0
18,0,0,6.0,8.0,2.0,3.0,3,2.0,7.14,2.0,7.0,6.0,4.0,6.0,5.0,7.0,5.0,5.0,5.0,2
21,1,1,3.0,6.0,3.0,0.0,1,2.0,9.33,1.0,8.0,5.0,4.0,7.0,3.0,10.0,6.0,3.0,6.0,2
23,2,2,4.0,6.0,2.0,3.0,2,5.0,6.38,1.0,6.0,5.0,5.0,6.0,5.0,7.0,4.0,3.0,4.0,2
23,1,1,4.0,8.0,2.0,2.0,4,3.0,6.82,3.0,6.0,3.0,3.0,6.0,5.0,8.0,5.0,5.0,5.0,2
22,1,1,5.0,9.0,4.0,1.0,1,1.0,6.41,2.0,10.0,6.0,6.0,4.0,5.0,7.0,4.0,7.0,3.0,0
18,0,1,4.0,7.0,4.0,1.0,1,4.0,7.61,3.0,5.0,5.0,4.0,5.0,5.0,8.0,6.0,7.0,4.0,2
25,1,1,1.0,6.0,2.0,1.0,4,3.0,7.66,1.0,7.0,5.0,3.0,6.0,4.0,7.0,6.0,3.0,5.0,2
22,1,2,6.0,8.0,3.0,1.0,2,4.0,4.88,2.0,7.0,4.0,5.0,6.0,4.0,4.0,4.0,6.0,3.0,0
22,1,2,4.0,7.0,6.0,2.0,4,4.0,5.3,2.0,7.0,5.0,4.0,6.0,5.0,5.0,5.0,4.0,4.0,2
24,0,1,1.0,2.0,3.0,3.0,4,4.0,5.52,2.0,7.0,4.0,6.0,4.0,1.0,6.0,5.0,4.0,3.0,0
21,0,1,6.0,8.0,3.0,0.0,2,2.0,6.63,2.0,9.0,8.0,6.0,4.0,6.0,7.0,6.0,7.0,3.0,0
23,0,0,6.0,10.0,3.0,0.0,1,4.0,7.66,1.0,7.0,6.0,5.0,6.0,6.0,8.0,4.0,5.0,4.0,2
21,2,1,2.0,7.0,3.0,2.0,2,6.0,3.55,1.0,4.0,4.0,5.0,5.0,2.0,4.0,8.0,5.0,4.0,0
20,1,1,2.0,4.0,3.0,3.0,3,2.0,7.03,0.0,6.0,4.0,5.0,5.0,4.0,6.0,5.0,5.0,4.0,0
24,1,0,6.0,8.0,1.0,3.0,2,2.0,8.36,2.0,5.0,3.0,3.0,5.0,4.0,9.0,8.0,4.0,6.0,2
25,0,0,6.0,8.0,3.0,1.0,3,4.0,6.09,2.0,8.0,5.0,5.0,4.0,8.0,5.0,5.0,6.0,3.0,0
21,0,1,5.0,9.0,2.0,1.0,4,3.0,6.4,2.0,7.0,5.0,5.0,4.0,4.0,5.0,5.0,7.0,2.0,0
19,1,1,3.0,6.0,2.0,0.0,0,2.0,7.68,1.0,7.0,4.0,2.0,6.0,5.0,8.0,6.0,6.0,5.0,2
20,1,1,3.0,7.0,1.0,4.0,4,2.0,7.42,2.0,8.0,4.0,4.0,6.0,3.0,7.0,5.0,5.0,5.0,2
18,0,1,5.0,8.0,2.0,1.0,3,7.0,6.08,3.0,8.0,5.0,4.0,5.0,5.0,5.0,7.0,7.0,4.0,0
25,2,2,3.0,6.0,5.0,2.0,2,1.0,6.99,3.0,4.0,5.0,5.0,5.0,4.0,8.0,5.0,6.0,4.0,0
20,0,1,3.0,6.0,2.0,1.0,3,1.0,3.0,3.0,5.0,3.0,6.0,4.0,5.0,3.0,3.0,6.0,1.0,0
24,1,2,5.0,10.0,2.0,0.0,0,4.0,6.96,0.0,9.0,5.0,6.0,6.0,4.0,7.0,6.0,7.0,4.0,2
22,2,1,5.0,9.0,4.0,1.0,4,2.0,6.52,3.0,6.0,5.0,7.0,5.0,4.0,4.0,4.0,6.0,2.0,0
22,0,1,6.0,9.0,4.0,1.0,3,3.0,8.44,1.0,6.0,6.0,4.0,6.0,6.0,8.0,8.0,6.0,6.0,2
24,0,1,1.0,5.0,2.0,1.0,1,1.0,8.47,2.0,6.0,6.0,5.0,6.0,3.0,9.0,6.0,6.0,5.0,2
26,0,1,3.0,6.0,2.0,3.0,4,3.0,6.3,1.0,7.0,5.0,7.0,4.0,4.0,6.0,4.0,7.0,3.0,0
22,0,1,3.0,5.0,5.0,3.0,4,3.0,8.12,1.0,6.0,5.0,5.0,5.0,4.0,9.0,7.0,5.0,5.0,2
18,2,2,4.0,7.0,4.0,1.0,3,2.0,5.6,1.0,8.0,5.0,4.0,5.0,5.0,6.0,5.0,8.0,3.0,0
18,0,0,2.0,6.0,2.0,2.0,3,3.0,6.51,2.0,4.0,4.0,4.0,5.0,4.0,7.0,3.0,6.0,3.0,0
19,0,0,5.0,8.0,5.0,4.0,0,2.0,8.04,2.0,4.0,5.0,4.0,5.0,4.0,8.0,4.0,6.0,4.0,2
23,0,2,7.0,9.0,2.0,0.0,1,4.0,6.76,1.0,7.0,6.0,6.0,6.0,7.0,8.0,6.0,7.0,5.0,2
26,0,2,2.0,6.0,2.0,4.0,3,2.0,7.29,0.0,7.0,5.0,6.0,5.0,5.0,7.0,3.0,7.0,3.0,0
25,0,2,4.0,8.0,2.0,4.0,0,4.0,6.52,0.0,5.0,4.0,5.0,5.0,6.0,6.0,5.0,6.0,3.0,0
22,0,1,6.0,9.0,1.0,3.0,3,4.0,5.73,0.0,4.0,6.0,5.0,3.0,6.0,6.0,6.0,6.0,3.0,0
18,2,2,4.0,8.0,3.0,2.0,4,4.0,6.26,3.0,6.0,6.0,6.0,3.0,4.0,7.0,5.0,5.0,3.0,0
24,0,1,3.0,7.0,0.0,2.0,4,5.0,5.88,2.0,5.0,3.0,5.0,4.0,4.0,6.0,5.0,6.0,3.0,0
22,0,1,4.0,8.0,2.0,0.0,4,1.0,5.91,3.0,5.0,5.0,7.0,3.0,3.0,5.0,4.0,6.0,2.0,0
23,1,2,5.0,6.0,3.0,2.0,4,1.0,8.1,1.0,6.0,5.0,4.0,5.0,4.0,9.0,6.0,5.0,5.0,2
24,0,0,2.0,6.0,4.0,3.0,2,1.0,5.51,0.0,5.0,5.0,5.0,5.0,3.0,6.0,4.0,6.0,3.0,0
20,0,1,6.0,8.0,4.0,0.0,4,4.0,5.01,2.0,9.0,5.0,7.0,5.0,4.0,5.0,2.0,7.0,2.0,0
20,1,1,4.0,7.0,4.0,0.0,1,2.0,8.8,2.0,7.0,7.0,7.0,4.0,3.0,9.0,5.0,8.0,4.0,0
22,0,1,3.0,5.0,3.0,4.0,4,2.0,6.36,1.0,9.0,4.0,4.0,6.0,4.0,7.0,3.0,4.0,4.0,0
23,1,1,2.0,6.0,5.0,1.0,2,4.0,7.95,2.0,4.0,5.0,3.0,7.0,6.0,6.0,7.0,4.0,6.0,2
26,1,1,3.0,7.0,1.0,3.0,3,4.0,8.26,4.0,6.0,4.0,4.0,6.0,2.0,7.0,6.0,6.0,5.0,2
22,0,0,3.0,6.0,2.0,0.0,3,0.0,6.74,2.0,8.0,3.0,4.0,7.0,5.0,8.0,4.0,6.0,5.0,2
18,1,1,2.0,4.0,4.0,2.0,2,3.0,7.63,0.0,10.0,4.0,3.0,6.0,3.0,8.0,6.0,4.0,6.0,2
21,1,1,5.0,8.0,3.0,2.0,4,2.0,5.94,1.0,6.0,5.0,5.0,5.0,4.0,6.0,6.0,8.0,4.0,0
22,1,2,4.0,7.0,2.0,0.0,0,3.0,5.2,1.0,6.0,3.0,4.0,5.0,5.0,5.0,5.0,6.0,4.0,0
22,1,1,5.0,7.0,3.0,3.0,1,3.0,6.86,1.0,7.0,6.0,3.0,5.0,7.0,8.0,5.0,3.0,5.0,2
24,0,2,5.0,8.0,2.0,1.0,4,3.0,8.94,3.0,6.0,7.0,4.0,5.0,6.0,8.0,6.0,6.0,5.0,2
21,0,1,3.0,7.0,2.0,2.0,2,6.0,4.46,2.0,3.0,8.0,7.0,4.0,4.0,6.0,4.0,6.0,2.0,0
18,0,2,4.0,4.0,5.0,1.0,4,4.0,7.3,1.0,6.0,7.0,7.0,5.0,5.0,6.0,5.0,5.0,3.0,0
22,1,1,3.0,6.0,4.0,3.0,2,2.0,6.0,2.0,3.0,6.0,4.0,5.0,1.0,6.0,5.0,6.0,4.0,0
24,1,1,2.0,5.0,4.0,3.0,4,3.0,4.37,3.0,4.0,7.0,6.0,3.0,5.0,5.0,5.0,6.0,2.0,0
23,1,1,5.0,8.0,4.0,4.0,0,0.0,6.42,2.0,8.0,5.0,5.0,4.0,6.0,7.0,5.0,7.0,3.0,0
22,0,2,4.0,7.0,2.0,3.0,0,0.0,5.92,2.0,6.0,6.0,6.0,3.0,4.0,7.0,4.0,7.0,2.0,0
21,0,1,3.0,6.0,2.0,3.0,1,2.0,5.64,1.0,6.0,5.0,5.0,5.0,5.0,6.0,3.0,5.0,3.0,0
19,2,1,5.0,8.0,4.0,1.0,1,4.0,6.48,2.0,6.0,6.0,6.0,4.0,4.0,6.0,5.0,7.0,3.0,0
21,0,0,3.0,6.0,4.0,1.0,2,5.0,6.47,3.0,3.0,5.0,4.0,5.0,3.0,6.0,7.0,3.0,5.0,2
20,0,1,6.0,9.0,4.0,1.0,0,1.0,3.78,2.0,7.0,6.0,9.0,2.0,5.0,4.0,3.0,9.0,1.0,0
18,0,2,4.0,9.0,2.0,0.0,1,4.0,8.63,2.0,8.0,5.0,4.0,5.0,5.0,10.0,7.0,4.0,6.0,2
25,2,2,2.0,5.0,2.0,0.0,2,6.0,8.32,2.0,6.0,5.0,3.0,6.0,3.0,9.0,6.0,3.0,6.0,2
22,1,2,6.0,9.0,4.0,2.0,1,5.0,8.43,0.0,5.0,5.0,3.0,7.0,4.0,10.0,8.0,4.0,7.0,2
21,1,0,5.0,7.0,1.0,1.0,0,4.0,6.53,1.0,7.0,4.0,3.0,6.0,6.0,6.0,6.0,6.0,4.0,2
25,0,1,3.0,5.0,2.0,2.0,4,1.0,6.68,2.0,9.0,4.0,4.0,7.0,2.0,8.0,5.0,5.0,5.0,2
24,0,2,3.0,6.0,4.0,3.0,3,2.0,7.97,1.0,6.0,6.0,4.0,6.0,4.0,8.0,5.0,5.0,5.0,2
19,2,2,3.0,5.0,2.0,2.0,0,4.0,8.61,1.0,4.0,5.0,4.0,5.0,4.0,8.0,5.0,5.0,5.0,2
18,0,1,5.0,8.0,4.0,1.0,1,4.0,8.14,2.0,8.0,5.0,3.0,6.0,6.0,7.0,6.0,6.0,5.0,2
21,1,1,1.0,3.0,0.0,1.0,3,4.0,6.58,2.0,1.0,4.0,4.0,6.0,3.0,7.0,6.0,5.0,5.0,2
25,2,1,4.0,7.0,3.0,1.0,0,4.0,6.8,1.0,6.0,5.0,5.0,4.0,5.0,9.0,6.0,7.0,4.0,2
19,0,1,1.0,4.0,2.0,3.0,1,2.0,7.74,0.0,3.0,7.0,4.0,6.0,4.0,7.0,6.0,6.0,5.0,2
20,1,2,1.0,5.0,1.0,0.0,0,2.0,6.07,2.0,5.0,2.0,4.0,7.0,3.0,7.0,5.0,4.0,5.0,2
18,2,0,5.0,6.0,2.0,2.0,2,7.0,6.95,0.0,8.0,6.0,6.0,3.0,6.0,5.0,5.0,5.0,2.0,0
18,1,2,2.0,5.0,3.0,2.0,1,3.0,5.08,3.0,4.0,5.0,5.0,3.0,4.0,5.0,3.0,4.0,2.0,0
20,1,1,5.0,7.0,3.0,0.0,3,5.0,4.57,2.0,5.0,6.0,5.0,3.0,5.0,4.0,5.0,6.0,2.0,0
22,2,1,5.0,7.0,3.0,1.0,0,3.0,5.95,3.0,6.0,5.0,5.0,4.0,5.0,6.0,4.0,5.0,3.0,0
20,0,2,3.0,6.0,4.0,2.0,1,3.0,6.0,1.0,9.0,4.0,4.0,6.0,4.0,5.0,6.0,5.0,4.0,2
18,1,1,5.0,6.0,3.0,1.0,4,2.0,5.99,2.0,7.0,5.0,4.0,5.0,5.0,5.0,4.0,4.0,3.0,0
18,1,2,6.0,9.0,3.0,0.0,1,3.0,6.52,1.0,6.0,4.0,5.0,5.0,6.0,6.0,4.0,7.0,3.0,0
25,0,2,3.0,6.0,3.0,2.0,0,1.0,7.17,0.0,5.0,5.0,3.0,6.0,3.0,8.0,6.0,5.0,5.0,2
19,1,2,5.0,7.0,1.0,0.0,4,4.0,6.41,1.0,2.0,4.0,4.0,4.0,6.0,7.0,6.0,5.0,4.0,2
20,0,1,3.0,6.0,1.0,1.0,3,7.0,7.1,0.0,9.0,5.0,2.0,6.0,5.0,6.0,8.0,4.0,6.0,2
19,0,1,4.0,7.0,2.0,0.0,4,3.0,6.64,1.0,6.0,5.0,3.0,6.0,4.0,7.0,5.0,4.0,5.0,2
20,1,1,3.0,5.0,3.0,2.0,0,0.0,7.28,1.0,4.0,5.0,3.0,8.0,2.0,8.0,4.0,3.0,5.0,2
24,0,1,3.0,6.0,4.0,3.0,4,2.0,5.34,2.0,4.0,4.0,6.0,5.0,2.0,5.0,4.0,6.0,3.0,0
18,0,0,3.0,7.0,5.0,2.0,0,5.0,7.66,1.0,6.0,6.0,4.0,4.0,4.0,8.0,8.0,5.0,5.0,2
25,0,1,3.0,6.0,3.0,4.0,4,1.0,7.13,0.0,8.0,6.0,6.0,4.0,5.0,7.0,4.0,4.0,3.0,0
19,1,1,4.0,8.0,1.0,3.0,2,4.0,5.53,3.0,5.0,6.0,6.0,4.0,3.0,5.0,6.0,6.0,3.0,0
20,1,2,6.0,10.0,3.0,0.0,3,5.0,6.66,2.0,5.0,5.0,5.0,4.0,4.0,5.0,6.0,7.0,3.0,0
26,0,1,2.0,6.0,4.0,1.0,3,4.0,5.59,0.0,7.0,4.0,4.0,7.0,3.0,7.0,5.0,6.0,4.0,2
24,0,2,5.0,7.0,2.0,2.0,3,0.0,8.17,1.0,4.0,6.0,4.0,5.0,5.0,8.0,5.0,4.0,5.0,2
21,1,1,2.0,5.0,3.0,0.0,2,2.0,4.39,1.0,4.0,5.0,7.0,5.0,5.0,6.0,4.0,3.0,3.0,0
22,1,0,2.0,4.0,4.0,2.0,3,4.0,5.72,2.0,3.0,4.0,5.0,4.0,3.0,7.0,6.0,4.0,4.0,2
19,1,0,1.0,5.0,3.0,2.0,4,2.0,7.46,0.0,9.0,4.0,5.0,4.0,3.0,7.0,4.0,4.0,4.0,0
25,0,2,6.0,9.0,3.0,2.0,1,4.0,7.11,0.0,3.0,5.0,5.0,4.0,4.0,8.0,5.0,6.0,4.0,0
21,1,1,4.0,8.0,3.0,1.0,2,2.0,7.8,2.0,9.0,5.0,4.0,5.0,4.0,7.0,5.0,6.0,4.0,2
26,0,1,3.0,8.0,4.0,0.0,2,4.0,4.92,2.0,7.0,5.0,7.0,2.0,4.0,5.0,3.0,7.0,1.0,0
22,1,2,4.0,8.0,1.0,2.0,0,3.0,5.29,1.0,6.0,5.0,6.0,4.0,4.0,6.0,5.0,6.0,3.0,0
26,0,2,3.0,7.0,3.0,2.0,2,4.0,7.77,3.0,6.0,6.0,4.0,7.0,4.0,6.0,5.0,5.0,5.0,2
21,0,2,6.0,9.0,2.0,0.0,3,2.0,7.64,0.0,7.0,5.0,5.0,7.0,6.0,7.0,7.0,9.0,5.0,2
22,0,1,2.0,8.0,2.0,2.0,2,2.0,5.5,3.0,2.0,2.0,4.0,5.0,3.0,7.0,4.0,7.0,3.0,0
26,1,1,4.0,7.0,2.0,1.0,2,0.0,8.95,3.0,5.0,5.0,4.0,5.0,6.0,9.0,5.0,7.0,5.0,2
25,0,0,5.0,11.0,5.0,2.0,4,2.0,6.57,3.0,8.0,7.0,7.0,5.0,5.0,7.0,3.0,8.0,3.0,0
20,1,1,2.0,5.0,3.0,2.0,4,2.0,6.07,2.0,6.0,4.0,5.0,5.0,5.0,6.0,5.0,4.0,4.0,0
18,1,1,3.0,6.0,2.0,1.0,2,4.0,4.84,1.0,5.0,5.0,5.0,4.0,3.0,4.0,5.0,6.0,3.0,0
20,0,1,2.0,6.0,4.0,1.0,3,0.0,7.22,1.0,10.0,3.0,4.0,6.0,4.0,7.0,5.0,6.0,5.0,2
21,0,2,3.0,3.0,3.0,1.0,4,5.0,6.96,2.0,6.0,5.0,6.0,6.0,5.0,7.0,4.0,4.0,4.0,2
19,1,1,2.0,4.0,1.0,4.0,1,2.0,6.12,3.0,9.0,4.0,5.0,6.0,3.0,7.0,4.0,6.0,4.0,0
18,1,1,2.0,7.0,1.0,1.0,4,2.0,5.88,1.0,7.0,4.0,5.0,6.0,6.0,7.0,6.0,6.0,5.0,2
24,0,1,2.0,5.0,3.0,2.0,0,4.0,5.82,1.0,6.0,8.0,8.0,3.0,4.0,6.0,7.0,6.0,3.0,0
25,0,1,3.0,6.0,4.0,4.0,0,2.0,4.69,2.0,3.0,4.0,6.0,5.0,5.0,3.0,3.0,5.0,2.0,0
24,1,2,5.0,7.0,3.0,0.0,2,4.0,7.73,2.0,6.0,4.0,7.0,3.0,6.0,8.0,5.0,6.0,3.0,0
22,0,1,4.0,7.0,1.0,2.0,2,2.0,8.05,2.0,9.0,6.0,4.0,7.0,5.0,9.0,5.0,6.0,5.0,2
18,1,1,6.0,8.0,4.0,2.0,3,2.0,3.46,2.0,10.0,5.0,6.0,3.0,7.0,3.0,3.0,7.0,1.0,0
24,0,1,3.0,7.0,2.0,1.0,1,3.0,6.36,2.0,8.0,6.0,6.0,5.0,5.0,7.0,5.0,5.0,3.0,0
24,0,1,3.0,6.0,6.0,0.0,3,2.0,6.75,1.0,4.0,6.0,6.0,3.0,4.0,7.0,4.0,6.0,3.0,0
26,1,1,4.0,6.0,3.0,1.0,3,3.0,7.39,3.0,6.0,5.0,4.0,5.0,4.0,7.0,5.0,6.0,4.0,2
20,0,0,3.0,5.0,4.0,1.0,0,5.0,5.96,2.0,4.0,5.0,5.0,4.0,4.0,6.0,4.0,5.0,3.0,0
26,0,0,5.0,9.0,4.0,2.0,1,0.0,6.29,2.0,6.0,5.0,4.0,5.0,4.0,6.0,5.0,7.0,3.0,0
18,0,1,2.0,3.0,3.0,0.0,1,5.0,6.8,3.0,7.0,4.0,5.0,2.0,2.0,8.0,6.0,5.0,4.0,0
18,0,1,4.0,8.0,3.0,0.0,4,3.0,6.68,1.0,7.0,4.0,5.0,5.0,5.0,7.0,5.0,4.0,4.0,2
21,2,1,6.0,9.0,4.0,1.0,2,5.0,7.44,2.0,4.0,6.0,4.0,5.0,4.0,7.0,6.0,6.0,4.0,2
26,1,2,3.0,7.0,3.0,5.0,2,3.0,5.09,3.0,6.0,5.0,4.0,5.0,3.0,4.0,5.0,6.0,3.0,0
23,1,1,3.0,7.0,3.0,1.0,0,4.0,4.98,1.0,5.0,5.0,4.0,4.0,4.0,5.0,4.0,6.0,3.0,0
20,1,1,1.0,4.0,3.0,0.0,0,1.0,6.02,2.0,6.0,3.0,4.0,4.0,2.0,7.0,4.0,6.0,4.0,0
18,2,2,6.0,8.0,3.0,3.0,4,5.0,4.68,1.0,6.0,4.0,6.0,3.0,6.0,5.0,4.0,6.0,2.0,0
21,0,1,4.0,6.0,4.0,0.0,4,1.0,9.57,2.0,3.0,6.0,3.0,6.0,4.0,10.0,5.0,4.0,6.0,2
26,0,1,3.0,5.0,2.0,0.0,3,3.0,5.34,3.0,8.0,4.0,6.0,5.0,5.0,4.0,3.0,5.0,2.0,0
20,1,1,4.0,7.0,2.0,0.0,2,6.0,7.65,1.0,10.0,6.0,5.0,5.0,4.0,6.0,7.0,3.0,5.0,2
26,0,1,4.0,8.0,2.0,1.0,4,4.0,8.33,2.0,8.0,5.0,5.0,5.0,5.0,9.0,7.0,7.0,5.0,2
24,0,0,3.0,5.0,4.0,1.0,1,2.0,6.81,2.0,3.0,4.0,3.0,7.0,4.0,6.0,7.0,5.0,5.0,2
21,0,2,2.0,4.0,3.0,3.0,3,3.0,5.56,0.0,7.0,4.0,5.0,6.0,3.0,5.0,4.0,3.0,4.0,0
20,1,1,4.0,7.0,2.0,2.0,3,4.0,6.69,2.0,3.0,6.0,5.0,6.0,3.0,6.0,4.0,4.0,4.0,2
22,1,1,4.0,8.0,1.0,1.0,2,5.0,4.85,2.0,10.0,5.0,6.0,4.0,5.0,4.0,6.0,6.0,3.0,0
22,0,1,3.0,7.0,4.0,0.0,2,1.0,4.75,3.0,10.0,4.0,6.0,5.0,3.0,4.0,5.0,6.0,3.0,0
20,0,1,4.0,6.0,3.0,1.0,2,4.0,8.9,2.0,5.0,6.0,4.0,6.0,4.0,10.0,7.0,5.0,6.0,2
26,1,1,6.0,8.0,3.0,3.0,0,3.0,4.52,2.0,4.0,5.0,8.0,2.0,7.0,5.0,3.0,9.0,1.0,0
21,0,2,4.0,7.0,3.0,0.0,2,1.0,4.32,1.0,7.0,6.0,7.0,4.0,3.0,4.0,4.0,8.0,2.0,0
22,1,1,2.0,6.0,4.0,3.0,0,4.0,7.34,0.0,7.0,5.0,6.0,6.0,4.0,8.0,5.0,6.0,4.0,2
21,0,1,6.0,10.0,4.0,0.0,4,2.0,5.77,0.0,7.0,5.0,5.0,6.0,8.0,5.0,4.0,5.0,3.0,0
22,0,1,5.0,8.0,1.0,1.0,1,1.0,8.03,1.0,8.0,5.0,4.0,6.0,5.0,8.0,5.0,6.0,4.0,2
24,1,1,5.0,9.0,4.0,3.0,1,3.0,3.0,0.0,6.0,4.0,5.0,5.0,5.0,4.0,4.0,4.0,3.0,0
26,0,1,3.0,7.0,1.0,2.0,3,3.0,6.37,0.0,3.0,4.0,5.0,4.0,4.0,5.0,5.0,6.0,3.0,0
24,1,1,5.0,9.0,4.0,0.0,3,3.0,4.88,0.0,8.0,5.0,5.0,4.0,5.0,4.0,4.0,6.0,2.0,0
22,1,2,4.0,5.0,2.0,1.0,3,1.0,4.09,1.0,8.0,5.0,4.0,6.0,3.0,4.0,4.0,5.0,3.0,0
24,0,1,2.0,6.0,4.0,1.0,1,6.0,4.74,0.0,3.0,4.0,5.0,6.0,5.0,4.0,5.0,4.0,4.0,0
22,1,2,4.0,7.0,4.0,4.0,3,4.0,4.6,1.0,7.0,6.0,6.0,4.0,7.0,5.0,5.0,6.0,3.0,0
20,1,1,5.0,9.0,2.0,4.0,0,4.0,6.1,2.0,10.0,5.0,6.0,5.0,6.0,6.0,7.0,5.0,4.0,2
24,1,1,5.0,8.0,3.0,3.0,3,2.0,5.8,0.0,6.0,5.0,5.0,4.0,5.0,6.0,4.0,7.0,3.0,0
19,1,2,1.0,4.0,3.0,3.0,4,2.0,7.18,3.0,7.0,4.0,5.0,5.0,3.0,8.0,5.0,3.0,4.0,2
26,1,2,5.0,5.0,2.0,0.0,3,1.0,4.14,3.0,5.0,4.0,5.0,4.0,4.0,4.0,3.0,4.0,2.0,0
18,1,2,3.0,7.0,2.0,3.0,0,2.0,7.02,1.0,8.0,6.0,5.0,5.0,6.0,7.0,6.0,7.0,4.0,0
23,0,1,1.0,3.0,4.0,0.0,1,1.0,7.66,2.0,6.0,6.0,3.0,6.0,4.0,8.0,4.0,4.0,5.0,2
24,1,0,5.0,8.0,5.0,0.0,1,2.0,7.83,2.0,6.0,6.0,5.0,5.0,5.0,8.0,4.0,7.0,4.0,0
25,0,2,5.0,8.0,2.0,2.0,1,7.0,7.31,1.0,6.0,5.0,5.0,4.0,5.0,6.0,8.0,4.0,4.0,2
26,1,1,4.0,8.0,4.0,2.0,0,7.0,6.92,0.0,5.0,4.0,4.0,7.0,5.0,7.0,8.0,5.0,6.0,2
19,1,2,2.0,7.0,3.0,1.0,1,3.0,5.69,1.0,5.0,6.0,6.0,5.0,3.0,8.0,4.0,6.0,4.0,0
19,1,1,6.0,9.0,4.0,0.0,2,2.0,7.83,1.0,7.0,6.0,4.0,7.0,6.0,8.0,6.0,5.0,6.0,2
22,0,1,5.0,7.0,4.0,1.0,3,4.0,7.69,3.0,5.0,6.0,2.0,7.0,4.0,8.0,9.0,2.0,7.0,2
22,0,2,5.0,7.0,3.0,0.0,0,3.0,6.15,3.0,6.0,5.0,6.0,4.0,3.0,7.0,6.0,7.0,4.0,0
23,0,0,5.0,9.0,1.0,3.0,3,5.0,5.03,0.0,5.0,5.0,6.0,5.0,6.0,5.0,4.0,7.0,3.0,0
20,1,1,6.0,8.0,5.0,0.0,4,3.0,5.3,1.0,4.0,6.0,5.0,6.0,6.0,5.0,3.0,7.0,2.0,0
25,0,2,4.0,7.0,3.0,2.0,3,5.0,4.73,2.0,5.0,6.0,6.0,5.0,5.0,6.0,4.0,5.0,4.0,0
18,1,2,2.0,4.0,3.0,1.0,0,5.0,5.47,4.0,7.0,5.0,5.0,6.0,3.0,6.0,5.0,5.0,4.0,0
23,1,0,3.0,6.0,4.0,0.0,2,2.0,7.33,0.0,2.0,4.0,6.0,5.0,4.0,6.0,5.0,7.0,3.0,0
21,0,1,3.0,8.0,1.0,2.0,2,3.0,7.68,4.0,6.0,2.0,3.0,6.0,5.0,8.0,5.0,5.0,5.0,2
18,1,1,6.0,8.0,4.0,3.0,1,4.0,5.87,1.0,6.0,5.0,5.0,4.0,5.0,5.0,5.0,5.0,3.0,0
24,2,1,4.0,7.0,4.0,1.0,2,6.0,5.91,1.0,6.0,5.0,4.0,5.0,4.0,6.0,6.0,5.0,4.0,2
26,1,1,3.0,6.0,2.0,4.0,4,6.0,5.67,0.0,9.0,5.0,3.0,6.0,3.0,6.0,6.0,3.0,5.0,2
21,2,0,4.0,8.0,4.0,0.0,4,3.0,5.25,1.0,11.0,5.0,5.0,5.0,5.0,6.0,7.0,6.0,4.0,2
21,0,1,6.0,10.0,3.0,3.0,3,3.0,5.25,3.0,8.0,3.0,5.0,3.0,5.0,6.0,4.0,7.0,2.0,0
23,0,0,5.0,9.0,3.0,3.0,4,4.0,8.24,3.0,7.0,6.0,5.0,5.0,6.0,9.0,7.0,4.0,5.0,2
20,1,2,6.0,9.0,1.0,0.0,0,3.0,5.85,2.0,6.0,6.0,6.0,4.0,4.0,6.0,1.0,8.0,1.0,0
23,1,1,2.0,8.0,4.0,5.0,1,4.0,6.39,2.0,10.0,6.0,5.0,6.0,5.0,6.0,5.0,5.0,4.0,0
24,2,1,4.0,7.0,4.0,2.0,4,3.0,3.21,2.0,6.0,5.0,7.0,4.0,4.0,3.0,5.0,5.0,2.0,0
20,1,1,3.0,6.0,2.0,2.0,1,0.0,5.38,0.0,5.0,4.0,5.0,6.0,4.0,5.0,3.0,6.0,3.0,0
24,0,1,6.0,10.0,2.0,0.0,1,3.0,5.28,0.0,6.0,6.0,7.0,4.0,6.0,5.0,5.0,7.0,2.0,0
20,2,1,4.0,7.0,4.0,4.0,3,3.0,7.25,3.0,8.0,6.0,6.0,3.0,6.0,7.0,5.0,7.0,3.0,0
19,1,1,3.0,9.0,3.0,1.0,0,3.0,7.65,3.0,5.0,5.0,3.0,6.0,6.0,7.0,4.0,6.0,5.0,2
21,0,1,1.0,3.0,2.0,1.0,3,4.0,7.68,2.0,6.0,2.0,3.0,7.0,2.0,8.0,7.0,3.0,6.0,2
25,0,1,6.0,9.0,3.0,2.0,4,1.0,4.7,0.0,8.0,5.0,4.0,4.0,4.0,6.0,4.0,8.0,2.0,0
26,1,1,6.0,8.0,3.0,1.0,4,4.0,8.05,2.0,9.0,5.0,6.0,4.0,6.0,10.0,5.0,7.0,4.0,2
24,1,1,1.0,4.0,2.0,2.0,1,2.0,5.78,2.0,5.0,3.0,3.0,4.0,3.0,6.0,6.0,3.0,4.0,2
18,0,2,4.0,6.0,3.0,0.0,2,1.0,5.27,1.0,5.0,6.0,7.0,3.0,4.0,5.0,3.0,6.0,1.0,0
20,1,1,5.0,9.0,4.0,3.0,1,4.0,6.88,3.0,6.0,5.0,5.0,4.0,5.0,7.0,6.0,7.0,3.0,0
26,0,2,5.0,7.0,2.0,4.0,0,4.0,8.12,1.0,1.0,5.0,3.0,6.0,6.0,8.0,7.0,4.0,6.0,2
18,1,2,3.0,7.0,4.0,2.0,2,0.0,6.85,2.0,4.0,7.0,4.0,6.0,2.0,7.0,4.0,6.0,4.0,2
26,2,2,3.0,5.0,4.0,2.0,2,1.0,4.73,1.0,6.0,5.0,7.0,4.0,3.0,5.0,2.0,7.0,2.0,0
25,1,0,6.0,9.0,4.0,0.0,2,1.0,7.28,2.0,8.0,5.0,4.0,5.0,6.0,8.0,6.0,7.0,5.0,2
18,0,1,5.0,8.0,4.0,0.0,4,1.0,8.14,0.0,6.0,5.0,4.0,5.0,7.0,7.0,4.0,5.0,4.0,0
23,0,1,5.0,9.0,2.0,1.0,0,2.0,4.98,1.0,4.0,5.0,3.0,5.0,6.0,4.0,4.0,6.0,3.0,0
22,1,1,6.0,9.0,3.0,0.0,4,4.0,6.57,2.0,8.0,5.0,6.0,4.0,5.0,8.0,5.0,6.0,3.0,0
23,1,1,7.0,10.0,3.0,0.0,1,4.0,6.18,1.0,4.0,4.0,4.0,5.0,5.0,7.0,6.0,6.0,5.0,2
22,0,1,4.0,5.0,3.0,2.0,1,2.0,6.66,1.0,2.0,6.0,5.0,4.0,4.0,6.0,4.0,5.0,3.0,0
23,0,1,4.0,5.0,4.0,4.0,1,0.0,4.96,3.0,4.0,7.0,5.0,4.0,5.0,3.0,3.0,6.0,1.0,0
22,1,1,3.0,7.0,3.0,2.0,1,3.0,5.18,3.0,6.0,4.0,6.0,5.0,3.0,5.0,4.0,5.0,3.0,0
22,1,2,3.0,4.0,4.0,1.0,4,4.0,7.16,2.0,6.0,6.0,5.0,5.0,4.0,7.0,6.0,5.0,4.0,2
21,1,2,6.0,10.0,4.0,3.0,2,2.0,7.37,2.0,5.0,8.0,6.0,5.0,7.0,7.0,5.0,9.0,3.0,0
20,1,1,6.0,9.0,2.0,2.0,0,1.0,7.14,1.0,7.0,4.0,4.0,6.0,7.0,7.0,6.0,5.0,5.0,2
20,0,1,6.0,9.0,2.0,0.0,3,3.0,7.69,1.0,4.0,4.0,4.0,7.0,5.0,8.0,6.0,5.0,5.0,2
21,0,2,6.0,10.0,4.0,0.0,3,2.0,5.75,0.0,6.0,6.0,4.0,5.0,6.0,6.0,5.0,9.0,3.0,0
26,1,2,4.0,8.0,5.0,0.0,1,0.0,8.58,1.0,4.0,5.0,4.0,6.0,4.0,8.0,5.0,6.0,5.0,2
19,2,1,5.0,6.0,3.0,1.0,4,1.0,5.03,2.0,4.0,5.0,5.0,5.0,3.0,3.0,4.0,6.0,2.0,0
26,1,2,5.0,7.0,4.0,3.0,1,2.0,7.35,1.0,5.0,5.0,6.0,5.0,5.0,7.0,5.0,8.0,4.0,0
18,0,1,3.0,6.0,4.0,2.0,4,5.0,7.08,1.0,5.0,6.0,5.0,8.0,3.0,7.0,7.0,5.0,6.0,2
18,1,1,2.0,7.0,1.0,4.0,2,2.0,6.54,1.0,3.0,4.0,4.0,8.0,4.0,5.0,6.0,6.0,5.0,2
22,1,1,4.0,7.0,5.0,1.0,0,2.0,7.86,0.0,9.0,7.0,5.0,3.0,4.0,8.0,7.0,5.0,4.0,2
23,0,0,3.0,7.0,3.0,0.0,1,3.0,7.93,1.0,6.0,7.0,5.0,5.0,3.0,8.0,6.0,5.0,4.0,2
23,1,1,7.0,9.0,5.0,3.0,0,3.0,7.23,1.0,4.0,6.0,3.0,6.0,5.0,7.0,6.0,4.0,5.0,2
20,0,1,2.0,4.0,4.0,1.0,2,1.0,5.94,0.0,7.0,7.0,6.0,5.0,4.0,6.0,3.0,4.0,3.0,0
24,0,0,4.0,7.0,3.0,2.0,3,3.0,8.88,2.0,5.0,7.0,4.0,5.0,3.0,8.0,7.0,6.0,5.0,2
26,1,1,4.0,6.0,5.0,2.0,1,5.0,5.82,2.0,6.0,6.0,5.0,6.0,5.0,6.0,6.0,6.0,4.0,2
25,0,2,3.0,5.0,3.0,5.0,3,4.0,6.62,3.0,9.0,5.0,6.0,6.0,3.0,7.0,3.0,5.0,4.0,0
23,1,1,3.0,6.0,5.0,1.0,0,4.0,7.72,1.0,7.0,6.0,6.0,3.0,4.0,8.0,7.0,7.0,4.0,0
25,0,1,4.0,7.0,4.0,3.0,0,4.0,5.89,1.0,5.0,4.0,3.0,7.0,5.0,6.0,6.0,4.0,5.0,2
22,1,0,2.0,4.0,2.0,1.0,3,2.0,6.39,1.0,7.0,5.0,6.0,4.0,5.0,6.0,3.0,7.0,2.0,0
25,1,1,5.0,9.0,2.0,3.0,2,5.0,4.17,2.0,8.0,6.0,6.0,4.0,4.0,3.0,3.0,6.0,1.0,0
21,1,2,6.0,10.0,5.0,1.0,0,2.0,7.2,2.0,6.0,6.0,5.0,7.0,7.0,8.0,4.0,5.0,5.0,2
25,0,0,3.0,7.0,3.0,2.0,4,2.0,8.21,2.0,5.0,4.0,3.0,6.0,5.0,8.0,8.0,4.0,6.0,2
19,0,2,5.0,8.0,4.0,5.0,0,2.0,7.08,1.0,5.0,6.0,6.0,4.0,5.0,7.0,6.0,9.0,3.0,0
22,1,1,7.0,11.0,4.0,0.0,0,5.0,6.31,3.0,9.0,8.0,6.0,6.0,6.0,5.0,5.0,7.0,3.0,0
26,1,1,6.0,11.0,4.0,3.0,4,5.0,7.12,1.0,5.0,6.0,4.0,9.0,7.0,7.0,6.0,5.0,6.0,2
21,1,1,3.0,6.0,4.0,3.0,0,1.0,8.32,1.0,6.0,5.0,5.0,4.0,3.0,7.0,4.0,6.0,3.0,0
23,0,1,2.0,5.0,3.0,1.0,2,4.0,6.82,2.0,7.0,5.0,5.0,5.0,3.0,6.0,4.0,5.0,4.0,0
18,0,0,4.0,6.0,5.0,4.0,4,0.0,8.37,1.0,9.0,5.0,5.0,4.0,3.0,8.0,6.0,5.0,4.0,2
26,1,1,4.0,8.0,4.0,0.0,0,4.0,6.87,0.0,3.0,6.0,7.0,5.0,3.0,7.0,6.0,7.0,4.0,0
18,1,0,1.0,5.0,2.0,3.0,4,2.0,6.35,4.0,6.0,5.0,5.0,5.0,2.0,7.0,7.0,7.0,4.0,2
22,0,2,4.0,7.0,2.0,2.0,0,4.0,7.46,2.0,6.0,5.0,5.0,5.0,6.0,6.0,6.0,5.0,4.0,2
21,1,0,3.0,7.0,2.0,3.0,0,4.0,7.12,2.0,7.0,4.0,5.0,6.0,4.0,6.0,4.0,5.0,4.0,0
20,1,0,4.0,6.0,5.0,1.0,1,1.0,6.2,2.0,7.0,7.0,5.0,5.0,6.0,5.0,5.0,6.0,3.0,0
23,1,2,4.0,8.0,3.0,3.0,0,4.0,7.48,0.0,6.0,5.0,4.0,6.0,3.0,8.0,5.0,6.0,5.0,2
19,1,2,4.0,6.0,4.0,3.0,1,2.0,6.64,2.0,6.0,6.0,5.0,5.0,4.0,6.0,6.0,5.0,4.0,0
20,0,2,5.0,7.0,2.0,0.0,0,0.0,7.05,1.0,4.0,4.0,5.0,5.0,6.0,7.0,4.0,7.0,3.0,0
22,0,2,2.0,6.0,4.0,1.0,2,3.0,5.16,1.0,4.0,6.0,7.0,3.0,3.0,6.0,5.0,6.0,2.0,0
26,1,2,1.0,5.0,4.0,2.0,3,4.0,7.24,0.0,7.0,4.0,5.0,5.0,2.0,7.0,7.0,3.0,5.0,2
19,0,2,5.0,9.0,4.0,1.0,1,4.0,7.45,0.0,3.0,7.0,6.0,5.0,6.0,7.0,4.0,6.0,3.0,0
25,1,1,5.0,9.0,4.0,2.0,3,1.0,7.41,1.0,6.0,7.0,4.0,5.0,7.0,7.0,5.0,8.0,4.0,0
19,0,1,5.0,7.0,1.0,0.0,3,0.0,7.24,1.0,7.0,5.0,4.0,7.0,3.0,8.0,6.0,5.0,5.0,2
22,0,1,3.0,6.0,4.0,1.0,2,2.0,6.83,2.0,7.0,6.0,3.0,6.0,2.0,6.0,4.0,5.0,4.0,2
24,0,1,5.0,6.0,5.0,2.0,2,3.0,4.78,1.0,11.0,7.0,8.0,3.0,4.0,4.0,5.0,8.0,1.0,0
25,1,1,2.0,4.0,3.0,2.0,2,1.0,7.07,1.0,4.0,4.0,4.0,6.0,5.0,6.0,3.0,5.0,3.0,0
18,1,2,4.0,8.0,5.0,0.0,3,2.0,7.08,2.0,6.0,6.0,4.0,5.0,3.0,7.0,6.0,6.0,4.0,2
23,0,2,6.0,9.0,2.0,5.0,0,2.0,6.82,2.0,6.0,3.0,4.0,6.0,6.0,6.0,5.0,4.0,5.0,2
18,0,1,5.0,10.0,4.0,0.0,4,0.0,4.95,2.0,9.0,5.0,7.0,4.0,4.0,4.0,3.0,9.0,1.0,0
19,1,2,4.0,7.0,3.0,2.0,2,2.0,6.37,3.0,7.0,4.0,5.0,5.0,5.0,8.0,4.0,5.0,4.0,2
18,2,0,4.0,7.0,1.0,1.0,1,4.0,6.02,1.0,6.0,3.0,5.0,7.0,5.0,6.0,4.0,6.0,4.0,0
22,2,2,2.0,5.0,2.0,3.0,0,5.0,6.06,0.0,7.0,4.0,5.0,5.0,3.0,6.0,4.0,5.0,3.0,0
26,0,2,6.0,10.0,4.0,4.0,2,1.0,5.29,1.0,6.0,7.0,8.0,3.0,6.0,5.0,4.0,9.0,1.0,0
23,2,1,6.0,8.0,4.0,2.0,2,3.0,8.08,1.0,5.0,6.0,5.0,4.0,5.0,7.0,5.0,6.0,4.0,0
18,1,1,5.0,8.0,3.0,2.0,2,5.0,6.91,1.0,5.0,5.0,6.0,3.0,6.0,8.0,6.0,5.0,4.0,0
18,1,1,4.0,7.0,4.0,1.0,4,4.0,7.42,1.0,6.0,4.0,5.0,6.0,5.0,9.0,3.0,3.0,5.0,2
19,1,1,3.0,5.0,1.0,0.0,0,4.0,6.53,2.0,7.0,5.0,2.0,5.0,3.0,6.0,6.0,3.0,5.0,2
26,0,1,3.0,6.0,3.0,0.0,2,1.0,6.61,1.0,3.0,4.0,4.0,5.0,6.0,6.0,4.0,5.0,3.0,0
20,1,0,6.0,9.0,2.0,0.0,0,5.0,5.38,1.0,7.0,5.0,5.0,6.0,6.0,5.0,6.0,6.0,4.0,0
18,2,2,1.0,5.0,1.0,0.0,0,2.0,6.28,2.0,5.0,2.0,5.0,4.0,5.0,5.0,3.0,4.0,3.0,0
22,1,1,5.0,9.0,4.0,2.0,3,2.0,6.84,2.0,3.0,6.0,5.0,5.0,5.0,7.0,5.0,5.0,4.0,2
24,1,1,2.0,4.0,4.0,0.0,0,4.0,5.6,1.0,8.0,3.0,3.0,6.0,3.0,6.0,4.0,4.0,4.0,2
23,0,1,4.0,7.0,3.0,0.0,4,3.0,7.5,2.0,4.0,6.0,7.0,4.0,3.0,7.0,5.0,6.0,3.0,0
18,1,1,4.0,6.0,2.0,3.0,4,4.0,7.53,2.0,9.0,5.0,4.0,6.0,3.0,8.0,6.0,3.0,5.0,2
22,1,2,2.0,7.0,1.0,0.0,4,4.0,6.92,4.0,8.0,5.0,5.0,7.0,3.0,7.0,6.0,7.0,5.0,2
22,0,1,3.0,7.0,3.0,0.0,4,4.0,4.53,0.0,8.0,4.0,4.0,6.0,4.0,5.0,6.0,5.0,4.0,0
23,1,2,5.0,8.0,4.0,4.0,2,2.0,7.33,2.0,6.0,7.0,6.0,4.0,5.0,7.0,6.0,7.0,3.0,0
20,1,2,6.0,9.0,2.0,4.0,0,6.0,7.5,0.0,7.0,5.0,4.0,5.0,7.0,7.0,7.0,5.0,5.0,2
22,1,2,4.0,5.0,4.0,1.0,3,7.0,4.45,2.0,3.0,4.0,4.0,6.0,4.0,4.0,5.0,3.0,4.0,0
24,0,2,3.0,7.0,1.0,3.0,2,3.0,7.57,3.0,6.0,2.0,3.0,5.0,5.0,8.0,4.0,4.0,4.0,2
22,2,1,3.0,5.0,1.0,2.0,1,5.0,6.57,2.0,7.0,5.0,5.0,5.0,3.0,7.0,6.0,3.0,5.0,2
22,0,1,3.0,4.0,3.0,2.0,2,4.0,7.43,4.0,8.0,5.0,4.0,5.0,3.0,7.0,6.0,5.0,5.0,2
22,1,2,4.0,7.0,4.0,1.0,2,3.0,10.0,0.0,4.0,6.0,3.0,5.0,4.0,10.0,6.0,6.0,5.0,2
20,1,2,4.0,6.0,4.0,2.0,2,3.0,5.22,2.0,5.0,5.0,6.0,4.0,5.0,5.0,4.0,7.0,2.0,0
18,0,1,6.0,8.0,1.0,2.0,2,2.0,6.32,2.0,7.0,5.0,6.0,5.0,4.0,6.0,6.0,7.0,4.0,0
22,2,1,4.0,8.0,3.0,2.0,3,2.0,6.92,2.0,7.0,6.0,5.0,5.0,5.0,8.0,6.0,5.0,5.0,2
26,1,1,3.0,8.0,3.0,2.0,4,2.0,5.55,2.0,7.0,5.0,6.0,4.0,4.0,6.0,5.0,9.0,2.0,0
18,1,1,2.0,6.0,4.0,2.0,0,3.0,9.09,2.0,2.0,6.0,4.0,6.0,4.0,9.0,7.0,5.0,6.0,2
20,0,2,4.0,8.0,1.0,1.0,4,4.0,4.19,0.0,5.0,3.0,4.0,6.0,4.0,6.0,3.0,7.0,3.0,0
21,2,1,2.0,4.0,3.0,1.0,3,3.0,8.06,3.0,6.0,6.0,5.0,5.0,3.0,9.0,7.0,5.0,5.0,2
18,1,2,3.0,7.0,3.0,3.0,3,3.0,5.82,1.0,6.0,7.0,6.0,4.0,4.0,6.0,4.0,4.0,3.0,0
18,1,1,2.0,5.0,2.0,1.0,2,4.0,6.16,2.0,5.0,3.0,5.0,7.0,3.0,6.0,3.0,4.0,4.0,2
25,1,2,4.0,7.0,3.0,1.0,2,1.0,7.42,2.0,6.0,4.0,1.0,6.0,3.0,7.0,6.0,4.0,5.0,2
19,1,1,5.0,7.0,2.0,5.0,0,2.0,7.55,1.0,8.0,7.0,5.0,5.0,4.0,8.0,5.0,7.0,4.0,0
25,0,1,5.0,5.0,4.0,5.0,2,3.0,7.88,1.0,11.0,6.0,4.0,6.0,6.0,8.0,5.0,5.0,5.0,2
24,0,2,5.0,9.0,4.0,0.0,0,2.0,7.24,1.0,4.0,6.0,6.0,5.0,5.0,7.0,4.0,7.0,3.0,0
19,0,1,3.0,5.0,2.0,1.0,3,5.0,6.89,1.0,6.0,3.0,3.0,7.0,5.0,7.0,7.0,4.0,6.0,2
23,1,1,6.0,7.0,2.0,4.0,0,1.0,5.1,2.0,7.0,5.0,4.0,5.0,6.0,5.0,4.0,7.0,3.0,0
23,1,2,5.0,8.0,4.0,0.0,0,2.0,7.09,2.0,8.0,7.0,4.0,7.0,5.0,6.0,5.0,6.0,4.0,2
20,1,0,5.0,8.0,3.0,0.0,1,2.0,5.05,2.0,7.0,4.0,3.0,4.0,4.0,6.0,5.0,6.0,3.0,0
19,1,1,6.0,9.0,4.0,2.0,2,4.0,8.01,1.0,7.0,6.0,5.0,5.0,4.0,8.0,5.0,5.0,4.0,2
18,0,1,4.0,8.0,2.0,2.0,4,2.0,6.38,0.0,7.0,5.0,5.0,7.0,5.0,8.0,5.0,6.0,5.0,2
23,1,1,4.0,7.0,4.0,0.0,1,1.0,6.8,1.0,7.0,5.0,4.0,7.0,5.0,5.0,4.0,6.0,3.0,0
22,1,0,6.0,9.0,3.0,3.0,1,4.0,6.33,3.0,5.0,7.0,5.0,3.0,5.0,7.0,5.0,5.0,3.0,0
26,1,1,3.0,6.0,4.0,4.0,1,3.0,5.66,3.0,7.0,4.0,3.0,7.0,3.0,5.0,4.0,4.0,4.0,2
18,1,1,4.0,7.0,4.0,0.0,4,2.0,8.1,1.0,7.0,5.0,5.0,5.0,4.0,8.0,6.0,6.0,5.0,2
24,0,1,6.0,9.0,3.0,1.0,4,4.0,6.07,3.0,5.0,5.0,6.0,5.0,5.0,5.0,5.0,7.0,3.0,0
22,0,1,4.0,7.0,2.0,2.0,1,5.0,4.97,0.0,7.0,5.0,6.0,4.0,4.0,5.0,5.0,7.0,2.0,0
22,1,1,3.0,7.0,4.0,1.0,3,4.0,4.97,2.0,3.0,7.0,6.0,5.0,3.0,7.0,3.0,5.0,3.0,0
19,0,1,3.0,5.0,4.0,0.0,1,3.0,5.57,1.0,4.0,4.0,5.0,5.0,3.0,6.0,5.0,5.0,4.0,0
20,1,1,4.0,8.0,1.0,1.0,0,4.0,4.28,4.0,4.0,5.0,6.0,2.0,7.0,4.0,3.0,7.0,1.0,0
24,1,1,3.0,7.0,2.0,1.0,0,1.0,6.83,1.0,4.0,5.0,6.0,4.0,5.0,7.0,6.0,7.0,3.0,0
23,2,2,5.0,9.0,4.0,0.0,4,3.0,6.6,0.0,6.0,6.0,6.0,5.0,5.0,6.0,6.0,7.0,4.0,0
19,1,0,6.0,10.0,1.0,3.0,0,3.0,3.67,3.0,6.0,5.0,6.0,4.0,5.0,5.0,4.0,8.0,2.0,0
23,0,1,6.0,10.0,2.0,1.0,2,2.0,7.22,0.0,6.0,4.0,3.0,6.0,7.0,6.0,6.0,6.0,4.0,2
19,1,2,1.0,2.0,4.0,3.0,2,6.0,5.88,1.0,6.0,6.0,6.0,5.0,1.0,5.0,5.0,5.0,3.0,0
19,0,2,5.0,7.0,2.0,0.0,1,2.0,5.94,3.0,9.0,4.0,4.0,7.0,7.0,6.0,5.0,6.0,5.0,2
19,0,1,5.0,9.0,1.0,0.0,2,4.0,4.41,1.0,5.0,6.0,5.0,5.0,6.0,4.0,4.0,9.0,2.0,0
20,0,1,4.0,7.0,2.0,3.0,2,3.0,8.25,2.0,4.0,4.0,2.0,6.0,4.0,7.0,6.0,4.0,6.0,2
19,0,2,6.0,8.0,2.0,0.0,1,1.0,6.96,0.0,3.0,7.0,5.0,6.0,4.0,6.0,5.0,5.0,4.0,2
21,0,1,4.0,8.0,2.0,0.0,2,1.0,6.58,3.0,5.0,6.0,6.0,3.0,5.0,7.0,4.0,8.0,2.0,0
26,1,1,1.0,5.0,3.0,0.0,3,2.0,5.07,0.0,5.0,4.0,4.0,5.0,3.0,5.0,4.0,6.0,3.0,0
23,0,1,4.0,6.0,3.0,4.0,2,3.0,6.81,1.0,8.0,5.0,4.0,8.0,5.0,7.0,4.0,6.0,5.0,2
18,0,1,4.0,7.0,5.0,3.0,4,0.0,7.75,1.0,5.0,5.0,4.0,4.0,5.0,8.0,5.0,7.0,4.0,0
25,1,2,3.0,8.0,2.0,0.0,3,1.0,7.15,0.0,6.0,4.0,4.0,5.0,3.0,7.0,6.0,6.0,4.0,2
24,1,2,5.0,7.0,2.0,1.0,1,2.0,5.4,2.0,6.0,5.0,7.0,3.0,5.0,5.0,5.0,7.0,2.0,0
20,0,0,5.0,7.0,4.0,1.0,1,3.0,7.87,3.0,2.0,6.0,5.0,4.0,4.0,8.0,4.0,7.0,3.0,0
18,0,2,5.0,6.0,5.0,0.0,3,3.0,6.55,3.0,8.0,6.0,3.0,8.0,4.0,7.0,7.0,5.0,6.0,2
22,1,1,5.0,8.0,1.0,1.0,1,3.0,8.0,2.0,5.0,4.0,2.0,6.0,5.0,7.0,7.0,4.0,6.0,2
21,0,2,2.0,6.0,3.0,0.0,4,2.0,3.91,1.0,7.0,5.0,6.0,4.0,3.0,3.0,4.0,7.0,1.0,0
25,1,2,2.0,5.0,4.0,4.0,0,1.0,3.92,0.0,5.0,5.0,5.0,6.0,3.0,4.0,4.0,5.0,3.0,0
18,1,2,4.0,10.0,3.0,1.0,0,3.0,5.87,4.0,5.0,8.0,7.0,4.0,4.0,3.0,5.0,6.0,2.0,0
18,0,1,6.0,12.0,1.0,0.0,1,3.0,6.08,3.0,4.0,3.0,4.0,5.0,6.0,6.0,5.0,5.0,4.0,0
21,1,1,5.0,9.0,5.0,2.0,4,5.0,7.57,3.0,5.0,8.0,6.0,6.0,4.0,7.0,6.0,5.0,5.0,2
25,0,0,1.0,3.0,0.0,2.0,1,3.0,7.52,2.0,7.0,3.0,2.0,5.0,4.0,8.0,7.0,5.0,5.0,2
22,1,2,5.0,8.0,0.0,0.0,0,3.0,8.46,3.0,3.0,3.0,3.0,5.0,6.0,8.0,8.0,4.0,6.0,2
19,1,1,2.0,4.0,3.0,2.0,4,1.0,6.46,1.0,8.0,4.0,4.0,4.0,3.0,7.0,6.0,3.0,4.0,2
23,1,1,5.0,7.0,3.0,2.0,1,3.0,6.57,0.0,8.0,6.0,5.0,5.0,5.0,7.0,3.0,8.0,3.0,0
22,2,2,3.0,7.0,4.0,1.0,2,2.0,5.92,0.0,5.0,6.0,5.0,5.0,2.0,5.0,4.0,5.0,3.0,0
19,1,1,4.0,6.0,1.0,1.0,0,2.0,7.3,1.0,3.0,5.0,5.0,5.0,2.0,9.0,6.0,5.0,5.0,2
20,1,1,7.0,8.0,3.0,1.0,0,3.0,6.95,2.0,7.0,6.0,5.0,5.0,6.0,6.0,7.0,7.0,4.0,2
26,1,2,3.0,5.0,5.0,0.0,4,4.0,6.02,2.0,6.0,7.0,6.0,4.0,5.0,5.0,4.0,5.0,3.0,0
24,1,2,3.0,6.0,2.0,1.0,2,2.0,6.71,0.0,7.0,5.0,5.0,4.0,3.0,8.0,6.0,5.0,4.0,2
24,1,1,3.0,8.0,4.0,3.0,2,4.0,5.18,2.0,3.0,6.0,4.0,6.0,5.0,4.0,4.0,5.0,3.0,0
23,1,2,2.0,6.0,4.0,1.0,3,1.0,4.84,0.0,3.0,4.0,4.0,7.0,4.0,6.0,6.0,4.0,5.0,2
25,0,2,2.0,5.0,3.0,3.0,0,6.0,7.09,2.0,10.0,3.0,3.0,6.0,4.0,7.0,7.0,2.0,6.0,2
21,0,1,6.0,9.0,5.0,0.0,3,1.0,6.6,1.0,8.0,6.0,5.0,5.0,6.0,7.0,5.0,7.0,4.0,0
25,0,1,1.0,4.0,3.0,0.0,2,2.0,5.59,1.0,5.0,3.0,3.0,7.0,1.0,6.0,6.0,5.0,5.0,2
21,0,1,3.0,7.0,2.0,0.0,4,0.0,7.49,3.0,3.0,4.0,3.0,6.0,5.0,8.0,7.0,4.0,6.0,2
25,1,1,4.0,8.0,3.0,2.0,1,0.0,5.18,2.0,4.0,6.0,7.0,2.0,6.0,4.0,2.0,8.0,1.0,0
26,1,1,3.0,4.0,0.0,2.0,1,3.0,6.79,1.0,7.0,4.0,4.0,6.0,3.0,7.0,6.0,5.0,5.0,2
20,0,1,6.0,8.0,1.0,0.0,0,3.0,7.0,2.0,4.0,5.0,4.0,6.0,6.0,5.0,5.0,5.0,4.0,0
20,0,1,4.0,7.0,3.0,2.0,2,3.0,7.77,3.0,3.0,5.0,6.0,4.0,4.0,8.0,4.0,5.0,3.0,0
19,1,1,3.0,7.0,4.0,1.0,3,4.0,6.84,3.0,4.0,6.0,4.0,5.0,3.0,7.0,7.0,3.0,5.0,2
20,2,1,4.0,7.0,2.0,1.0,4,4.0,7.0,4.0,3.0,4.0,2.0,8.0,3.0,7.0,8.0,4.0,7.0,2
20,1,1,4.0,5.0,1.0,1.0,1,3.0,9.73,0.0,5.0,3.0,2.0,7.0,5.0,9.0,9.0,2.0,8.0,1
22,1,1,4.0,7.0,2.0,2.0,1,2.0,7.57,1.0,4.0,5.0,4.0,4.0,3.0,7.0,5.0,5.0,4.0,0
22,1,2,4.0,5.0,3.0,0.0,1,1.0,5.69,2.0,7.0,5.0,5.0,6.0,6.0,6.0,3.0,5.0,4.0,0
19,2,1,1.0,3.0,5.0,0.0,3,3.0,6.54,3.0,8.0,4.0,6.0,4.0,2.0,6.0,5.0,6.0,3.0,0
23,0,1,2.0,7.0,4.0,1.0,0,2.0,7.6,2.0,4.0,6.0,5.0,5.0,4.0,6.0,4.0,7.0,3.0,0
22,0,1,5.0,7.0,4.0,3.0,0,5.0,5.83,3.0,6.0,6.0,4.0,6.0,4.0,7.0,6.0,5.0,5.0,2
23,1,2,6.0,8.0,5.0,2.0,4,3.0,7.36,1.0,7.0,5.0,4.0,4.0,5.0,7.0,5.0,6.0,4.0,0
18,0,1,6.0,9.0,5.0,3.0,3,2.0,4.31,1.0,8.0,7.0,5.0,5.0,5.0,4.0,3.0,6.0,2.0,0
22,1,0,2.0,6.0,4.0,2.0,0,1.0,6.98,2.0,5.0,5.0,4.0,6.0,3.0,7.0,6.0,6.0,5.0,2
26,0,2,3.0,5.0,4.0,0.0,2,4.0,6.39,1.0,3.0,6.0,5.0,4.0,3.0,6.0,5.0,5.0,3.0,0
19,1,1,6.0,11.0,2.0,0.0,3,3.0,5.99,2.0,6.0,7.0,7.0,5.0,7.0,6.0,4.0,7.0,3.0,0
18,1,1,3.0,6.0,3.0,4.0,1,3.0,5.02,1.0,7.0,3.0,4.0,4.0,4.0,5.0,5.0,5.0,3.0,0
26,1,2,5.0,7.0,2.0,1.0,1,2.0,7.5,0.0,6.0,5.0,3.0,9.0,4.0,7.0,6.0,4.0,6.0,2
26,0,1,9.0,13.0,4.0,4.0,3,0.0,7.29,2.0,6.0,5.0,5.0,6.0,8.0,7.0,4.0,10.0,3.0,0
26,0,1,6.0,8.0,4.0,0.0,3,4.0,6.28,2.0,7.0,3.0,4.0,3.0,6.0,6.0,7.0,5.0,4.0,2
23,1,1,4.0,7.0,5.0,0.0,3,4.0,6.18,1.0,7.0,7.0,7.0,5.0,5.0,6.0,7.0,7.0,4.0,0
25,1,0,4.0,9.0,4.0,1.0,1,2.0,6.5,2.0,3.0,5.0,3.0,8.0,5.0,5.0,6.0,4.0,5.0,2
18,2,1,5.0,7.0,3.0,2.0,4,4.0,5.17,2.0,4.0,5.0,4.0,6.0,5.0,6.0,4.0,6.0,4.0,0
21,0,1,1.0,4.0,4.0,0.0,0,4.0,8.54,2.0,5.0,4.0,2.0,9.0,3.0,9.0,6.0,2.0,7.0,1
18,0,1,5.0,9.0,5.0,1.0,3,5.0,6.78,1.0,7.0,6.0,4.0,6.0,4.0,6.0,4.0,5.0,4.0,0
25,1,1,4.0,6.0,3.0,1.0,0,4.0,4.39,0.0,4.0,5.0,6.0,4.0,3.0,3.0,6.0,5.0,3.0,0
18,1,2,4.0,7.0,3.0,3.0,2,3.0,9.78,1.0,4.0,4.0,2.0,7.0,5.0,10.0,7.0,4.0,7.0,2
20,2,1,4.0,5.0,3.0,1.0,0,5.0,6.58,4.0,7.0,5.0,5.0,7.0,5.0,5.0,6.0,5.0,4.0,2
21,1,2,6.0,9.0,3.0,0.0,0,3.0,7.65,1.0,7.0,8.0,4.0,6.0,6.0,7.0,6.0,6.0,5.0,2
25,1,1,4.0,6.0,3.0,2.0,2,4.0,6.76,3.0,8.0,4.0,4.0,5.0,3.0,7.0,6.0,4.0,4.0,2
23,0,2,4.0,6.0,4.0,4.0,2,1.0,6.77,0.0,7.0,5.0,7.0,4.0,5.0,6.0,4.0,6.0,2.0,0
24,2,1,5.0,8.0,2.0,0.0,3,4.0,5.6,0.0,3.0,6.0,8.0,3.0,5.0,6.0,5.0,6.0,3.0,0
25,1,2,4.0,7.0,3.0,1.0,2,3.0,9.47,0.0,8.0,5.0,5.0,6.0,4.0,9.0,5.0,6.0,5.0,2
19,0,2,5.0,7.0,2.0,0.0,2,4.0,5.86,0.0,5.0,3.0,3.0,6.0,5.0,5.0,5.0,3.0,4.0,2
25,0,2,4.0,8.0,2.0,4.0,1,3.0,5.8,1.0,5.0,4.0,6.0,3.0,3.0,7.0,5.0,8.0,2.0,0
20,1,1,6.0,9.0,4.0,0.0,0,3.0,6.1,2.0,6.0,4.0,5.0,4.0,6.0,7.0,7.0,4.0,4.0,2
24,1,2,6.0,9.0,1.0,3.0,4,3.0,6.27,2.0,8.0,4.0,5.0,5.0,6.0,7.0,5.0,7.0,4.0,0
20,2,1,5.0,7.0,4.0,2.0,0,1.0,6.35,2.0,3.0,6.0,4.0,5.0,5.0,6.0,6.0,6.0,4.0,0
24,2,0,1.0,4.0,2.0,0.0,4,3.0,6.57,2.0,5.0,3.0,3.0,6.0,2.0,6.0,7.0,4.0,5.0,2
19,0,1,4.0,5.0,1.0,2.0,2,4.0,5.65,1.0,5.0,5.0,4.0,7.0,7.0,6.0,5.0,4.0,5.0,2
23,0,2,1.0,3.0,4.0,1.0,1,3.0,6.92,0.0,4.0,4.0,4.0,7.0,2.0,7.0,7.0,4.0,6.0,2
20,1,1,5.0,9.0,6.0,1.0,0,4.0,7.68,1.0,4.0,7.0,5.0,7.0,3.0,10.0,6.0,5.0,6.0,2
20,2,1,6.0,10.0,4.0,0.0,0,3.0,5.18,1.0,5.0,6.0,7.0,5.0,7.0,6.0,4.0,8.0,2.0,0
26,1,1,6.0,8.0,2.0,6.0,4,2.0,9.16,2.0,2.0,5.0,4.0,5.0,7.0,10.0,5.0,6.0,5.0,2
24,0,1,4.0,7.0,2.0,2.0,3,3.0,3.97,2.0,7.0,4.0,4.0,6.0,3.0,3.0,6.0,4.0,4.0,0
22,2,1,4.0,5.0,2.0,3.0,0,4.0,6.36,1.0,7.0,4.0,3.0,5.0,6.0,8.0,6.0,4.0,5.0,2
24,0,1,1.0,4.0,3.0,1.0,2,2.0,5.97,2.0,7.0,5.0,6.0,5.0,5.0,5.0,3.0,5.0,2.0,0
26,0,1,4.0,7.0,4.0,1.0,4,4.0,7.07,1.0,5.0,6.0,4.0,7.0,4.0,6.0,5.0,5.0,5.0,2
18,0,2,4.0,7.0,3.0,0.0,0,3.0,6.42,1.0,7.0,6.0,5.0,5.0,4.0,7.0,6.0,6.0,4.0,0
24,1,1,2.0,4.0,3.0,2.0,3,3.0,5.34,4.0,4.0,5.0,5.0,5.0,5.0,5.0,4.0,4.0,3.0,0
23,0,2,3.0,6.0,1.0,0.0,0,4.0,7.03,1.0,7.0,5.0,5.0,5.0,5.0,7.0,7.0,4.0,5.0,2
26,1,2,2.0,5.0,1.0,1.0,4,3.0,7.32,2.0,6.0,3.0,3.0,6.0,4.0,8.0,5.0,6.0,5.0,2
18,0,2,7.0,11.0,2.0,0.0,3,3.0,6.6,3.0,2.0,5.0,6.0,4.0,8.0,6.0,6.0,7.0,3.0,0
21,1,1,4.0,7.0,3.0,0.0,1,5.0,5.98,2.0,6.0,5.0,6.0,4.0,4.0,7.0,5.0,6.0,3.0,0
26,1,1,5.0,8.0,3.0,1.0,0,6.0,8.68,1.0,6.0,5.0,1.0,4.0,4.0,8.0,7.0,4.0,6.0,2
21,0,2,5.0,9.0,5.0,3.0,3,2.0,9.5,1.0,10.0,4.0,4.0,7.0,6.0,10.0,6.0,7.0,6.0,2
20,2,2,6.0,9.0,3.0,0.0,2,4.0,5.23,0.0,5.0,6.0,7.0,4.0,5.0,6.0,5.0,7.0,3.0,0
26,1,2,6.0,9.0,3.0,2.0,4,5.0,8.35,1.0,6.0,5.0,5.0,4.0,7.0,9.0,6.0,6.0,5.0,2
19,0,2,5.0,7.0,4.0,1.0,3,5.0,7.92,2.0,9.0,4.0,3.0,7.0,7.0,8.0,7.0,4.0,6.0,2
21,0,2,2.0,5.0,4.0,1.0,4,3.0,7.74,1.0,7.0,4.0,4.0,7.0,3.0,10.0,5.0,2.0,6.0,2
23,2,1,5.0,8.0,3.0,0.0,1,2.0,4.44,2.0,7.0,5.0,6.0,5.0,5.0,4.0,3.0,6.0,2.0,0
19,0,2,3.0,5.0,3.0,0.0,4,4.0,6.67,0.0,4.0,4.0,4.0,7.0,4.0,6.0,6.0,3.0,5.0,2
25,0,2,2.0,4.0,5.0,4.0,1,4.0,8.53,1.0,5.0,6.0,6.0,5.0,3.0,9.0,7.0,3.0,6.0,2
25,2,1,3.0,8.0,3.0,0.0,0,1.0,4.99,2.0,7.0,5.0,6.0,5.0,2.0,4.0,4.0,8.0,2.0,0
18,1,1,4.0,7.0,2.0,2.0,0,4.0,7.1,1.0,5.0,4.0,4.0,6.0,4.0,7.0,5.0,4.0,5.0,2
20,2,2,0.0,4.0,3.0,1.0,0,4.0,5.65,3.0,7.0,5.0,5.0,5.0,2.0,5.0,5.0,4.0,3.0,0
26,2,1,5.0,7.0,3.0,0.0,2,4.0,8.39,1.0,8.0,6.0,7.0,4.0,7.0,8.0,4.0,7.0,3.0,0
22,2,0,6.0,8.0,3.0,0.0,0,3.0,8.7,2.0,10.0,6.0,4.0,6.0,7.0,10.0,8.0,5.0,7.0,2
23,1,1,4.0,7.0,4.0,4.0,2,2.0,7.57,2.0,9.0,5.0,4.0,4.0,5.0,6.0,6.0,8.0,3.0,0
21,1,2,2.0,6.0,1.0,3.0,2,1.0,6.52,1.0,6.0,4.0,3.0,6.0,5.0,6.0,4.0,5.0,4.0,2
19,0,2,5.0,9.0,4.0,0.0,1,3.0,6.37,0.0,5.0,7.0,3.0,7.0,3.0,6.0,5.0,6.0,4.0,2
25,1,2,4.0,8.0,3.0,1.0,0,3.0,6.33,2.0,6.0,5.0,5.0,4.0,5.0,6.0,5.0,9.0,3.0,0
23,0,1,7.0,10.0,2.0,0.0,2,1.0,6.28,2.0,3.0,5.0,5.0,6.0,5.0,6.0,5.0,7.0,4.0,0
22,1,1,1.0,4.0,4.0,1.0,4,4.0,6.41,2.0,6.0,4.0,5.0,4.0,2.0,7.0,6.0,6.0,4.0,2
26,1,1,0.0,3.0,3.0,2.0,1,4.0,7.74,2.0,5.0,4.0,5.0,5.0,2.0,8.0,7.0,4.0,5.0,2
18,1,1,4.0,7.0,2.0,2.0,0,3.0,5.7,1.0,3.0,5.0,3.0,8.0,4.0,6.0,5.0,5.0,5.0,2
22,0,2,3.0,7.0,3.0,3.0,2,4.0,7.68,1.0,7.0,5.0,5.0,4.0,3.0,7.0,7.0,6.0,4.0,2
23,1,1,4.0,9.0,3.0,5.0,2,3.0,10.0,1.0,3.0,4.0,3.0,7.0,4.0,10.0,7.0,6.0,7.0,2
22,0,2,5.0,8.0,2.0,2.0,1,3.0,6.9,3.0,4.0,5.0,5.0,6.0,4.0,8.0,5.0,7.0,4.0,2
23,0,1,6.0,9.0,3.0,3.0,1,5.0,7.41,2.0,8.0,7.0,5.0,5.0,7.0,7.0,3.0,6.0,3.0,0
23,0,1,4.0,6.0,3.0,5.0,1,4.0,4.48,0.0,6.0,5.0,7.0,3.0,3.0,4.0,6.0,6.0,2.0,0
24,0,2,5.0,8.0,4.0,0.0,0,2.0,7.06,2.0,6.0,6.0,6.0,5.0,5.0,8.0,5.0,8.0,4.0,0
21,1,1,2.0,6.0,1.0,4.0,2,1.0,6.24,4.0,8.0,4.0,5.0,6.0,2.0,8.0,5.0,6.0,4.0,2
25,1,2,8.0,10.0,3.0,1.0,4,5.0,8.08,3.0,8.0,5.0,4.0,4.0,5.0,9.0,6.0,6.0,5.0,2
24,1,1,6.0,9.0,5.0,2.0,4,2.0,8.5,1.0,9.0,7.0,6.0,4.0,5.0,9.0,6.0,6.0,4.0,2
26,0,2,5.0,9.0,2.0,0.0,4,2.0,6.95,3.0,6.0,5.0,4.0,5.0,6.0,7.0,5.0,7.0,4.0,0
24,0,1,3.0,5.0,3.0,4.0,1,3.0,5.7,2.0,8.0,4.0,5.0,3.0,2.0,7.0,5.0,6.0,3.0,0
20,0,1,6.0,9.0,5.0,2.0,1,6.0,5.7,1.0,4.0,6.0,8.0,3.0,4.0,4.0,3.0,5.0,2.0,0
20,1,1,6.0,10.0,0.0,1.0,1,0.0,4.39,2.0,7.0,6.0,7.0,4.0,5.0,5.0,3.0,8.0,1.0,0
25,0,2,5.0,8.0,5.0,1.0,0,4.0,6.02,3.0,2.0,3.0,4.0,4.0,7.0,6.0,6.0,2.0,4.0,2
22,1,1,4.0,8.0,4.0,6.0,2,5.0,5.87,1.0,6.0,6.0,5.0,6.0,6.0,7.0,5.0,5.0,4.0,2
21,2,1,2.0,5.0,3.0,1.0,4,4.0,8.22,2.0,8.0,4.0,4.0,6.0,5.0,9.0,6.0,4.0,6.0,2
25,1,2,4.0,8.0,4.0,0.0,2,4.0,8.33,1.0,6.0,8.0,6.0,3.0,4.0,10.0,5.0,6.0,4.0,2
23,2,1,3.0,5.0,3.0,1.0,4,2.0,9.1,0.0,5.0,4.0,4.0,7.0,5.0,8.0,7.0,6.0,5.0,2
19,0,2,5.0,8.0,2.0,3.0,2,3.0,5.67,1.0,6.0,5.0,4.0,7.0,4.0,5.0,4.0,6.0,4.0,0
21,1,1,2.0,5.0,3.0,4.0,1,3.0,5.71,1.0,2.0,5.0,6.0,4.0,2.0,5.0,4.0,5.0,2.0,0
21,1,1,3.0,5.0,3.0,3.0,0,3.0,5.36,2.0,1.0,4.0,6.0,4.0,3.0,4.0,4.0,5.0,2.0,0
23,1,1,1.0,3.0,2.0,0.0,4,4.0,8.68,1.0,8.0,5.0,4.0,6.0,2.0,9.0,5.0,4.0,5.0,2
23,1,1,5.0,8.0,3.0,0.0,3,6.0,7.51,3.0,7.0,5.0,6.0,5.0,5.0,9.0,5.0,4.0,5.0,2
18,1,1,5.0,8.0,3.0,1.0,4,3.0,8.69,1.0,4.0,5.0,4.0,6.0,4.0,9.0,6.0,6.0,5.0,2
25,0,1,3.0,6.0,3.0,2.0,0,4.0,7.09,2.0,4.0,5.0,5.0,5.0,4.0,7.0,5.0,5.0,4.0,2
23,1,2,0.0,2.0,5.0,2.0,2,3.0,8.18,3.0,7.0,4.0,4.0,6.0,4.0,8.0,6.0,3.0,5.0,2
20,0,1,1.0,4.0,3.0,3.0,4,2.0,6.2,1.0,4.0,3.0,3.0,5.0,4.0,6.0,5.0,3.0,4.0,2
26,1,1,4.0,7.0,5.0,0.0,2,4.0,6.72,2.0,4.0,6.0,6.0,1.0,5.0,7.0,4.0,7.0,2.0,0
19,2,1,6.0,9.0,5.0,1.0,1,1.0,5.7,3.0,7.0,6.0,7.0,4.0,6.0,7.0,3.0,10.0,2.0,0
25,0,1,3.0,6.0,1.0,1.0,0,4.0,6.67,2.0,2.0,4.0,3.0,9.0,3.0,7.0,5.0,4.0,6.0,2
20,1,1,6.0,8.0,2.0,2.0,0,1.0,5.72,0.0,4.0,5.0,6.0,4.0,5.0,8.0,4.0,6.0,3.0,0
22,1,2,7.0,9.0,1.0,0.0,4,4.0,7.48,2.0,9.0,4.0,5.0,5.0,6.0,8.0,8.0,6.0,5.0,2
23,1,0,5.0,7.0,5.0,2.0,2,1.0,6.61,3.0,6.0,5.0,5.0,4.0,5.0,8.0,4.0,6.0,4.0,0
23,1,1,6.0,8.0,3.0,3.0,3,4.0,7.07,1.0,6.0,6.0,5.0,5.0,6.0,8.0,6.0,5.0,5.0,2
21,0,1,2.0,4.0,2.0,2.0,2,5.0,8.08,3.0,7.0,5.0,4.0,7.0,2.0,9.0,7.0,4.0,6.0,2
20,0,1,1.0,5.0,1.0,1.0,2,2.0,6.68,2.0,9.0,4.0,3.0,6.0,4.0,7.0,6.0,6.0,5.0,2
21,2,1,7.0,12.0,4.0,4.0,2,2.0,6.25,1.0,7.0,6.0,5.0,5.0,8.0,6.0,3.0,9.0,2.0,0
18,0,1,3.0,6.0,3.0,2.0,2,3.0,5.38,2.0,5.0,4.0,4.0,5.0,1.0,5.0,5.0,4.0,4.0,0
21,2,1,6.0,10.0,0.0,3.0,2,4.0,5.97,0.0,4.0,6.0,5.0,6.0,6.0,5.0,3.0,7.0,3.0,0
18,2,2,5.0,8.0,5.0,5.0,4,1.0,5.43,1.0,5.0,8.0,6.0,5.0,3.0,6.0,3.0,6.0,3.0,0
18,0,1,7.0,8.0,3.0,4.0,4,2.0,8.09,2.0,4.0,7.0,5.0,5.0,8.0,9.0,7.0,4.0,6.0,2
23,0,2,5.0,8.0,4.0,1.0,3,5.0,6.7,2.0,6.0,7.0,5.0,5.0,5.0,8.0,5.0,5.0,4.0,2
22,1,1,2.0,6.0,3.0,3.0,0,3.0,7.95,2.0,5.0,7.0,4.0,6.0,4.0,8.0,5.0,5.0,5.0,2
21,1,0,3.0,5.0,2.0,5.0,0,2.0,6.66,2.0,11.0,5.0,4.0,4.0,3.0,8.0,6.0,4.0,5.0,2
20,0,1,5.0,8.0,3.0,5.0,3,2.0,7.66,2.0,7.0,5.0,5.0,6.0,4.0,8.0,5.0,6.0,4.0,2
18,1,2,3.0,5.0,4.0,0.0,2,4.0,6.76,1.0,5.0,5.0,6.0,3.0,5.0,7.0,6.0,5.0,4.0,0
23,1,2,6.0,8.0,2.0,1.0,1,5.0,6.4,0.0,7.0,5.0,6.0,4.0,6.0,8.0,6.0,6.0,4.0,0
19,0,2,4.0,9.0,1.0,3.0,4,4.0,7.9,2.0,4.0,4.0,3.0,8.0,5.0,8.0,6.0,6.0,6.0,2
25,1,1,6.0,10.0,0.0,3.0,3,4.0,6.32,1.0,12.0,4.0,4.0,6.0,5.0,7.0,5.0,6.0,5.0,2
22,0,1,6.0,9.0,3.0,2.0,0,1.0,6.76,1.0,4.0,5.0,4.0,6.0,5.0,7.0,6.0,7.0,5.0,2
24,1,1,4.0,9.0,3.0,2.0,2,3.0,7.93,3.0,2.0,6.0,4.0,5.0,5.0,9.0,7.0,6.0,5.0,2
19,0,1,4.0,7.0,3.0,4.0,2,4.0,4.23,0.0,5.0,5.0,6.0,6.0,4.0,5.0,5.0,5.0,4.0,0
25,0,1,3.0,6.0,2.0,1.0,2,4.0,6.51,2.0,9.0,5.0,4.0,6.0,4.0,7.0,5.0,6.0,4.0,2
19,1,1,2.0,4.0,2.0,2.0,1,3.0,8.89,2.0,3.0,5.0,2.0,5.0,4.0,10.0,6.0,5.0,6.0,2
21,0,1,7.0,9.0,3.0,2.0,3,1.0,8.45,1.0,7.0,5.0,6.0,4.0,6.0,9.0,5.0,8.0,4.0,0
18,0,1,4.0,7.0,3.0,0.0,4,3.0,7.36,2.0,6.0,6.0,6.0,6.0,5.0,7.0,3.0,6.0,3.0,0
22,1,1,4.0,6.0,3.0,2.0,4,0.0,5.77,3.0,4.0,5.0,4.0,6.0,2.0,6.0,2.0,5.0,3.0,0
26,1,1,4.0,7.0,2.0,0.0,4,3.0,7.94,1.0,6.0,3.0,2.0,9.0,4.0,9.0,6.0,3.0,7.0,2
18,1,1,4.0,6.0,5.0,3.0,2,3.0,5.58,2.0,7.0,5.0,3.0,5.0,4.0,5.0,4.0,5.0,4.0,0
26,0,1,3.0,5.0,2.0,0.0,0,1.0,7.23,2.0,9.0,3.0,4.0,6.0,4.0,8.0,5.0,7.0,4.0,2
25,0,2,3.0,5.0,2.0,0.0,2,3.0,7.64,2.0,4.0,7.0,6.0,4.0,4.0,8.0,6.0,7.0,4.0,0
23,1,1,2.0,5.0,3.0,1.0,2,1.0,8.68,3.0,3.0,4.0,3.0,5.0,2.0,7.0,6.0,5.0,5.0,2
24,0,0,4.0,6.0,4.0,3.0,1,2.0,7.39,1.0,7.0,6.0,5.0,5.0,4.0,7.0,5.0,5.0,4.0,0
20,1,1,6.0,9.0,4.0,1.0,2,1.0,7.18,4.0,5.0,5.0,5.0,3.0,7.0,7.0,5.0,9.0,3.0,0
18,0,2,3.0,6.0,3.0,1.0,2,5.0,6.35,2.0,8.0,6.0,5.0,4.0,5.0,7.0,6.0,3.0,5.0,2
22,1,1,5.0,8.0,2.0,2.0,1,0.0,5.49,2.0,8.0,4.0,6.0,4.0,5.0,5.0,2.0,9.0,2.0,0
19,0,0,5.0,8.0,2.0,1.0,2,4.0,5.49,1.0,8.0,4.0,5.0,4.0,6.0,6.0,5.0,7.0,3.0,0
22,1,1,5.0,7.0,3.0,0.0,3,0.0,6.53,2.0,6.0,4.0,5.0,6.0,6.0,7.0,4.0,8.0,3.0,0
25,0,2,7.0,12.0,2.0,1.0,3,3.0,7.82,2.0,7.0,7.0,5.0,5.0,5.0,8.0,3.0,9.0,3.0,0
26,0,1,5.0,7.0,2.0,1.0,3,4.0,4.26,1.0,7.0,3.0,6.0,5.0,4.0,4.0,3.0,6.0,2.0,0
19,0,2,4.0,9.0,5.0,1.0,1,3.0,7.34,1.0,5.0,7.0,6.0,2.0,5.0,8.0,5.0,7.0,3.0,0
20,1,1,4.0,6.0,7.0,1.0,4,3.0,8.25,0.0,7.0,6.0,4.0,5.0,4.0,8.0,7.0,3.0,5.0,2
20,0,2,5.0,7.0,2.0,1.0,3,1.0,6.44,1.0,7.0,4.0,5.0,4.0,5.0,6.0,6.0,7.0,3.0,0
18,1,2,7.0,8.0,4.0,1.0,0,2.0,3.0,2.0,10.0,6.0,8.0,4.0,6.0,3.0,4.0,8.0,1.0,0
25,0,0,4.0,7.0,4.0,1.0,0,4.0,5.95,2.0,7.0,4.0,5.0,2.0,5.0,5.0,3.0,6.0,1.0,0
23,0,2,4.0,8.0,2.0,2.0,2,2.0,6.14,1.0,5.0,5.0,6.0,5.0,5.0,6.0,4.0,8.0,3.0,0
25,0,1,9.0,10.0,2.0,3.0,4,5.0,6.17,2.0,10.0,5.0,5.0,5.0,6.0,6.0,5.0,6.0,4.0,0
26,0,1,4.0,7.0,2.0,1.0,2,4.0,4.82,0.0,3.0,6.0,5.0,4.0,2.0,6.0,4.0,4.0,3.0,0
22,1,2,4.0,6.0,4.0,3.0,3,6.0,6.1,1.0,5.0,7.0,7.0,4.0,4.0,7.0,5.0,8.0,3.0,0
20,0,1,3.0,4.0,4.0,2.0,0,1.0,8.08,1.0,5.0,5.0,4.0,5.0,5.0,7.0,6.0,4.0,5.0,2
22,0,2,4.0,7.0,4.0,0.0,1,0.0,4.1,1.0,7.0,7.0,9.0,3.0,4.0,6.0,1.0,8.0,1.0,0
22,2,1,4.0,8.0,6.0,2.0,4,3.0,6.31,4.0,5.0,5.0,5.0,6.0,5.0,7.0,3.0,7.0,3.0,0
22,0,1,5.0,9.0,4.0,2.0,2,1.0,6.26,3.0,4.0,5.0,5.0,5.0,4.0,6.0,5.0,7.0,3.0,0
20,0,1,4.0,6.0,3.0,2.0,0,4.0,6.94,1.0,5.0,6.0,6.0,5.0,4.0,7.0,6.0,6.0,4.0,2
21,1,1,1.0,5.0,2.0,1.0,3,3.0,7.67,2.0,5.0,4.0,4.0,7.0,3.0,8.0,7.0,4.0,6.0,2
26,0,2,2.0,6.0,4.0,0.0,3,5.0,6.41,0.0,4.0,4.0,3.0,5.0,4.0,7.0,8.0,5.0,5.0,2
26,0,1,4.0,6.0,0.0,0.0,4,4.0,8.52,3.0,6.0,4.0,3.0,7.0,5.0,8.0,6.0,4.0,6.0,2
19,2,1,3.0,5.0,3.0,2.0,2,1.0,5.74,2.0,7.0,5.0,5.0,4.0,4.0,6.0,3.0,8.0,2.0,0
25,1,0,2.0,6.0,1.0,3.0,3,3.0,8.66,2.0,5.0,4.0,4.0,5.0,3.0,8.0,5.0,6.0,4.0,2
25,1,1,1.0,3.0,3.0,2.0,0,4.0,6.29,3.0,8.0,6.0,6.0,4.0,2.0,9.0,4.0,4.0,4.0,0
24,1,2,6.0,10.0,4.0,2.0,2,5.0,5.23,2.0,12.0,6.0,6.0,4.0,6.0,6.0,4.0,6.0,3.0,0
25,0,1,6.0,9.0,5.0,4.0,0,3.0,4.86,3.0,7.0,6.0,7.0,4.0,6.0,5.0,2.0,8.0,1.0,0
20,2,2,5.0,7.0,0.0,2.0,3,3.0,7.34,0.0,8.0,4.0,2.0,7.0,5.0,7.0,7.0,2.0,6.0,2
23,1,1,3.0,6.0,4.0,1.0,0,6.0,5.62,2.0,4.0,4.0,6.0,4.0,5.0,6.0,3.0,4.0,3.0,0
18,0,1,6.0,12.0,3.0,4.0,3,2.0,6.99,2.0,5.0,7.0,5.0,7.0,6.0,6.0,4.0,6.0,4.0,0
24,0,1,3.0,7.0,3.0,1.0,1,4.0,7.42,1.0,5.0,6.0,5.0,6.0,5.0,7.0,7.0,3.0,5.0,2
18,0,1,5.0,8.0,4.0,0.0,2,5.0,5.4,2.0,7.0,6.0,7.0,4.0,4.0,6.0,6.0,6.0,3.0,0
26,1,0,3.0,6.0,3.0,3.0,0,5.0,7.26,2.0,8.0,5.0,4.0,5.0,6.0,8.0,6.0,2.0,5.0,2
18,0,1,4.0,7.0,2.0,0.0,2,5.0,4.93,2.0,5.0,4.0,4.0,5.0,4.0,6.0,5.0,4.0,4.0,2
18,1,2,5.0,7.0,2.0,0.0,0,4.0,5.35,2.0,8.0,6.0,7.0,4.0,5.0,4.0,5.0,7.0,2.0,0
24,0,1,2.0,6.0,2.0,1.0,3,3.0,7.32,1.0,7.0,3.0,2.0,7.0,4.0,8.0,5.0,6.0,5.0,2
19,1,1,3.0,7.0,3.0,0.0,3,4.0,7.34,1.0,9.0,5.0,5.0,4.0,3.0,8.0,5.0,5.0,4.0,2
22,0,1,4.0,8.0,5.0,2.0,1,3.0,6.51,2.0,9.0,7.0,5.0,4.0,5.0,6.0,4.0,8.0,3.0,0
25,0,1,2.0,6.0,4.0,4.0,0,5.0,5.93,1.0,2.0,5.0,5.0,5.0,5.0,7.0,5.0,5.0,4.0,0
25,1,1,3.0,6.0,3.0,1.0,1,1.0,6.61,0.0,6.0,5.0,6.0,5.0,3.0,6.0,3.0,8.0,3.0,0
20,1,1,4.0,6.0,2.0,0.0,0,3.0,7.11,1.0,4.0,4.0,5.0,4.0,4.0,8.0,6.0,5.0,5.0,2
24,0,2,3.0,5.0,3.0,0.0,1,2.0,5.92,0.0,6.0,6.0,4.0,5.0,5.0,6.0,4.0,4.0,4.0,0
20,0,1,2.0,5.0,5.0,2.0,2,0.0,5.57,2.0,6.0,5.0,5.0,5.0,3.0,6.0,3.0,6.0,3.0,0
23,0,1,4.0,8.0,2.0,1.0,3,2.0,6.45,1.0,5.0,3.0,5.0,7.0,5.0,7.0,5.0,5.0,4.0,2
23,1,1,5.0,6.0,4.0,3.0,0,0.0,8.14,1.0,6.0,5.0,4.0,4.0,5.0,8.0,4.0,6.0,4.0,0
20,1,2,7.0,10.0,4.0,2.0,4,2.0,5.42,1.0,8.0,6.0,5.0,3.0,6.0,5.0,5.0,6.0,3.0,0
24,1,1,4.0,7.0,2.0,0.0,4,3.0,7.16,1.0,6.0,4.0,7.0,4.0,3.0,7.0,7.0,7.0,4.0,0
20,1,0,4.0,6.0,3.0,0.0,3,5.0,8.33,0.0,5.0,6.0,5.0,6.0,3.0,9.0,6.0,6.0,5.0,2
25,2,1,4.0,5.0,2.0,0.0,4,2.0,5.94,1.0,7.0,4.0,3.0,4.0,4.0,6.0,7.0,3.0,5.0,2
21,1,1,6.0,7.0,2.0,2.0,4,0.0,8.34,2.0,5.0,4.0,4.0,6.0,4.0,8.0,6.0,5.0,5.0,2
18,1,1,4.0,7.0,2.0,0.0,4,3.0,3.35,3.0,4.0,4.0,6.0,6.0,4.0,3.0,4.0,8.0,2.0,0
21,1,1,5.0,9.0,2.0,0.0,1,5.0,5.44,1.0,8.0,4.0,5.0,4.0,6.0,7.0,6.0,6.0,4.0,0
24,1,2,4.0,7.0,2.0,1.0,1,0.0,7.65,0.0,6.0,4.0,2.0,8.0,5.0,8.0,5.0,4.0,6.0,2
21,0,1,5.0,9.0,5.0,1.0,0,2.0,4.91,1.0,9.0,7.0,7.0,2.0,4.0,5.0,4.0,7.0,1.0,0
23,0,1,5.0,8.0,2.0,2.0,1,3.0,7.54,2.0,6.0,4.0,5.0,5.0,4.0,7.0,6.0,6.0,4.0,2
26,1,1,2.0,6.0,5.0,1.0,2,0.0,6.97,2.0,7.0,4.0,2.0,7.0,2.0,7.0,6.0,5.0,5.0,2
18,1,1,4.0,8.0,3.0,1.0,0,2.0,7.8,1.0,4.0,5.0,6.0,4.0,6.0,9.0,6.0,6.0,4.0,2
22,1,0,4.0,6.0,1.0,2.0,4,5.0,4.84,3.0,7.0,3.0,3.0,6.0,5.0,5.0,6.0,5.0,4.0,2
24,0,2,5.0,7.0,2.0,2.0,4,4.0,7.34,1.0,9.0,5.0,4.0,6.0,5.0,7.0,6.0,6.0,5.0,2
18,0,1,4.0,6.0,3.0,2.0,3,1.0,6.17,1.0,9.0,5.0,5.0,6.0,5.0,7.0,5.0,5.0,4.0,2
21,1,1,6.0,11.0,2.0,0.0,0,4.0,7.78,0.0,5.0,4.0,3.0,7.0,4.0,7.0,7.0,4.0,6.0,2
23,0,2,5.0,7.0,3.0,1.0,4,3.0,5.72,1.0,7.0,5.0,4.0,5.0,4.0,5.0,7.0,5.0,4.0,2
19,0,1,5.0,8.0,1.0,1.0,1,6.0,5.97,1.0,8.0,6.0,5.0,3.0,3.0,5.0,6.0,5.0,3.0,0
22,0,2,2.0,6.0,3.0,2.0,4,3.0,7.76,1.0,7.0,6.0,3.0,6.0,4.0,9.0,5.0,4.0,5.0,2
18,2,1,4.0,9.0,3.0,4.0,4,2.0,6.81,3.0,6.0,6.0,5.0,5.0,4.0,7.0,4.0,6.0,3.0,0
23,1,1,4.0,5.0,5.0,0.0,3,1.0,7.31,2.0,6.0,7.0,6.0,5.0,3.0,7.0,5.0,4.0,4.0,0
23,1,2,1.0,5.0,2.0,0.0,4,3.0,7.02,1.0,6.0,3.0,2.0,7.0,2.0,7.0,6.0,4.0,6.0,2
21,1,1,2.0,3.0,4.0,3.0,2,3.0,7.89,2.0,9.0,5.0,5.0,5.0,4.0,8.0,4.0,6.0,4.0,0
25,0,2,5.0,7.0,5.0,1.0,2,4.0,5.91,3.0,7.0,6.0,6.0,3.0,6.0,7.0,4.0,6.0,2.0,0
21,2,1,5.0,8.0,4.0,2.0,4,2.0,5.48,1.0,5.0,5.0,4.0,6.0,5.0,7.0,5.0,6.0,4.0,2
25,0,2,3.0,6.0,4.0,0.0,4,4.0,5.54,1.0,6.0,6.0,5.0,4.0,5.0,7.0,2.0,7.0,2.0,0
25,1,1,3.0,8.0,3.0,1.0,2,5.0,4.25,1.0,4.0,7.0,7.0,4.0,4.0,4.0,5.0,7.0,2.0,0
22,1,1,2.0,5.0,4.0,1.0,1,3.0,6.68,3.0,6.0,6.0,4.0,5.0,3.0,7.0,6.0,5.0,5.0,2
21,1,2,5.0,8.0,2.0,4.0,0,4.0,6.03,2.0,6.0,5.0,5.0,3.0,6.0,6.0,5.0,5.0,3.0,0
19,1,1,3.0,6.0,4.0,3.0,2,3.0,6.32,1.0,7.0,6.0,6.0,5.0,4.0,6.0,3.0,5.0,3.0,0
20,0,2,3.0,7.0,2.0,1.0,3,3.0,4.39,1.0,4.0,4.0,3.0,7.0,4.0,5.0,3.0,6.0,4.0,0
20,1,0,6.0,8.0,2.0,1.0,2,2.0,6.69,2.0,6.0,5.0,5.0,6.0,6.0,6.0,5.0,5.0,4.0,2
21,1,2,5.0,7.0,5.0,2.0,0,5.0,6.09,3.0,5.0,7.0,6.0,5.0,7.0,6.0,4.0,7.0,3.0,0
21,0,2,4.0,7.0,4.0,1.0,2,2.0,7.58,0.0,6.0,6.0,4.0,4.0,4.0,7.0,5.0,6.0,4.0,0
22,1,2,4.0,7.0,1.0,1.0,0,3.0,6.63,1.0,9.0,5.0,3.0,7.0,5.0,6.0,7.0,4.0,5.0,2
21,1,1,5.0,8.0,3.0,4.0,1,2.0,6.17,1.0,9.0,4.0,4.0,6.0,6.0,5.0,6.0,5.0,4.0,2
25,1,2,3.0,8.0,2.0,3.0,1,4.0,7.16,0.0,2.0,5.0,4.0,5.0,4.0,6.0,8.0,5.0,5.0,2
23,0,1,4.0,8.0,4.0,1.0,4,3.0,6.14,2.0,6.0,4.0,3.0,7.0,4.0,5.0,8.0,5.0,5.0,2
23,0,2,4.0,5.0,3.0,3.0,1,4.0,7.2,1.0,2.0,6.0,5.0,6.0,4.0,8.0,6.0,4.0,5.0,2
25,1,1,5.0,8.0,3.0,0.0,2,1.0,7.29,1.0,2.0,5.0,5.0,6.0,5.0,7.0,4.0,7.0,3.0,0
24,0,1,6.0,10.0,2.0,3.0,3,2.0,6.18,1.0,7.0,4.0,5.0,5.0,3.0,5.0,5.0,6.0,3.0,0
25,1,1,6.0,9.0,5.0,0.0,2,2.0,6.15,2.0,5.0,5.0,4.0,5.0,6.0,5.0,5.0,6.0,3.0,0
19,0,2,6.0,10.0,2.0,0.0,1,3.0,8.22,0.0,8.0,6.0,5.0,6.0,6.0,9.0,7.0,6.0,5.0,2
26,0,1,2.0,7.0,3.0,2.0,3,3.0,6.39,3.0,5.0,4.0,3.0,6.0,3.0,8.0,5.0,3.0,5.0,2
18,0,1,6.0,9.0,3.0,2.0,1,3.0,5.3,1.0,9.0,4.0,5.0,6.0,5.0,6.0,5.0,6.0,4.0,2
25,0,1,3.0,7.0,1.0,3.0,0,2.0,6.86,0.0,9.0,5.0,5.0,4.0,5.0,8.0,5.0,6.0,4.0,0
21,2,1,1.0,3.0,3.0,3.0,2,1.0,7.85,1.0,8.0,3.0,3.0,5.0,4.0,8.0,5.0,3.0,5.0,2
21,2,1,3.0,5.0,1.0,4.0,3,4.0,6.36,2.0,4.0,4.0,4.0,5.0,5.0,5.0,7.0,4.0,5.0,2
22,0,1,4.0,6.0,4.0,1.0,4,1.0,5.83,1.0,2.0,5.0,5.0,5.0,6.0,6.0,4.0,5.0,4.0,0
25,0,2,1.0,3.0,2.0,1.0,3,4.0,7.32,2.0,6.0,7.0,6.0,4.0,3.0,7.0,5.0,5.0,4.0,0
22,1,1,5.0,9.0,3.0,3.0,3,1.0,6.93,2.0,8.0,5.0,5.0,4.0,6.0,7.0,4.0,7.0,3.0,0
25,1,2,5.0,8.0,4.0,0.0,3,3.0,6.13,3.0,11.0,7.0,6.0,3.0,6.0,6.0,4.0,8.0,2.0,0
18,1,1,3.0,8.0,2.0,1.0,4,5.0,6.99,3.0,4.0,5.0,4.0,6.0,4.0,7.0,7.0,5.0,5.0,2
26,1,1,2.0,6.0,0.0,0.0,3,4.0,6.24,2.0,8.0,4.0,3.0,6.0,2.0,5.0,4.0,4.0,4.0,2
23,0,1,5.0,9.0,3.0,0.0,2,3.0,9.24,0.0,7.0,4.0,1.0,8.0,6.0,9.0,9.0,5.0,7.0,1
20,0,0,3.0,7.0,2.0,2.0,3,5.0,7.04,3.0,9.0,5.0,4.0,4.0,3.0,7.0,6.0,5.0,4.0,2
25,2,1,2.0,4.0,3.0,0.0,1,2.0,7.93,3.0,4.0,4.0,2.0,7.0,5.0,8.0,6.0,5.0,6.0,2
26,1,1,4.0,5.0,4.0,1.0,3,2.0,6.27,1.0,5.0,5.0,5.0,4.0,4.0,6.0,5.0,7.0,3.0,0
23,1,0,4.0,8.0,2.0,2.0,3,4.0,8.02,1.0,5.0,6.0,4.0,6.0,5.0,7.0,6.0,6.0,5.0,2
24,0,1,4.0,8.0,3.0,2.0,4,2.0,6.49,1.0,7.0,5.0,6.0,5.0,3.0,6.0,5.0,5.0,3.0,0
18,1,1,5.0,8.0,3.0,3.0,0,2.0,7.23,2.0,4.0,7.0,5.0,5.0,6.0,9.0,4.0,7.0,4.0,2
22,1,2,5.0,8.0,3.0,3.0,4,1.0,7.56,0.0,3.0,7.0,4.0,6.0,4.0,7.0,5.0,5.0,4.0,2
22,2,2,2.0,4.0,3.0,3.0,4,1.0,6.86,0.0,7.0,5.0,6.0,3.0,3.0,6.0,5.0,6.0,3.0,0
21,0,2,1.0,4.0,3.0,0.0,3,4.0,5.93,1.0,5.0,3.0,5.0,3.0,4.0,6.0,6.0,5.0,3.0,0
23,1,2,5.0,8.0,4.0,4.0,0,4.0,5.82,2.0,10.0,6.0,6.0,5.0,6.0,8.0,6.0,6.0,4.0,2
24,0,1,4.0,8.0,1.0,1.0,4,7.0,5.4,1.0,7.0,3.0,5.0,5.0,5.0,5.0,5.0,4.0,4.0,0
26,0,2,3.0,5.0,4.0,0.0,1,5.0,3.67,1.0,6.0,7.0,8.0,3.0,4.0,5.0,2.0,6.0,1.0,0
18,0,1,4.0,8.0,3.0,0.0,0,4.0,7.62,2.0,7.0,6.0,4.0,4.0,4.0,7.0,7.0,4.0,5.0,2
23,0,1,3.0,6.0,1.0,0.0,4,4.0,6.18,3.0,5.0,4.0,2.0,6.0,4.0,6.0,7.0,4.0,5.0,2
24,1,1,7.0,10.0,3.0,2.0,3,1.0,7.55,2.0,7.0,6.0,4.0,7.0,4.0,8.0,7.0,5.0,6.0,2
20,0,2,1.0,3.0,2.0,0.0,1,4.0,5.44,3.0,6.0,5.0,7.0,4.0,3.0,4.0,5.0,7.0,2.0,0
25,1,2,5.0,8.0,4.0,0.0,0,3.0,6.51,0.0,10.0,5.0,6.0,3.0,4.0,6.0,6.0,6.0,3.0,0
22,1,1,2.0,7.0,1.0,4.0,1,6.0,6.52,1.0,7.0,4.0,5.0,5.0,3.0,7.0,5.0,4.0,4.0,2
26,2,1,3.0,7.0,3.0,4.0,2,5.0,5.99,0.0,9.0,5.0,5.0,5.0,4.0,7.0,5.0,6.0,3.0,0
22,0,1,3.0,6.0,3.0,0.0,4,4.0,7.74,2.0,4.0,5.0,3.0,6.0,5.0,7.0,7.0,4.0,6.0,2
26,0,0,3.0,4.0,3.0,0.0,3,2.0,7.62,2.0,8.0,5.0,3.0,7.0,4.0,9.0,6.0,4.0,6.0,2
21,0,1,4.0,6.0,4.0,3.0,2,7.0,6.22,1.0,4.0,4.0,6.0,3.0,4.0,7.0,5.0,3.0,4.0,0
26,2,1,0.0,3.0,2.0,0.0,3,3.0,7.75,1.0,5.0,4.0,5.0,6.0,1.0,10.0,9.0,5.0,6.0,2
22,0,2,2.0,5.0,2.0,1.0,4,2.0,7.71,0.0,7.0,2.0,5.0,4.0,4.0,9.0,5.0,5.0,4.0,2
26,0,2,1.0,4.0,0.0,1.0,2,4.0,7.83,2.0,10.0,4.0,4.0,6.0,3.0,8.0,6.0,2.0,6.0,2
20,1,2,2.0,4.0,3.0,0.0,0,1.0,8.23,0.0,6.0,5.0,5.0,4.0,4.0,9.0,5.0,3.0,5.0,2
21,1,0,3.0,5.0,2.0,0.0,2,2.0,7.48,3.0,8.0,6.0,4.0,7.0,3.0,6.0,5.0,4.0,5.0,2
26,1,2,4.0,7.0,4.0,0.0,0,2.0,7.74,1.0,3.0,6.0,7.0,4.0,3.0,8.0,5.0,7.0,3.0,0
23,1,2,3.0,6.0,4.0,2.0,0,3.0,6.33,2.0,6.0,5.0,5.0,7.0,3.0,5.0,7.0,4.0,5.0,2
19,0,1,3.0,5.0,5.0,1.0,3,3.0,6.25,3.0,5.0,5.0,6.0,3.0,3.0,6.0,4.0,7.0,2.0,0
24,0,1,3.0,5.0,1.0,0.0,1,2.0,6.6,1.0,7.0,3.0,3.0,7.0,3.0,9.0,6.0,4.0,6.0,2
19,2,2,3.0,6.0,2.0,3.0,1,3.0,6.38,1.0,5.0,3.0,5.0,4.0,5.0,7.0,5.0,6.0,4.0,0
19,0,1,3.0,5.0,4.0,3.0,0,0.0,7.04,2.0,8.0,5.0,4.0,6.0,2.0,6.0,4.0,4.0,4.0,0
18,0,2,4.0,7.0,5.0,2.0,4,3.0,6.61,0.0,9.0,7.0,6.0,5.0,3.0,7.0,4.0,6.0,3.0,0
20,1,1,3.0,7.0,6.0,4.0,1,3.0,6.45,1.0,8.0,5.0,5.0,5.0,6.0,5.0,7.0,7.0,3.0,0
23,1,1,2.0,3.0,4.0,3.0,1,5.0,8.69,2.0,4.0,4.0,3.0,6.0,3.0,8.0,7.0,1.0,6.0,2
25,1,1,4.0,9.0,3.0,2.0,4,3.0,8.21,1.0,8.0,5.0,3.0,4.0,4.0,7.0,6.0,6.0,4.0,2
26,0,1,5.0,9.0,4.0,0.0,3,4.0,8.23,0.0,1.0,8.0,5.0,7.0,4.0,6.0,9.0,6.0,6.0,2
24,1,1,2.0,6.0,2.0,3.0,0,3.0,5.54,0.0,4.0,5.0,6.0,5.0,3.0,6.0,4.0,6.0,3.0,0
21,0,1,4.0,6.0,2.0,1.0,2,6.0,6.69,3.0,9.0,5.0,5.0,4.0,4.0,7.0,8.0,3.0,5.0,2
23,0,2,3.0,4.0,4.0,0.0,2,3.0,7.06,2.0,4.0,5.0,6.0,3.0,5.0,9.0,5.0,5.0,4.0,0
22,1,0,5.0,8.0,4.0,2.0,0,3.0,6.9,2.0,8.0,6.0,6.0,3.0,4.0,7.0,5.0,6.0,3.0,0
25,1,1,3.0,6.0,3.0,2.0,3,2.0,4.88,2.0,6.0,5.0,6.0,5.0,4.0,4.0,4.0,7.0,2.0,0
18,0,1,4.0,8.0,2.0,2.0,2,4.0,6.8,3.0,7.0,4.0,4.0,3.0,3.0,7.0,6.0,6.0,4.0,0
18,1,1,4.0,5.0,4.0,2.0,1,4.0,5.82,0.0,5.0,6.0,6.0,4.0,4.0,5.0,5.0,6.0,2.0,0
23,0,1,4.0,8.0,1.0,0.0,3,5.0,7.23,1.0,7.0,5.0,5.0,5.0,3.0,6.0,6.0,4.0,4.0,2
19,0,1,2.0,6.0,3.0,0.0,4,2.0,6.24,1.0,8.0,5.0,6.0,6.0,3.0,7.0,5.0,7.0,4.0,0
22,0,1,4.0,8.0,3.0,3.0,0,3.0,4.73,2.0,6.0,5.0,5.0,4.0,5.0,5.0,3.0,5.0,2.0,0
18,0,1,3.0,5.0,2.0,1.0,2,5.0,7.07,0.0,4.0,3.0,5.0,5.0,4.0,6.0,8.0,4.0,5.0,2
24,0,2,5.0,8.0,5.0,0.0,0,6.0,5.45,2.0,8.0,6.0,4.0,6.0,6.0,6.0,6.0,6.0,5.0,2
18,2,1,3.0,5.0,3.0,0.0,4,5.0,8.23,1.0,5.0,5.0,5.0,6.0,3.0,8.0,7.0,4.0,5.0,2
21,1,1,6.0,8.0,2.0,0.0,2,4.0,5.57,2.0,8.0,5.0,5.0,3.0,6.0,6.0,5.0,5.0,3.0,0
26,0,1,2.0,3.0,0.0,2.0,0,1.0,5.0,2.0,2.0,1.0,3.0,5.0,3.0,6.0,5.0,3.0,4.0,2
18,1,2,5.0,8.0,7.0,2.0,4,3.0,6.49,1.0,5.0,7.0,5.0,4.0,4.0,9.0,5.0,6.0,4.0,2
21,1,2,4.0,7.0,3.0,0.0,1,0.0,7.27,3.0,4.0,4.0,3.0,5.0,5.0,8.0,3.0,6.0,4.0,0
23,1,2,5.0,7.0,1.0,0.0,4,4.0,3.33,4.0,4.0,3.0,5.0,6.0,8.0,3.0,3.0,6.0,2.0,0
23,0,2,6.0,9.0,2.0,2.0,3,3.0,7.87,3.0,4.0,5.0,4.0,6.0,5.0,8.0,5.0,7.0,5.0,2
25,1,1,1.0,4.0,4.0,1.0,3,4.0,5.26,3.0,9.0,4.0,4.0,5.0,2.0,6.0,4.0,4.0,4.0,0
18,1,1,7.0,10.0,2.0,0.0,4,3.0,8.28,2.0,8.0,7.0,5.0,3.0,6.0,7.0,7.0,9.0,3.0,0
24,2,2,5.0,8.0,3.0,3.0,1,2.0,5.1,2.0,8.0,5.0,8.0,3.0,5.0,5.0,4.0,8.0,1.0,0
18,0,2,7.0,12.0,4.0,1.0,0,2.0,5.37,1.0,10.0,6.0,5.0,4.0,7.0,5.0,5.0,7.0,3.0,0
24,0,1,7.0,11.0,3.0,0.0,0,5.0,6.0,2.0,7.0,7.0,6.0,4.0,5.0,6.0,5.0,7.0,3.0,0
20,0,1,5.0,5.0,2.0,1.0,1,5.0,8.58,3.0,9.0,5.0,3.0,7.0,3.0,9.0,7.0,3.0,6.0,2
25,2,2,4.0,7.0,3.0,5.0,2,3.0,8.97,0.0,7.0,6.0,4.0,6.0,4.0,9.0,7.0,5.0,6.0,2
20,0,1,5.0,8.0,4.0,2.0,4,5.0,5.56,1.0,8.0,5.0,7.0,3.0,6.0,6.0,6.0,8.0,2.0,0
18,1,1,1.0,6.0,1.0,2.0,3,5.0,4.9,2.0,5.0,5.0,5.0,5.0,3.0,4.0,4.0,4.0,3.0,0
25,0,1,4.0,7.0,0.0,2.0,3,2.0,8.68,3.0,7.0,5.0,2.0,7.0,2.0,10.0,6.0,4.0,6.0,2
20,0,1,5.0,8.0,4.0,1.0,3,2.0,4.24,2.0,6.0,5.0,6.0,3.0,5.0,4.0,3.0,7.0,1.0,0
19,1,1,6.0,9.0,4.0,0.0,0,2.0,5.45,0.0,4.0,4.0,3.0,6.0,6.0,6.0,4.0,7.0,4.0,0
18,0,1,4.0,6.0,3.0,0.0,0,3.0,6.9,1.0,7.0,5.0,5.0,6.0,5.0,7.0,5.0,8.0,4.0,0
20,1,2,5.0,8.0,2.0,0.0,1,4.0,6.05,1.0,6.0,6.0,7.0,3.0,5.0,7.0,6.0,6.0,3.0,0
19,2,1,5.0,8.0,4.0,3.0,2,2.0,5.32,2.0,4.0,5.0,4.0,5.0,4.0,7.0,4.0,6.0,4.0,0
19,1,2,4.0,7.0,4.0,1.0,4,2.0,4.38,1.0,7.0,5.0,5.0,4.0,6.0,4.0,6.0,5.0,3.0,0
23,2,2,3.0,7.0,3.0,3.0,3,5.0,5.44,0.0,3.0,3.0,5.0,5.0,3.0,6.0,5.0,4.0,4.0,0
18,2,1,3.0,6.0,3.0,0.0,1,4.0,6.88,1.0,6.0,3.0,4.0,6.0,4.0,8.0,5.0,5.0,5.0,2
19,0,1,2.0,7.0,3.0,1.0,2,3.0,6.62,2.0,7.0,4.0,4.0,6.0,4.0,6.0,7.0,6.0,5.0,2
23,0,2,2.0,5.0,3.0,5.0,0,0.0,5.1,1.0,8.0,6.0,7.0,4.0,3.0,4.0,3.0,7.0,1.0,0
20,1,1,4.0,6.0,2.0,1.0,3,4.0,6.95,3.0,7.0,2.0,3.0,6.0,5.0,7.0,7.0,3.0,5.0,2
21,1,1,7.0,11.0,1.0,2.0,4,1.0,7.12,1.0,4.0,4.0,4.0,5.0,6.0,7.0,4.0,7.0,4.0,0
18,1,1,4.0,5.0,3.0,0.0,3,3.0,4.14,3.0,5.0,4.0,5.0,5.0,5.0,3.0,4.0,5.0,2.0,0
25,0,1,4.0,6.0,3.0,1.0,3,4.0,6.03,3.0,5.0,3.0,3.0,7.0,4.0,6.0,6.0,3.0,5.0,2
24,0,2,5.0,5.0,4.0,1.0,4,5.0,4.19,1.0,5.0,7.0,7.0,4.0,4.0,5.0,3.0,6.0,2.0,0
24,1,2,3.0,5.0,5.0,1.0,1,2.0,8.53,1.0,6.0,6.0,3.0,7.0,3.0,8.0,6.0,5.0,6.0,2
20,1,1,2.0,4.0,2.0,0.0,4,5.0,7.27,2.0,8.0,4.0,3.0,7.0,5.0,7.0,6.0,3.0,6.0,2
20,2,0,3.0,6.0,4.0,2.0,4,3.0,6.29,3.0,3.0,5.0,6.0,3.0,3.0,7.0,5.0,5.0,3.0,0
19,1,1,2.0,6.0,1.0,0.0,0,4.0,4.61,1.0,6.0,4.0,5.0,5.0,2.0,4.0,2.0,7.0,2.0,0
18,2,2,1.0,3.0,5.0,4.0,1,1.0,5.49,0.0,7.0,5.0,3.0,8.0,3.0,5.0,3.0,4.0,4.0,2
24,1,2,3.0,6.0,2.0,1.0,1,1.0,6.27,2.0,5.0,4.0,4.0,6.0,3.0,6.0,6.0,5.0,4.0,2
24,0,2,5.0,7.0,2.0,0.0,2,6.0,8.13,2.0,4.0,5.0,3.0,5.0,6.0,9.0,8.0,5.0,6.0,2
19,1,1,5.0,10.0,2.0,1.0,2,6.0,7.09,1.0,8.0,5.0,5.0,5.0,6.0,7.0,5.0,4.0,4.0,2
24,0,2,4.0,7.0,3.0,0.0,0,0.0,6.81,1.0,8.0,5.0,4.0,4.0,3.0,7.0,5.0,8.0,3.0,0
25,0,1,6.0,8.0,3.0,0.0,0,4.0,6.54,1.0,9.0,6.0,6.0,5.0,6.0,6.0,5.0,5.0,4.0,0
18,1,1,3.0,7.0,4.0,1.0,2,2.0,7.12,2.0,8.0,6.0,6.0,3.0,3.0,7.0,4.0,6.0,3.0,0
26,0,1,5.0,7.0,4.0,3.0,2,5.0,8.27,3.0,3.0,6.0,5.0,6.0,3.0,8.0,5.0,5.0,5.0,2
24,0,2,3.0,7.0,3.0,3.0,1,1.0,4.25,4.0,5.0,6.0,7.0,4.0,2.0,3.0,2.0,6.0,1.0,0
20,0,1,6.0,10.0,2.0,2.0,2,3.0,7.0,2.0,7.0,3.0,4.0,5.0,5.0,8.0,5.0,7.0,4.0,2
25,0,1,3.0,5.0,2.0,0.0,4,4.0,6.74,0.0,6.0,5.0,5.0,4.0,4.0,6.0,6.0,4.0,4.0,0
24,1,1,5.0,8.0,3.0,1.0,3,0.0,6.79,0.0,8.0,6.0,7.0,4.0,3.0,7.0,3.0,7.0,2.0,0
25,0,1,4.0,7.0,3.0,0.0,4,1.0,7.34,1.0,4.0,4.0,3.0,6.0,6.0,6.0,5.0,5.0,4.0,2
23,2,1,6.0,10.0,1.0,2.0,2,2.0,7.35,2.0,9.0,4.0,4.0,5.0,5.0,8.0,6.0,7.0,4.0,2
26,0,0,4.0,9.0,4.0,2.0,3,1.0,6.81,2.0,5.0,6.0,4.0,6.0,3.0,8.0,5.0,4.0,5.0,2
22,2,1,4.0,8.0,2.0,3.0,0,3.0,6.24,2.0,6.0,4.0,4.0,4.0,5.0,7.0,5.0,4.0,4.0,0
20,1,1,3.0,6.0,5.0,2.0,2,3.0,6.93,3.0,4.0,7.0,5.0,5.0,1.0,6.0,4.0,5.0,3.0,0
20,0,2,4.0,8.0,3.0,1.0,2,4.0,6.14,0.0,6.0,4.0,4.0,7.0,3.0,7.0,4.0,5.0,4.0,2
18,0,2,1.0,5.0,2.0,2.0,0,4.0,6.89,0.0,6.0,3.0,2.0,7.0,4.0,9.0,9.0,3.0,7.0,1
25,1,2,3.0,6.0,3.0,1.0,2,2.0,7.22,2.0,4.0,6.0,6.0,4.0,5.0,6.0,3.0,6.0,2.0,0
19,0,2,3.0,5.0,4.0,1.0,3,4.0,5.28,1.0,8.0,6.0,5.0,5.0,3.0,5.0,4.0,4.0,3.0,0
20,0,1,2.0,6.0,4.0,3.0,0,1.0,7.56,0.0,6.0,8.0,5.0,5.0,5.0,7.0,3.0,7.0,3.0,0
25,1,2,3.0,8.0,5.0,2.0,0,2.0,7.33,1.0,8.0,4.0,5.0,4.0,4.0,8.0,6.0,6.0,4.0,2
25,1,1,3.0,7.0,2.0,1.0,1,0.0,4.36,2.0,4.0,4.0,5.0,5.0,3.0,6.0,4.0,7.0,3.0,0
21,0,2,3.0,5.0,4.0,1.0,2,3.0,4.26,2.0,5.0,4.0,5.0,4.0,4.0,4.0,5.0,4.0,3.0,0
21,1,0,5.0,8.0,4.0,1.0,1,5.0,7.51,3.0,6.0,6.0,4.0,5.0,6.0,7.0,6.0,5.0,4.0,2
22,1,2,5.0,7.0,3.0,3.0,3,3.0,4.76,2.0,6.0,5.0,7.0,4.0,6.0,5.0,5.0,7.0,2.0,0
23,1,2,6.0,10.0,4.0,3.0,3,2.0,5.71,0.0,5.0,8.0,7.0,3.0,7.0,6.0,4.0,7.0,2.0,0
22,1,1,4.0,8.0,3.0,3.0,0,0.0,5.8,1.0,12.0,5.0,4.0,5.0,6.0,6.0,4.0,6.0,3.0,0
24,2,1,2.0,5.0,4.0,1.0,1,0.0,6.46,1.0,6.0,6.0,5.0,4.0,4.0,6.0,4.0,6.0,3.0,0
19,0,0,4.0,8.0,4.0,2.0,2,2.0,7.3,2.0,5.0,6.0,3.0,5.0,4.0,8.0,4.0,5.0,4.0,2
24,0,1,3.0,5.0,3.0,2.0,3,2.0,7.88,0.0,10.0,4.0,4.0,5.0,4.0,8.0,6.0,4.0,5.0,2
24,2,1,3.0,7.0,3.0,2.0,1,4.0,5.92,2.0,5.0,5.0,3.0,7.0,4.0,6.0,5.0,4.0,5.0,2
18,0,2,6.0,8.0,4.0,0.0,0,5.0,7.47,0.0,7.0,6.0,4.0,7.0,5.0,7.0,6.0,5.0,5.0,2
24,1,1,5.0,7.0,3.0,4.0,4,4.0,7.18,0.0,7.0,6.0,4.0,7.0,6.0,7.0,5.0,3.0,5.0,2
22,0,2,4.0,8.0,3.0,0.0,0,2.0,6.58,2.0,9.0,5.0,4.0,8.0,4.0,7.0,6.0,5.0,5.0,2
20,1,2,2.0,5.0,3.0,0.0,0,4.0,6.98,1.0,6.0,3.0,4.0,4.0,3.0,7.0,7.0,4.0,5.0,2
20,1,1,4.0,8.0,2.0,0.0,1,4.0,6.21,1.0,5.0,5.0,4.0,5.0,3.0,5.0,2.0,5.0,3.0,0
21,0,1,7.0,11.0,3.0,1.0,4,5.0,6.33,3.0,3.0,8.0,6.0,4.0,5.0,7.0,7.0,7.0,4.0,0
19,0,1,3.0,4.0,2.0,2.0,2,2.0,7.13,0.0,4.0,5.0,4.0,6.0,3.0,6.0,5.0,4.0,5.0,2
19,0,2,4.0,6.0,3.0,2.0,0,4.0,5.03,3.0,5.0,5.0,3.0,7.0,5.0,4.0,4.0,4.0,4.0,2
18,2,1,6.0,9.0,3.0,0.0,0,4.0,5.36,2.0,2.0,7.0,7.0,2.0,4.0,5.0,4.0,6.0,2.0,0
22,0,1,3.0,6.0,3.0,2.0,4,3.0,7.07,1.0,6.0,3.0,3.0,6.0,5.0,7.0,5.0,4.0,5.0,2
21,0,2,3.0,8.0,3.0,1.0,2,1.0,7.56,1.0,5.0,5.0,3.0,6.0,3.0,7.0,5.0,7.0,5.0,2
19,0,1,4.0,6.0,1.0,2.0,0,3.0,7.04,2.0,4.0,3.0,3.0,7.0,5.0,7.0,5.0,5.0,5.0,2
20,1,1,5.0,8.0,4.0,5.0,0,2.0,6.05,2.0,3.0,5.0,4.0,5.0,4.0,5.0,5.0,6.0,4.0,0
24,1,2,3.0,6.0,2.0,1.0,1,4.0,6.44,1.0,1.0,5.0,5.0,4.0,5.0,7.0,6.0,3.0,4.0,2
24,0,0,5.0,6.0,4.0,2.0,1,3.0,4.83,2.0,10.0,7.0,6.0,4.0,7.0,6.0,4.0,6.0,2.0,0
21,0,1,3.0,6.0,1.0,0.0,3,3.0,6.88,1.0,10.0,4.0,5.0,5.0,3.0,8.0,6.0,7.0,4.0,0
22,1,1,4.0,7.0,4.0,3.0,1,2.0,5.52,2.0,4.0,6.0,8.0,3.0,5.0,5.0,6.0,5.0,3.0,0
22,1,1,3.0,8.0,3.0,3.0,2,3.0,5.04,1.0,2.0,4.0,5.0,4.0,4.0,5.0,4.0,7.0,3.0,0
23,1,2,2.0,3.0,5.0,2.0,3,6.0,8.19,1.0,7.0,6.0,6.0,5.0,3.0,9.0,8.0,6.0,5.0,2
26,0,1,1.0,4.0,4.0,1.0,1,4.0,6.63,0.0,5.0,6.0,5.0,6.0,3.0,7.0,6.0,3.0,5.0,2
19,0,0,4.0,8.0,6.0,1.0,4,1.0,5.37,2.0,5.0,8.0,8.0,4.0,3.0,5.0,3.0,9.0,1.0,0
22,2,1,1.0,6.0,4.0,5.0,1,3.0,5.59,2.0,6.0,6.0,4.0,7.0,2.0,5.0,4.0,4.0,4.0,0
20,0,1,5.0,8.0,2.0,2.0,1,1.0,6.66,1.0,5.0,5.0,4.0,6.0,5.0,7.0,4.0,6.0,4.0,2
21,0,1,4.0,8.0,4.0,0.0,1,6.0,4.96,3.0,10.0,6.0,6.0,6.0,6.0,4.0,6.0,6.0,4.0,0
23,0,2,7.0,9.0,3.0,2.0,0,5.0,8.04,0.0,4.0,8.0,5.0,5.0,7.0,7.0,5.0,6.0,4.0,2
25,1,1,3.0,8.0,2.0,1.0,4,6.0,3.85,2.0,4.0,5.0,6.0,6.0,4.0,3.0,3.0,7.0,2.0,0
18,1,1,7.0,9.0,4.0,2.0,3,0.0,6.17,3.0,4.0,6.0,6.0,4.0,6.0,5.0,3.0,7.0,2.0,0
25,0,1,4.0,5.0,3.0,1.0,0,1.0,6.48,1.0,5.0,6.0,6.0,4.0,6.0,6.0,6.0,7.0,3.0,0
24,1,2,5.0,8.0,6.0,2.0,4,2.0,6.1,1.0,8.0,7.0,7.0,3.0,6.0,6.0,4.0,7.0,2.0,0
18,0,1,5.0,9.0,4.0,1.0,3,1.0,7.4,2.0,5.0,4.0,3.0,6.0,5.0,7.0,6.0,7.0,5.0,2
19,0,2,1.0,4.0,3.0,1.0,1,2.0,6.92,2.0,5.0,5.0,4.0,7.0,4.0,7.0,5.0,4.0,5.0,2
20,1,1,9.0,13.0,1.0,2.0,0,2.0,6.04,2.0,6.0,4.0,6.0,3.0,9.0,6.0,4.0,8.0,2.0,0
18,2,0,6.0,11.0,1.0,2.0,3,3.0,5.66,1.0,4.0,5.0,5.0,5.0,5.0,5.0,2.0,7.0,2.0,0
26,0,2,5.0,9.0,3.0,4.0,1,4.0,5.72,1.0,8.0,4.0,5.0,5.0,6.0,4.0,5.0,3.0,3.0,0
25,1,1,6.0,10.0,4.0,1.0,0,4.0,7.15,2.0,5.0,6.0,6.0,4.0,7.0,8.0,6.0,6.0,4.0,2
19,0,0,4.0,6.0,4.0,0.0,3,5.0,5.64,2.0,7.0,7.0,6.0,4.0,4.0,6.0,4.0,4.0,3.0,0
26,0,1,5.0,8.0,4.0,3.0,3,4.0,9.42,2.0,8.0,6.0,3.0,6.0,6.0,9.0,7.0,4.0,7.0,2
24,1,2,4.0,6.0,1.0,3.0,0,4.0,7.01,1.0,5.0,3.0,3.0,8.0,4.0,8.0,8.0,3.0,7.0,2
26,1,1,2.0,5.0,2.0,0.0,0,5.0,6.61,0.0,9.0,2.0,4.0,6.0,3.0,7.0,8.0,4.0,5.0,2
23,0,1,4.0,9.0,2.0,2.0,3,4.0,6.38,1.0,5.0,4.0,2.0,5.0,3.0,7.0,6.0,4.0,5.0,2
23,2,1,3.0,6.0,4.0,1.0,2,3.0,5.25,1.0,8.0,6.0,6.0,5.0,4.0,4.0,6.0,6.0,3.0,0
21,0,1,5.0,10.0,3.0,2.0,1,0.0,7.43,3.0,9.0,6.0,6.0,3.0,5.0,7.0,5.0,8.0,3.0,0
19,2,1,2.0,4.0,4.0,2.0,3,5.0,5.08,0.0,4.0,7.0,6.0,3.0,4.0,4.0,6.0,6.0,2.0,0
24,0,2,4.0,7.0,3.0,2.0,0,0.0,8.49,1.0,7.0,5.0,5.0,3.0,3.0,8.0,7.0,6.0,4.0,0
22,1,1,2.0,4.0,3.0,3.0,3,2.0,7.67,1.0,3.0,5.0,5.0,5.0,6.0,7.0,5.0,5.0,4.0,0
23,0,2,5.0,9.0,3.0,2.0,0,0.0,7.29,2.0,7.0,5.0,4.0,5.0,6.0,6.0,4.0,6.0,4.0,0
19,1,2,2.0,6.0,1.0,4.0,1,6.0,7.45,2.0,5.0,3.0,3.0,6.0,3.0,8.0,5.0,4.0,5.0,2
22,1,2,5.0,6.0,2.0,1.0,0,2.0,6.88,2.0,5.0,4.0,4.0,6.0,5.0,6.0,5.0,5.0,4.0,0
21,0,2,4.0,6.0,4.0,1.0,0,3.0,6.66,2.0,6.0,6.0,4.0,6.0,2.0,7.0,4.0,4.0,4.0,2
26,0,1,6.0,10.0,3.0,1.0,2,0.0,6.12,2.0,8.0,6.0,4.0,5.0,4.0,6.0,4.0,6.0,3.0,0
23,1,1,4.0,8.0,1.0,1.0,0,3.0,6.25,1.0,6.0,4.0,5.0,5.0,3.0,5.0,5.0,7.0,3.0,0
19,2,1,5.0,7.0,0.0,1.0,4,5.0,5.79,3.0,6.0,5.0,6.0,3.0,5.0,6.0,5.0,5.0,3.0,0
18,0,0,4.0,6.0,1.0,3.0,4,2.0,6.71,2.0,7.0,4.0,3.0,6.0,3.0,6.0,6.0,3.0,5.0,2
22,2,1,5.0,8.0,2.0,1.0,2,3.0,8.68,1.0,7.0,7.0,3.0,5.0,3.0,8.0,7.0,5.0,5.0,2
26,1,2,1.0,3.0,4.0,2.0,1,4.0,7.09,1.0,9.0,4.0,3.0,8.0,3.0,7.0,4.0,2.0,6.0,2
23,2,2,3.0,6.0,2.0,4.0,1,1.0,5.09,2.0,5.0,4.0,5.0,6.0,5.0,5.0,4.0,4.0,3.0,0
24,1,0,4.0,7.0,2.0,3.0,0,4.0,8.01,3.0,5.0,4.0,2.0,6.0,5.0,8.0,8.0,5.0,6.0,2
22,1,1,6.0,10.0,2.0,0.0,2,2.0,5.11,1.0,7.0,5.0,4.0,6.0,6.0,6.0,6.0,5.0,4.0,2
23,0,1,5.0,7.0,3.0,0.0,2,3.0,8.0,1.0,9.0,5.0,3.0,6.0,4.0,8.0,5.0,5.0,5.0,2
22,0,2,1.0,5.0,4.0,0.0,2,3.0,6.86,2.0,6.0,4.0,4.0,6.0,2.0,8.0,6.0,3.0,6.0,2
26,0,2,5.0,7.0,4.0,3.0,4,5.0,6.8,0.0,5.0,4.0,4.0,5.0,6.0,6.0,6.0,3.0,4.0,2
23,0,2,3.0,5.0,3.0,0.0,1,3.0,7.87,1.0,6.0,5.0,6.0,4.0,2.0,7.0,6.0,6.0,3.0,0
25,1,2,3.0,6.0,3.0,1.0,4,0.0,8.28,2.0,8.0,3.0,3.0,6.0,4.0,7.0,4.0,3.0,5.0,2
19,0,2,4.0,5.0,4.0,1.0,1,3.0,6.14,1.0,6.0,5.0,4.0,6.0,2.0,6.0,5.0,4.0,4.0,2
26,1,1,4.0,7.0,3.0,2.0,3,3.0,4.33,3.0,5.0,6.0,6.0,5.0,4.0,4.0,4.0,6.0,3.0,0
22,0,2,3.0,7.0,3.0,1.0,0,4.0,7.41,0.0,6.0,5.0,5.0,5.0,2.0,5.0,7.0,7.0,4.0,0
24,1,2,1.0,3.0,4.0,0.0,3,2.0,5.3,2.0,5.0,4.0,6.0,5.0,3.0,4.0,5.0,6.0,3.0,0
18,2,1,4.0,8.0,3.0,2.0,0,1.0,5.56,0.0,5.0,4.0,4.0,8.0,5.0,4.0,4.0,7.0,3.0,0
22,0,1,4.0,7.0,3.0,2.0,0,1.0,6.86,2.0,7.0,6.0,5.0,4.0,2.0,7.0,4.0,7.0,3.0,0
19,0,2,6.0,9.0,5.0,1.0,2,3.0,5.98,1.0,4.0,6.0,7.0,5.0,6.0,6.0,5.0,8.0,3.0,0
23,2,2,4.0,7.0,3.0,0.0,4,5.0,5.67,3.0,5.0,6.0,6.0,4.0,5.0,6.0,7.0,5.0,4.0,0
18,0,1,6.0,8.0,4.0,2.0,4,3.0,6.03,2.0,4.0,4.0,4.0,5.0,4.0,6.0,5.0,4.0,4.0,2
20,1,1,7.0,11.0,4.0,1.0,1,3.0,7.93,2.0,5.0,6.0,3.0,7.0,6.0,7.0,6.0,6.0,5.0,2
22,1,2,2.0,5.0,3.0,1.0,2,3.0,5.9,2.0,5.0,4.0,2.0,3.0,4.0,7.0,6.0,5.0,4.0,2
21,0,1,6.0,9.0,3.0,2.0,4,4.0,6.53,2.0,5.0,5.0,5.0,6.0,7.0,7.0,5.0,7.0,4.0,2
20,1,1,5.0,10.0,1.0,0.0,1,2.0,7.96,3.0,4.0,4.0,6.0,6.0,5.0,9.0,5.0,8.0,4.0,2
22,0,2,1.0,2.0,5.0,0.0,1,4.0,6.22,2.0,1.0,7.0,4.0,5.0,2.0,6.0,5.0,3.0,4.0,0
25,1,1,4.0,6.0,3.0,1.0,1,5.0,5.32,1.0,9.0,5.0,5.0,5.0,5.0,5.0,5.0,5.0,3.0,0
21,1,0,5.0,9.0,4.0,3.0,4,4.0,6.16,2.0,7.0,4.0,4.0,7.0,7.0,7.0,5.0,6.0,5.0,2
18,0,1,5.0,7.0,4.0,0.0,0,5.0,4.08,0.0,5.0,6.0,6.0,7.0,5.0,3.0,6.0,5.0,4.0,0
24,2,1,6.0,9.0,3.0,3.0,2,6.0,6.64,1.0,7.0,5.0,2.0,5.0,5.0,8.0,7.0,5.0,5.0,2
25,0,1,5.0,7.0,5.0,2.0,2,3.0,6.06,0.0,3.0,6.0,5.0,6.0,4.0,5.0,6.0,5.0,4.0,2
20,2,1,2.0,4.0,4.0,5.0,1,2.0,5.16,1.0,3.0,5.0,4.0,5.0,3.0,6.0,5.0,4.0,4.0,0
23,2,1,5.0,7.0,1.0,2.0,1,1.0,9.26,0.0,4.0,4.0,5.0,7.0,4.0,10.0,6.0,5.0,6.0,2
19,1,2,2.0,5.0,3.0,1.0,1,3.0,5.27,3.0,7.0,7.0,6.0,4.0,4.0,6.0,3.0,5.0,2.0,0
24,1,1,3.0,6.0,0.0,0.0,1,3.0,7.74,3.0,7.0,4.0,4.0,5.0,3.0,9.0,7.0,5.0,5.0,2
25,0,0,6.0,9.0,3.0,2.0,1,4.0,7.28,1.0,8.0,5.0,4.0,6.0,6.0,6.0,8.0,6.0,5.0,2
23,0,1,5.0,10.0,2.0,1.0,1,3.0,6.0,0.0,7.0,5.0,4.0,6.0,6.0,5.0,5.0,6.0,4.0,0
23,0,2,4.0,8.0,2.0,1.0,2,1.0,7.11,1.0,5.0,4.0,3.0,6.0,4.0,6.0,5.0,7.0,4.0,2
22,2,0,3.0,6.0,3.0,1.0,1,3.0,6.08,3.0,7.0,4.0,6.0,3.0,4.0,5.0,3.0,6.0,2.0,0
25,1,1,4.0,8.0,4.0,1.0,0,0.0,5.99,0.0,8.0,7.0,5.0,3.0,3.0,6.0,4.0,8.0,2.0,0
18,1,1,4.0,7.0,1.0,0.0,3,3.0,6.11,2.0,6.0,3.0,1.0,7.0,4.0,6.0,6.0,3.0,6.0,2
21,0,2,3.0,5.0,6.0,1.0,4,2.0,7.42,1.0,5.0,5.0,4.0,7.0,3.0,8.0,5.0,7.0,5.0,2
21,0,2,6.0,7.0,4.0,4.0,4,5.0,6.85,2.0,9.0,4.0,5.0,4.0,5.0,6.0,5.0,5.0,3.0,0
20,1,1,3.0,8.0,3.0,1.0,2,5.0,6.83,3.0,5.0,4.0,4.0,4.0,3.0,6.0,7.0,3.0,5.0,2
20,1,1,4.0,8.0,3.0,2.0,4,3.0,4.44,3.0,8.0,6.0,7.0,4.0,5.0,5.0,3.0,6.0,2.0,0
21,1,2,4.0,6.0,1.0,1.0,1,0.0,6.96,0.0,4.0,4.0,6.0,5.0,6.0,6.0,3.0,8.0,2.0,0
18,0,2,5.0,8.0,2.0,0.0,0,1.0,5.17,1.0,7.0,6.0,7.0,3.0,2.0,6.0,3.0,7.0,1.0,0
19,0,1,4.0,7.0,2.0,2.0,2,3.0,5.2,2.0,4.0,5.0,5.0,7.0,5.0,4.0,6.0,6.0,4.0,2
26,0,0,4.0,5.0,2.0,2.0,2,2.0,6.43,1.0,6.0,4.0,5.0,3.0,7.0,7.0,6.0,7.0,3.0,0
19,0,1,3.0,5.0,4.0,1.0,0,3.0,8.48,2.0,8.0,4.0,3.0,6.0,2.0,9.0,6.0,3.0,6.0,2
22,0,1,4.0,5.0,2.0,2.0,1,5.0,7.09,1.0,8.0,4.0,4.0,4.0,6.0,7.0,7.0,3.0,5.0,2
26,0,2,5.0,7.0,3.0,1.0,2,2.0,4.97,0.0,7.0,7.0,7.0,3.0,6.0,4.0,3.0,7.0,1.0,0
26,1,2,3.0,6.0,4.0,2.0,0,3.0,9.18,0.0,8.0,6.0,2.0,5.0,4.0,9.0,7.0,4.0,6.0,2
25,1,1,4.0,8.0,3.0,3.0,1,3.0,5.29,2.0,7.0,4.0,4.0,7.0,5.0,6.0,6.0,4.0,5.0,2
18,1,1,5.0,7.0,5.0,1.0,0,2.0,7.8,1.0,5.0,6.0,4.0,5.0,5.0,8.0,5.0,5.0,5.0,2
18,0,2,3.0,6.0,3.0,4.0,1,2.0,8.2,3.0,5.0,5.0,2.0,7.0,2.0,8.0,7.0,6.0,6.0,2
26,2,2,3.0,6.0,5.0,0.0,4,3.0,6.72,1.0,7.0,5.0,4.0,4.0,7.0,7.0,3.0,5.0,3.0,0
25,0,0,4.0,7.0,5.0,3.0,0,3.0,4.97,0.0,4.0,8.0,7.0,3.0,4.0,5.0,4.0,6.0,2.0,0
26,0,1,5.0,8.0,3.0,2.0,1,4.0,6.67,2.0,9.0,5.0,4.0,7.0,5.0,7.0,7.0,6.0,5.0,2
24,1,1,0.0,4.0,7.0,2.0,3,1.0,6.41,1.0,6.0,7.0,7.0,6.0,3.0,5.0,2.0,7.0,2.0,0
20,0,1,4.0,7.0,5.0,3.0,4,3.0,4.21,0.0,6.0,7.0,6.0,3.0,5.0,3.0,4.0,6.0,2.0,0
20,0,2,3.0,7.0,2.0,2.0,2,0.0,6.1,2.0,5.0,4.0,3.0,7.0,6.0,6.0,4.0,6.0,4.0,2
19,0,1,5.0,7.0,5.0,0.0,0,3.0,4.95,1.0,7.0,8.0,8.0,4.0,6.0,6.0,3.0,7.0,2.0,0
22,1,2,4.0,6.0,2.0,1.0,1,4.0,6.47,0.0,4.0,5.0,4.0,5.0,4.0,6.0,3.0,3.0,3.0,0
20,0,1,6.0,11.0,4.0,1.0,2,3.0,7.35,2.0,4.0,6.0,5.0,5.0,7.0,7.0,7.0,6.0,4.0,2
23,0,1,5.0,10.0,4.0,1.0,2,6.0,6.27,1.0,4.0,6.0,6.0,6.0,5.0,7.0,8.0,7.0,5.0,2
19,0,0,4.0,7.0,4.0,3.0,2,2.0,7.92,2.0,6.0,5.0,4.0,5.0,3.0,6.0,5.0,6.0,4.0,0
20,0,1,2.0,3.0,2.0,0.0,2,2.0,7.09,1.0,5.0,4.0,3.0,6.0,5.0,9.0,6.0,4.0,6.0,2
22,2,0,5.0,8.0,2.0,2.0,1,3.0,5.4,1.0,9.0,6.0,6.0,4.0,3.0,5.0,2.0,6.0,2.0,0
18,1,1,4.0,6.0,2.0,2.0,1,4.0,5.67,4.0,8.0,5.0,7.0,5.0,6.0,5.0,7.0,6.0,4.0,0
18,1,1,4.0,8.0,5.0,3.0,3,6.0,8.01,2.0,6.0,5.0,5.0,5.0,5.0,8.0,6.0,6.0,4.0,2
26,1,2,2.0,5.0,4.0,0.0,3,5.0,6.24,1.0,7.0,5.0,4.0,5.0,3.0,6.0,4.0,4.0,4.0,0
24,1,2,4.0,7.0,4.0,2.0,1,2.0,9.8,2.0,8.0,6.0,2.0,8.0,5.0,9.0,7.0,6.0,7.0,2
18,0,1,3.0,7.0,1.0,2.0,1,1.0,5.13,2.0,9.0,5.0,6.0,6.0,4.0,5.0,1.0,8.0,2.0,0
25,0,1,3.0,8.0,4.0,0.0,3,4.0,7.87,3.0,7.0,6.0,6.0,3.0,5.0,7.0,6.0,6.0,3.0,0
20,0,2,0.0,3.0,2.0,1.0,1,3.0,4.41,1.0,6.0,6.0,8.0,2.0,1.0,4.0,2.0,5.0,1.0,0
25,1,1,4.0,8.0,2.0,0.0,0,4.0,3.0,2.0,6.0,4.0,7.0,5.0,4.0,4.0,4.0,6.0,2.0,0
22,2,2,3.0,4.0,1.0,1.0,0,1.0,7.07,1.0,7.0,3.0,4.0,8.0,3.0,6.0,5.0,3.0,5.0,2
18,1,1,5.0,8.0,3.0,3.0,0,2.0,3.85,2.0,8.0,5.0,5.0,5.0,7.0,4.0,4.0,5.0,3.0,0
24,1,2,4.0,6.0,3.0,3.0,0,2.0,8.09,2.0,7.0,6.0,3.0,8.0,5.0,8.0,6.0,5.0,6.0,2
22,0,1,2.0,4.0,4.0,1.0,2,4.0,8.02,1.0,9.0,5.0,5.0,4.0,3.0,10.0,5.0,4.0,5.0,2
23,0,1,4.0,8.0,3.0,4.0,0,0.0,5.62,1.0,5.0,5.0,5.0,5.0,4.0,6.0,3.0,8.0,2.0,0
23,1,2,4.0,7.0,4.0,1.0,3,1.0,5.9,2.0,3.0,6.0,7.0,4.0,4.0,5.0,2.0,7.0,1.0,0
25,1,1,7.0,9.0,3.0,0.0,2,3.0,3.84,0.0,7.0,5.0,6.0,3.0,7.0,4.0,6.0,7.0,2.0,0
26,0,2,5.0,9.0,2.0,2.0,3,0.0,4.56,2.0,5.0,5.0,6.0,5.0,5.0,5.0,2.0,7.0,2.0,0
19,1,1,2.0,6.0,4.0,2.0,4,3.0,5.1,1.0,7.0,4.0,6.0,4.0,2.0,6.0,4.0,6.0,3.0,0
26,1,1,7.0,8.0,4.0,1.0,4,2.0,5.03,3.0,5.0,6.0,6.0,4.0,6.0,6.0,3.0,5.0,2.0,0
26,0,1,4.0,7.0,3.0,1.0,1,0.0,6.72,3.0,6.0,5.0,5.0,5.0,3.0,7.0,5.0,7.0,4.0,0
24,1,2,4.0,7.0,3.0,1.0,2,5.0,8.37,0.0,6.0,5.0,3.0,6.0,4.0,9.0,6.0,3.0,6.0,2
18,1,1,7.0,11.0,2.0,2.0,0,0.0,6.03,2.0,8.0,6.0,5.0,5.0,6.0,6.0,3.0,9.0,2.0,0
24,0,1,3.0,6.0,4.0,2.0,4,4.0,6.44,1.0,5.0,5.0,6.0,3.0,4.0,6.0,5.0,6.0,3.0,0
22,2,2,4.0,9.0,4.0,2.0,2,4.0,6.8,1.0,4.0,5.0,4.0,6.0,3.0,7.0,5.0,7.0,4.0,2
23,2,1,2.0,5.0,2.0,1.0,0,3.0,5.14,1.0,5.0,4.0,6.0,3.0,3.0,4.0,2.0,5.0,1.0,0
24,1,1,4.0,5.0,5.0,1.0,4,4.0,6.65,2.0,7.0,7.0,8.0,2.0,2.0,7.0,5.0,6.0,2.0,0
22,1,1,4.0,6.0,3.0,2.0,1,1.0,5.7,0.0,5.0,4.0,5.0,6.0,4.0,5.0,4.0,7.0,3.0,0
24,1,1,3.0,7.0,3.0,0.0,3,2.0,8.51,0.0,6.0,7.0,4.0,5.0,3.0,8.0,5.0,7.0,4.0,2
26,1,1,4.0,7.0,4.0,0.0,1,5.0,5.94,3.0,5.0,6.0,5.0,6.0,5.0,6.0,7.0,4.0,5.0,2
20,0,2,3.0,6.0,4.0,3.0,4,5.0,6.9,1.0,5.0,4.0,5.0,5.0,4.0,8.0,8.0,5.0,5.0,2
25,0,2,6.0,9.0,4.0,1.0,3,6.0,6.26,1.0,9.0,6.0,4.0,6.0,5.0,7.0,5.0,6.0,4.0,0
19,0,1,4.0,5.0,4.0,0.0,4,2.0,6.04,1.0,10.0,5.0,6.0,3.0,6.0,5.0,4.0,7.0,2.0,0
24,1,2,3.0,5.0,4.0,1.0,4,3.0,7.02,1.0,9.0,5.0,5.0,6.0,1.0,6.0,6.0,5.0,4.0,2
19,1,1,2.0,4.0,2.0,1.0,0,4.0,5.97,0.0,7.0,3.0,3.0,8.0,2.0,6.0,5.0,5.0,5.0,2
21,0,1,4.0,9.0,2.0,2.0,2,2.0,6.3,1.0,7.0,6.0,5.0,6.0,4.0,6.0,4.0,7.0,3.0,0
24,1,0,5.0,10.0,5.0,4.0,3,0.0,6.1,1.0,4.0,6.0,6.0,6.0,6.0,6.0,3.0,9.0,2.0,0
20,0,1,5.0,6.0,2.0,1.0,1,4.0,9.08,1.0,5.0,4.0,2.0,7.0,5.0,9.0,8.0,2.0,7.0,1
19,0,1,7.0,8.0,2.0,0.0,3,3.0,6.33,1.0,5.0,2.0,2.0,9.0,6.0,5.0,5.0,6.0,5.0,2
24,0,2,7.0,11.0,3.0,2.0,2,4.0,7.36,1.0,10.0,6.0,6.0,5.0,6.0,7.0,5.0,7.0,4.0,0
18,0,2,2.0,5.0,2.0,0.0,2,4.0,5.65,2.0,4.0,3.0,5.0,6.0,4.0,7.0,4.0,4.0,4.0,2
25,0,1,2.0,5.0,4.0,1.0,2,4.0,6.13,3.0,7.0,4.0,3.0,5.0,2.0,8.0,6.0,4.0,5.0,2
20,1,1,3.0,5.0,3.0,4.0,0,4.0,7.78,2.0,2.0,5.0,4.0,7.0,5.0,7.0,8.0,4.0,6.0,2
19,1,1,5.0,8.0,2.0,0.0,4,3.0,6.84,1.0,7.0,4.0,7.0,4.0,4.0,6.0,5.0,9.0,2.0,0
20,0,1,5.0,7.0,2.0,1.0,1,4.0,8.73,2.0,6.0,4.0,4.0,5.0,4.0,9.0,7.0,6.0,6.0,2
22,1,2,6.0,7.0,4.0,0.0,1,1.0,5.86,1.0,3.0,6.0,5.0,5.0,6.0,7.0,3.0,4.0,4.0,0
25,0,1,2.0,5.0,3.0,0.0,1,2.0,8.79,2.0,8.0,6.0,5.0,4.0,5.0,8.0,6.0,5.0,4.0,2
24,0,2,1.0,4.0,3.0,1.0,3,2.0,6.45,0.0,7.0,4.0,3.0,6.0,2.0,6.0,6.0,7.0,4.0,2
24,2,1,3.0,5.0,2.0,1.0,0,3.0,6.36,1.0,3.0,6.0,6.0,4.0,4.0,5.0,5.0,6.0,3.0,0
24,2,1,5.0,7.0,4.0,3.0,0,3.0,7.03,3.0,6.0,4.0,4.0,5.0,4.0,7.0,4.0,5.0,4.0,0
25,1,1,4.0,7.0,3.0,1.0,1,0.0,6.25,2.0,7.0,4.0,4.0,5.0,3.0,6.0,6.0,5.0,5.0,2
18,2,1,6.0,9.0,3.0,2.0,1,2.0,7.57,3.0,6.0,3.0,3.0,5.0,7.0,8.0,6.0,5.0,5.0,2
21,0,1,3.0,6.0,4.0,4.0,2,5.0,6.34,0.0,8.0,4.0,6.0,5.0,6.0,6.0,6.0,6.0,4.0,0
23,0,1,5.0,10.0,1.0,4.0,3,2.0,5.79,1.0,7.0,3.0,2.0,7.0,7.0,6.0,5.0,4.0,5.0,2
26,1,1,3.0,6.0,2.0,1.0,2,3.0,6.43,1.0,9.0,3.0,3.0,7.0,4.0,5.0,4.0,4.0,4.0,0
19,0,1,5.0,8.0,3.0,4.0,4,6.0,3.74,2.0,3.0,5.0,6.0,6.0,7.0,3.0,4.0,6.0,2.0,0
18,1,1,5.0,9.0,3.0,2.0,2,4.0,5.73,2.0,10.0,5.0,5.0,5.0,6.0,4.0,2.0,5.0,2.0,0
19,0,0,6.0,7.0,3.0,3.0,4,5.0,7.08,1.0,6.0,5.0,5.0,5.0,5.0,8.0,5.0,6.0,4.0,2
24,1,1,2.0,6.0,2.0,0.0,4,3.0,8.05,0.0,10.0,5.0,3.0,7.0,2.0,9.0,5.0,3.0,6.0,2
20,0,2,6.0,9.0,3.0,1.0,2,2.0,7.51,1.0,3.0,5.0,3.0,7.0,5.0,7.0,5.0,6.0,5.0,2
19,1,1,5.0,8.0,3.0,2.0,1,2.0,6.72,2.0,6.0,6.0,5.0,4.0,3.0,6.0,5.0,8.0,3.0,0
24,1,1,4.0,7.0,2.0,0.0,2,4.0,6.53,1.0,10.0,5.0,5.0,4.0,4.0,6.0,3.0,3.0,3.0,0
19,1,1,4.0,8.0,4.0,0.0,4,3.0,6.15,1.0,5.0,5.0,3.0,5.0,3.0,7.0,6.0,6.0,4.0,2
20,1,0,4.0,7.0,4.0,0.0,0,5.0,6.42,0.0,1.0,4.0,4.0,5.0,4.0,7.0,4.0,2.0,4.0,2
24,1,2,4.0,8.0,4.0,1.0,4,7.0,7.23,3.0,6.0,5.0,5.0,6.0,4.0,8.0,6.0,4.0,5.0,2
21,0,0,2.0,4.0,3.0,1.0,3,4.0,5.58,2.0,7.0,6.0,6.0,6.0,5.0,6.0,5.0,5.0,4.0,0
18,0,2,4.0,8.0,3.0,6.0,0,3.0,6.44,2.0,7.0,7.0,6.0,6.0,5.0,7.0,5.0,7.0,4.0,0
22,0,1,4.0,7.0,3.0,2.0,2,4.0,7.71,0.0,7.0,4.0,3.0,7.0,4.0,8.0,7.0,5.0,6.0,2
26,0,0,3.0,5.0,4.0,0.0,4,4.0,7.44,2.0,6.0,6.0,4.0,6.0,3.0,7.0,6.0,5.0,5.0,2
25,1,0,4.0,9.0,5.0,2.0,0,3.0,6.94,1.0,7.0,5.0,5.0,7.0,3.0,6.0,4.0,6.0,4.0,2
26,1,1,6.0,9.0,4.0,0.0,1,2.0,5.36,3.0,1.0,5.0,5.0,8.0,7.0,7.0,4.0,7.0,4.0,2
26,1,0,3.0,8.0,1.0,3.0,2,2.0,7.73,1.0,8.0,5.0,5.0,6.0,4.0,7.0,6.0,5.0,5.0,2
24,2,2,2.0,5.0,2.0,3.0,4,4.0,4.1,2.0,7.0,4.0,5.0,6.0,1.0,4.0,5.0,4.0,3.0,0
21,0,0,3.0,7.0,5.0,0.0,3,2.0,5.69,1.0,5.0,5.0,6.0,3.0,4.0,6.0,4.0,6.0,3.0,0
22,1,0,1.0,5.0,1.0,2.0,1,3.0,6.86,0.0,4.0,4.0,4.0,4.0,4.0,6.0,5.0,6.0,3.0,0
18,1,2,7.0,9.0,2.0,1.0,3,5.0,7.5,3.0,8.0,5.0,4.0,6.0,6.0,8.0,5.0,3.0,5.0,2
18,0,2,3.0,4.0,5.0,0.0,0,1.0,5.92,1.0,5.0,6.0,7.0,5.0,4.0,6.0,2.0,7.0,2.0,0
20,0,1,6.0,9.0,2.0,4.0,3,2.0,7.06,3.0,11.0,4.0,3.0,6.0,6.0,7.0,6.0,6.0,5.0,2
25,0,1,2.0,5.0,2.0,1.0,4,2.0,5.26,1.0,5.0,5.0,4.0,7.0,4.0,5.0,3.0,5.0,3.0,0
19,0,1,3.0,6.0,3.0,2.0,4,5.0,6.98,0.0,7.0,4.0,4.0,7.0,6.0,5.0,5.0,5.0,4.0,2
21,0,1,4.0,7.0,1.0,1.0,3,4.0,7.8,1.0,8.0,6.0,2.0,6.0,3.0,9.0,6.0,4.0,6.0,2
19,1,1,5.0,7.0,4.0,4.0,0,4.0,6.43,0.0,1.0,6.0,3.0,5.0,5.0,7.0,6.0,5.0,5.0,2
22,0,2,4.0,6.0,4.0,1.0,4,5.0,8.3,1.0,5.0,5.0,4.0,7.0,3.0,9.0,7.0,6.0,6.0,2
26,0,1,2.0,5.0,4.0,1.0,4,7.0,6.92,2.0,6.0,5.0,6.0,5.0,2.0,7.0,5.0,5.0,4.0,0
18,0,2,4.0,4.0,1.0,1.0,3,0.0,7.4,3.0,9.0,5.0,5.0,6.0,4.0,6.0,3.0,6.0,4.0,0
22,0,2,6.0,7.0,4.0,0.0,3,7.0,6.82,0.0,6.0,5.0,5.0,4.0,5.0,7.0,6.0,5.0,4.0,2
26,1,2,4.0,6.0,3.0,4.0,0,5.0,3.95,0.0,7.0,5.0,4.0,8.0,7.0,4.0,6.0,4.0,4.0,2
18,1,1,7.0,8.0,1.0,4.0,1,7.0,7.91,1.0,7.0,6.0,3.0,6.0,7.0,8.0,7.0,3.0,6.0,2
26,1,1,4.0,7.0,5.0,1.0,2,2.0,7.22,0.0,3.0,5.0,5.0,6.0,3.0,7.0,4.0,6.0,3.0,0
25,1,1,6.0,9.0,2.0,0.0,2,3.0,6.68,2.0,6.0,5.0,5.0,6.0,6.0,6.0,5.0,8.0,4.0,0
21,0,1,5.0,8.0,4.0,1.0,2,2.0,5.09,1.0,5.0,5.0,6.0,4.0,6.0,5.0,4.0,7.0,2.0,0
22,0,2,3.0,5.0,3.0,0.0,3,1.0,6.45,1.0,4.0,4.0,4.0,6.0,4.0,5.0,5.0,5.0,4.0,0
22,0,1,4.0,5.0,4.0,1.0,4,3.0,6.1,2.0,8.0,5.0,4.0,5.0,5.0,7.0,4.0,4.0,4.0,2
23,1,2,6.0,9.0,2.0,1.0,4,2.0,4.2,2.0,9.0,7.0,7.0,3.0,5.0,3.0,1.0,8.0,1.0,0
24,0,1,3.0,7.0,4.0,0.0,1,3.0,9.04,1.0,4.0,6.0,5.0,5.0,3.0,10.0,7.0,7.0,5.0,2
25,1,1,5.0,8.0,5.0,3.0,4,2.0,8.03,1.0,10.0,7.0,6.0,6.0,4.0,6.0,5.0,7.0,3.0,0
25,0,2,3.0,5.0,3.0,1.0,3,4.0,5.56,0.0,8.0,3.0,6.0,5.0,4.0,4.0,4.0,6.0,2.0,0
19,1,1,5.0,9.0,1.0,2.0,0,3.0,5.69,2.0,6.0,5.0,5.0,4.0,6.0,5.0,4.0,5.0,3.0,0
26,1,2,4.0,7.0,2.0,1.0,0,3.0,6.78,2.0,12.0,5.0,5.0,4.0,4.0,8.0,6.0,7.0,4.0,2
24,0,2,5.0,7.0,5.0,0.0,2,2.0,7.48,3.0,6.0,7.0,5.0,7.0,5.0,7.0,5.0,5.0,4.0,2
21,0,1,6.0,8.0,4.0,1.0,2,2.0,6.33,0.0,5.0,4.0,3.0,7.0,5.0,6.0,6.0,6.0,5.0,2
21,1,1,5.0,7.0,3.0,1.0,0,3.0,6.93,2.0,9.0,7.0,6.0,5.0,7.0,7.0,5.0,7.0,4.0,0
25,1,2,4.0,6.0,4.0,3.0,2,1.0,5.7,0.0,7.0,6.0,6.0,4.0,4.0,5.0,4.0,7.0,2.0,0
21,0,2,4.0,8.0,3.0,3.0,2,4.0,5.55,2.0,5.0,7.0,6.0,5.0,4.0,6.0,4.0,7.0,3.0,0
23,1,1,1.0,4.0,4.0,0.0,1,1.0,5.89,1.0,8.0,3.0,3.0,7.0,5.0,6.0,4.0,4.0,4.0,2
22,0,2,5.0,7.0,1.0,1.0,0,5.0,5.87,2.0,5.0,5.0,5.0,4.0,4.0,7.0,4.0,6.0,3.0,0
20,0,1,6.0,8.0,2.0,1.0,1,2.0,4.76,2.0,6.0,5.0,5.0,4.0,5.0,4.0,4.0,7.0,2.0,0
19,0,1,2.0,6.0,2.0,1.0,2,5.0,6.58,2.0,4.0,4.0,3.0,7.0,1.0,6.0,7.0,6.0,5.0,2
26,0,1,4.0,5.0,1.0,1.0,4,4.0,8.18,0.0,5.0,4.0,3.0,6.0,4.0,8.0,7.0,3.0,6.0,2
26,1,1,4.0,7.0,2.0,2.0,2,2.0,5.24,0.0,10.0,5.0,3.0,6.0,7.0,5.0,5.0,5.0,4.0,2
18,1,1,5.0,10.0,3.0,0.0,2,4.0,5.92,1.0,5.0,4.0,3.0,6.0,7.0,7.0,6.0,6.0,5.0,2
20,1,1,4.0,8.0,2.0,2.0,1,5.0,5.68,3.0,7.0,4.0,5.0,5.0,5.0,5.0,5.0,6.0,3.0,0
25,0,1,3.0,5.0,4.0,2.0,3,2.0,5.18,3.0,5.0,4.0,5.0,5.0,4.0,5.0,2.0,7.0,2.0,0
23,1,1,6.0,8.0,3.0,0.0,3,2.0,3.0,2.0,9.0,5.0,7.0,5.0,5.0,3.0,3.0,8.0,1.0,0
22,0,2,2.0,2.0,2.0,4.0,4,4.0,5.63,1.0,7.0,4.0,4.0,4.0,2.0,6.0,4.0,5.0,3.0,0
22,1,1,3.0,6.0,4.0,1.0,2,5.0,5.7,3.0,3.0,5.0,5.0,4.0,5.0,6.0,4.0,4.0,3.0,0
23,1,2,2.0,5.0,4.0,4.0,3,3.0,7.7,1.0,6.0,5.0,4.0,5.0,3.0,8.0,5.0,4.0,5.0,2
24,1,2,5.0,7.0,3.0,2.0,4,4.0,6.49,1.0,6.0,7.0,5.0,5.0,4.0,7.0,6.0,7.0,4.0,2
18,1,1,5.0,9.0,2.0,1.0,2,5.0,7.56,0.0,5.0,5.0,5.0,7.0,4.0,7.0,5.0,4.0,5.0,2
26,1,1,4.0,7.0,3.0,3.0,0,2.0,6.51,3.0,7.0,6.0,4.0,5.0,5.0,6.0,3.0,8.0,3.0,0
20,1,1,2.0,4.0,4.0,2.0,4,1.0,6.14,2.0,4.0,5.0,5.0,5.0,4.0,5.0,3.0,5.0,3.0,0
21,1,0,3.0,7.0,4.0,0.0,3,5.0,8.72,1.0,4.0,5.0,4.0,4.0,3.0,8.0,5.0,6.0,4.0,2
18,0,2,5.0,9.0,2.0,2.0,2,4.0,6.03,2.0,10.0,5.0,6.0,4.0,6.0,7.0,3.0,8.0,3.0,0
20,0,0,4.0,5.0,4.0,2.0,4,1.0,6.57,1.0,8.0,5.0,5.0,5.0,4.0,8.0,5.0,5.0,5.0,2
19,1,1,3.0,5.0,4.0,1.0,1,5.0,5.9,2.0,6.0,6.0,7.0,2.0,3.0,6.0,4.0,5.0,2.0,0
19,0,2,3.0,5.0,5.0,3.0,4,4.0,5.9,2.0,6.0,6.0,5.0,6.0,4.0,6.0,4.0,5.0,4.0,0
18,0,1,4.0,9.0,1.0,1.0,3,4.0,7.83,1.0,4.0,4.0,4.0,5.0,5.0,8.0,7.0,6.0,5.0,2
25,2,2,5.0,9.0,3.0,2.0,2,3.0,6.58,0.0,7.0,6.0,6.0,5.0,3.0,7.0,7.0,6.0,4.0,2
20,0,1,4.0,6.0,1.0,1.0,0,2.0,5.3,3.0,8.0,5.0,5.0,4.0,4.0,4.0,5.0,6.0,2.0,0
20,1,2,5.0,11.0,2.0,3.0,0,3.0,6.8,0.0,6.0,3.0,4.0,6.0,3.0,6.0,5.0,4.0,4.0,2
23,0,2,2.0,5.0,1.0,3.0,4,5.0,7.74,0.0,4.0,3.0,3.0,6.0,5.0,7.0,7.0,2.0,6.0,2
25,0,2,6.0,8.0,2.0,1.0,1,2.0,5.69,1.0,5.0,6.0,8.0,4.0,4.0,4.0,2.0,6.0,1.0,0
26,1,1,4.0,7.0,4.0,0.0,0,3.0,5.7,1.0,3.0,6.0,8.0,5.0,5.0,6.0,3.0,8.0,2.0,0
26,0,2,3.0,5.0,2.0,0.0,1,4.0,5.74,2.0,9.0,6.0,5.0,4.0,4.0,6.0,5.0,6.0,3.0,0
21,1,1,5.0,7.0,2.0,1.0,4,5.0,6.21,1.0,4.0,5.0,4.0,4.0,6.0,6.0,5.0,4.0,4.0,0
22,2,1,4.0,9.0,5.0,2.0,2,2.0,7.05,0.0,7.0,8.0,6.0,5.0,6.0,8.0,4.0,8.0,4.0,0
19,0,1,2.0,5.0,3.0,1.0,2,3.0,6.55,1.0,6.0,6.0,6.0,5.0,4.0,6.0,6.0,6.0,4.0,0
26,0,1,4.0,8.0,2.0,1.0,0,2.0,6.75,3.0,3.0,5.0,5.0,5.0,4.0,6.0,5.0,7.0,3.0,0
25,0,2,3.0,6.0,3.0,0.0,0,3.0,8.16,2.0,7.0,5.0,6.0,4.0,3.0,7.0,6.0,5.0,4.0,0
20,0,1,2.0,5.0,3.0,0.0,0,3.0,6.67,2.0,10.0,6.0,6.0,3.0,3.0,7.0,7.0,5.0,4.0,0
26,0,1,3.0,6.0,3.0,1.0,0,3.0,7.43,0.0,6.0,4.0,3.0,9.0,3.0,9.0,8.0,5.0,7.0,2
20,0,1,2.0,5.0,2.0,0.0,4,5.0,5.85,1.0,5.0,5.0,6.0,5.0,3.0,5.0,5.0,6.0,3.0,0
26,0,2,2.0,4.0,2.0,2.0,1,3.0,7.12,2.0,3.0,4.0,4.0,5.0,5.0,8.0,7.0,3.0,5.0,2
19,0,1,5.0,8.0,4.0,2.0,3,1.0,6.88,2.0,8.0,6.0,3.0,5.0,6.0,8.0,6.0,5.0,5.0,2
26,0,2,4.0,7.0,4.0,3.0,4,2.0,6.18,0.0,3.0,5.0,6.0,4.0,6.0,8.0,4.0,7.0,3.0,0
25,2,1,4.0,5.0,2.0,1.0,0,7.0,6.87,2.0,7.0,5.0,5.0,4.0,1.0,8.0,6.0,4.0,5.0,2
26,0,2,1.0,3.0,1.0,0.0,0,2.0,4.68,2.0,5.0,4.0,6.0,6.0,1.0,3.0,3.0,4.0,2.0,0
22,0,1,4.0,5.0,2.0,1.0,0,4.0,7.09,1.0,6.0,4.0,6.0,5.0,5.0,8.0,5.0,6.0,4.0,2
19,1,2,5.0,10.0,5.0,2.0,3,5.0,4.92,2.0,8.0,6.0,5.0,5.0,5.0,4.0,5.0,6.0,3.0,0
25,0,1,6.0,9.0,3.0,3.0,1,6.0,8.08,1.0,5.0,7.0,4.0,7.0,5.0,8.0,7.0,4.0,6.0,2
23,1,1,6.0,8.0,3.0,3.0,0,3.0,6.28,1.0,7.0,6.0,5.0,5.0,5.0,7.0,3.0,6.0,3.0,0
25,1,1,2.0,3.0,4.0,1.0,2,4.0,5.61,1.0,4.0,5.0,6.0,3.0,4.0,6.0,4.0,5.0,3.0,0
22,1,0,3.0,6.0,1.0,1.0,0,3.0,7.41,2.0,3.0,3.0,3.0,6.0,3.0,7.0,6.0,5.0,5.0,2
19,0,2,4.0,7.0,3.0,0.0,3,2.0,6.97,2.0,3.0,4.0,2.0,5.0,5.0,7.0,7.0,7.0,5.0,2
23,0,2,4.0,7.0,3.0,1.0,3,3.0,6.51,1.0,6.0,4.0,3.0,10.0,3.0,8.0,7.0,6.0,7.0,2
22,0,1,4.0,6.0,2.0,2.0,3,2.0,3.29,1.0,12.0,3.0,4.0,7.0,5.0,3.0,3.0,5.0,3.0,0
22,0,1,6.0,9.0,2.0,3.0,3,5.0,7.69,0.0,4.0,5.0,4.0,8.0,5.0,8.0,7.0,5.0,6.0,2
18,0,1,4.0,9.0,4.0,2.0,4,6.0,6.61,1.0,1.0,6.0,5.0,6.0,3.0,6.0,8.0,6.0,5.0,2
19,0,1,6.0,8.0,3.0,0.0,0,3.0,5.84,1.0,4.0,4.0,5.0,5.0,4.0,5.0,5.0,5.0,3.0,0
25,1,2,3.0,7.0,4.0,0.0,2,2.0,5.34,0.0,3.0,5.0,5.0,4.0,4.0,5.0,6.0,6.0,3.0,0
20,1,1,3.0,6.0,3.0,2.0,4,2.0,8.02,1.0,4.0,4.0,1.0,6.0,6.0,7.0,6.0,5.0,5.0,2
20,1,1,3.0,6.0,4.0,1.0,1,5.0,6.95,0.0,4.0,3.0,3.0,5.0,3.0,6.0,4.0,3.0,4.0,2
25,0,1,4.0,7.0,4.0,2.0,4,2.0,8.48,2.0,5.0,4.0,3.0,6.0,4.0,9.0,6.0,5.0,6.0,2
25,0,2,2.0,4.0,3.0,0.0,0,1.0,8.06,1.0,8.0,2.0,2.0,8.0,3.0,9.0,7.0,5.0,7.0,2
19,0,1,7.0,10.0,2.0,4.0,4,4.0,6.76,1.0,2.0,6.0,6.0,3.0,4.0,8.0,4.0,6.0,3.0,0
25,2,0,4.0,8.0,4.0,1.0,3,4.0,7.04,0.0,6.0,5.0,5.0,5.0,4.0,7.0,5.0,6.0,4.0,0
18,1,1,2.0,6.0,1.0,4.0,4,1.0,4.73,1.0,6.0,3.0,5.0,6.0,2.0,6.0,3.0,5.0,3.0,0
23,1,2,2.0,7.0,2.0,2.0,3,3.0,7.35,1.0,6.0,5.0,5.0,3.0,3.0,7.0,5.0,6.0,3.0,0
25,1,1,4.0,6.0,3.0,2.0,4,4.0,6.7,2.0,6.0,6.0,6.0,4.0,4.0,7.0,6.0,8.0,3.0,0
20,1,1,5.0,8.0,3.0,0.0,1,4.0,6.48,1.0,4.0,7.0,6.0,2.0,6.0,7.0,5.0,6.0,3.0,0
25,1,2,5.0,11.0,6.0,0.0,0,3.0,5.97,1.0,4.0,5.0,5.0,5.0,6.0,8.0,5.0,9.0,3.0,0
18,1,1,4.0,6.0,4.0,1.0,0,2.0,7.37,1.0,6.0,6.0,4.0,6.0,5.0,7.0,5.0,7.0,4.0,2
26,0,2,5.0,8.0,4.0,0.0,4,2.0,5.89,2.0,7.0,7.0,6.0,5.0,3.0,7.0,4.0,8.0,3.0,0
26,1,2,5.0,6.0,3.0,3.0,3,3.0,5.21,1.0,7.0,7.0,7.0,1.0,5.0,5.0,4.0,4.0,2.0,0
22,0,1,4.0,7.0,3.0,3.0,1,4.0,5.34,0.0,7.0,5.0,6.0,6.0,5.0,5.0,4.0,4.0,3.0,0
21,0,2,3.0,8.0,4.0,2.0,3,4.0,5.08,2.0,6.0,5.0,4.0,6.0,4.0,6.0,6.0,7.0,4.0,0
23,1,2,4.0,9.0,3.0,1.0,0,1.0,7.66,3.0,7.0,4.0,4.0,5.0,5.0,8.0,6.0,5.0,5.0,2
24,0,2,4.0,6.0,2.0,3.0,3,4.0,5.99,1.0,11.0,4.0,7.0,4.0,5.0,6.0,4.0,6.0,2.0,0
22,1,1,4.0,6.0,5.0,1.0,1,1.0,6.39,2.0,7.0,6.0,4.0,4.0,5.0,7.0,5.0,5.0,4.0,0
26,0,1,5.0,9.0,3.0,0.0,1,5.0,8.14,1.0,8.0,4.0,4.0,6.0,7.0,6.0,6.0,6.0,5.0,2
20,2,1,6.0,6.0,1.0,1.0,3,6.0,5.34,2.0,6.0,4.0,6.0,4.0,4.0,6.0,4.0,6.0,3.0,0
24,1,0,2.0,5.0,1.0,1.0,2,3.0,5.15,3.0,7.0,4.0,5.0,6.0,4.0,5.0,4.0,5.0,4.0,0
22,2,0,4.0,8.0,2.0,2.0,1,2.0,6.7,0.0,6.0,4.0,6.0,4.0,7.0,6.0,4.0,8.0,2.0,0
24,0,1,5.0,6.0,3.0,3.0,1,4.0,5.87,2.0,4.0,4.0,3.0,6.0,6.0,7.0,6.0,4.0,5.0,2
19,2,1,3.0,5.0,3.0,0.0,2,2.0,7.72,2.0,8.0,6.0,5.0,6.0,4.0,7.0,7.0,3.0,5.0,2
21,0,2,6.0,10.0,0.0,4.0,0,2.0,6.32,0.0,8.0,3.0,2.0,7.0,7.0,8.0,7.0,6.0,6.0,2
19,1,2,3.0,4.0,5.0,2.0,4,0.0,5.6,2.0,6.0,5.0,3.0,4.0,3.0,7.0,4.0,6.0,4.0,0
24,0,2,5.0,6.0,3.0,2.0,4,5.0,5.69,0.0,6.0,4.0,4.0,6.0,6.0,6.0,5.0,4.0,4.0,2
19,1,1,6.0,10.0,3.0,2.0,4,4.0,7.49,2.0,8.0,4.0,4.0,5.0,5.0,7.0,7.0,6.0,5.0,2
18,1,1,5.0,9.0,4.0,2.0,4,2.0,6.13,1.0,5.0,7.0,6.0,5.0,5.0,7.0,4.0,9.0,3.0,0
26,1,1,4.0,8.0,4.0,3.0,0,4.0,6.95,2.0,6.0,7.0,6.0,4.0,5.0,6.0,4.0,8.0,2.0,0
18,1,1,5.0,5.0,4.0,6.0,2,2.0,5.52,2.0,6.0,5.0,4.0,7.0,3.0,6.0,3.0,3.0,4.0,2
25,0,2,3.0,8.0,2.0,4.0,1,3.0,5.29,0.0,3.0,5.0,5.0,6.0,5.0,6.0,6.0,8.0,4.0,0
19,0,1,3.0,6.0,4.0,1.0,0,2.0,5.43,2.0,4.0,5.0,5.0,4.0,5.0,4.0,3.0,6.0,2.0,0
25,2,2,5.0,7.0,4.0,4.0,4,4.0,5.64,2.0,7.0,6.0,4.0,6.0,5.0,6.0,6.0,3.0,5.0,2
20,1,1,5.0,7.0,3.0,3.0,3,2.0,7.19,1.0,4.0,7.0,6.0,6.0,4.0,7.0,5.0,9.0,3.0,0
23,2,2,4.0,8.0,3.0,0.0,4,2.0,4.77,2.0,8.0,4.0,5.0,4.0,5.0,5.0,4.0,8.0,2.0,0
20,2,1,5.0,8.0,3.0,0.0,0,2.0,5.13,3.0,5.0,5.0,6.0,5.0,6.0,6.0,5.0,7.0,3.0,0
24,1,1,7.0,12.0,4.0,1.0,0,1.0,7.24,3.0,11.0,9.0,6.0,4.0,7.0,8.0,4.0,8.0,3.0,0
26,1,1,6.0,8.0,4.0,3.0,1,3.0,7.03,3.0,3.0,5.0,6.0,4.0,6.0,5.0,5.0,7.0,2.0,0
19,0,1,3.0,6.0,1.0,2.0,3,1.0,7.19,0.0,3.0,4.0,3.0,5.0,3.0,8.0,3.0,6.0,4.0,0
22,0,2,4.0,8.0,3.0,3.0,4,5.0,5.08,1.0,3.0,4.0,5.0,4.0,5.0,4.0,5.0,5.0,3.0,0
23,0,1,4.0,7.0,3.0,3.0,3,4.0,6.46,2.0,8.0,7.0,6.0,6.0,4.0,7.0,5.0,5.0,4.0,2
21,0,2,3.0,7.0,3.0,2.0,2,0.0,4.54,1.0,3.0,4.0,6.0,4.0,4.0,5.0,4.0,6.0,2.0,0
21,0,0,5.0,7.0,3.0,1.0,2,2.0,4.78,2.0,9.0,6.0,6.0,4.0,4.0,5.0,4.0,7.0,2.0,0
21,1,2,3.0,8.0,3.0,1.0,1,1.0,6.05,0.0,9.0,3.0,5.0,6.0,4.0,5.0,4.0,6.0,4.0,0
19,0,2,5.0,10.0,2.0,1.0,3,0.0,6.82,1.0,6.0,5.0,5.0,5.0,6.0,8.0,3.0,6.0,3.0,0
21,1,1,7.0,9.0,3.0,3.0,0,4.0,7.74,1.0,7.0,6.0,6.0,4.0,5.0,8.0,6.0,7.0,4.0,0
18,0,1,4.0,7.0,2.0,2.0,4,4.0,5.99,2.0,4.0,2.0,5.0,5.0,5.0,6.0,4.0,5.0,3.0,0
23,0,2,5.0,8.0,2.0,2.0,0,5.0,7.09,2.0,10.0,4.0,5.0,5.0,5.0,6.0,6.0,6.0,4.0,2
18,0,2,4.0,7.0,5.0,0.0,2,3.0,5.4,2.0,7.0,5.0,3.0,6.0,5.0,5.0,6.0,5.0,4.0,2
23,2,1,3.0,5.0,4.0,3.0,3,5.0,8.17,2.0,5.0,5.0,4.0,5.0,2.0,10.0,5.0,4.0,5.0,2
18,0,0,3.0,6.0,3.0,3.0,1,4.0,7.4,2.0,10.0,5.0,5.0,4.0,5.0,8.0,5.0,3.0,4.0,2
23,0,1,5.0,6.0,2.0,6.0,3,5.0,5.62,2.0,3.0,5.0,6.0,3.0,5.0,4.0,6.0,7.0,2.0,0
25,0,0,4.0,9.0,3.0,2.0,2,4.0,6.0,1.0,9.0,2.0,2.0,7.0,5.0,6.0,6.0,5.0,5.0,2
19,2,1,4.0,8.0,2.0,4.0,0,4.0,6.77,1.0,6.0,3.0,3.0,8.0,6.0,8.0,6.0,5.0,6.0,2
19,0,2,5.0,10.0,5.0,1.0,3,4.0,5.87,1.0,11.0,7.0,6.0,4.0,6.0,7.0,5.0,8.0,3.0,0
21,1,2,5.0,9.0,4.0,0.0,3,2.0,5.22,3.0,7.0,6.0,5.0,5.0,6.0,4.0,3.0,6.0,2.0,0
20,2,2,7.0,11.0,1.0,0.0,4,0.0,6.86,0.0,5.0,5.0,3.0,5.0,6.0,7.0,5.0,7.0,4.0,2
21,0,1,3.0,5.0,1.0,3.0,1,4.0,6.53,2.0,5.0,5.0,5.0,4.0,2.0,8.0,4.0,5.0,4.0,0
24,1,1,3.0,5.0,2.0,0.0,1,2.0,5.81,1.0,5.0,5.0,6.0,5.0,4.0,5.0,6.0,4.0,4.0,0
18,0,1,6.0,8.0,3.0,1.0,4,1.0,6.76,4.0,6.0,4.0,4.0,4.0,7.0,7.0,5.0,7.0,4.0,0
23,0,0,7.0,10.0,1.0,2.0,4,3.0,4.67,0.0,6.0,7.0,6.0,4.0,6.0,5.0,4.0,8.0,2.0,0
20,0,2,3.0,4.0,3.0,3.0,2,3.0,6.95,0.0,9.0,3.0,2.0,7.0,5.0,6.0,7.0,5.0,6.0,2
24,1,1,3.0,7.0,3.0,0.0,0,4.0,6.73,3.0,7.0,5.0,6.0,5.0,3.0,6.0,4.0,5.0,3.0,0
19,0,1,4.0,7.0,2.0,3.0,4,4.0,5.42,1.0,5.0,5.0,5.0,4.0,5.0,2.0,5.0,5.0,2.0,0
19,0,2,6.0,9.0,3.0,1.0,2,4.0,4.3,2.0,8.0,6.0,6.0,3.0,4.0,4.0,5.0,4.0,3.0,0
21,0,1,4.0,7.0,6.0,3.0,0,2.0,7.11,0.0,6.0,5.0,4.0,7.0,4.0,7.0,6.0,7.0,5.0,2
18,1,0,4.0,9.0,2.0,2.0,3,0.0,5.57,2.0,8.0,5.0,5.0,6.0,2.0,6.0,4.0,7.0,3.0,0
20,1,1,4.0,7.0,5.0,1.0,4,2.0,7.16,1.0,9.0,6.0,5.0,4.0,2.0,6.0,5.0,6.0,3.0,0
26,0,1,4.0,8.0,3.0,0.0,1,3.0,7.55,2.0,6.0,5.0,6.0,5.0,5.0,7.0,4.0,7.0,3.0,0
24,0,1,5.0,9.0,2.0,3.0,1,6.0,8.83,1.0,5.0,4.0,2.0,7.0,3.0,9.0,6.0,5.0,6.0,2
24,1,2,7.0,11.0,2.0,0.0,3,1.0,4.28,1.0,6.0,5.0,6.0,7.0,5.0,4.0,2.0,10.0,2.0,0
21,1,1,6.0,10.0,4.0,2.0,3,0.0,7.36,3.0,5.0,7.0,6.0,3.0,6.0,7.0,4.0,8.0,2.0,0
19,1,1,2.0,6.0,3.0,1.0,3,4.0,5.47,3.0,4.0,4.0,5.0,4.0,3.0,4.0,4.0,3.0,3.0,0
21,0,1,4.0,7.0,3.0,0.0,2,3.0,7.19,2.0,1.0,3.0,3.0,6.0,4.0,6.0,6.0,5.0,4.0,2
23,1,2,4.0,5.0,0.0,0.0,3,2.0,6.76,3.0,4.0,3.0,5.0,5.0,6.0,6.0,7.0,5.0,4.0,2
20,1,1,3.0,8.0,1.0,1.0,2,4.0,8.38,3.0,7.0,3.0,3.0,7.0,3.0,9.0,8.0,5.0,7.0,2
18,1,1,6.0,8.0,4.0,1.0,4,1.0,7.01,2.0,7.0,6.0,6.0,5.0,6.0,7.0,3.0,6.0,3.0,0
25,0,1,6.0,10.0,5.0,2.0,4,7.0,8.02,3.0,3.0,7.0,6.0,6.0,5.0,8.0,8.0,6.0,5.0,2
22,1,0,3.0,6.0,5.0,1.0,2,4.0,6.5,2.0,5.0,5.0,6.0,5.0,5.0,5.0,6.0,4.0,4.0,0
22,1,1,4.0,10.0,2.0,3.0,0,4.0,5.43,2.0,7.0,6.0,5.0,3.0,4.0,5.0,6.0,5.0,3.0,0
21,2,2,5.0,8.0,4.0,3.0,0,3.0,9.35,2.0,4.0,5.0,4.0,6.0,6.0,10.0,7.0,6.0,6.0,2
23,1,2,6.0,11.0,2.0,0.0,4,4.0,6.9,1.0,5.0,6.0,6.0,5.0,4.0,8.0,6.0,8.0,4.0,0
20,1,2,3.0,6.0,5.0,1.0,4,2.0,6.03,2.0,6.0,5.0,5.0,6.0,4.0,5.0,4.0,5.0,3.0,0
26,2,2,5.0,8.0,4.0,2.0,0,4.0,5.79,2.0,6.0,5.0,5.0,5.0,5.0,5.0,4.0,7.0,3.0,0
22,1,1,3.0,6.0,3.0,1.0,0,4.0,7.68,2.0,5.0,5.0,2.0,8.0,2.0,9.0,8.0,4.0,7.0,1
20,0,1,6.0,10.0,2.0,1.0,2,5.0,3.98,0.0,5.0,5.0,7.0,3.0,5.0,4.0,5.0,7.0,2.0,0
18,1,1,3.0,6.0,4.0,1.0,0,3.0,4.86,0.0,4.0,7.0,6.0,5.0,6.0,5.0,5.0,6.0,3.0,0
23,0,1,4.0,7.0,3.0,0.0,1,3.0,6.42,2.0,6.0,4.0,5.0,4.0,3.0,8.0,7.0,7.0,5.0,2
19,1,0,3.0,6.0,4.0,1.0,0,1.0,3.96,2.0,7.0,6.0,6.0,6.0,5.0,4.0,4.0,5.0,3.0,0
20,0,0,3.0,6.0,1.0,0.0,0,4.0,5.51,2.0,7.0,3.0,5.0,6.0,1.0,5.0,4.0,6.0,3.0,0
18,1,2,3.0,5.0,2.0,2.0,1,3.0,6.51,2.0,6.0,3.0,4.0,7.0,5.0,8.0,5.0,4.0,5.0,2
26,1,0,3.0,4.0,2.0,5.0,3,4.0,7.63,2.0,3.0,4.0,5.0,8.0,6.0,7.0,5.0,4.0,5.0,2
25,0,0,6.0,9.0,7.0,1.0,1,4.0,7.67,0.0,5.0,6.0,5.0,5.0,5.0,7.0,5.0,7.0,4.0,0
19,2,2,3.0,8.0,1.0,0.0,4,4.0,7.27,1.0,6.0,4.0,3.0,6.0,4.0,6.0,5.0,3.0,5.0,2
25,1,1,4.0,7.0,2.0,0.0,4,2.0,4.5,2.0,7.0,5.0,4.0,6.0,3.0,3.0,4.0,6.0,3.0,0
26,0,1,3.0,7.0,3.0,1.0,4,5.0,5.11,1.0,5.0,5.0,5.0,3.0,2.0,6.0,6.0,5.0,3.0,0
18,1,0,5.0,7.0,5.0,1.0,3,4.0,6.22,1.0,11.0,7.0,8.0,2.0,6.0,6.0,4.0,7.0,2.0,0
22,0,2,6.0,8.0,3.0,1.0,3,3.0,7.84,2.0,10.0,7.0,5.0,5.0,6.0,8.0,6.0,6.0,4.0,2
25,1,2,5.0,8.0,1.0,4.0,4,4.0,7.34,2.0,2.0,3.0,4.0,6.0,6.0,8.0,6.0,4.0,5.0,2
19,0,1,3.0,6.0,3.0,2.0,0,4.0,6.68,3.0,8.0,4.0,6.0,3.0,5.0,8.0,5.0,4.0,3.0,0
21,1,1,3.0,7.0,2.0,3.0,2,2.0,3.98,1.0,5.0,4.0,6.0,6.0,3.0,4.0,2.0,7.0,2.0,0
24,1,1,3.0,4.0,1.0,3.0,2,5.0,7.42,2.0,6.0,5.0,4.0,6.0,3.0,7.0,6.0,3.0,5.0,2
20,1,1,5.0,8.0,3.0,0.0,3,5.0,5.82,2.0,7.0,5.0,4.0,6.0,3.0,6.0,5.0,4.0,5.0,2
22,1,0,3.0,6.0,3.0,3.0,3,0.0,5.61,1.0,4.0,5.0,6.0,3.0,4.0,5.0,4.0,7.0,2.0,0
25,2,1,5.0,7.0,4.0,1.0,2,1.0,7.41,1.0,9.0,6.0,6.0,5.0,6.0,7.0,5.0,8.0,4.0,0
20,2,1,3.0,5.0,4.0,0.0,0,1.0,5.59,1.0,5.0,8.0,5.0,6.0,3.0,7.0,2.0,4.0,3.0,0
21,0,1,4.0,7.0,2.0,0.0,0,1.0,6.77,1.0,5.0,3.0,2.0,5.0,4.0,6.0,5.0,5.0,4.0,2
26,1,1,3.0,6.0,3.0,3.0,3,5.0,6.71,1.0,6.0,4.0,5.0,5.0,6.0,7.0,5.0,4.0,4.0,0
24,1,1,3.0,6.0,5.0,1.0,0,2.0,8.71,2.0,3.0,5.0,3.0,7.0,3.0,8.0,6.0,3.0,6.0,2
18,0,0,1.0,3.0,3.0,1.0,2,4.0,5.9,1.0,6.0,2.0,3.0,6.0,4.0,6.0,7.0,4.0,5.0,2
21,2,2,2.0,5.0,4.0,3.0,3,4.0,7.44,0.0,3.0,4.0,5.0,5.0,2.0,6.0,7.0,5.0,4.0,2
21,0,2,6.0,10.0,2.0,3.0,1,3.0,5.1,2.0,9.0,4.0,6.0,4.0,7.0,5.0,6.0,6.0,3.0,0
26,0,0,3.0,4.0,2.0,2.0,3,2.0,6.69,2.0,3.0,5.0,6.0,3.0,3.0,6.0,4.0,5.0,2.0,0
23,2,0,5.0,7.0,2.0,1.0,4,2.0,6.05,2.0,6.0,4.0,5.0,5.0,7.0,6.0,4.0,5.0,3.0,0
26,0,1,4.0,6.0,3.0,3.0,0,2.0,6.68,2.0,2.0,5.0,4.0,6.0,3.0,6.0,6.0,4.0,5.0,2
23,1,1,3.0,5.0,3.0,0.0,0,4.0,6.79,0.0,4.0,6.0,5.0,6.0,5.0,8.0,6.0,5.0,5.0,2
23,1,1,3.0,6.0,3.0,2.0,2,3.0,7.95,1.0,9.0,5.0,5.0,4.0,6.0,9.0,5.0,5.0,4.0,2
22,0,1,4.0,6.0,4.0,3.0,3,0.0,6.65,1.0,6.0,5.0,7.0,5.0,4.0,7.0,5.0,8.0,3.0,0
22,0,1,5.0,7.0,3.0,3.0,2,5.0,5.4,3.0,11.0,4.0,5.0,6.0,7.0,5.0,5.0,4.0,4.0,0
19,1,1,2.0,5.0,1.0,4.0,3,3.0,4.57,1.0,3.0,3.0,6.0,7.0,4.0,6.0,4.0,7.0,4.0,0
25,1,1,4.0,5.0,2.0,3.0,3,3.0,5.81,2.0,6.0,5.0,6.0,5.0,6.0,7.0,3.0,5.0,3.0,0
25,0,2,5.0,10.0,3.0,2.0,1,4.0,7.72,0.0,3.0,5.0,4.0,5.0,5.0,7.0,7.0,4.0,5.0,2
18,0,2,5.0,8.0,2.0,0.0,0,1.0,7.19,0.0,5.0,5.0,4.0,6.0,7.0,6.0,4.0,6.0,4.0,0
25,1,1,6.0,8.0,3.0,1.0,4,1.0,6.08,3.0,5.0,6.0,4.0,5.0,4.0,7.0,5.0,6.0,4.0,0
22,0,2,4.0,6.0,2.0,1.0,4,2.0,5.79,1.0,7.0,4.0,5.0,5.0,4.0,6.0,4.0,7.0,3.0,0
19,0,2,2.0,4.0,5.0,0.0,0,5.0,6.3,1.0,6.0,5.0,3.0,6.0,3.0,8.0,6.0,5.0,5.0,2
19,0,1,5.0,9.0,1.0,0.0,2,3.0,5.04,1.0,5.0,4.0,4.0,7.0,7.0,5.0,5.0,6.0,4.0,0
23,1,2,4.0,7.0,1.0,2.0,4,5.0,6.88,2.0,7.0,5.0,5.0,5.0,4.0,7.0,6.0,4.0,5.0,2
26,0,1,6.0,6.0,1.0,0.0,1,0.0,6.92,2.0,7.0,3.0,4.0,6.0,5.0,7.0,5.0,5.0,4.0,2
18,0,1,4.0,6.0,4.0,2.0,1,3.0,8.28,1.0,9.0,4.0,4.0,5.0,5.0,7.0,6.0,4.0,5.0,2
23,1,1,6.0,8.0,1.0,0.0,1,1.0,7.47,2.0,3.0,6.0,2.0,6.0,5.0,7.0,5.0,6.0,5.0,2
26,0,1,3.0,7.0,4.0,0.0,4,5.0,3.97,1.0,4.0,6.0,6.0,3.0,5.0,3.0,5.0,5.0,2.0,0
25,1,1,6.0,10.0,3.0,1.0,1,2.0,7.82,2.0,10.0,6.0,5.0,6.0,7.0,6.0,5.0,6.0,4.0,0
23,1,1,4.0,7.0,3.0,3.0,1,1.0,6.87,3.0,10.0,5.0,6.0,6.0,4.0,7.0,6.0,5.0,4.0,2
20,1,0,5.0,9.0,3.0,2.0,2,2.0,6.27,1.0,7.0,5.0,5.0,5.0,2.0,6.0,4.0,6.0,3.0,0
25,1,2,1.0,5.0,5.0,2.0,0,0.0,6.69,2.0,7.0,5.0,4.0,8.0,3.0,6.0,7.0,5.0,6.0,2
26,1,2,6.0,11.0,2.0,0.0,4,3.0,6.79,1.0,6.0,4.0,4.0,5.0,6.0,7.0,4.0,4.0,4.0,0
18,0,2,4.0,6.0,2.0,2.0,0,1.0,7.35,0.0,7.0,3.0,1.0,9.0,6.0,7.0,6.0,4.0,7.0,2
26,1,2,5.0,7.0,1.0,0.0,1,1.0,5.92,2.0,7.0,4.0,4.0,5.0,4.0,6.0,3.0,5.0,3.0,0
23,2,1,4.0,7.0,3.0,3.0,2,3.0,7.56,1.0,10.0,3.0,4.0,6.0,4.0,7.0,6.0,5.0,5.0,2
23,0,0,6.0,8.0,2.0,3.0,0,0.0,9.77,1.0,7.0,6.0,3.0,6.0,4.0,9.0,5.0,6.0,5.0,2
21,1,2,4.0,8.0,2.0,1.0,3,2.0,5.25,2.0,5.0,4.0,5.0,5.0,4.0,5.0,3.0,5.0,2.0,0
18,1,1,4.0,6.0,2.0,4.0,4,2.0,5.71,3.0,4.0,5.0,6.0,6.0,4.0,4.0,4.0,7.0,3.0,0
25,0,1,7.0,8.0,2.0,1.0,1,5.0,6.45,2.0,3.0,6.0,7.0,3.0,7.0,6.0,3.0,6.0,2.0,0
19,0,2,0.0,3.0,4.0,4.0,1,4.0,4.79,1.0,6.0,4.0,7.0,4.0,3.0,5.0,4.0,7.0,2.0,0
18,1,1,3.0,8.0,1.0,0.0,3,2.0,6.3,2.0,8.0,6.0,6.0,6.0,3.0,7.0,4.0,7.0,4.0,0
19,1,1,4.0,7.0,5.0,0.0,1,2.0,7.65,2.0,9.0,6.0,2.0,7.0,2.0,7.0,5.0,6.0,5.0,2
18,0,1,3.0,7.0,5.0,2.0,0,4.0,6.45,1.0,9.0,6.0,6.0,4.0,4.0,5.0,5.0,7.0,3.0,0
18,1,2,4.0,9.0,2.0,0.0,1,3.0,4.94,2.0,7.0,5.0,5.0,5.0,6.0,5.0,5.0,7.0,3.0,0
26,0,1,2.0,5.0,3.0,2.0,0,5.0,7.6,2.0,5.0,4.0,3.0,6.0,3.0,8.0,8.0,4.0,6.0,2
18,0,1,2.0,5.0,6.0,0.0,0,3.0,6.88,3.0,9.0,5.0,4.0,5.0,4.0,5.0,7.0,4.0,5.0,2
21,1,1,5.0,9.0,3.0,0.0,4,3.0,7.2,1.0,3.0,5.0,6.0,6.0,6.0,7.0,6.0,6.0,4.0,2
23,1,2,3.0,7.0,2.0,3.0,4,4.0,7.27,2.0,5.0,4.0,3.0,5.0,4.0,7.0,6.0,5.0,4.0,2
24,1,0,5.0,7.0,4.0,5.0,4,5.0,7.58,3.0,5.0,7.0,3.0,6.0,6.0,9.0,7.0,5.0,6.0,2
19,0,1,3.0,5.0,4.0,1.0,4,3.0,6.48,1.0,6.0,6.0,6.0,4.0,1.0,7.0,5.0,5.0,3.0,0
23,1,1,3.0,6.0,2.0,2.0,3,4.0,6.89,1.0,8.0,5.0,5.0,6.0,3.0,6.0,7.0,7.0,4.0,2
24,1,1,3.0,6.0,2.0,1.0,3,3.0,7.07,1.0,6.0,4.0,5.0,6.0,5.0,8.0,4.0,6.0,5.0,2
19,0,2,3.0,5.0,3.0,2.0,2,2.0,6.95,2.0,5.0,6.0,5.0,6.0,4.0,7.0,4.0,4.0,4.0,2
19,1,2,3.0,6.0,5.0,0.0,0,4.0,6.34,2.0,7.0,7.0,6.0,4.0,5.0,5.0,5.0,7.0,2.0,0
24,0,2,3.0,7.0,2.0,1.0,2,2.0,6.87,2.0,4.0,5.0,4.0,6.0,4.0,7.0,5.0,5.0,4.0,2
18,0,1,4.0,7.0,3.0,4.0,3,1.0,4.7,0.0,6.0,5.0,7.0,3.0,5.0,5.0,3.0,8.0,1.0,0
25,0,1,1.0,4.0,5.0,2.0,2,2.0,7.33,2.0,7.0,6.0,5.0,5.0,3.0,7.0,6.0,4.0,5.0,2
20,2,1,3.0,6.0,2.0,1.0,0,4.0,6.64,3.0,4.0,5.0,6.0,4.0,2.0,7.0,6.0,5.0,4.0,2
23,0,0,6.0,10.0,4.0,2.0,4,3.0,5.83,3.0,3.0,8.0,7.0,3.0,6.0,5.0,5.0,8.0,2.0,0
26,1,2,2.0,5.0,3.0,3.0,1,5.0,4.56,4.0,6.0,5.0,5.0,3.0,2.0,3.0,4.0,5.0,2.0,0
23,1,2,3.0,6.0,5.0,0.0,3,4.0,6.67,2.0,4.0,7.0,7.0,5.0,3.0,8.0,5.0,7.0,4.0,0
26,1,2,6.0,10.0,4.0,1.0,0,7.0,5.13,0.0,4.0,5.0,5.0,6.0,6.0,5.0,5.0,5.0,4.0,0
24,0,2,4.0,4.0,3.0,0.0,1,3.0,5.21,2.0,5.0,5.0,4.0,6.0,3.0,5.0,4.0,5.0,3.0,0
26,1,1,1.0,5.0,3.0,5.0,3,4.0,3.96,1.0,8.0,5.0,6.0,4.0,3.0,5.0,5.0,5.0,3.0,0
19,2,1,5.0,8.0,2.0,0.0,0,5.0,8.06,1.0,5.0,6.0,4.0,6.0,4.0,7.0,6.0,4.0,5.0,2
25,0,0,6.0,10.0,1.0,1.0,3,1.0,4.82,1.0,3.0,4.0,5.0,5.0,5.0,5.0,4.0,8.0,3.0,0
25,1,0,4.0,8.0,3.0,2.0,0,5.0,8.19,2.0,7.0,2.0,2.0,6.0,5.0,8.0,9.0,2.0,7.0,2
19,0,1,3.0,5.0,4.0,2.0,3,1.0,8.15,1.0,7.0,5.0,4.0,4.0,4.0,9.0,7.0,5.0,5.0,2
21,1,2,1.0,4.0,4.0,0.0,3,5.0,6.06,1.0,7.0,4.0,4.0,7.0,3.0,7.0,7.0,5.0,5.0,2
24,0,1,3.0,5.0,6.0,0.0,4,4.0,6.21,0.0,6.0,7.0,6.0,4.0,5.0,8.0,5.0,5.0,4.0,0
21,0,1,2.0,6.0,1.0,0.0,0,3.0,6.64,0.0,5.0,3.0,4.0,6.0,5.0,7.0,6.0,6.0,5.0,2
21,1,1,4.0,5.0,3.0,1.0,2,1.0,5.62,2.0,8.0,5.0,5.0,4.0,6.0,6.0,5.0,5.0,3.0,0
23,1,2,5.0,7.0,4.0,1.0,1,1.0,6.25,2.0,3.0,6.0,5.0,6.0,6.0,5.0,5.0,5.0,3.0,0
23,0,2,3.0,4.0,2.0,2.0,3,3.0,5.51,2.0,3.0,3.0,4.0,4.0,6.0,5.0,5.0,4.0,4.0,0
20,0,2,5.0,6.0,4.0,1.0,4,2.0,5.42,3.0,6.0,6.0,5.0,5.0,4.0,4.0,4.0,6.0,2.0,0
26,2,1,1.0,4.0,3.0,2.0,2,2.0,8.77,2.0,7.0,4.0,3.0,5.0,3.0,9.0,6.0,4.0,5.0,2
19,1,1,4.0,6.0,3.0,0.0,3,2.0,7.0,0.0,3.0,5.0,3.0,6.0,4.0,6.0,7.0,4.0,5.0,2
23,1,0,1.0,5.0,1.0,2.0,0,4.0,7.25,2.0,3.0,4.0,4.0,3.0,3.0,7.0,6.0,4.0,4.0,2
24,1,1,4.0,5.0,3.0,2.0,1,5.0,6.07,0.0,6.0,3.0,4.0,4.0,6.0,7.0,6.0,4.0,4.0,2
26,0,2,6.0,8.0,4.0,1.0,2,2.0,5.71,3.0,6.0,7.0,5.0,4.0,5.0,6.0,4.0,8.0,3.0,0
20,1,2,3.0,7.0,1.0,0.0,1,3.0,5.21,3.0,8.0,4.0,4.0,7.0,5.0,5.0,5.0,6.0,4.0,0
20,1,2,4.0,6.0,3.0,1.0,3,1.0,7.04,3.0,3.0,5.0,5.0,6.0,4.0,7.0,4.0,6.0,4.0,0
24,0,0,3.0,5.0,3.0,0.0,4,3.0,5.75,3.0,4.0,4.0,3.0,7.0,3.0,5.0,4.0,5.0,4.0,0
21,0,1,5.0,8.0,4.0,2.0,2,2.0,7.38,2.0,3.0,6.0,5.0,3.0,3.0,7.0,5.0,8.0,3.0,0
25,1,2,5.0,9.0,2.0,3.0,3,4.0,5.86,3.0,2.0,6.0,6.0,3.0,5.0,5.0,5.0,6.0,3.0,0
24,0,1,4.0,5.0,4.0,2.0,3,2.0,7.41,2.0,5.0,4.0,3.0,8.0,3.0,8.0,6.0,6.0,6.0,2
22,0,1,3.0,6.0,4.0,3.0,1,4.0,7.25,0.0,7.0,5.0,7.0,5.0,4.0,6.0,4.0,5.0,3.0,0
24,1,1,4.0,7.0,3.0,0.0,4,2.0,9.08,2.0,5.0,3.0,3.0,7.0,5.0,9.0,6.0,5.0,6.0,2
20,1,1,7.0,12.0,4.0,1.0,2,6.0,5.75,3.0,6.0,7.0,6.0,5.0,6.0,7.0,4.0,7.0,3.0,0
19,1,0,4.0,6.0,5.0,0.0,1,4.0,6.01,3.0,6.0,7.0,5.0,4.0,4.0,6.0,5.0,6.0,3.0,0
23,0,2,2.0,5.0,4.0,2.0,1,3.0,6.42,0.0,4.0,5.0,5.0,6.0,5.0,6.0,5.0,5.0,4.0,0
19,0,1,7.0,11.0,2.0,2.0,3,5.0,7.87,0.0,4.0,4.0,5.0,5.0,5.0,7.0,6.0,5.0,4.0,2
20,1,1,3.0,6.0,4.0,1.0,3,4.0,6.62,2.0,8.0,4.0,6.0,5.0,3.0,7.0,6.0,5.0,4.0,2
23,1,1,3.0,7.0,4.0,0.0,3,4.0,5.04,2.0,7.0,4.0,5.0,4.0,4.0,5.0,4.0,6.0,3.0,0
22,0,2,6.0,7.0,2.0,0.0,0,1.0,8.15,0.0,7.0,4.0,2.0,9.0,6.0,7.0,5.0,4.0,6.0,2
25,2,2,3.0,5.0,4.0,0.0,2,5.0,5.11,1.0,5.0,7.0,6.0,3.0,5.0,4.0,4.0,4.0,2.0,0
26,0,1,5.0,7.0,3.0,2.0,2,5.0,6.5,2.0,4.0,7.0,7.0,5.0,4.0,6.0,6.0,6.0,4.0,0
20,2,1,5.0,8.0,4.0,1.0,4,2.0,5.6,1.0,7.0,5.0,6.0,6.0,6.0,6.0,3.0,7.0,3.0,0
20,0,1,5.0,8.0,1.0,1.0,0,4.0,5.61,0.0,5.0,3.0,4.0,4.0,5.0,4.0,5.0,5.0,3.0,0
20,0,1,6.0,10.0,3.0,0.0,4,0.0,5.3,2.0,5.0,3.0,4.0,5.0,7.0,6.0,4.0,6.0,3.0,0
23,1,2,4.0,6.0,2.0,1.0,4,0.0,7.53,2.0,6.0,4.0,5.0,4.0,3.0,9.0,6.0,6.0,5.0,2
18,1,1,4.0,6.0,3.0,1.0,0,3.0,6.41,2.0,4.0,3.0,4.0,5.0,4.0,6.0,5.0,3.0,4.0,2
24,1,1,3.0,6.0,4.0,1.0,0,4.0,6.0,2.0,8.0,6.0,6.0,5.0,4.0,7.0,2.0,7.0,2.0,0
18,0,1,5.0,7.0,1.0,3.0,0,4.0,7.88,3.0,7.0,6.0,5.0,6.0,5.0,8.0,6.0,6.0,5.0,2
22,2,1,4.0,6.0,3.0,0.0,4,3.0,7.79,1.0,8.0,6.0,5.0,6.0,5.0,8.0,6.0,6.0,5.0,2
25,0,1,6.0,8.0,5.0,1.0,2,3.0,6.42,3.0,5.0,7.0,8.0,2.0,7.0,7.0,5.0,6.0,2.0,0
21,1,2,5.0,8.0,5.0,3.0,4,3.0,5.86,2.0,5.0,8.0,9.0,2.0,5.0,6.0,4.0,8.0,1.0,0
22,1,2,7.0,10.0,5.0,3.0,1,2.0,5.55,1.0,5.0,7.0,6.0,3.0,6.0,5.0,3.0,6.0,2.0,0
21,1,2,4.0,6.0,4.0,3.0,3,4.0,6.82,2.0,4.0,5.0,6.0,3.0,4.0,7.0,5.0,7.0,3.0,0
21,1,1,4.0,7.0,5.0,1.0,2,4.0,4.74,3.0,4.0,6.0,6.0,5.0,5.0,6.0,4.0,7.0,3.0,0
25,0,1,4.0,7.0,3.0,1.0,1,6.0,6.2,2.0,5.0,3.0,5.0,6.0,4.0,7.0,5.0,5.0,4.0,2
19,2,1,3.0,7.0,3.0,1.0,2,4.0,4.66,2.0,8.0,4.0,3.0,5.0,2.0,5.0,5.0,4.0,4.0,0
18,1,1,1.0,4.0,1.0,2.0,1,6.0,5.86,1.0,6.0,3.0,5.0,7.0,2.0,6.0,5.0,4.0,4.0,2
20,1,1,4.0,8.0,2.0,0.0,3,2.0,8.57,0.0,4.0,6.0,5.0,7.0,4.0,9.0,5.0,8.0,5.0,2
26,0,1,2.0,5.0,4.0,2.0,3,5.0,6.31,0.0,6.0,4.0,3.0,5.0,2.0,6.0,7.0,3.0,5.0,2
21,1,1,5.0,8.0,4.0,0.0,2,6.0,8.06,1.0,6.0,5.0,3.0,6.0,5.0,8.0,8.0,3.0,6.0,2
22,0,1,6.0,9.0,0.0,2.0,4,1.0,6.18,2.0,6.0,5.0,4.0,6.0,5.0,6.0,3.0,7.0,3.0,0
19,1,2,4.0,7.0,3.0,2.0,1,1.0,7.65,2.0,2.0,6.0,5.0,5.0,6.0,8.0,5.0,5.0,4.0,2
21,1,1,5.0,9.0,2.0,3.0,3,3.0,4.91,2.0,6.0,4.0,5.0,4.0,4.0,4.0,5.0,7.0,2.0,0
19,1,1,5.0,8.0,3.0,2.0,1,4.0,5.59,1.0,8.0,5.0,7.0,6.0,5.0,6.0,4.0,6.0,3.0,0
19,1,1,5.0,10.0,5.0,2.0,0,6.0,8.02,1.0,7.0,5.0,2.0,7.0,5.0,8.0,8.0,5.0,6.0,2
21,0,2,4.0,8.0,2.0,5.0,4,2.0,6.32,1.0,5.0,7.0,6.0,5.0,3.0,7.0,3.0,5.0,3.0,0
23,1,2,2.0,5.0,2.0,0.0,4,0.0,5.5,1.0,9.0,5.0,5.0,5.0,3.0,6.0,3.0,6.0,3.0,0
24,1,1,1.0,4.0,5.0,4.0,2,3.0,7.15,3.0,5.0,5.0,4.0,6.0,3.0,7.0,8.0,4.0,6.0,2
20,0,2,3.0,5.0,3.0,4.0,1,3.0,6.38,2.0,7.0,5.0,5.0,6.0,4.0,5.0,6.0,6.0,4.0,0
20,1,1,2.0,3.0,4.0,1.0,1,4.0,7.43,1.0,5.0,5.0,3.0,7.0,3.0,8.0,6.0,3.0,6.0,2
23,1,2,4.0,8.0,3.0,3.0,3,2.0,4.99,1.0,3.0,4.0,7.0,4.0,3.0,5.0,5.0,7.0,2.0,0
20,0,2,4.0,8.0,3.0,4.0,0,0.0,6.22,1.0,7.0,6.0,6.0,5.0,5.0,6.0,4.0,8.0,3.0,0
19,0,2,3.0,4.0,2.0,1.0,0,6.0,6.5,1.0,8.0,4.0,4.0,6.0,5.0,6.0,7.0,4.0,5.0,2
25,2,2,5.0,9.0,4.0,1.0,1,4.0,8.08,2.0,6.0,5.0,5.0,5.0,6.0,8.0,5.0,6.0,4.0,2
22,1,1,4.0,8.0,4.0,0.0,3,6.0,7.22,0.0,4.0,5.0,4.0,6.0,6.0,6.0,7.0,4.0,5.0,2
18,1,1,3.0,7.0,3.0,5.0,4,1.0,5.28,3.0,6.0,3.0,7.0,5.0,5.0,5.0,4.0,7.0,3.0,0
20,1,1,3.0,7.0,3.0,3.0,2,3.0,7.17,3.0,5.0,5.0,4.0,6.0,4.0,7.0,6.0,3.0,5.0,2
25,1,0,6.0,10.0,4.0,0.0,4,4.0,3.16,2.0,7.0,7.0,6.0,5.0,7.0,3.0,4.0,6.0,2.0,0
21,0,1,1.0,4.0,2.0,3.0,0,5.0,5.1,2.0,4.0,4.0,4.0,7.0,5.0,4.0,4.0,3.0,4.0,0
24,0,1,4.0,6.0,1.0,1.0,0,5.0,7.33,2.0,5.0,4.0,4.0,6.0,3.0,8.0,7.0,4.0,6.0,2
19,0,1,4.0,8.0,3.0,0.0,1,2.0,7.2,0.0,8.0,6.0,4.0,7.0,4.0,8.0,5.0,7.0,5.0,2
24,1,1,3.0,6.0,2.0,6.0,0,3.0,5.59,0.0,5.0,6.0,4.0,6.0,4.0,7.0,5.0,4.0,5.0,2
22,0,2,3.0,2.0,4.0,0.0,3,4.0,5.1,2.0,6.0,5.0,7.0,3.0,4.0,4.0,4.0,4.0,2.0,0
22,2,1,6.0,9.0,3.0,1.0,4,3.0,7.43,0.0,6.0,5.0,6.0,3.0,5.0,8.0,5.0,6.0,4.0,0
23,1,1,7.0,9.0,1.0,1.0,1,0.0,7.4,1.0,10.0,5.0,4.0,6.0,6.0,7.0,6.0,7.0,4.0,2
26,0,1,4.0,7.0,3.0,1.0,3,4.0,6.93,2.0,7.0,5.0,3.0,5.0,3.0,7.0,6.0,5.0,5.0,2
23,2,2,4.0,9.0,2.0,1.0,3,4.0,6.47,0.0,5.0,3.0,2.0,6.0,4.0,8.0,8.0,4.0,7.0,2
25,0,1,5.0,10.0,4.0,3.0,2,2.0,5.59,2.0,6.0,6.0,6.0,3.0,4.0,5.0,2.0,8.0,1.0,0
24,0,1,2.0,6.0,0.0,1.0,0,3.0,7.07,2.0,5.0,3.0,2.0,6.0,4.0,8.0,6.0,3.0,6.0,2
26,1,2,4.0,8.0,3.0,2.0,0,0.0,5.4,3.0,11.0,6.0,7.0,5.0,5.0,5.0,4.0,7.0,2.0,0
21,1,1,6.0,10.0,3.0,2.0,3,6.0,5.49,0.0,4.0,6.0,8.0,5.0,5.0,5.0,3.0,7.0,2.0,0
19,1,1,8.0,11.0,2.0,0.0,1,3.0,5.44,1.0,5.0,5.0,5.0,7.0,7.0,6.0,5.0,6.0,4.0,2
24,0,2,2.0,6.0,5.0,2.0,3,2.0,7.5,1.0,6.0,5.0,5.0,7.0,3.0,6.0,6.0,5.0,4.0,2
23,1,1,3.0,5.0,1.0,1.0,3,6.0,7.16,3.0,4.0,5.0,4.0,6.0,3.0,7.0,6.0,3.0,5.0,2
18,0,1,3.0,5.0,3.0,0.0,0,1.0,5.17,2.0,7.0,7.0,6.0,3.0,5.0,5.0,3.0,5.0,2.0,0
26,0,1,3.0,7.0,1.0,0.0,4,2.0,5.23,2.0,5.0,3.0,5.0,4.0,5.0,6.0,4.0,6.0,3.0,0
26,0,1,6.0,9.0,2.0,3.0,0,5.0,9.0,2.0,5.0,6.0,4.0,5.0,6.0,9.0,7.0,5.0,6.0,2
19,1,1,4.0,7.0,3.0,5.0,2,2.0,8.28,1.0,8.0,6.0,5.0,6.0,4.0,10.0,3.0,6.0,5.0,2
20,1,2,6.0,8.0,4.0,2.0,2,2.0,5.07,2.0,5.0,6.0,6.0,5.0,7.0,5.0,4.0,9.0,2.0,0
22,0,0,4.0,7.0,3.0,0.0,1,3.0,7.29,1.0,6.0,6.0,3.0,6.0,5.0,8.0,5.0,6.0,5.0,2
22,0,1,4.0,8.0,4.0,2.0,4,4.0,3.5,3.0,6.0,4.0,7.0,5.0,5.0,3.0,3.0,5.0,2.0,0
18,0,1,5.0,7.0,1.0,0.0,3,3.0,5.61,1.0,8.0,6.0,5.0,5.0,4.0,5.0,4.0,6.0,3.0,0
25,1,1,1.0,4.0,1.0,1.0,4,3.0,4.43,2.0,7.0,5.0,5.0,6.0,1.0,3.0,6.0,5.0,3.0,0
25,0,2,4.0,6.0,4.0,4.0,0,3.0,5.36,2.0,2.0,7.0,5.0,6.0,5.0,4.0,5.0,6.0,3.0,0
21,0,1,4.0,5.0,1.0,0.0,0,3.0,6.7,1.0,5.0,4.0,3.0,6.0,4.0,7.0,6.0,3.0,5.0,2
24,0,1,2.0,5.0,2.0,2.0,3,3.0,7.08,2.0,6.0,4.0,4.0,5.0,3.0,6.0,7.0,3.0,5.0,2
20,0,2,6.0,10.0,3.0,1.0,3,3.0,5.58,2.0,8.0,6.0,5.0,6.0,4.0,6.0,4.0,6.0,4.0,0
23,0,1,4.0,6.0,3.0,2.0,2,3.0,7.84,1.0,4.0,5.0,4.0,6.0,3.0,8.0,5.0,6.0,4.0,2
26,1,1,5.0,7.0,3.0,0.0,0,0.0,6.36,2.0,5.0,5.0,3.0,9.0,5.0,8.0,5.0,5.0,6.0,2
18,1,1,5.0,7.0,1.0,2.0,0,6.0,7.76,1.0,6.0,5.0,5.0,6.0,6.0,7.0,6.0,5.0,5.0,2
22,0,2,3.0,6.0,3.0,3.0,2,1.0,5.28,0.0,5.0,5.0,6.0,6.0,4.0,6.0,2.0,6.0,3.0,0
21,1,1,4.0,7.0,2.0,0.0,1,2.0,3.97,0.0,7.0,5.0,8.0,3.0,5.0,5.0,2.0,8.0,1.0,0
25,0,1,2.0,2.0,3.0,3.0,1,5.0,7.37,0.0,5.0,4.0,4.0,5.0,4.0,5.0,7.0,4.0,4.0,2
18,0,1,5.0,7.0,3.0,0.0,2,6.0,4.75,2.0,4.0,5.0,6.0,3.0,5.0,4.0,4.0,6.0,2.0,0
26,0,2,3.0,7.0,4.0,3.0,0,5.0,10.0,1.0,6.0,6.0,4.0,4.0,4.0,9.0,9.0,4.0,6.0,2
23,0,1,4.0,8.0,3.0,0.0,0,4.0,4.01,2.0,9.0,6.0,6.0,5.0,5.0,4.0,5.0,4.0,3.0,0
21,1,1,6.0,10.0,2.0,0.0,1,4.0,8.07,1.0,6.0,6.0,3.0,8.0,7.0,7.0,6.0,8.0,5.0,2
26,1,2,7.0,9.0,5.0,2.0,3,3.0,8.45,0.0,9.0,7.0,4.0,4.0,7.0,9.0,6.0,6.0,5.0,2
22,0,1,3.0,5.0,1.0,2.0,3,4.0,7.46,2.0,7.0,4.0,4.0,5.0,4.0,8.0,6.0,5.0,5.0,2
22,1,1,3.0,5.0,5.0,0.0,2,5.0,7.06,1.0,6.0,6.0,6.0,4.0,4.0,7.0,5.0,3.0,4.0,2
22,0,1,5.0,9.0,3.0,3.0,3,5.0,5.8,1.0,8.0,3.0,4.0,6.0,5.0,5.0,3.0,4.0,3.0,0
18,0,1,5.0,9.0,1.0,0.0,1,5.0,7.16,3.0,8.0,4.0,4.0,6.0,5.0,6.0,5.0,6.0,4.0,0
18,1,1,2.0,5.0,2.0,1.0,4,2.0,6.49,0.0,7.0,6.0,4.0,8.0,3.0,7.0,5.0,5.0,5.0,2
25,1,2,4.0,8.0,4.0,2.0,2,3.0,4.56,2.0,7.0,6.0,7.0,1.0,4.0,5.0,3.0,6.0,1.0,0
25,0,1,4.0,8.0,4.0,0.0,0,0.0,4.9,3.0,7.0,4.0,3.0,5.0,3.0,5.0,5.0,6.0,3.0,0
23,0,0,4.0,6.0,5.0,3.0,4,5.0,5.85,2.0,6.0,6.0,6.0,5.0,6.0,7.0,5.0,5.0,4.0,0
21,1,2,5.0,8.0,3.0,2.0,1,3.0,7.03,1.0,8.0,5.0,3.0,5.0,6.0,8.0,5.0,5.0,5.0,2
19,2,0,6.0,8.0,3.0,1.0,0,0.0,9.29,3.0,5.0,6.0,3.0,5.0,6.0,8.0,6.0,5.0,5.0,2
19,0,1,4.0,7.0,4.0,0.0,3,3.0,6.05,2.0,5.0,6.0,4.0,5.0,3.0,6.0,7.0,4.0,5.0,2
26,2,1,7.0,9.0,1.0,3.0,2,5.0,5.57,4.0,4.0,3.0,3.0,5.0,7.0,4.0,7.0,5.0,4.0,2
22,1,2,4.0,6.0,3.0,2.0,3,3.0,6.7,0.0,10.0,7.0,5.0,4.0,5.0,7.0,4.0,5.0,3.0,0
21,1,2,6.0,9.0,3.0,1.0,2,4.0,7.02,2.0,2.0,5.0,5.0,6.0,5.0,9.0,5.0,7.0,4.0,2
18,0,2,5.0,9.0,1.0,2.0,1,2.0,6.43,1.0,6.0,5.0,3.0,4.0,6.0,7.0,7.0,4.0,5.0,2
24,0,1,6.0,8.0,3.0,3.0,1,2.0,7.25,3.0,5.0,6.0,4.0,4.0,5.0,8.0,5.0,5.0,4.0,2
20,1,1,5.0,10.0,2.0,2.0,0,4.0,7.77,0.0,5.0,6.0,3.0,7.0,6.0,8.0,6.0,5.0,6.0,2
23,0,2,3.0,6.0,3.0,2.0,2,2.0,4.96,4.0,2.0,5.0,6.0,7.0,5.0,6.0,5.0,8.0,3.0,0
22,0,2,5.0,7.0,5.0,0.0,4,3.0,6.33,0.0,5.0,6.0,5.0,6.0,3.0,8.0,4.0,5.0,4.0,2
22,1,1,3.0,6.0,5.0,0.0,3,1.0,7.93,0.0,7.0,4.0,4.0,5.0,2.0,9.0,4.0,7.0,4.0,2
22,0,2,4.0,4.0,3.0,1.0,2,3.0,4.94,0.0,4.0,4.0,5.0,5.0,4.0,5.0,4.0,4.0,3.0,0
18,0,2,2.0,7.0,4.0,2.0,4,4.0,6.15,0.0,9.0,7.0,5.0,5.0,5.0,8.0,4.0,6.0,4.0,0
18,1,1,4.0,8.0,4.0,3.0,3,1.0,5.44,2.0,4.0,4.0,4.0,4.0,6.0,5.0,3.0,7.0,2.0,0
20,1,0,4.0,7.0,3.0,4.0,1,2.0,8.0,3.0,3.0,5.0,3.0,6.0,6.0,9.0,7.0,5.0,6.0,2
21,0,1,3.0,7.0,1.0,5.0,1,2.0,4.89,0.0,9.0,2.0,5.0,4.0,3.0,6.0,3.0,6.0,3.0,0
22,1,2,4.0,7.0,3.0,1.0,0,5.0,7.31,2.0,7.0,5.0,3.0,5.0,4.0,8.0,5.0,4.0,5.0,2
19,1,2,5.0,8.0,2.0,2.0,1,3.0,7.56,0.0,7.0,5.0,3.0,7.0,6.0,7.0,9.0,6.0,6.0,2
25,2,1,3.0,6.0,4.0,2.0,1,3.0,7.78,0.0,10.0,5.0,3.0,6.0,3.0,9.0,5.0,6.0,5.0,2
19,0,2,5.0,8.0,2.0,1.0,1,3.0,6.29,1.0,3.0,4.0,5.0,5.0,6.0,6.0,4.0,6.0,3.0,0
26,0,2,5.0,7.0,3.0,3.0,2,2.0,5.98,3.0,9.0,6.0,6.0,2.0,6.0,5.0,4.0,5.0,2.0,0
19,0,2,3.0,5.0,3.0,3.0,0,1.0,6.73,0.0,2.0,6.0,3.0,7.0,3.0,7.0,5.0,5.0,5.0,2
26,1,1,0.0,4.0,2.0,1.0,2,3.0,8.38,2.0,3.0,4.0,3.0,6.0,2.0,8.0,5.0,2.0,6.0,2
24,1,1,6.0,9.0,2.0,0.0,4,4.0,6.19,0.0,8.0,3.0,4.0,4.0,5.0,6.0,6.0,3.0,4.0,2
25,1,2,4.0,8.0,2.0,0.0,1,2.0,5.52,0.0,6.0,5.0,4.0,6.0,5.0,6.0,3.0,6.0,3.0,0
19,1,1,4.0,7.0,5.0,0.0,4,4.0,7.81,1.0,1.0,8.0,6.0,5.0,6.0,9.0,6.0,6.0,5.0,2
24,0,1,7.0,9.0,4.0,2.0,4,1.0,5.28,2.0,5.0,5.0,6.0,4.0,7.0,4.0,4.0,6.0,2.0,0
23,0,1,5.0,6.0,3.0,1.0,2,5.0,7.59,0.0,4.0,7.0,8.0,2.0,6.0,9.0,4.0,6.0,3.0,0
21,0,1,5.0,8.0,4.0,2.0,1,5.0,6.86,2.0,7.0,6.0,4.0,5.0,6.0,6.0,7.0,5.0,5.0,2
24,1,2,4.0,8.0,4.0,1.0,2,4.0,7.49,2.0,7.0,5.0,6.0,4.0,7.0,6.0,5.0,8.0,3.0,0
21,1,2,4.0,6.0,3.0,1.0,3,3.0,4.54,0.0,7.0,4.0,6.0,5.0,5.0,4.0,3.0,6.0,2.0,0
19,0,2,4.0,6.0,3.0,2.0,3,2.0,5.54,1.0,4.0,6.0,6.0,2.0,2.0,5.0,4.0,5.0,2.0,0
24,0,2,4.0,8.0,2.0,1.0,1,0.0,5.77,0.0,5.0,4.0,4.0,5.0,4.0,6.0,4.0,5.0,4.0,0
25,1,2,1.0,3.0,5.0,0.0,4,4.0,6.28,3.0,7.0,5.0,5.0,5.0,3.0,6.0,5.0,3.0,4.0,0
19,0,1,2.0,7.0,3.0,1.0,2,5.0,6.45,2.0,6.0,4.0,4.0,6.0,3.0,6.0,6.0,5.0,5.0,2
22,1,2,4.0,7.0,4.0,3.0,4,3.0,6.18,1.0,8.0,5.0,5.0,4.0,5.0,8.0,5.0,4.0,4.0,2
18,1,1,7.0,10.0,4.0,2.0,3,3.0,6.13,1.0,4.0,5.0,6.0,4.0,7.0,6.0,6.0,7.0,3.0,0
24,0,1,2.0,5.0,3.0,2.0,2,2.0,4.34,3.0,3.0,5.0,8.0,3.0,4.0,4.0,3.0,9.0,1.0,0
25,1,1,3.0,4.0,4.0,1.0,2,4.0,7.24,3.0,6.0,5.0,5.0,3.0,3.0,7.0,4.0,4.0,3.0,0
23,0,1,3.0,6.0,1.0,0.0,2,5.0,5.21,3.0,9.0,3.0,4.0,6.0,4.0,4.0,7.0,5.0,4.0,2
22,1,1,5.0,8.0,3.0,0.0,1,4.0,7.27,2.0,3.0,4.0,4.0,5.0,6.0,9.0,6.0,4.0,5.0,2
23,1,1,4.0,8.0,4.0,2.0,1,2.0,4.4,2.0,4.0,4.0,4.0,5.0,6.0,4.0,5.0,7.0,3.0,0
19,1,1,3.0,7.0,3.0,1.0,1,2.0,6.86,0.0,5.0,6.0,3.0,6.0,6.0,6.0,6.0,6.0,4.0,2
18,2,1,6.0,9.0,4.0,2.0,2,4.0,6.57,2.0,6.0,6.0,6.0,4.0,6.0,6.0,6.0,7.0,3.0,0
24,0,1,3.0,5.0,4.0,3.0,4,2.0,6.5,3.0,8.0,5.0,5.0,6.0,5.0,7.0,5.0,6.0,4.0,2
24,2,1,3.0,8.0,6.0,0.0,0,6.0,5.23,1.0,4.0,5.0,4.0,6.0,3.0,3.0,4.0,6.0,2.0,0
19,0,1,2.0,5.0,3.0,0.0,4,6.0,8.08,3.0,5.0,4.0,3.0,7.0,3.0,8.0,9.0,2.0,7.0,1
19,0,1,5.0,10.0,3.0,2.0,3,3.0,6.49,1.0,4.0,6.0,6.0,5.0,4.0,6.0,5.0,6.0,4.0,0
18,1,2,4.0,8.0,3.0,4.0,3,7.0,4.95,2.0,7.0,6.0,7.0,5.0,4.0,5.0,5.0,7.0,3.0,0
25,1,2,3.0,5.0,4.0,1.0,1,3.0,7.74,2.0,7.0,7.0,5.0,6.0,4.0,7.0,6.0,3.0,5.0,2
25,1,0,5.0,9.0,1.0,1.0,0,5.0,5.33,1.0,8.0,6.0,4.0,5.0,6.0,6.0,4.0,5.0,3.0,0
18,1,2,6.0,10.0,3.0,1.0,1,3.0,6.15,1.0,7.0,6.0,6.0,5.0,6.0,6.0,6.0,5.0,4.0,0
25,0,2,1.0,4.0,3.0,2.0,4,3.0,7.78,1.0,8.0,2.0,3.0,8.0,1.0,8.0,8.0,4.0,7.0,2
26,1,1,5.0,7.0,3.0,0.0,1,1.0,6.61,0.0,5.0,5.0,6.0,7.0,6.0,7.0,5.0,6.0,4.0,2
21,1,1,7.0,10.0,3.0,3.0,3,3.0,4.77,2.0,9.0,7.0,6.0,3.0,6.0,4.0,4.0,10.0,1.0,0
18,1,1,6.0,10.0,2.0,2.0,3,6.0,4.82,1.0,3.0,6.0,6.0,5.0,5.0,5.0,5.0,7.0,3.0,0
18,1,1,4.0,6.0,1.0,1.0,1,4.0,5.47,2.0,9.0,4.0,6.0,5.0,3.0,7.0,6.0,6.0,4.0,2
20,0,2,4.0,8.0,3.0,1.0,4,3.0,6.67,3.0,4.0,3.0,4.0,7.0,4.0,7.0,5.0,5.0,5.0,2
22,0,2,4.0,7.0,1.0,3.0,2,3.0,6.67,2.0,8.0,3.0,3.0,6.0,5.0,8.0,5.0,5.0,5.0,2
22,1,2,4.0,6.0,3.0,1.0,4,4.0,8.68,1.0,8.0,3.0,3.0,4.0,6.0,9.0,6.0,6.0,5.0,2
26,1,1,5.0,9.0,2.0,4.0,1,3.0,4.79,2.0,5.0,4.0,6.0,4.0,5.0,5.0,5.0,7.0,2.0,0
19,1,0,2.0,5.0,4.0,3.0,4,4.0,7.67,1.0,5.0,4.0,3.0,6.0,2.0,7.0,6.0,3.0,6.0,2
19,0,0,5.0,8.0,2.0,3.0,3,3.0,7.76,2.0,4.0,5.0,4.0,7.0,4.0,8.0,5.0,6.0,5.0,2
23,1,1,4.0,7.0,5.0,1.0,0,3.0,7.96,0.0,4.0,6.0,4.0,7.0,4.0,7.0,6.0,3.0,6.0,2
26,0,2,6.0,7.0,2.0,2.0,3,1.0,4.99,2.0,6.0,5.0,6.0,5.0,7.0,6.0,4.0,8.0,2.0,0
18,0,1,6.0,8.0,4.0,2.0,3,6.0,6.07,2.0,3.0,6.0,5.0,5.0,5.0,6.0,5.0,7.0,3.0,0
26,1,1,4.0,8.0,3.0,1.0,2,1.0,6.59,0.0,9.0,6.0,5.0,7.0,5.0,8.0,5.0,5.0,5.0,2
26,1,1,3.0,8.0,4.0,0.0,1,3.0,6.05,1.0,7.0,8.0,6.0,3.0,2.0,6.0,6.0,7.0,3.0,0
26,1,2,6.0,8.0,3.0,5.0,2,2.0,6.8,0.0,6.0,6.0,6.0,3.0,5.0,7.0,5.0,5.0,3.0,0
22,0,1,2.0,5.0,5.0,1.0,2,2.0,6.43,1.0,5.0,6.0,6.0,4.0,5.0,7.0,6.0,4.0,4.0,0
26,0,1,2.0,5.0,3.0,3.0,1,2.0,7.99,0.0,9.0,5.0,3.0,7.0,3.0,7.0,5.0,2.0,6.0,2
21,0,1,4.0,5.0,4.0,3.0,4,2.0,7.51,2.0,7.0,5.0,6.0,5.0,4.0,7.0,3.0,6.0,3.0,0
19,0,1,3.0,6.0,2.0,0.0,0,4.0,4.71,3.0,5.0,4.0,6.0,5.0,3.0,5.0,4.0,6.0,3.0,0
23,0,1,4.0,5.0,4.0,0.0,2,4.0,6.68,1.0,5.0,6.0,6.0,4.0,4.0,8.0,6.0,5.0,4.0,2
21,0,1,4.0,6.0,5.0,2.0,2,4.0,4.95,3.0,8.0,6.0,7.0,4.0,5.0,6.0,4.0,6.0,3.0,0
23,1,1,4.0,8.0,3.0,1.0,4,0.0,4.56,2.0,6.0,6.0,8.0,2.0,4.0,4.0,2.0,7.0,1.0,0
20,1,1,6.0,10.0,2.0,0.0,1,5.0,6.43,0.0,5.0,5.0,5.0,4.0,5.0,6.0,6.0,7.0,3.0,0
23,1,1,2.0,5.0,2.0,1.0,3,4.0,5.07,1.0,7.0,5.0,6.0,5.0,3.0,4.0,4.0,8.0,2.0,0
19,0,2,3.0,8.0,1.0,2.0,4,2.0,8.1,0.0,7.0,3.0,4.0,4.0,4.0,6.0,6.0,6.0,4.0,0
19,1,0,5.0,10.0,1.0,0.0,3,4.0,6.09,2.0,6.0,4.0,4.0,5.0,6.0,6.0,4.0,6.0,3.0,0
26,0,1,4.0,6.0,2.0,1.0,0,5.0,8.3,1.0,3.0,5.0,4.0,5.0,3.0,8.0,7.0,5.0,5.0,2
24,1,1,3.0,4.0,1.0,0.0,2,3.0,6.97,3.0,4.0,3.0,3.0,7.0,5.0,6.0,6.0,4.0,5.0,2
20,2,0,4.0,5.0,3.0,4.0,0,2.0,6.3,2.0,6.0,4.0,3.0,6.0,4.0,5.0,6.0,5.0,4.0,0
18,1,1,2.0,4.0,2.0,1.0,3,5.0,6.09,1.0,2.0,5.0,5.0,5.0,4.0,7.0,7.0,4.0,5.0,2
25,1,2,6.0,8.0,4.0,3.0,3,6.0,4.89,1.0,5.0,7.0,7.0,4.0,5.0,5.0,5.0,7.0,2.0,0
23,2,1,4.0,9.0,4.0,3.0,3,4.0,4.27,2.0,6.0,5.0,7.0,4.0,5.0,4.0,3.0,7.0,1.0,0
24,1,1,7.0,12.0,3.0,2.0,2,5.0,6.1,0.0,6.0,5.0,5.0,6.0,6.0,6.0,7.0,7.0,4.0,2
26,2,2,2.0,6.0,4.0,3.0,1,3.0,6.82,2.0,5.0,5.0,5.0,7.0,3.0,8.0,6.0,7.0,5.0,2
22,1,2,3.0,6.0,2.0,2.0,1,5.0,7.49,1.0,5.0,4.0,4.0,7.0,1.0,7.0,6.0,5.0,5.0,2
18,1,1,4.0,7.0,1.0,3.0,2,0.0,7.79,1.0,3.0,2.0,4.0,6.0,4.0,7.0,6.0,4.0,5.0,2
24,0,1,6.0,9.0,1.0,1.0,1,4.0,4.73,1.0,6.0,4.0,6.0,3.0,7.0,6.0,3.0,6.0,2.0,0
22,0,2,3.0,8.0,2.0,2.0,1,4.0,6.97,3.0,7.0,4.0,4.0,7.0,3.0,7.0,5.0,4.0,5.0,2
20,1,1,3.0,5.0,3.0,0.0,2,4.0,6.0,2.0,5.0,6.0,6.0,5.0,2.0,7.0,5.0,5.0,4.0,0
26,2,2,4.0,6.0,3.0,0.0,1,4.0,8.73,3.0,5.0,5.0,1.0,7.0,4.0,10.0,7.0,2.0,7.0,1
18,0,1,3.0,7.0,3.0,2.0,1,4.0,9.19,1.0,7.0,3.0,4.0,5.0,5.0,10.0,7.0,6.0,6.0,2
18,0,1,5.0,7.0,4.0,2.0,4,2.0,7.9,1.0,7.0,5.0,3.0,6.0,5.0,7.0,6.0,3.0,5.0,2
18,1,1,4.0,8.0,5.0,0.0,0,6.0,5.76,3.0,4.0,5.0,5.0,6.0,5.0,5.0,7.0,6.0,4.0,2
20,1,2,5.0,8.0,4.0,2.0,0,5.0,4.25,2.0,7.0,5.0,7.0,7.0,5.0,4.0,5.0,6.0,3.0,0
23,2,1,5.0,8.0,3.0,0.0,0,7.0,5.29,1.0,6.0,5.0,5.0,6.0,6.0,5.0,3.0,3.0,3.0,0
20,2,1,5.0,7.0,3.0,0.0,4,2.0,6.45,2.0,7.0,6.0,7.0,4.0,4.0,7.0,4.0,7.0,3.0,0
25,0,1,6.0,8.0,1.0,2.0,0,4.0,7.17,0.0,2.0,5.0,4.0,8.0,6.0,6.0,5.0,4.0,5.0,2
19,1,0,3.0,8.0,2.0,0.0,3,4.0,5.99,3.0,7.0,5.0,3.0,7.0,4.0,7.0,5.0,3.0,5.0,2
26,1,0,2.0,5.0,3.0,2.0,0,0.0,6.91,2.0,7.0,5.0,5.0,6.0,3.0,8.0,4.0,5.0,4.0,2
20,0,2,2.0,5.0,1.0,1.0,2,3.0,7.51,1.0,6.0,4.0,4.0,5.0,2.0,8.0,6.0,6.0,5.0,2
22,1,0,4.0,8.0,2.0,0.0,0,4.0,7.92,2.0,5.0,4.0,4.0,8.0,4.0,9.0,3.0,5.0,5.0,2
25,1,1,5.0,8.0,4.0,3.0,3,4.0,5.14,0.0,7.0,5.0,6.0,4.0,5.0,5.0,4.0,9.0,2.0,0
19,1,0,5.0,8.0,3.0,3.0,0,2.0,6.54,1.0,7.0,5.0,3.0,6.0,5.0,6.0,5.0,7.0,4.0,0
23,0,1,3.0,7.0,3.0,1.0,1,5.0,6.93,3.0,5.0,6.0,5.0,5.0,3.0,8.0,6.0,5.0,5.0,2
22,1,1,5.0,8.0,5.0,4.0,3,4.0,5.58,3.0,7.0,6.0,6.0,5.0,3.0,5.0,5.0,7.0,3.0,0
26,0,1,1.0,3.0,3.0,0.0,2,2.0,6.75,0.0,5.0,7.0,7.0,6.0,3.0,7.0,4.0,5.0,3.0,0
22,0,0,3.0,6.0,3.0,0.0,1,4.0,7.84,2.0,3.0,5.0,5.0,5.0,4.0,8.0,6.0,5.0,5.0,2
19,0,2,5.0,8.0,4.0,0.0,1,2.0,8.2,0.0,5.0,6.0,4.0,6.0,5.0,8.0,7.0,6.0,5.0,2
22,1,1,5.0,10.0,6.0,1.0,4,4.0,3.17,3.0,7.0,7.0,7.0,4.0,6.0,3.0,5.0,9.0,1.0,0
21,1,0,5.0,8.0,3.0,0.0,1,3.0,6.87,2.0,6.0,5.0,4.0,7.0,6.0,6.0,6.0,4.0,5.0,2
24,0,2,5.0,10.0,3.0,1.0,0,3.0,6.85,1.0,6.0,5.0,4.0,7.0,6.0,6.0,6.0,4.0,5.0,2
23,0,2,4.0,6.0,4.0,0.0,1,2.0,7.46,0.0,3.0,6.0,6.0,3.0,4.0,8.0,5.0,7.0,3.0,0
19,0,1,4.0,7.0,4.0,1.0,1,1.0,7.39,1.0,6.0,7.0,6.0,4.0,4.0,6.0,5.0,6.0,3.0,0
22,2,2,1.0,4.0,3.0,1.0,4,1.0,6.16,4.0,6.0,4.0,6.0,4.0,4.0,6.0,4.0,5.0,3.0,0
24,0,0,4.0,6.0,3.0,3.0,0,1.0,6.25,1.0,7.0,6.0,5.0,5.0,2.0,7.0,6.0,5.0,4.0,2
24,0,0,2.0,6.0,3.0,2.0,0,3.0,7.0,2.0,8.0,4.0,5.0,4.0,5.0,8.0,4.0,5.0,3.0,0
22,1,1,5.0,7.0,4.0,3.0,1,4.0,5.27,1.0,6.0,5.0,4.0,6.0,4.0,6.0,5.0,6.0,4.0,0
26,1,1,2.0,6.0,1.0,1.0,2,4.0,6.27,1.0,7.0,3.0,5.0,5.0,2.0,7.0,5.0,5.0,4.0,2
21,0,1,4.0,7.0,5.0,1.0,2,2.0,6.45,2.0,3.0,7.0,6.0,4.0,4.0,6.0,5.0,5.0,3.0,0
20,1,1,2.0,5.0,3.0,4.0,0,1.0,5.82,3.0,7.0,6.0,7.0,4.0,3.0,7.0,3.0,6.0,3.0,0
21,0,1,4.0,6.0,0.0,3.0,2,4.0,5.02,2.0,6.0,4.0,4.0,7.0,5.0,4.0,4.0,5.0,4.0,0
22,1,2,4.0,8.0,0.0,3.0,0,4.0,6.7,2.0,7.0,5.0,6.0,4.0,4.0,7.0,5.0,7.0,3.0,0
23,0,2,1.0,6.0,3.0,5.0,0,5.0,7.21,1.0,5.0,3.0,4.0,5.0,2.0,7.0,6.0,5.0,4.0,2
20,0,0,5.0,6.0,1.0,0.0,3,1.0,7.5,2.0,6.0,4.0,2.0,6.0,4.0,7.0,4.0,6.0,4.0,2
19,0,1,4.0,8.0,5.0,0.0,0,3.0,6.88,1.0,3.0,6.0,6.0,3.0,4.0,8.0,5.0,6.0,3.0,0
21,2,1,4.0,6.0,6.0,2.0,3,4.0,6.29,1.0,5.0,5.0,4.0,6.0,5.0,7.0,5.0,4.0,5.0,2
22,1,1,3.0,6.0,1.0,2.0,1,1.0,6.72,2.0,4.0,2.0,3.0,7.0,4.0,7.0,5.0,6.0,5.0,2
21,1,1,3.0,6.0,2.0,0.0,4,3.0,5.49,2.0,2.0,3.0,4.0,5.0,3.0,6.0,3.0,4.0,3.0,0
20,1,1,5.0,8.0,2.0,2.0,0,0.0,7.31,1.0,7.0,5.0,5.0,5.0,6.0,7.0,6.0,7.0,4.0,0
25,0,1,6.0,10.0,3.0,1.0,1,2.0,3.68,0.0,5.0,6.0,5.0,5.0,5.0,4.0,4.0,7.0,2.0,0
21,0,0,5.0,9.0,3.0,2.0,0,5.0,5.88,1.0,7.0,5.0,5.0,6.0,6.0,6.0,6.0,8.0,4.0,0
19,0,1,2.0,3.0,2.0,3.0,0,6.0,6.86,3.0,5.0,3.0,4.0,5.0,5.0,7.0,8.0,2.0,6.0,2
19,1,1,6.0,11.0,5.0,3.0,4,3.0,5.66,2.0,5.0,5.0,5.0,5.0,6.0,6.0,5.0,6.0,3.0,0
18,0,2,5.0,10.0,4.0,2.0,3,4.0,6.22,3.0,5.0,6.0,4.0,5.0,4.0,5.0,3.0,7.0,3.0,0
21,1,2,6.0,10.0,4.0,0.0,0,3.0,6.42,1.0,7.0,6.0,4.0,6.0,6.0,6.0,5.0,6.0,4.0,2
26,0,1,6.0,8.0,3.0,3.0,0,4.0,5.56,3.0,8.0,9.0,9.0,3.0,5.0,5.0,4.0,6.0,2.0,0
24,0,2,5.0,8.0,5.0,0.0,3,4.0,5.47,1.0,4.0,6.0,6.0,4.0,5.0,5.0,4.0,6.0,2.0,0
24,0,2,3.0,6.0,3.0,1.0,2,1.0,7.19,2.0,6.0,4.0,3.0,3.0,3.0,6.0,6.0,3.0,4.0,2
24,0,2,3.0,7.0,1.0,2.0,4,4.0,7.36,1.0,9.0,4.0,4.0,5.0,4.0,7.0,5.0,4.0,4.0,2
25,0,1,3.0,4.0,4.0,3.0,4,1.0,6.01,3.0,6.0,7.0,7.0,3.0,4.0,4.0,5.0,5.0,2.0,0
18,0,1,4.0,7.0,2.0,1.0,0,5.0,5.59,2.0,6.0,4.0,5.0,3.0,5.0,8.0,4.0,6.0,3.0,0
25,1,2,3.0,7.0,3.0,2.0,4,5.0,6.49,3.0,7.0,5.0,4.0,4.0,2.0,6.0,8.0,7.0,4.0,2
21,0,1,1.0,4.0,2.0,1.0,2,1.0,5.07,0.0,6.0,5.0,5.0,4.0,3.0,4.0,5.0,6.0,3.0,0
21,1,2,1.0,5.0,5.0,2.0,0,5.0,5.17,2.0,5.0,5.0,7.0,5.0,1.0,6.0,4.0,6.0,3.0,0
21,1,2,4.0,5.0,2.0,1.0,3,1.0,5.58,0.0,5.0,5.0,7.0,3.0,5.0,5.0,4.0,7.0,2.0,0
23,1,1,4.0,6.0,3.0,3.0,3,3.0,8.05,1.0,5.0,3.0,4.0,5.0,5.0,8.0,6.0,7.0,5.0,2
24,0,1,5.0,8.0,4.0,4.0,0,1.0,5.66,0.0,5.0,7.0,5.0,5.0,5.0,6.0,3.0,9.0,2.0,0
23,1,2,4.0,7.0,2.0,0.0,3,4.0,7.18,1.0,7.0,5.0,3.0,7.0,4.0,7.0,7.0,5.0,6.0,2
18,0,2,6.0,8.0,3.0,3.0,3,5.0,4.98,0.0,8.0,6.0,5.0,5.0,7.0,4.0,4.0,7.0,2.0,0
25,1,2,3.0,6.0,3.0,3.0,0,3.0,6.07,0.0,6.0,4.0,4.0,9.0,4.0,7.0,5.0,5.0,6.0,2
24,1,2,4.0,7.0,3.0,2.0,1,2.0,7.34,1.0,8.0,7.0,6.0,6.0,4.0,9.0,4.0,6.0,5.0,2
23,0,2,5.0,6.0,3.0,6.0,4,3.0,6.67,3.0,7.0,4.0,5.0,5.0,5.0,6.0,5.0,7.0,4.0,0
23,1,2,4.0,7.0,4.0,1.0,4,5.0,5.92,2.0,5.0,4.0,6.0,5.0,4.0,7.0,6.0,4.0,4.0,2
22,0,1,6.0,9.0,3.0,1.0,1,5.0,6.26,1.0,4.0,5.0,5.0,6.0,3.0,7.0,4.0,5.0,4.0,2
23,0,1,5.0,9.0,3.0,5.0,3,5.0,8.67,1.0,7.0,5.0,3.0,6.0,4.0,8.0,8.0,3.0,6.0,2
26,2,1,5.0,8.0,5.0,0.0,4,3.0,8.38,2.0,7.0,5.0,3.0,5.0,6.0,9.0,4.0,6.0,4.0,2
26,0,1,3.0,6.0,1.0,0.0,2,0.0,5.95,3.0,3.0,5.0,5.0,6.0,3.0,7.0,5.0,5.0,4.0,0
25,1,1,4.0,7.0,4.0,3.0,1,0.0,6.14,3.0,5.0,5.0,8.0,4.0,3.0,7.0,3.0,9.0,2.0,0
26,1,0,1.0,4.0,5.0,2.0,3,3.0,7.07,2.0,6.0,5.0,4.0,6.0,2.0,8.0,6.0,4.0,5.0,2
25,1,2,4.0,6.0,3.0,0.0,2,1.0,7.79,2.0,7.0,5.0,4.0,5.0,4.0,9.0,3.0,8.0,4.0,0
25,2,2,2.0,5.0,1.0,3.0,1,4.0,9.05,3.0,8.0,4.0,4.0,5.0,2.0,9.0,6.0,5.0,5.0,2
18,1,2,8.0,11.0,2.0,1.0,3,3.0,4.53,0.0,5.0,6.0,5.0,5.0,7.0,6.0,4.0,9.0,3.0,0
22,1,1,4.0,8.0,3.0,0.0,0,0.0,6.6,1.0,3.0,4.0,4.0,4.0,4.0,7.0,2.0,7.0,3.0,0
21,1,1,3.0,7.0,5.0,2.0,3,4.0,5.46,0.0,2.0,5.0,4.0,6.0,5.0,7.0,5.0,5.0,4.0,2
19,0,0,5.0,9.0,1.0,3.0,2,2.0,7.49,1.0,11.0,4.0,4.0,5.0,5.0,7.0,5.0,7.0,3.0,0
25,1,1,2.0,5.0,4.0,0.0,4,3.0,6.61,3.0,6.0,5.0,5.0,5.0,3.0,5.0,6.0,6.0,4.0,0
20,2,2,3.0,7.0,1.0,0.0,1,5.0,7.33,2.0,6.0,3.0,2.0,6.0,2.0,8.0,7.0,4.0,6.0,2
21,1,1,3.0,6.0,2.0,0.0,0,5.0,7.41,1.0,4.0,5.0,4.0,5.0,3.0,7.0,8.0,3.0,5.0,2
24,1,1,5.0,9.0,4.0,1.0,1,5.0,7.5,1.0,8.0,6.0,6.0,2.0,6.0,7.0,5.0,7.0,2.0,0
26,1,1,3.0,4.0,4.0,1.0,3,4.0,6.54,2.0,4.0,6.0,5.0,4.0,4.0,6.0,6.0,6.0,4.0,0
19,0,1,3.0,7.0,3.0,1.0,0,6.0,7.1,2.0,8.0,4.0,3.0,6.0,3.0,7.0,7.0,4.0,5.0,2
20,0,2,4.0,7.0,4.0,3.0,4,3.0,4.89,1.0,8.0,7.0,6.0,3.0,6.0,4.0,3.0,7.0,1.0,0
21,1,2,5.0,7.0,3.0,1.0,1,3.0,4.86,2.0,6.0,5.0,6.0,5.0,5.0,5.0,4.0,6.0,3.0,0
18,1,2,4.0,7.0,3.0,0.0,1,2.0,7.61,2.0,7.0,2.0,2.0,6.0,6.0,8.0,7.0,4.0,6.0,2
24,0,0,3.0,6.0,3.0,1.0,2,3.0,6.43,1.0,4.0,5.0,5.0,4.0,4.0,6.0,5.0,4.0,3.0,0
19,1,2,4.0,7.0,4.0,2.0,3,3.0,6.31,2.0,6.0,5.0,5.0,5.0,5.0,6.0,5.0,6.0,3.0,0
22,1,2,3.0,6.0,3.0,0.0,2,3.0,5.94,2.0,3.0,5.0,5.0,7.0,4.0,6.0,4.0,6.0,4.0,0
18,1,1,3.0,6.0,5.0,0.0,0,3.0,6.08,1.0,5.0,6.0,6.0,4.0,3.0,5.0,5.0,7.0,3.0,0
20,1,2,5.0,6.0,1.0,3.0,1,4.0,6.37,2.0,2.0,5.0,5.0,6.0,5.0,7.0,6.0,5.0,5.0,2
19,1,2,5.0,8.0,3.0,0.0,0,3.0,5.38,1.0,2.0,8.0,7.0,3.0,4.0,6.0,4.0,7.0,2.0,0
18,1,1,4.0,7.0,3.0,0.0,4,3.0,6.96,2.0,4.0,4.0,2.0,7.0,3.0,6.0,4.0,7.0,4.0,2
24,1,1,5.0,7.0,5.0,0.0,4,4.0,6.35,1.0,4.0,7.0,6.0,6.0,5.0,6.0,4.0,7.0,3.0,0
22,0,1,5.0,8.0,2.0,1.0,2,1.0,6.77,2.0,6.0,5.0,5.0,3.0,4.0,7.0,4.0,6.0,3.0,0
18,1,1,0.0,2.0,3.0,2.0,2,1.0,7.0,1.0,7.0,3.0,5.0,6.0,1.0,7.0,6.0,4.0,5.0,2
23,0,2,5.0,9.0,3.0,2.0,2,3.0,4.19,2.0,7.0,6.0,6.0,5.0,6.0,3.0,3.0,7.0,1.0,0
22,1,2,6.0,10.0,4.0,1.0,1,4.0,7.7,0.0,5.0,7.0,7.0,2.0,6.0,8.0,7.0,6.0,4.0,0
20,0,0,4.0,7.0,3.0,5.0,4,3.0,5.36,2.0,8.0,4.0,5.0,5.0,5.0,5.0,6.0,9.0,3.0,0
24,1,1,6.0,10.0,2.0,1.0,4,3.0,5.24,2.0,7.0,5.0,4.0,4.0,5.0,6.0,4.0,6.0,3.0,0
26,0,2,4.0,5.0,2.0,0.0,2,3.0,9.59,1.0,6.0,7.0,2.0,7.0,4.0,9.0,5.0,5.0,6.0,2
26,1,1,4.0,6.0,2.0,2.0,4,5.0,7.02,0.0,8.0,5.0,6.0,3.0,5.0,6.0,4.0,6.0,2.0,0
26,0,2,4.0,8.0,2.0,1.0,1,1.0,7.32,1.0,6.0,5.0,6.0,4.0,4.0,7.0,5.0,7.0,3.0,0
19,1,2,2.0,7.0,3.0,1.0,3,3.0,5.85,0.0,7.0,3.0,5.0,6.0,2.0,5.0,4.0,5.0,3.0,0
20,1,2,7.0,10.0,2.0,1.0,1,1.0,5.88,1.0,3.0,5.0,5.0,5.0,5.0,6.0,3.0,6.0,3.0,0
24,2,1,3.0,8.0,5.0,2.0,0,2.0,5.56,0.0,5.0,5.0,5.0,5.0,3.0,6.0,5.0,6.0,3.0,0
22,0,2,2.0,4.0,4.0,4.0,0,3.0,6.67,1.0,7.0,6.0,5.0,4.0,3.0,7.0,4.0,5.0,3.0,0
19,1,1,3.0,6.0,2.0,4.0,2,4.0,3.98,1.0,6.0,3.0,4.0,6.0,6.0,4.0,5.0,6.0,3.0,0
20,2,2,4.0,8.0,4.0,5.0,0,3.0,6.2,2.0,8.0,5.0,3.0,6.0,3.0,6.0,5.0,5.0,4.0,2
23,1,2,6.0,8.0,1.0,3.0,2,4.0,6.86,3.0,7.0,4.0,6.0,5.0,4.0,7.0,6.0,6.0,4.0,0
24,1,1,4.0,5.0,5.0,4.0,3,3.0,7.8,1.0,7.0,4.0,5.0,5.0,8.0,6.0,4.0,5.0,3.0,0
26,2,1,4.0,7.0,2.0,2.0,1,5.0,4.82,1.0,4.0,7.0,5.0,5.0,5.0,5.0,6.0,4.0,4.0,0
18,1,1,4.0,6.0,4.0,1.0,4,4.0,7.86,1.0,9.0,7.0,5.0,3.0,5.0,8.0,6.0,5.0,4.0,2
24,0,1,2.0,3.0,3.0,4.0,0,3.0,6.73,1.0,9.0,5.0,6.0,6.0,3.0,6.0,4.0,4.0,4.0,0
25,1,2,3.0,7.0,3.0,1.0,3,4.0,4.72,0.0,7.0,7.0,7.0,3.0,4.0,4.0,2.0,6.0,1.0,0
20,0,1,3.0,7.0,3.0,1.0,1,3.0,6.65,3.0,4.0,4.0,5.0,6.0,4.0,7.0,4.0,6.0,4.0,2
21,0,2,4.0,8.0,0.0,2.0,3,4.0,7.22,2.0,3.0,5.0,3.0,7.0,4.0,8.0,6.0,6.0,5.0,2
23,2,1,1.0,5.0,4.0,2.0,1,4.0,7.63,3.0,5.0,2.0,2.0,6.0,4.0,7.0,7.0,3.0,6.0,2
24,0,1,3.0,7.0,2.0,0.0,0,5.0,6.36,2.0,5.0,3.0,4.0,7.0,2.0,6.0,6.0,6.0,5.0,2
21,1,2,6.0,9.0,3.0,3.0,2,6.0,7.45,2.0,8.0,4.0,5.0,6.0,5.0,9.0,7.0,5.0,6.0,2
25,0,2,5.0,6.0,4.0,1.0,1,6.0,5.74,2.0,8.0,6.0,6.0,4.0,5.0,6.0,6.0,6.0,3.0,0
22,1,2,5.0,7.0,5.0,3.0,1,5.0,7.11,3.0,4.0,6.0,5.0,4.0,5.0,7.0,5.0,6.0,3.0,0
18,0,1,3.0,7.0,4.0,2.0,3,3.0,6.65,2.0,5.0,6.0,8.0,3.0,5.0,6.0,7.0,7.0,3.0,0
21,0,1,6.0,10.0,2.0,2.0,0,4.0,5.67,2.0,7.0,5.0,6.0,6.0,7.0,6.0,5.0,6.0,4.0,0
20,0,1,5.0,8.0,1.0,1.0,3,2.0,6.05,1.0,6.0,4.0,6.0,4.0,5.0,6.0,3.0,8.0,2.0,0
26,0,1,4.0,5.0,3.0,2.0,2,2.0,8.51,1.0,8.0,4.0,4.0,5.0,6.0,9.0,6.0,5.0,5.0,2
25,1,2,5.0,7.0,4.0,1.0,4,3.0,5.87,2.0,4.0,6.0,7.0,3.0,3.0,6.0,4.0,6.0,2.0,0
18,0,1,2.0,5.0,4.0,6.0,3,4.0,7.26,1.0,8.0,6.0,5.0,5.0,1.0,7.0,6.0,4.0,4.0,2
23,1,0,2.0,4.0,4.0,3.0,4,2.0,6.67,1.0,5.0,4.0,4.0,6.0,4.0,8.0,4.0,4.0,4.0,2
26,0,2,5.0,7.0,2.0,3.0,3,4.0,6.87,3.0,10.0,6.0,5.0,4.0,3.0,6.0,5.0,6.0,3.0,0
24,1,2,6.0,9.0,3.0,0.0,1,1.0,8.07,2.0,8.0,4.0,3.0,5.0,5.0,7.0,5.0,9.0,4.0,0
21,0,0,3.0,7.0,2.0,3.0,2,3.0,7.76,2.0,8.0,3.0,3.0,4.0,4.0,7.0,6.0,6.0,4.0,2
18,1,1,5.0,9.0,5.0,2.0,4,4.0,5.98,3.0,3.0,7.0,6.0,5.0,4.0,6.0,5.0,8.0,3.0,0
19,0,1,5.0,7.0,4.0,1.0,4,3.0,7.78,0.0,2.0,4.0,3.0,6.0,6.0,6.0,7.0,5.0,5.0,2
22,1,2,3.0,6.0,3.0,5.0,3,5.0,6.46,2.0,4.0,4.0,4.0,6.0,4.0,7.0,7.0,5.0,5.0,2
22,0,1,3.0,6.0,2.0,0.0,2,4.0,8.4,0.0,4.0,4.0,3.0,8.0,4.0,7.0,7.0,3.0,6.0,2
25,1,0,3.0,5.0,2.0,0.0,3,0.0,7.42,0.0,5.0,6.0,5.0,4.0,4.0,7.0,4.0,6.0,3.0,0
23,0,0,3.0,6.0,3.0,1.0,4,4.0,7.08,1.0,4.0,5.0,6.0,2.0,3.0,8.0,5.0,6.0,3.0,0
25,1,0,3.0,6.0,2.0,4.0,2,3.0,8.31,3.0,8.0,4.0,3.0,7.0,5.0,9.0,5.0,4.0,6.0,2
19,0,0,2.0,4.0,4.0,1.0,3,5.0,9.36,1.0,6.0,4.0,2.0,8.0,4.0,10.0,7.0,5.0,7.0,1
20,1,2,3.0,5.0,3.0,0.0,1,1.0,7.42,2.0,2.0,6.0,5.0,6.0,5.0,9.0,5.0,6.0,5.0,2
23,0,2,4.0,8.0,3.0,1.0,2,4.0,6.34,1.0,5.0,5.0,4.0,5.0,6.0,6.0,8.0,6.0,4.0,2
20,1,1,5.0,8.0,4.0,1.0,1,5.0,5.97,1.0,7.0,6.0,3.0,6.0,7.0,6.0,6.0,5.0,5.0,2
23,0,2,3.0,7.0,1.0,2.0,2,5.0,7.98,1.0,5.0,5.0,6.0,4.0,5.0,8.0,7.0,6.0,4.0,2
23,1,1,6.0,8.0,4.0,1.0,4,3.0,5.07,0.0,4.0,5.0,4.0,5.0,8.0,5.0,3.0,6.0,3.0,0
19,1,2,4.0,8.0,3.0,1.0,2,4.0,5.5,2.0,4.0,5.0,7.0,3.0,5.0,7.0,4.0,9.0,2.0,0
24,0,0,8.0,12.0,3.0,1.0,1,4.0,7.59,0.0,6.0,6.0,3.0,6.0,7.0,7.0,6.0,5.0,5.0,2
19,1,1,3.0,7.0,4.0,0.0,3,6.0,5.08,2.0,3.0,5.0,5.0,6.0,4.0,7.0,5.0,4.0,4.0,2
23,1,1,5.0,7.0,5.0,3.0,4,4.0,5.19,1.0,6.0,5.0,7.0,3.0,5.0,6.0,4.0,7.0,2.0,0
18,2,1,4.0,7.0,3.0,1.0,1,3.0,7.06,0.0,5.0,6.0,4.0,6.0,5.0,8.0,3.0,5.0,4.0,2
20,2,2,3.0,5.0,4.0,0.0,0,3.0,7.19,0.0,7.0,5.0,4.0,6.0,4.0,7.0,5.0,5.0,5.0,2
19,0,2,5.0,8.0,2.0,2.0,2,1.0,6.49,2.0,7.0,6.0,4.0,5.0,5.0,6.0,5.0,7.0,4.0,0
24,1,2,5.0,8.0,2.0,2.0,0,2.0,5.62,1.0,10.0,6.0,6.0,4.0,5.0,6.0,4.0,6.0,3.0,0
21,1,2,4.0,7.0,3.0,1.0,1,3.0,7.25,2.0,5.0,3.0,3.0,5.0,5.0,6.0,5.0,5.0,4.0,0
25,0,1,4.0,7.0,3.0,1.0,0,4.0,6.66,1.0,8.0,4.0,4.0,5.0,4.0,8.0,5.0,6.0,4.0,2
23,1,2,4.0,8.0,3.0,2.0,1,1.0,6.18,2.0,7.0,5.0,5.0,6.0,6.0,9.0,4.0,7.0,4.0,2
21,2,2,4.0,6.0,5.0,0.0,4,4.0,5.53,2.0,4.0,5.0,5.0,6.0,4.0,7.0,5.0,4.0,4.0,2
22,1,1,3.0,7.0,5.0,2.0,3,2.0,7.03,0.0,9.0,5.0,5.0,6.0,4.0,5.0,6.0,5.0,4.0,2
26,2,1,4.0,5.0,2.0,1.0,3,1.0,6.35,0.0,6.0,5.0,6.0,4.0,4.0,6.0,4.0,5.0,3.0,0
24,0,2,4.0,8.0,4.0,3.0,2,2.0,7.14,2.0,9.0,7.0,6.0,4.0,5.0,7.0,7.0,7.0,4.0,0
26,0,0,2.0,4.0,4.0,2.0,4,3.0,7.91,0.0,4.0,7.0,5.0,5.0,4.0,9.0,7.0,4.0,5.0,2
24,1,2,5.0,9.0,3.0,2.0,0,4.0,8.16,0.0,8.0,5.0,3.0,6.0,6.0,8.0,5.0,4.0,5.0,2
18,0,0,4.0,8.0,4.0,0.0,4,4.0,7.92,3.0,3.0,6.0,5.0,5.0,5.0,8.0,5.0,6.0,4.0,2
25,1,1,4.0,6.0,5.0,4.0,0,3.0,5.94,0.0,1.0,7.0,6.0,4.0,7.0,6.0,3.0,7.0,2.0,0
21,0,0,2.0,6.0,4.0,2.0,4,3.0,5.24,2.0,10.0,6.0,5.0,4.0,2.0,5.0,4.0,5.0,3.0,0
20,0,1,4.0,6.0,3.0,0.0,3,3.0,6.16,2.0,8.0,6.0,5.0,5.0,5.0,7.0,6.0,6.0,4.0,0
24,1,1,2.0,3.0,2.0,0.0,2,1.0,6.61,4.0,9.0,4.0,4.0,6.0,2.0,7.0,5.0,5.0,4.0,2
20,1,1,4.0,7.0,2.0,1.0,3,3.0,8.01,0.0,5.0,4.0,5.0,5.0,5.0,8.0,6.0,6.0,4.0,2
25,0,2,5.0,8.0,3.0,1.0,3,4.0,6.45,2.0,5.0,6.0,7.0,5.0,5.0,6.0,4.0,6.0,3.0,0
23,1,1,6.0,9.0,4.0,4.0,4,1.0,7.82,1.0,7.0,7.0,4.0,7.0,7.0,6.0,7.0,7.0,5.0,2
22,0,1,4.0,7.0,2.0,2.0,0,5.0,6.66,3.0,4.0,5.0,5.0,5.0,4.0,6.0,6.0,5.0,4.0,0
21,1,1,7.0,10.0,4.0,1.0,4,1.0,6.81,2.0,4.0,6.0,4.0,10.0,6.0,6.0,5.0,6.0,5.0,2
25,1,1,5.0,8.0,5.0,0.0,0,4.0,8.48,1.0,5.0,5.0,4.0,6.0,4.0,8.0,7.0,7.0,5.0,2
25,0,1,5.0,7.0,1.0,0.0,1,2.0,8.31,1.0,8.0,4.0,2.0,7.0,4.0,9.0,5.0,3.0,6.0,2
18,0,2,6.0,8.0,3.0,0.0,2,4.0,5.07,3.0,4.0,5.0,6.0,5.0,4.0,3.0,4.0,5.0,2.0,0
26,1,1,6.0,11.0,2.0,0.0,0,3.0,6.76,2.0,8.0,5.0,7.0,5.0,3.0,7.0,4.0,7.0,3.0,0
22,0,1,5.0,7.0,4.0,0.0,1,3.0,6.5,1.0,7.0,5.0,5.0,5.0,6.0,6.0,4.0,8.0,3.0,0
21,0,1,4.0,6.0,2.0,1.0,2,4.0,4.79,3.0,7.0,4.0,5.0,6.0,3.0,4.0,5.0,5.0,3.0,0
23,0,1,3.0,5.0,2.0,4.0,0,1.0,7.26,1.0,3.0,5.0,4.0,6.0,7.0,7.0,6.0,5.0,5.0,2
23,1,1,2.0,6.0,5.0,1.0,3,4.0,6.48,1.0,5.0,3.0,4.0,6.0,3.0,6.0,7.0,6.0,5.0,2
19,1,2,4.0,8.0,2.0,1.0,2,4.0,7.69,1.0,6.0,8.0,4.0,5.0,4.0,7.0,6.0,6.0,4.0,2
25,0,1,6.0,9.0,3.0,1.0,2,3.0,5.38,3.0,7.0,6.0,5.0,6.0,4.0,5.0,5.0,6.0,4.0,0
24,0,1,3.0,7.0,3.0,1.0,4,4.0,7.27,1.0,5.0,4.0,3.0,5.0,5.0,7.0,5.0,5.0,5.0,2
18,1,2,2.0,5.0,2.0,2.0,2,1.0,4.84,2.0,9.0,4.0,4.0,5.0,4.0,5.0,4.0,6.0,3.0,0
22,0,1,7.0,9.0,3.0,3.0,4,3.0,6.83,1.0,5.0,6.0,7.0,3.0,5.0,6.0,5.0,8.0,2.0,0
23,1,1,4.0,7.0,3.0,0.0,1,3.0,5.75,1.0,7.0,7.0,6.0,4.0,5.0,7.0,3.0,5.0,3.0,0
21,1,1,1.0,5.0,4.0,1.0,2,6.0,5.92,1.0,6.0,4.0,5.0,7.0,2.0,5.0,4.0,2.0,4.0,0
19,0,1,2.0,5.0,4.0,0.0,0,2.0,7.5,0.0,7.0,3.0,4.0,6.0,3.0,6.0,6.0,3.0,5.0,2
21,0,1,5.0,7.0,4.0,3.0,2,0.0,3.04,1.0,6.0,5.0,8.0,3.0,5.0,3.0,1.0,9.0,1.0,0
18,1,1,3.0,7.0,5.0,4.0,2,3.0,7.33,1.0,3.0,5.0,6.0,4.0,5.0,9.0,7.0,8.0,4.0,2
24,0,1,5.0,8.0,4.0,1.0,0,3.0,4.77,2.0,5.0,5.0,6.0,5.0,5.0,5.0,4.0,5.0,3.0,0
19,2,1,4.0,7.0,2.0,2.0,2,2.0,6.7,2.0,4.0,5.0,5.0,6.0,5.0,7.0,5.0,4.0,5.0,2
19,0,2,4.0,7.0,2.0,2.0,4,1.0,4.39,2.0,2.0,4.0,6.0,5.0,5.0,4.0,3.0,7.0,1.0,0
26,0,0,7.0,9.0,5.0,1.0,0,2.0,6.03,1.0,8.0,6.0,6.0,4.0,7.0,6.0,6.0,8.0,3.0,0
22,1,2,4.0,6.0,4.0,1.0,3,2.0,6.7,2.0,9.0,6.0,4.0,3.0,5.0,5.0,5.0,6.0,3.0,0
19,1,2,6.0,9.0,3.0,2.0,2,3.0,6.05,2.0,6.0,5.0,6.0,4.0,6.0,6.0,5.0,8.0,2.0,0
26,1,1,4.0,5.0,3.0,3.0,2,0.0,7.63,0.0,6.0,5.0,4.0,6.0,4.0,8.0,5.0,4.0,5.0,2
26,0,1,2.0,5.0,3.0,1.0,4,5.0,3.12,1.0,5.0,3.0,4.0,6.0,4.0,1.0,4.0,6.0,2.0,0
18,0,1,7.0,9.0,6.0,4.0,0,5.0,7.55,0.0,6.0,8.0,5.0,5.0,4.0,8.0,5.0,7.0,4.0,2
20,1,1,7.0,9.0,2.0,0.0,2,1.0,7.83,2.0,9.0,6.0,4.0,4.0,6.0,7.0,5.0,7.0,3.0,0
21,1,2,4.0,6.0,4.0,1.0,4,1.0,7.01,1.0,9.0,5.0,3.0,7.0,4.0,5.0,6.0,4.0,5.0,2
24,1,2,4.0,8.0,4.0,2.0,3,2.0,4.27,1.0,6.0,7.0,7.0,3.0,5.0,4.0,4.0,7.0,1.0,0
21,1,1,6.0,9.0,2.0,0.0,3,4.0,5.53,2.0,3.0,4.0,2.0,7.0,5.0,6.0,5.0,5.0,5.0,2
19,2,1,4.0,6.0,2.0,0.0,4,3.0,6.9,3.0,8.0,6.0,5.0,6.0,5.0,6.0,6.0,7.0,4.0,0
24,0,1,5.0,9.0,1.0,1.0,0,3.0,5.8,1.0,5.0,5.0,3.0,7.0,6.0,5.0,4.0,6.0,4.0,0
23,1,1,3.0,6.0,2.0,2.0,2,6.0,5.69,3.0,5.0,4.0,5.0,5.0,4.0,6.0,7.0,6.0,4.0,2
20,0,1,7.0,9.0,4.0,4.0,4,3.0,7.74,2.0,7.0,7.0,5.0,6.0,8.0,8.0,6.0,7.0,5.0,2
23,0,1,5.0,7.0,3.0,2.0,4,5.0,6.17,1.0,5.0,6.0,6.0,4.0,7.0,6.0,6.0,6.0,3.0,0
23,0,1,5.0,7.0,4.0,1.0,4,4.0,6.73,0.0,7.0,5.0,5.0,5.0,5.0,8.0,6.0,3.0,5.0,2
22,1,2,6.0,9.0,4.0,2.0,1,3.0,4.5,1.0,6.0,5.0,6.0,4.0,6.0,5.0,5.0,5.0,3.0,0
21,1,1,5.0,8.0,3.0,2.0,3,1.0,5.88,3.0,5.0,5.0,6.0,3.0,5.0,6.0,5.0,7.0,3.0,0
18,1,1,4.0,7.0,2.0,1.0,1,3.0,6.87,0.0,7.0,4.0,4.0,6.0,4.0,7.0,5.0,4.0,5.0,2
23,0,2,7.0,12.0,4.0,2.0,4,2.0,6.31,2.0,5.0,5.0,5.0,6.0,6.0,4.0,4.0,7.0,3.0,0
19,0,0,5.0,7.0,0.0,2.0,3,4.0,7.36,0.0,6.0,6.0,5.0,6.0,6.0,6.0,5.0,5.0,4.0,2
20,0,0,4.0,5.0,4.0,1.0,2,4.0,7.39,2.0,3.0,6.0,6.0,4.0,4.0,7.0,6.0,4.0,4.0,2
25,1,1,2.0,6.0,0.0,1.0,2,1.0,9.35,2.0,9.0,4.0,3.0,6.0,2.0,9.0,5.0,4.0,6.0,2
23,1,1,4.0,8.0,2.0,2.0,1,3.0,6.34,3.0,3.0,3.0,3.0,6.0,4.0,7.0,5.0,4.0,5.0,2
20,1,1,3.0,7.0,3.0,3.0,1,5.0,5.66,1.0,6.0,6.0,5.0,6.0,5.0,6.0,4.0,5.0,4.0,0
24,2,1,4.0,7.0,2.0,0.0,3,5.0,7.52,1.0,7.0,4.0,2.0,7.0,4.0,9.0,8.0,2.0,7.0,2
21,1,1,3.0,7.0,1.0,3.0,2,1.0,7.28,0.0,8.0,5.0,6.0,5.0,5.0,9.0,5.0,8.0,4.0,0
26,1,1,5.0,7.0,3.0,2.0,1,3.0,6.08,2.0,6.0,5.0,3.0,7.0,7.0,4.0,6.0,5.0,4.0,2
22,2,2,3.0,7.0,2.0,1.0,4,3.0,7.37,2.0,5.0,4.0,3.0,8.0,4.0,6.0,6.0,3.0,6.0,2
20,0,1,6.0,10.0,2.0,4.0,4,3.0,5.19,1.0,6.0,6.0,5.0,5.0,6.0,4.0,5.0,7.0,3.0,0
19,0,1,5.0,9.0,3.0,3.0,1,2.0,6.79,0.0,3.0,5.0,6.0,4.0,4.0,7.0,3.0,9.0,2.0,0
19,1,2,3.0,6.0,1.0,1.0,0,0.0,6.37,0.0,1.0,6.0,4.0,5.0,3.0,6.0,4.0,6.0,3.0,0
20,0,2,4.0,7.0,4.0,1.0,1,3.0,6.02,0.0,6.0,5.0,4.0,5.0,2.0,7.0,6.0,5.0,4.0,2
19,1,2,5.0,7.0,2.0,1.0,0,1.0,5.83,0.0,6.0,4.0,3.0,5.0,4.0,5.0,5.0,6.0,4.0,0
21,0,1,2.0,5.0,4.0,2.0,2,3.0,8.22,0.0,6.0,4.0,3.0,6.0,1.0,7.0,6.0,3.0,5.0,2
19,1,1,5.0,8.0,3.0,0.0,1,4.0,5.85,2.0,6.0,5.0,4.0,5.0,4.0,5.0,6.0,4.0,4.0,2
26,1,1,1.0,3.0,3.0,0.0,2,5.0,6.37,1.0,9.0,4.0,3.0,6.0,4.0,5.0,7.0,4.0,5.0,2
19,0,2,6.0,10.0,3.0,2.0,1,4.0,6.31,1.0,6.0,6.0,7.0,3.0,6.0,7.0,5.0,9.0,2.0,0
26,0,1,3.0,7.0,4.0,3.0,1,6.0,5.54,1.0,7.0,5.0,6.0,5.0,5.0,6.0,4.0,5.0,3.0,0
23,0,1,6.0,9.0,4.0,0.0,4,6.0,6.45,2.0,5.0,7.0,5.0,6.0,6.0,7.0,6.0,5.0,5.0,2
18,1,1,2.0,5.0,4.0,0.0,4,1.0,7.96,1.0,4.0,5.0,4.0,5.0,2.0,8.0,8.0,5.0,6.0,2
21,1,0,5.0,8.0,3.0,2.0,0,3.0,4.62,1.0,8.0,6.0,9.0,2.0,3.0,3.0,3.0,9.0,1.0,0
18,0,1,2.0,6.0,3.0,0.0,2,5.0,6.51,1.0,2.0,5.0,3.0,6.0,4.0,6.0,6.0,4.0,5.0,2
23,0,1,4.0,6.0,2.0,2.0,3,4.0,8.37,1.0,2.0,4.0,2.0,7.0,5.0,10.0,7.0,3.0,7.0,1
21,2,1,5.0,9.0,2.0,1.0,0,5.0,4.16,0.0,9.0,5.0,6.0,7.0,6.0,5.0,5.0,6.0,4.0,0
20,0,0,5.0,7.0,2.0,0.0,1,3.0,5.78,0.0,7.0,6.0,5.0,6.0,3.0,6.0,5.0,5.0,4.0,0
20,0,2,5.0,7.0,2.0,2.0,1,0.0,7.29,2.0,7.0,6.0,4.0,6.0,5.0,6.0,3.0,6.0,3.0,0
26,0,1,3.0,7.0,3.0,3.0,4,5.0,3.89,1.0,10.0,5.0,5.0,7.0,3.0,4.0,3.0,5.0,3.0,0
23,1,1,2.0,3.0,3.0,0.0,0,4.0,4.56,2.0,7.0,5.0,5.0,4.0,4.0,6.0,6.0,5.0,4.0,0
26,1,1,5.0,8.0,2.0,2.0,1,2.0,5.4,2.0,4.0,4.0,5.0,4.0,6.0,6.0,4.0,6.0,3.0,0
22,1,1,3.0,5.0,4.0,1.0,2,3.0,5.7,1.0,5.0,5.0,5.0,5.0,2.0,5.0,5.0,7.0,3.0,0
19,1,1,3.0,7.0,2.0,1.0,3,4.0,6.06,2.0,9.0,5.0,4.0,5.0,4.0,5.0,5.0,6.0,3.0,0
25,0,2,6.0,9.0,3.0,1.0,3,1.0,6.88,2.0,6.0,4.0,2.0,7.0,5.0,6.0,4.0,7.0,4.0,2
22,0,1,5.0,10.0,6.0,0.0,2,5.0,5.23,2.0,6.0,6.0,6.0,4.0,5.0,6.0,4.0,6.0,3.0,0
19,0,2,2.0,3.0,5.0,3.0,0,3.0,5.36,2.0,3.0,4.0,4.0,6.0,3.0,3.0,5.0,4.0,3.0,0
21,1,2,4.0,7.0,2.0,3.0,0,2.0,6.66,0.0,5.0,4.0,3.0,7.0,4.0,5.0,5.0,4.0,5.0,2
26,0,2,4.0,7.0,4.0,0.0,3,6.0,7.8,2.0,6.0,5.0,4.0,6.0,3.0,7.0,8.0,4.0,6.0,2
21,1,1,3.0,6.0,2.0,1.0,3,1.0,6.17,3.0,9.0,4.0,4.0,6.0,3.0,7.0,5.0,5.0,4.0,2
21,0,1,3.0,6.0,4.0,1.0,2,2.0,8.31,2.0,9.0,6.0,4.0,4.0,3.0,9.0,7.0,6.0,5.0,2
19,1,1,6.0,9.0,5.0,3.0,3,3.0,6.36,3.0,7.0,6.0,6.0,5.0,5.0,6.0,4.0,7.0,3.0,0
23,0,1,7.0,11.0,3.0,0.0,2,3.0,6.49,2.0,7.0,6.0,4.0,5.0,8.0,8.0,6.0,6.0,5.0,2
19,1,0,4.0,5.0,4.0,2.0,2,3.0,5.75,1.0,5.0,5.0,6.0,4.0,3.0,7.0,3.0,5.0,3.0,0
24,1,2,4.0,9.0,3.0,0.0,4,3.0,6.95,2.0,4.0,5.0,5.0,6.0,4.0,6.0,6.0,5.0,4.0,2
20,0,1,2.0,3.0,2.0,3.0,4,3.0,7.92,3.0,6.0,4.0,3.0,4.0,3.0,7.0,5.0,4.0,4.0,2
20,0,1,7.0,10.0,4.0,2.0,1,2.0,7.2,3.0,7.0,4.0,4.0,5.0,5.0,8.0,4.0,6.0,4.0,2
22,0,0,3.0,5.0,4.0,0.0,2,7.0,5.45,1.0,4.0,4.0,5.0,4.0,2.0,6.0,8.0,3.0,5.0,2
20,0,1,3.0,7.0,1.0,1.0,2,6.0,6.58,0.0,4.0,3.0,4.0,6.0,4.0,7.0,6.0,5.0,5.0,2
19,2,1,5.0,8.0,3.0,1.0,1,2.0,5.57,2.0,8.0,5.0,4.0,5.0,4.0,6.0,4.0,6.0,3.0,0
26,2,1,4.0,9.0,2.0,0.0,4,2.0,6.34,2.0,2.0,5.0,4.0,4.0,5.0,7.0,4.0,5.0,4.0,0
19,0,2,5.0,8.0,1.0,3.0,2,4.0,7.6,2.0,3.0,5.0,4.0,5.0,6.0,8.0,5.0,5.0,5.0,2
19,0,0,5.0,8.0,3.0,0.0,0,3.0,5.99,1.0,6.0,4.0,6.0,5.0,5.0,7.0,4.0,5.0,3.0,0
25,1,2,4.0,6.0,3.0,1.0,3,0.0,7.19,0.0,11.0,6.0,5.0,5.0,5.0,6.0,3.0,6.0,3.0,0
26,0,1,5.0,9.0,4.0,1.0,3,2.0,8.05,1.0,5.0,6.0,5.0,4.0,3.0,9.0,6.0,6.0,4.0,2
24,1,2,1.0,5.0,1.0,0.0,1,0.0,6.6,1.0,7.0,3.0,2.0,8.0,3.0,6.0,4.0,5.0,5.0,2
20,2,1,6.0,9.0,2.0,1.0,4,2.0,5.87,2.0,6.0,4.0,6.0,3.0,5.0,6.0,3.0,7.0,2.0,0
26,1,1,4.0,7.0,5.0,2.0,3,4.0,8.77,0.0,6.0,5.0,3.0,6.0,4.0,9.0,8.0,7.0,6.0,2
20,1,1,5.0,9.0,2.0,0.0,1,3.0,4.31,2.0,2.0,6.0,6.0,5.0,4.0,4.0,3.0,6.0,2.0,0
22,0,0,5.0,8.0,1.0,1.0,1,0.0,6.87,0.0,9.0,4.0,4.0,6.0,4.0,6.0,5.0,6.0,4.0,2
26,1,1,1.0,3.0,5.0,4.0,4,3.0,5.2,4.0,4.0,4.0,6.0,5.0,2.0,5.0,4.0,5.0,3.0,0
20,1,1,4.0,7.0,3.0,0.0,4,4.0,6.73,2.0,3.0,4.0,6.0,4.0,5.0,6.0,6.0,5.0,4.0,0
24,0,1,1.0,4.0,2.0,2.0,0,5.0,7.6,1.0,11.0,4.0,4.0,4.0,4.0,8.0,6.0,2.0,5.0,2
18,0,0,5.0,8.0,2.0,2.0,1,3.0,6.74,2.0,5.0,5.0,4.0,4.0,6.0,7.0,4.0,6.0,3.0,0
21,0,2,4.0,5.0,2.0,2.0,1,4.0,8.83,1.0,9.0,5.0,4.0,4.0,4.0,8.0,5.0,3.0,5.0,2
21,1,2,2.0,7.0,3.0,0.0,0,2.0,8.29,1.0,4.0,4.0,3.0,7.0,3.0,9.0,6.0,7.0,6.0,2
24,0,1,4.0,8.0,3.0,2.0,2,2.0,6.79,0.0,8.0,7.0,6.0,5.0,4.0,6.0,7.0,7.0,4.0,0
25,1,2,3.0,5.0,4.0,0.0,4,2.0,9.23,3.0,8.0,5.0,3.0,6.0,4.0,9.0,5.0,5.0,6.0,2
18,1,2,4.0,6.0,1.0,2.0,0,3.0,7.0,2.0,6.0,3.0,2.0,7.0,5.0,7.0,8.0,3.0,7.0,2
22,0,0,0.0,5.0,5.0,1.0,3,1.0,6.05,2.0,6.0,3.0,3.0,7.0,3.0,6.0,6.0,5.0,5.0,2
24,0,1,2.0,6.0,3.0,1.0,1,1.0,5.54,3.0,4.0,5.0,4.0,6.0,3.0,4.0,5.0,8.0,3.0,0
21,0,1,3.0,4.0,3.0,5.0,1,4.0,7.12,2.0,8.0,2.0,2.0,6.0,3.0,7.0,7.0,3.0,6.0,2
21,0,2,2.0,3.0,4.0,1.0,4,3.0,6.82,0.0,6.0,5.0,5.0,5.0,3.0,7.0,5.0,5.0,4.0,0
21,1,2,3.0,4.0,3.0,1.0,2,2.0,6.88,1.0,3.0,4.0,4.0,5.0,5.0,7.0,5.0,4.0,4.0,2
23,0,1,3.0,6.0,4.0,2.0,2,3.0,6.12,1.0,7.0,3.0,6.0,5.0,5.0,6.0,7.0,5.0,4.0,2
24,1,1,4.0,8.0,3.0,0.0,4,2.0,6.92,1.0,6.0,4.0,5.0,6.0,5.0,7.0,7.0,6.0,5.0,2
19,2,0,0.0,2.0,3.0,1.0,4,4.0,9.28,1.0,6.0,4.0,2.0,8.0,1.0,9.0,7.0,3.0,7.0,1
22,0,1,7.0,11.0,3.0,2.0,2,3.0,6.86,1.0,3.0,6.0,4.0,6.0,6.0,7.0,4.0,6.0,4.0,0
21,0,1,3.0,5.0,2.0,2.0,4,3.0,7.91,4.0,10.0,4.0,5.0,7.0,4.0,8.0,6.0,5.0,5.0,2
20,0,1,4.0,5.0,2.0,1.0,2,1.0,7.86,1.0,6.0,6.0,4.0,5.0,5.0,8.0,6.0,6.0,5.0,2
24,0,1,5.0,8.0,3.0,0.0,0,2.0,4.93,2.0,6.0,6.0,6.0,5.0,6.0,5.0,5.0,6.0,3.0,0
23,0,2,7.0,12.0,3.0,2.0,1,2.0,6.91,2.0,6.0,8.0,6.0,4.0,4.0,6.0,6.0,9.0,3.0,0
24,1,1,3.0,7.0,3.0,3.0,4,1.0,6.08,3.0,8.0,7.0,8.0,3.0,2.0,8.0,2.0,9.0,2.0,0
22,1,1,5.0,8.0,5.0,0.0,3,3.0,5.13,2.0,8.0,8.0,5.0,5.0,6.0,6.0,4.0,6.0,3.0,0
23,0,1,3.0,6.0,3.0,3.0,3,3.0,4.11,1.0,7.0,5.0,7.0,4.0,6.0,4.0,5.0,7.0,2.0,0
22,2,0,5.0,8.0,3.0,1.0,3,5.0,8.33,2.0,9.0,7.0,5.0,6.0,5.0,8.0,5.0,5.0,5.0,2
24,1,2,5.0,6.0,3.0,0.0,2,3.0,7.79,1.0,7.0,7.0,6.0,6.0,4.0,8.0,4.0,5.0,4.0,2
19,1,2,2.0,5.0,6.0,1.0,0,3.0,5.43,2.0,5.0,6.0,5.0,4.0,5.0,7.0,2.0,6.0,2.0,0
22,1,2,5.0,9.0,2.0,0.0,0,2.0,6.14,3.0,5.0,5.0,6.0,4.0,6.0,7.0,5.0,7.0,3.0,0
23,0,1,2.0,4.0,5.0,2.0,4,3.0,6.91,0.0,6.0,5.0,4.0,6.0,3.0,6.0,7.0,6.0,4.0,2
23,1,2,3.0,7.0,4.0,2.0,0,4.0,6.96,3.0,1.0,5.0,4.0,6.0,3.0,7.0,6.0,6.0,5.0,2
22,1,2,2.0,6.0,3.0,0.0,3,3.0,6.42,2.0,6.0,4.0,5.0,4.0,4.0,6.0,5.0,4.0,4.0,0
24,0,2,4.0,7.0,3.0,0.0,0,6.0,5.79,0.0,6.0,7.0,7.0,3.0,2.0,7.0,5.0,6.0,3.0,0
25,0,1,6.0,9.0,2.0,0.0,4,2.0,7.94,1.0,4.0,4.0,1.0,7.0,8.0,9.0,5.0,5.0,6.0,2
24,1,1,2.0,6.0,1.0,1.0,1,0.0,4.9,0.0,6.0,5.0,6.0,4.0,3.0,5.0,5.0,6.0,3.0,0
22,1,2,5.0,8.0,3.0,1.0,3,2.0,5.15,1.0,7.0,5.0,5.0,5.0,5.0,6.0,2.0,7.0,3.0,0
18,0,1,4.0,8.0,4.0,1.0,2,5.0,6.72,1.0,7.0,5.0,5.0,5.0,5.0,6.0,7.0,6.0,4.0,2
22,0,1,2.0,4.0,3.0,0.0,3,5.0,6.44,2.0,6.0,4.0,4.0,6.0,2.0,6.0,6.0,1.0,5.0,2
19,2,2,3.0,6.0,2.0,3.0,4,3.0,5.68,1.0,6.0,3.0,3.0,7.0,5.0,6.0,5.0,4.0,5.0,2
22,0,1,5.0,8.0,2.0,0.0,3,3.0,4.13,1.0,9.0,5.0,5.0,5.0,6.0,3.0,3.0,6.0,2.0,0
22,1,2,5.0,10.0,3.0,3.0,0,5.0,7.2,2.0,9.0,6.0,6.0,4.0,5.0,8.0,5.0,6.0,4.0,0
19,0,1,4.0,7.0,4.0,1.0,4,5.0,5.05,1.0,5.0,6.0,6.0,6.0,3.0,5.0,3.0,6.0,3.0,0
22,1,2,4.0,6.0,4.0,0.0,4,0.0,5.87,2.0,8.0,7.0,7.0,4.0,4.0,6.0,2.0,8.0,1.0,0
21,1,1,4.0,7.0,1.0,1.0,1,3.0,7.48,2.0,4.0,5.0,4.0,4.0,2.0,6.0,6.0,4.0,4.0,0
18,2,0,3.0,6.0,2.0,1.0,3,5.0,6.21,0.0,6.0,5.0,5.0,5.0,3.0,6.0,6.0,6.0,4.0,0
20,0,1,4.0,7.0,4.0,5.0,3,4.0,4.76,3.0,4.0,5.0,5.0,5.0,5.0,4.0,6.0,6.0,3.0,0
18,1,2,2.0,6.0,2.0,0.0,3,0.0,5.48,1.0,7.0,4.0,3.0,6.0,3.0,5.0,5.0,5.0,4.0,0
22,1,1,4.0,7.0,3.0,3.0,4,6.0,8.51,1.0,4.0,5.0,4.0,6.0,5.0,9.0,7.0,5.0,6.0,2
21,1,1,7.0,9.0,4.0,2.0,0,4.0,6.14,1.0,6.0,6.0,6.0,5.0,5.0,8.0,4.0,8.0,3.0,0
24,1,1,3.0,8.0,3.0,1.0,1,1.0,6.1,1.0,6.0,6.0,5.0,6.0,1.0,7.0,3.0,6.0,3.0,0
22,0,0,6.0,10.0,3.0,0.0,1,2.0,7.48,1.0,4.0,6.0,6.0,5.0,5.0,8.0,5.0,5.0,4.0,2
21,1,1,5.0,9.0,2.0,4.0,2,4.0,5.88,1.0,7.0,3.0,5.0,6.0,5.0,5.0,5.0,7.0,3.0,0
19,2,1,6.0,8.0,2.0,0.0,1,2.0,9.64,1.0,9.0,5.0,2.0,7.0,6.0,10.0,6.0,7.0,6.0,2
21,1,1,0.0,5.0,3.0,2.0,3,5.0,6.83,3.0,7.0,4.0,3.0,6.0,4.0,8.0,8.0,4.0,6.0,2
19,0,1,4.0,8.0,4.0,0.0,2,4.0,7.19,3.0,7.0,5.0,5.0,5.0,4.0,5.0,6.0,5.0,4.0,0
25,0,0,5.0,7.0,3.0,3.0,2,4.0,5.16,0.0,9.0,5.0,7.0,4.0,5.0,7.0,6.0,8.0,3.0,0
20,0,1,5.0,8.0,4.0,0.0,0,2.0,6.0,1.0,5.0,5.0,5.0,6.0,6.0,6.0,4.0,6.0,3.0,0
26,1,2,6.0,10.0,3.0,2.0,1,4.0,7.07,1.0,8.0,5.0,5.0,6.0,7.0,7.0,7.0,7.0,5.0,2
21,1,1,5.0,9.0,3.0,1.0,1,6.0,6.7,1.0,7.0,5.0,4.0,6.0,5.0,9.0,6.0,4.0,6.0,2
23,1,1,4.0,7.0,5.0,0.0,3,4.0,5.95,2.0,7.0,6.0,5.0,6.0,6.0,6.0,5.0,7.0,4.0,0
22,2,1,3.0,4.0,1.0,0.0,0,4.0,7.18,0.0,7.0,3.0,3.0,7.0,4.0,7.0,7.0,6.0,5.0,2
18,2,1,1.0,5.0,0.0,3.0,4,1.0,7.66,3.0,6.0,2.0,3.0,7.0,3.0,8.0,5.0,4.0,5.0,2
26,2,1,6.0,10.0,4.0,2.0,4,2.0,8.76,2.0,5.0,3.0,3.0,7.0,6.0,9.0,6.0,4.0,6.0,2
18,0,1,3.0,6.0,3.0,0.0,4,3.0,5.44,2.0,7.0,4.0,4.0,6.0,3.0,5.0,4.0,4.0,4.0,0
25,1,2,3.0,6.0,4.0,1.0,2,3.0,9.49,1.0,9.0,5.0,4.0,5.0,4.0,10.0,5.0,4.0,5.0,2
26,2,1,5.0,9.0,3.0,0.0,4,5.0,8.62,2.0,6.0,5.0,4.0,4.0,5.0,9.0,6.0,7.0,5.0,2
26,2,1,4.0,6.0,4.0,0.0,3,1.0,8.83,1.0,7.0,6.0,3.0,6.0,6.0,10.0,7.0,4.0,6.0,2
18,1,1,2.0,4.0,4.0,2.0,4,3.0,6.12,1.0,7.0,6.0,7.0,5.0,4.0,7.0,5.0,7.0,3.0,0
19,1,1,1.0,5.0,4.0,0.0,1,3.0,7.08,2.0,7.0,3.0,5.0,6.0,3.0,7.0,4.0,5.0,4.0,2
18,0,1,3.0,7.0,4.0,1.0,0,5.0,7.4,2.0,5.0,4.0,2.0,6.0,4.0,8.0,7.0,3.0,6.0,2
19,1,1,4.0,7.0,4.0,3.0,0,3.0,5.76,1.0,6.0,6.0,8.0,4.0,3.0,7.0,5.0,7.0,3.0,0
25,1,2,5.0,8.0,2.0,2.0,1,2.0,4.98,2.0,4.0,6.0,6.0,4.0,6.0,5.0,4.0,6.0,2.0,0
22,2,0,4.0,8.0,4.0,0.0,0,0.0,5.71,2.0,6.0,7.0,7.0,4.0,5.0,7.0,2.0,8.0,2.0,0
24,2,2,4.0,6.0,1.0,1.0,0,3.0,7.2,2.0,5.0,4.0,4.0,5.0,4.0,7.0,5.0,5.0,4.0,0
19,1,1,2.0,4.0,2.0,4.0,1,3.0,6.1,1.0,6.0,2.0,3.0,7.0,1.0,8.0,5.0,5.0,5.0,2
25,1,1,6.0,10.0,4.0,4.0,3,3.0,9.16,1.0,3.0,4.0,3.0,8.0,6.0,10.0,6.0,6.0,7.0,2
23,0,0,9.0,10.0,4.0,1.0,2,5.0,7.09,1.0,5.0,6.0,5.0,3.0,7.0,8.0,4.0,6.0,3.0,0
25,0,2,6.0,7.0,3.0,1.0,4,4.0,7.22,1.0,5.0,4.0,3.0,6.0,6.0,6.0,6.0,4.0,5.0,2
18,1,1,6.0,8.0,4.0,3.0,1,2.0,5.73,0.0,7.0,5.0,4.0,6.0,5.0,6.0,6.0,6.0,5.0,2
18,0,1,5.0,9.0,1.0,1.0,1,2.0,6.92,0.0,3.0,4.0,4.0,5.0,5.0,5.0,4.0,7.0,3.0,0
24,0,1,2.0,6.0,4.0,0.0,0,3.0,6.3,2.0,6.0,3.0,3.0,6.0,4.0,8.0,5.0,5.0,5.0,2
25,2,2,3.0,4.0,3.0,2.0,4,1.0,5.36,0.0,5.0,5.0,5.0,4.0,4.0,7.0,3.0,6.0,3.0,0
20,1,2,5.0,7.0,1.0,0.0,2,3.0,6.57,1.0,6.0,7.0,6.0,4.0,4.0,5.0,4.0,6.0,3.0,0
22,1,1,5.0,7.0,2.0,1.0,2,3.0,8.66,2.0,6.0,5.0,5.0,5.0,6.0,7.0,6.0,7.0,4.0,2
18,2,1,3.0,6.0,2.0,2.0,1,2.0,5.38,2.0,7.0,5.0,5.0,4.0,4.0,6.0,2.0,5.0,3.0,0
24,1,1,5.0,6.0,2.0,1.0,3,3.0,5.13,1.0,8.0,6.0,5.0,5.0,6.0,5.0,4.0,5.0,3.0,0
22,0,1,4.0,8.0,2.0,3.0,3,2.0,4.27,1.0,4.0,7.0,6.0,5.0,6.0,5.0,2.0,6.0,2.0,0
25,1,1,5.0,8.0,4.0,3.0,1,7.0,3.38,1.0,7.0,6.0,6.0,3.0,5.0,4.0,4.0,7.0,1.0,0
25,1,2,5.0,8.0,2.0,3.0,3,6.0,8.06,3.0,4.0,6.0,5.0,4.0,4.0,10.0,6.0,5.0,5.0,2
26,1,1,5.0,6.0,0.0,3.0,4,3.0,7.67,1.0,7.0,4.0,3.0,5.0,6.0,9.0,6.0,4.0,5.0,2
24,1,2,1.0,5.0,3.0,1.0,3,1.0,8.74,1.0,6.0,5.0,5.0,5.0,2.0,10.0,5.0,5.0,5.0,2
18,2,1,7.0,11.0,2.0,0.0,4,0.0,6.59,2.0,6.0,4.0,3.0,4.0,6.0,7.0,6.0,7.0,4.0,0
20,1,2,6.0,11.0,5.0,0.0,3,1.0,5.77,3.0,4.0,8.0,6.0,5.0,6.0,7.0,5.0,9.0,3.0,0
25,0,2,4.0,7.0,2.0,0.0,2,4.0,5.99,2.0,6.0,4.0,3.0,8.0,4.0,6.0,5.0,4.0,5.0,2
20,0,1,2.0,3.0,1.0,0.0,1,3.0,6.28,1.0,5.0,2.0,3.0,4.0,4.0,6.0,8.0,5.0,5.0,2
25,1,2,5.0,7.0,3.0,0.0,4,3.0,7.25,1.0,5.0,6.0,5.0,5.0,5.0,7.0,4.0,4.0,4.0,0
18,0,1,2.0,5.0,2.0,2.0,2,4.0,8.18,0.0,9.0,5.0,4.0,5.0,3.0,8.0,4.0,5.0,4.0,2
22,1,1,7.0,10.0,2.0,1.0,1,2.0,8.57,3.0,6.0,4.0,3.0,7.0,5.0,9.0,6.0,8.0,6.0,2
21,0,1,4.0,5.0,3.0,3.0,2,5.0,6.95,2.0,8.0,4.0,5.0,4.0,3.0,6.0,5.0,5.0,3.0,0
22,0,1,3.0,7.0,3.0,0.0,4,4.0,5.85,0.0,10.0,3.0,4.0,7.0,5.0,8.0,6.0,5.0,5.0,2
25,1,2,5.0,9.0,3.0,1.0,3,3.0,7.1,2.0,4.0,6.0,4.0,6.0,5.0,8.0,6.0,7.0,5.0,2
21,1,1,3.0,7.0,3.0,6.0,1,3.0,5.49,0.0,4.0,5.0,6.0,4.0,4.0,4.0,5.0,7.0,2.0,0
21,0,2,4.0,6.0,4.0,4.0,2,5.0,5.7,2.0,9.0,6.0,6.0,5.0,5.0,5.0,4.0,5.0,3.0,0
20,2,0,3.0,4.0,3.0,5.0,3,4.0,7.42,2.0,4.0,5.0,4.0,6.0,2.0,7.0,5.0,4.0,5.0,2
24,1,1,5.0,7.0,3.0,4.0,0,1.0,5.42,1.0,4.0,5.0,5.0,4.0,5.0,6.0,5.0,3.0,4.0,0
20,0,1,4.0,9.0,4.0,1.0,4,5.0,5.91,0.0,7.0,7.0,6.0,4.0,6.0,7.0,4.0,6.0,3.0,0
20,1,1,6.0,8.0,2.0,2.0,4,3.0,4.72,3.0,5.0,5.0,7.0,4.0,6.0,5.0,5.0,7.0,2.0,0
22,0,1,2.0,4.0,3.0,2.0,3,2.0,6.2,1.0,7.0,4.0,4.0,8.0,3.0,5.0,7.0,4.0,6.0,2
22,1,1,2.0,4.0,3.0,1.0,3,2.0,8.37,1.0,7.0,6.0,6.0,4.0,3.0,9.0,7.0,6.0,4.0,2
23,0,2,3.0,6.0,1.0,4.0,1,3.0,7.32,0.0,2.0,4.0,5.0,5.0,4.0,8.0,6.0,5.0,5.0,2
25,1,1,6.0,9.0,0.0,3.0,2,3.0,7.12,1.0,9.0,4.0,4.0,4.0,6.0,9.0,5.0,6.0,4.0,2
23,0,2,2.0,6.0,3.0,3.0,0,2.0,5.65,1.0,11.0,4.0,4.0,7.0,6.0,6.0,5.0,4.0,4.0,2
18,0,1,3.0,4.0,2.0,0.0,1,3.0,6.0,0.0,6.0,3.0,7.0,3.0,3.0,7.0,3.0,5.0,2.0,0
25,0,1,6.0,10.0,5.0,0.0,1,1.0,3.96,2.0,8.0,6.0,5.0,4.0,8.0,3.0,1.0,8.0,1.0,0
25,0,1,5.0,9.0,4.0,2.0,0,0.0,7.39,2.0,11.0,7.0,5.0,8.0,4.0,7.0,5.0,6.0,5.0,2
26,0,1,6.0,8.0,2.0,0.0,4,3.0,7.39,1.0,7.0,7.0,5.0,5.0,4.0,6.0,4.0,5.0,3.0,0
26,0,1,4.0,5.0,1.0,1.0,1,4.0,7.35,2.0,3.0,2.0,1.0,6.0,3.0,8.0,7.0,1.0,6.0,2
19,0,2,7.0,11.0,2.0,0.0,4,4.0,8.15,3.0,7.0,5.0,5.0,3.0,8.0,8.0,5.0,6.0,4.0,0
19,2,2,2.0,5.0,3.0,0.0,2,5.0,6.95,2.0,4.0,4.0,5.0,7.0,1.0,7.0,6.0,4.0,5.0,2
20,0,1,4.0,9.0,3.0,4.0,3,1.0,4.94,0.0,6.0,6.0,6.0,6.0,3.0,5.0,3.0,8.0,2.0,0
18,0,2,4.0,5.0,4.0,5.0,2,3.0,6.68,1.0,8.0,5.0,6.0,4.0,4.0,9.0,5.0,5.0,4.0,2
21,1,1,4.0,7.0,2.0,3.0,3,4.0,7.98,1.0,9.0,5.0,4.0,7.0,4.0,8.0,6.0,5.0,6.0,2
21,0,1,2.0,7.0,4.0,1.0,1,3.0,6.99,1.0,3.0,6.0,6.0,5.0,4.0,7.0,4.0,6.0,3.0,0
26,1,2,5.0,8.0,3.0,1.0,3,3.0,6.7,2.0,7.0,5.0,6.0,3.0,5.0,5.0,5.0,9.0,2.0,0
26,0,0,2.0,3.0,5.0,2.0,0,4.0,6.27,3.0,5.0,6.0,5.0,4.0,3.0,6.0,4.0,6.0,3.0,0
26,0,2,2.0,3.0,3.0,3.0,0,5.0,7.92,2.0,4.0,4.0,7.0,5.0,2.0,10.0,6.0,5.0,5.0,2
24,2,1,0.0,5.0,2.0,2.0,2,3.0,5.31,2.0,7.0,6.0,6.0,5.0,2.0,7.0,3.0,3.0,4.0,0
19,1,0,3.0,5.0,5.0,3.0,0,3.0,5.16,4.0,7.0,5.0,4.0,7.0,5.0,5.0,5.0,4.0,4.0,2
22,1,2,4.0,8.0,3.0,2.0,2,2.0,7.48,0.0,9.0,5.0,5.0,6.0,6.0,5.0,5.0,5.0,4.0,0
21,0,1,4.0,6.0,2.0,0.0,4,2.0,7.25,1.0,7.0,4.0,5.0,5.0,5.0,8.0,4.0,5.0,4.0,0
25,1,0,4.0,6.0,3.0,2.0,4,1.0,8.13,2.0,6.0,4.0,4.0,4.0,2.0,8.0,5.0,5.0,4.0,0
19,0,2,3.0,7.0,4.0,3.0,2,0.0,4.72,2.0,6.0,5.0,5.0,6.0,4.0,5.0,5.0,9.0,3.0,0
23,0,2,3.0,7.0,4.0,2.0,2,4.0,7.29,2.0,9.0,6.0,6.0,5.0,3.0,9.0,4.0,6.0,4.0,0
22,0,2,3.0,6.0,4.0,0.0,2,3.0,7.06,1.0,5.0,5.0,5.0,8.0,5.0,8.0,4.0,4.0,5.0,2
19,1,1,7.0,11.0,4.0,2.0,3,3.0,7.61,2.0,5.0,7.0,5.0,4.0,6.0,6.0,7.0,8.0,4.0,0
18,0,2,2.0,5.0,4.0,1.0,0,4.0,6.93,1.0,6.0,5.0,6.0,5.0,2.0,7.0,5.0,3.0,4.0,2
25,1,1,3.0,7.0,2.0,0.0,3,6.0,7.67,1.0,6.0,6.0,6.0,8.0,3.0,7.0,8.0,5.0,6.0,2
19,0,0,4.0,7.0,4.0,0.0,3,3.0,5.21,1.0,5.0,4.0,6.0,3.0,3.0,6.0,6.0,5.0,3.0,0
24,1,1,2.0,6.0,0.0,0.0,3,1.0,7.34,2.0,8.0,4.0,4.0,5.0,4.0,6.0,5.0,7.0,3.0,0
26,0,2,4.0,9.0,3.0,2.0,4,3.0,6.31,5.0,7.0,7.0,8.0,4.0,4.0,5.0,3.0,7.0,2.0,0
26,1,1,2.0,5.0,3.0,4.0,4,4.0,7.3,0.0,9.0,5.0,5.0,6.0,3.0,8.0,5.0,5.0,5.0,2
25,0,2,4.0,8.0,6.0,3.0,3,0.0,5.72,1.0,9.0,7.0,5.0,6.0,4.0,5.0,5.0,5.0,3.0,0
26,1,1,3.0,5.0,2.0,2.0,1,5.0,6.74,2.0,7.0,6.0,6.0,4.0,5.0,6.0,5.0,5.0,3.0,0
19,0,1,3.0,6.0,4.0,3.0,3,2.0,7.06,1.0,6.0,4.0,4.0,5.0,3.0,7.0,5.0,5.0,4.0,2
23,0,2,4.0,7.0,3.0,3.0,1,5.0,6.86,1.0,3.0,7.0,6.0,4.0,4.0,6.0,6.0,7.0,4.0,0
21,1,1,3.0,5.0,3.0,3.0,1,3.0,6.77,0.0,5.0,5.0,5.0,3.0,6.0,8.0,6.0,5.0,4.0,0
21,0,1,3.0,6.0,1.0,1.0,0,2.0,5.61,2.0,9.0,3.0,4.0,5.0,5.0,6.0,7.0,4.0,5.0,2
22,0,1,5.0,8.0,3.0,1.0,2,4.0,6.05,3.0,5.0,7.0,6.0,3.0,8.0,6.0,5.0,4.0,3.0,0
20,1,1,7.0,9.0,3.0,4.0,3,2.0,4.07,2.0,5.0,5.0,6.0,4.0,6.0,3.0,4.0,7.0,2.0,0
18,1,1,0.0,3.0,3.0,2.0,3,0.0,6.29,2.0,8.0,5.0,4.0,5.0,2.0,7.0,3.0,6.0,3.0,0
25,1,1,4.0,9.0,5.0,3.0,3,3.0,6.8,2.0,6.0,4.0,6.0,5.0,5.0,6.0,4.0,7.0,3.0,0
22,1,1,2.0,5.0,4.0,0.0,2,5.0,6.53,1.0,6.0,4.0,3.0,7.0,2.0,7.0,7.0,2.0,7.0,2
20,1,2,3.0,7.0,3.0,4.0,1,2.0,5.25,2.0,8.0,5.0,4.0,7.0,6.0,7.0,4.0,5.0,4.0,2
24,1,0,5.0,9.0,4.0,0.0,3,0.0,7.64,1.0,4.0,6.0,4.0,4.0,6.0,9.0,6.0,6.0,4.0,2
24,0,2,8.0,8.0,5.0,1.0,3,1.0,6.97,1.0,5.0,6.0,5.0,4.0,6.0,8.0,4.0,8.0,3.0,0
18,0,1,4.0,9.0,2.0,0.0,2,2.0,6.61,0.0,8.0,3.0,6.0,5.0,3.0,7.0,5.0,5.0,4.0,0
26,1,2,4.0,8.0,2.0,1.0,4,5.0,5.76,1.0,7.0,3.0,4.0,5.0,6.0,6.0,6.0,3.0,4.0,2
19,2,1,3.0,4.0,2.0,2.0,2,0.0,5.5,3.0,7.0,2.0,4.0,4.0,4.0,7.0,4.0,5.0,3.0,0
22,0,2,3.0,4.0,4.0,1.0,2,3.0,7.33,1.0,9.0,7.0,5.0,6.0,2.0,6.0,5.0,5.0,4.0,2
22,1,1,2.0,6.0,3.0,2.0,4,1.0,7.53,1.0,8.0,4.0,4.0,4.0,4.0,7.0,5.0,7.0,3.0,0
25,1,1,3.0,7.0,2.0,0.0,0,4.0,5.8,2.0,5.0,6.0,7.0,3.0,5.0,4.0,4.0,5.0,2.0,0
25,2,2,3.0,7.0,4.0,2.0,2,5.0,4.44,2.0,6.0,4.0,4.0,4.0,6.0,5.0,5.0,4.0,3.0,0
24,0,1,6.0,8.0,3.0,4.0,2,4.0,6.95,1.0,2.0,3.0,4.0,6.0,7.0,8.0,7.0,6.0,5.0,2
24,1,2,3.0,7.0,2.0,0.0,3,3.0,9.09,1.0,9.0,2.0,2.0,5.0,5.0,9.0,6.0,5.0,5.0,2
23,0,2,5.0,7.0,5.0,0.0,1,1.0,5.39,1.0,7.0,6.0,7.0,2.0,5.0,5.0,5.0,7.0,2.0,0
23,0,1,4.0,7.0,4.0,1.0,1,2.0,6.38,1.0,4.0,6.0,4.0,6.0,2.0,6.0,4.0,6.0,4.0,0
26,1,2,5.0,7.0,2.0,1.0,2,3.0,6.7,2.0,3.0,5.0,4.0,6.0,5.0,7.0,5.0,7.0,4.0,2
23,0,1,1.0,3.0,2.0,0.0,1,5.0,6.47,3.0,5.0,3.0,3.0,6.0,4.0,7.0,5.0,4.0,5.0,2
19,0,1,5.0,5.0,3.0,0.0,3,1.0,8.05,3.0,6.0,5.0,5.0,3.0,5.0,8.0,4.0,5.0,3.0,0
19,0,1,4.0,9.0,4.0,3.0,2,2.0,5.24,0.0,6.0,5.0,6.0,5.0,5.0,6.0,3.0,6.0,3.0,0
22,0,1,4.0,6.0,4.0,0.0,2,3.0,8.24,2.0,3.0,6.0,3.0,6.0,4.0,8.0,6.0,4.0,5.0,2
21,1,1,6.0,10.0,2.0,2.0,2,5.0,6.53,1.0,4.0,3.0,2.0,4.0,3.0,8.0,8.0,5.0,5.0,2
19,0,1,4.0,6.0,1.0,0.0,3,2.0,7.04,2.0,7.0,4.0,6.0,4.0,3.0,7.0,4.0,5.0,4.0,0
20,1,1,5.0,8.0,3.0,3.0,1,6.0,6.68,0.0,11.0,6.0,4.0,6.0,7.0,6.0,7.0,4.0,5.0,2
24,1,1,4.0,5.0,2.0,0.0,2,2.0,6.38,1.0,7.0,5.0,6.0,5.0,4.0,7.0,5.0,6.0,4.0,0
25,1,2,4.0,9.0,3.0,0.0,4,1.0,5.89,4.0,7.0,5.0,6.0,4.0,3.0,6.0,4.0,7.0,3.0,0
23,1,1,4.0,9.0,2.0,0.0,2,2.0,6.23,2.0,3.0,4.0,4.0,6.0,4.0,6.0,5.0,7.0,4.0,0
22,1,1,4.0,6.0,1.0,0.0,1,2.0,8.93,1.0,6.0,4.0,4.0,6.0,4.0,9.0,5.0,5.0,5.0,2
18,1,1,6.0,10.0,5.0,0.0,0,3.0,7.89,1.0,3.0,7.0,6.0,4.0,6.0,6.0,6.0,9.0,3.0,0
25,1,1,6.0,10.0,3.0,2.0,0,4.0,6.42,1.0,6.0,6.0,5.0,3.0,6.0,6.0,6.0,6.0,3.0,0
20,0,0,4.0,7.0,4.0,2.0,0,4.0,7.4,3.0,10.0,5.0,4.0,6.0,6.0,7.0,3.0,5.0,4.0,0
23,1,2,4.0,7.0,0.0,6.0,4,4.0,7.3,1.0,5.0,3.0,4.0,7.0,5.0,8.0,5.0,7.0,5.0,2
20,0,2,5.0,8.0,2.0,0.0,0,2.0,4.04,1.0,6.0,5.0,7.0,5.0,4.0,2.0,3.0,7.0,1.0,0
24,1,1,5.0,7.0,2.0,3.0,3,3.0,5.93,2.0,4.0,5.0,5.0,6.0,4.0,6.0,5.0,5.0,4.0,2
24,1,2,6.0,9.0,4.0,1.0,3,1.0,4.78,1.0,7.0,8.0,7.0,4.0,6.0,6.0,4.0,9.0,2.0,0
26,1,0,5.0,7.0,5.0,3.0,0,1.0,6.54,1.0,5.0,6.0,5.0,5.0,5.0,8.0,5.0,5.0,4.0,2
22,1,1,4.0,8.0,2.0,1.0,0,4.0,7.94,1.0,3.0,4.0,2.0,7.0,4.0,9.0,7.0,4.0,7.0,2
25,0,1,3.0,7.0,3.0,3.0,1,3.0,7.21,2.0,6.0,6.0,5.0,5.0,4.0,8.0,7.0,4.0,5.0,2
25,1,1,5.0,9.0,5.0,4.0,3,3.0,6.69,2.0,10.0,7.0,5.0,2.0,5.0,6.0,4.0,7.0,2.0,0
18,2,0,4.0,7.0,2.0,0.0,1,4.0,5.66,1.0,7.0,5.0,6.0,4.0,4.0,6.0,3.0,7.0,2.0,0
22,2,1,3.0,5.0,2.0,0.0,1,0.0,4.58,0.0,6.0,5.0,7.0,4.0,4.0,4.0,3.0,8.0,1.0,0
20,1,2,5.0,9.0,4.0,0.0,0,3.0,7.11,2.0,5.0,7.0,4.0,6.0,4.0,8.0,5.0,3.0,5.0,2
18,0,1,6.0,10.0,1.0,0.0,1,2.0,6.5,1.0,5.0,5.0,5.0,4.0,6.0,5.0,6.0,8.0,3.0,0
21,1,0,4.0,7.0,1.0,0.0,0,4.0,6.73,3.0,9.0,4.0,5.0,5.0,5.0,7.0,7.0,7.0,4.0,2
25,0,1,6.0,9.0,0.0,1.0,0,3.0,6.37,2.0,6.0,5.0,6.0,3.0,6.0,7.0,6.0,8.0,3.0,0
20,0,2,5.0,9.0,4.0,2.0,2,2.0,6.66,1.0,7.0,6.0,6.0,4.0,7.0,7.0,5.0,8.0,3.0,0
19,1,2,2.0,5.0,5.0,1.0,3,3.0,6.19,1.0,7.0,5.0,4.0,7.0,3.0,7.0,5.0,7.0,4.0,2
26,1,1,5.0,8.0,3.0,1.0,4,1.0,6.68,2.0,4.0,6.0,3.0,8.0,5.0,5.0,5.0,5.0,5.0,2
22,1,2,1.0,2.0,4.0,2.0,3,5.0,6.12,3.0,1.0,4.0,5.0,4.0,2.0,6.0,5.0,5.0,4.0,0
24,1,2,5.0,7.0,0.0,1.0,4,4.0,8.06,0.0,4.0,5.0,4.0,5.0,5.0,8.0,6.0,5.0,5.0,2
19,0,1,2.0,6.0,4.0,3.0,2,5.0,6.04,2.0,3.0,5.0,6.0,5.0,2.0,5.0,6.0,4.0,4.0,0
26,1,1,4.0,6.0,3.0,3.0,2,4.0,9.12,0.0,9.0,3.0,2.0,6.0,4.0,9.0,7.0,4.0,7.0,2
26,1,1,5.0,6.0,2.0,1.0,3,2.0,7.27,1.0,4.0,5.0,6.0,5.0,5.0,7.0,6.0,8.0,4.0,0
21,0,1,3.0,7.0,3.0,0.0,2,3.0,4.83,1.0,5.0,5.0,6.0,3.0,3.0,4.0,3.0,6.0,1.0,0
21,0,0,7.0,10.0,5.0,1.0,2,4.0,9.39,0.0,7.0,8.0,4.0,7.0,3.0,10.0,6.0,6.0,6.0,2
23,1,1,3.0,6.0,4.0,1.0,0,4.0,8.77,0.0,5.0,4.0,2.0,7.0,4.0,9.0,9.0,2.0,8.0,1
23,0,2,1.0,4.0,2.0,5.0,2,4.0,3.8,3.0,8.0,4.0,7.0,4.0,3.0,3.0,5.0,6.0,2.0,0
18,0,1,4.0,7.0,2.0,1.0,1,2.0,6.49,3.0,11.0,4.0,4.0,5.0,3.0,6.0,5.0,7.0,4.0,0
26,0,1,6.0,6.0,4.0,1.0,2,4.0,4.22,3.0,9.0,5.0,7.0,3.0,6.0,4.0,3.0,6.0,1.0,0
19,0,1,4.0,7.0,4.0,0.0,4,4.0,4.94,1.0,8.0,3.0,5.0,6.0,2.0,3.0,4.0,4.0,3.0,0
22,0,1,3.0,6.0,2.0,2.0,3,2.0,5.47,3.0,5.0,4.0,4.0,6.0,4.0,4.0,4.0,7.0,3.0,0
26,1,1,2.0,5.0,5.0,1.0,4,2.0,7.18,2.0,6.0,5.0,3.0,4.0,4.0,9.0,5.0,4.0,5.0,2
21,0,2,3.0,6.0,3.0,3.0,0,4.0,6.44,1.0,6.0,6.0,6.0,5.0,3.0,6.0,4.0,5.0,3.0,0
20,2,1,2.0,5.0,4.0,4.0,2,3.0,7.33,1.0,9.0,7.0,6.0,6.0,1.0,7.0,5.0,5.0,4.0,2
24,0,2,4.0,8.0,3.0,0.0,1,3.0,8.04,3.0,6.0,4.0,3.0,6.0,6.0,7.0,7.0,6.0,5.0,2
23,1,1,4.0,7.0,6.0,3.0,0,2.0,4.73,1.0,6.0,6.0,6.0,5.0,3.0,4.0,3.0,7.0,2.0,0
25,1,0,3.0,6.0,3.0,3.0,3,5.0,7.28,1.0,9.0,4.0,3.0,7.0,3.0,7.0,7.0,4.0,6.0,2
20,2,2,4.0,8.0,1.0,1.0,2,5.0,7.5,0.0,8.0,5.0,6.0,5.0,5.0,7.0,7.0,6.0,4.0,2
22,1,1,6.0,8.0,2.0,0.0,3,2.0,4.48,2.0,3.0,5.0,7.0,3.0,6.0,5.0,3.0,7.0,1.0,0
21,1,1,3.0,4.0,4.0,0.0,0,4.0,8.81,2.0,7.0,6.0,3.0,6.0,3.0,9.0,6.0,3.0,6.0,2
21,1,1,3.0,7.0,5.0,1.0,1,4.0,7.17,2.0,5.0,6.0,6.0,6.0,4.0,6.0,4.0,6.0,3.0,0
21,2,1,4.0,8.0,3.0,2.0,3,2.0,6.54,2.0,12.0,7.0,5.0,5.0,3.0,6.0,5.0,7.0,4.0,0
25,1,1,2.0,7.0,2.0,3.0,2,2.0,6.11,0.0,6.0,2.0,4.0,7.0,1.0,7.0,5.0,5.0,5.0,2
23,1,0,5.0,8.0,3.0,3.0,4,4.0,9.11,3.0,7.0,5.0,4.0,7.0,6.0,8.0,5.0,7.0,5.0,2
20,0,1,3.0,6.0,3.0,1.0,4,0.0,5.28,1.0,8.0,5.0,7.0,4.0,4.0,5.0,2.0,6.0,2.0,0
22,1,2,2.0,5.0,4.0,0.0,3,0.0,9.69,1.0,9.0,4.0,2.0,8.0,5.0,8.0,6.0,2.0,6.0,2
23,0,1,5.0,9.0,5.0,0.0,1,5.0,3.32,3.0,7.0,7.0,6.0,5.0,6.0,3.0,5.0,6.0,3.0,0
22,0,1,3.0,7.0,5.0,1.0,0,3.0,5.49,1.0,7.0,5.0,6.0,4.0,2.0,6.0,5.0,5.0,3.0,0
23,0,2,3.0,7.0,3.0,1.0,2,4.0,6.37,1.0,8.0,5.0,4.0,6.0,5.0,8.0,5.0,3.0,5.0,2
25,0,1,4.0,7.0,1.0,4.0,3,7.0,7.64,2.0,6.0,5.0,5.0,4.0,4.0,7.0,6.0,6.0,4.0,2
24,2,2,6.0,9.0,4.0,1.0,2,3.0,5.67,2.0,6.0,4.0,3.0,7.0,5.0,5.0,6.0,4.0,5.0,2
22,1,1,3.0,8.0,2.0,0.0,1,4.0,5.64,1.0,8.0,6.0,5.0,6.0,3.0,4.0,4.0,6.0,3.0,0
23,1,2,3.0,6.0,5.0,3.0,4,3.0,6.69,4.0,7.0,4.0,5.0,5.0,5.0,7.0,8.0,6.0,5.0,2
21,0,2,1.0,3.0,4.0,2.0,0,2.0,5.21,0.0,6.0,5.0,6.0,5.0,1.0,5.0,4.0,7.0,3.0,0
26,1,2,2.0,4.0,3.0,0.0,4,1.0,7.45,1.0,7.0,5.0,4.0,6.0,2.0,7.0,6.0,5.0,5.0,2
21,2,2,3.0,6.0,6.0,1.0,0,4.0,4.35,1.0,9.0,5.0,5.0,3.0,4.0,5.0,3.0,5.0,2.0,0
18,2,1,2.0,7.0,4.0,0.0,4,3.0,5.28,3.0,6.0,6.0,8.0,3.0,4.0,6.0,4.0,9.0,1.0,0
24,1,1,3.0,6.0,4.0,4.0,3,2.0,5.65,1.0,3.0,4.0,6.0,3.0,4.0,4.0,4.0,8.0,2.0,0
24,2,1,7.0,8.0,2.0,0.0,1,4.0,6.46,2.0,5.0,6.0,5.0,4.0,6.0,6.0,5.0,8.0,3.0,0
21,1,1,6.0,11.0,2.0,0.0,4,2.0,6.42,1.0,8.0,5.0,5.0,5.0,7.0,6.0,5.0,7.0,3.0,0
20,0,1,3.0,6.0,0.0,1.0,1,3.0,9.51,2.0,6.0,3.0,1.0,8.0,3.0,8.0,7.0,2.0,7.0,1
25,1,2,4.0,7.0,4.0,2.0,4,4.0,6.68,3.0,6.0,6.0,4.0,4.0,7.0,7.0,6.0,6.0,4.0,0
22,0,1,2.0,5.0,3.0,3.0,2,3.0,6.21,0.0,5.0,4.0,4.0,4.0,3.0,6.0,5.0,5.0,3.0,0
24,0,0,6.0,7.0,6.0,3.0,4,3.0,6.05,1.0,7.0,6.0,5.0,4.0,7.0,6.0,5.0,7.0,3.0,0
21,0,0,4.0,6.0,3.0,2.0,0,1.0,7.09,2.0,7.0,6.0,5.0,4.0,5.0,7.0,4.0,6.0,3.0,0
21,2,2,6.0,8.0,3.0,0.0,2,3.0,4.53,3.0,6.0,6.0,5.0,4.0,7.0,6.0,5.0,6.0,3.0,0
25,0,0,3.0,6.0,5.0,0.0,3,5.0,4.66,2.0,7.0,6.0,6.0,4.0,4.0,5.0,3.0,3.0,2.0,0
25,1,2,6.0,9.0,3.0,2.0,3,1.0,3.27,2.0,9.0,4.0,5.0,5.0,7.0,4.0,4.0,7.0,2.0,0
19,0,1,3.0,7.0,2.0,2.0,3,1.0,5.37,1.0,5.0,5.0,4.0,5.0,3.0,6.0,3.0,7.0,3.0,0
19,0,2,1.0,2.0,2.0,0.0,1,5.0,8.59,1.0,6.0,5.0,5.0,5.0,3.0,9.0,8.0,4.0,6.0,2
20,2,2,4.0,9.0,3.0,1.0,3,2.0,5.85,1.0,6.0,7.0,4.0,4.0,4.0,6.0,4.0,4.0,3.0,0
20,2,1,3.0,7.0,3.0,1.0,4,2.0,4.71,2.0,6.0,6.0,4.0,5.0,3.0,4.0,5.0,6.0,3.0,0
18,1,1,6.0,9.0,2.0,4.0,2,3.0,6.79,0.0,5.0,5.0,6.0,4.0,4.0,7.0,5.0,4.0,4.0,0
20,1,1,3.0,6.0,5.0,2.0,0,4.0,8.02,3.0,7.0,7.0,4.0,5.0,4.0,8.0,6.0,4.0,5.0,2
23,1,1,5.0,9.0,1.0,0.0,3,1.0,7.11,3.0,6.0,2.0,4.0,4.0,6.0,7.0,2.0,5.0,3.0,0
25,0,0,3.0,6.0,4.0,0.0,0,3.0,7.2,2.0,8.0,5.0,5.0,6.0,5.0,7.0,6.0,4.0,5.0,2
23,1,1,3.0,6.0,2.0,1.0,1,1.0,8.14,0.0,6.0,4.0,4.0,6.0,3.0,8.0,5.0,6.0,5.0,2
22,0,1,4.0,8.0,4.0,0.0,1,6.0,6.19,0.0,5.0,5.0,4.0,3.0,4.0,5.0,5.0,4.0,3.0,0
21,1,1,5.0,9.0,3.0,0.0,0,2.0,4.97,2.0,7.0,5.0,7.0,3.0,4.0,6.0,3.0,8.0,2.0,0
20,1,1,2.0,5.0,3.0,2.0,4,2.0,7.23,3.0,10.0,5.0,4.0,5.0,3.0,8.0,6.0,5.0,5.0,2
21,1,1,5.0,8.0,4.0,2.0,0,2.0,6.5,2.0,6.0,6.0,5.0,5.0,4.0,6.0,5.0,5.0,4.0,0
24,1,1,5.0,8.0,4.0,4.0,2,3.0,5.4,1.0,7.0,6.0,6.0,6.0,5.0,4.0,4.0,7.0,3.0,0
18,0,0,4.0,5.0,3.0,0.0,3,3.0,4.33,1.0,9.0,6.0,6.0,3.0,3.0,4.0,5.0,4.0,2.0,0
24,1,1,4.0,5.0,3.0,2.0,4,4.0,7.7,2.0,4.0,5.0,3.0,7.0,5.0,8.0,6.0,5.0,5.0,2
18,1,2,0.0,3.0,4.0,4.0,0,2.0,5.28,0.0,7.0,5.0,7.0,3.0,4.0,5.0,5.0,7.0,2.0,0
19,1,1,7.0,11.0,5.0,3.0,2,2.0,6.95,2.0,6.0,5.0,4.0,6.0,6.0,6.0,6.0,6.0,4.0,2
21,0,0,4.0,7.0,4.0,4.0,0,0.0,6.01,2.0,4.0,6.0,4.0,5.0,4.0,5.0,3.0,6.0,3.0,0
18,0,1,6.0,10.0,3.0,0.0,3,1.0,8.01,0.0,6.0,6.0,5.0,6.0,7.0,10.0,4.0,6.0,5.0,2
26,1,2,3.0,7.0,5.0,2.0,1,2.0,7.35,3.0,6.0,5.0,5.0,6.0,4.0,8.0,4.0,7.0,4.0,2
23,0,2,4.0,7.0,5.0,0.0,0,5.0,7.04,1.0,2.0,6.0,5.0,7.0,4.0,7.0,7.0,5.0,5.0,2
18,1,2,5.0,7.0,4.0,5.0,2,3.0,6.83,2.0,2.0,6.0,5.0,7.0,5.0,6.0,6.0,5.0,4.0,2
18,1,1,3.0,7.0,3.0,3.0,0,2.0,4.62,1.0,5.0,5.0,4.0,6.0,3.0,6.0,5.0,5.0,4.0,2
23,0,1,2.0,4.0,3.0,3.0,3,5.0,6.64,1.0,7.0,5.0,5.0,5.0,4.0,8.0,5.0,3.0,5.0,2
21,1,1,4.0,6.0,1.0,0.0,2,3.0,5.89,2.0,6.0,5.0,5.0,4.0,5.0,8.0,4.0,6.0,4.0,0
21,0,1,2.0,6.0,4.0,2.0,1,2.0,6.63,3.0,9.0,5.0,5.0,4.0,2.0,6.0,3.0,4.0,3.0,0
23,1,1,3.0,6.0,0.0,2.0,3,2.0,6.22,0.0,6.0,2.0,2.0,6.0,3.0,3.0,6.0,6.0,3.0,0
24,2,2,3.0,7.0,3.0,1.0,0,1.0,4.74,2.0,6.0,6.0,5.0,6.0,5.0,5.0,5.0,5.0,4.0,2
26,1,1,4.0,5.0,3.0,2.0,4,2.0,6.44,0.0,6.0,4.0,4.0,4.0,3.0,4.0,5.0,6.0,3.0,0
22,0,1,3.0,6.0,4.0,0.0,0,3.0,4.53,1.0,8.0,4.0,5.0,5.0,3.0,5.0,4.0,5.0,3.0,0
26,2,0,2.0,5.0,3.0,4.0,1,3.0,7.73,2.0,5.0,5.0,4.0,5.0,3.0,8.0,7.0,5.0,5.0,2
21,1,0,4.0,7.0,3.0,2.0,0,5.0,7.06,1.0,7.0,6.0,6.0,4.0,4.0,7.0,7.0,6.0,4.0,0
19,0,0,5.0,9.0,2.0,1.0,4,4.0,5.69,1.0,7.0,5.0,4.0,6.0,5.0,6.0,6.0,4.0,5.0,2
20,1,1,2.0,4.0,3.0,3.0,1,4.0,5.78,2.0,5.0,4.0,4.0,7.0,3.0,5.0,4.0,4.0,4.0,0
18,0,1,4.0,8.0,2.0,0.0,1,5.0,3.74,2.0,8.0,6.0,6.0,5.0,5.0,3.0,5.0,6.0,2.0,0
23,1,2,5.0,8.0,3.0,3.0,0,4.0,6.59,0.0,8.0,5.0,5.0,6.0,4.0,7.0,6.0,5.0,5.0,2
23,1,1,4.0,7.0,2.0,1.0,3,2.0,5.87,2.0,8.0,6.0,5.0,4.0,6.0,7.0,3.0,6.0,3.0,0
18,0,1,2.0,4.0,5.0,0.0,1,3.0,8.5,2.0,8.0,7.0,4.0,5.0,4.0,7.0,6.0,3.0,5.0,2
20,1,1,4.0,8.0,1.0,2.0,2,5.0,6.61,3.0,9.0,4.0,4.0,7.0,6.0,7.0,6.0,5.0,5.0,2
22,0,2,4.0,6.0,2.0,3.0,1,5.0,7.96,1.0,7.0,2.0,3.0,8.0,4.0,8.0,7.0,5.0,6.0,2
20,1,1,4.0,7.0,3.0,3.0,2,3.0,6.41,0.0,3.0,7.0,6.0,5.0,4.0,6.0,4.0,5.0,3.0,0
20,1,2,4.0,8.0,2.0,2.0,3,6.0,8.01,1.0,2.0,5.0,3.0,6.0,4.0,8.0,5.0,4.0,5.0,2
20,0,1,1.0,5.0,4.0,2.0,4,2.0,5.57,4.0,7.0,5.0,5.0,6.0,2.0,5.0,4.0,4.0,4.0,0
22,0,1,4.0,9.0,3.0,0.0,2,4.0,7.16,0.0,9.0,5.0,6.0,3.0,6.0,6.0,3.0,6.0,2.0,0
22,1,1,5.0,8.0,2.0,1.0,2,1.0,6.03,0.0,3.0,5.0,5.0,6.0,6.0,5.0,4.0,7.0,3.0,0
21,1,1,6.0,9.0,3.0,2.0,4,3.0,8.05,1.0,7.0,4.0,4.0,5.0,7.0,8.0,7.0,5.0,5.0,2
18,1,0,5.0,8.0,4.0,4.0,1,4.0,5.53,1.0,8.0,7.0,7.0,2.0,5.0,6.0,4.0,6.0,2.0,0
22,1,0,4.0,8.0,0.0,0.0,2,5.0,5.94,1.0,4.0,5.0,6.0,3.0,6.0,7.0,5.0,7.0,3.0,0
22,1,1,5.0,8.0,2.0,1.0,2,0.0,7.01,0.0,6.0,3.0,4.0,7.0,5.0,7.0,4.0,6.0,4.0,2
21,1,0,5.0,7.0,3.0,2.0,4,1.0,5.74,1.0,7.0,4.0,3.0,8.0,6.0,5.0,4.0,4.0,4.0,2
23,0,2,4.0,6.0,3.0,0.0,1,2.0,7.59,1.0,4.0,6.0,3.0,5.0,5.0,8.0,6.0,4.0,5.0,2
21,0,1,6.0,10.0,3.0,1.0,0,0.0,7.18,2.0,8.0,5.0,5.0,5.0,5.0,6.0,6.0,7.0,3.0,0
24,1,2,3.0,7.0,3.0,4.0,2,3.0,9.49,4.0,6.0,6.0,4.0,2.0,6.0,10.0,7.0,6.0,5.0,2
24,1,0,4.0,8.0,3.0,0.0,3,6.0,8.14,2.0,6.0,6.0,3.0,6.0,3.0,7.0,6.0,3.0,5.0,2
19,1,1,5.0,7.0,4.0,2.0,4,3.0,6.99,2.0,3.0,7.0,6.0,5.0,5.0,7.0,5.0,7.0,4.0,0
20,0,1,3.0,5.0,3.0,2.0,2,4.0,5.88,3.0,6.0,5.0,3.0,4.0,4.0,6.0,7.0,5.0,5.0,2
18,2,1,2.0,4.0,2.0,2.0,1,3.0,7.33,2.0,4.0,5.0,3.0,7.0,1.0,5.0,8.0,3.0,6.0,2
25,0,1,3.0,6.0,2.0,2.0,3,2.0,6.24,3.0,8.0,5.0,4.0,4.0,3.0,7.0,4.0,6.0,3.0,0
26,0,1,5.0,7.0,3.0,1.0,0,1.0,8.74,2.0,7.0,6.0,6.0,3.0,3.0,9.0,6.0,5.0,4.0,2
21,0,2,7.0,12.0,3.0,1.0,3,4.0,6.43,0.0,4.0,6.0,6.0,5.0,8.0,7.0,7.0,6.0,5.0,2
23,1,2,6.0,8.0,3.0,1.0,2,4.0,5.07,2.0,4.0,6.0,7.0,3.0,6.0,5.0,3.0,6.0,2.0,0
26,1,1,5.0,10.0,1.0,3.0,3,3.0,6.54,1.0,6.0,3.0,4.0,7.0,5.0,6.0,5.0,7.0,4.0,2
23,0,1,6.0,10.0,3.0,2.0,0,3.0,6.87,2.0,7.0,7.0,5.0,5.0,5.0,6.0,5.0,6.0,3.0,0
26,1,2,4.0,8.0,3.0,2.0,1,6.0,6.66,0.0,8.0,5.0,5.0,5.0,4.0,7.0,4.0,5.0,4.0,0
21,0,1,3.0,8.0,4.0,0.0,0,5.0,7.58,2.0,3.0,5.0,3.0,6.0,4.0,8.0,6.0,2.0,6.0,2
25,0,2,4.0,7.0,3.0,0.0,0,1.0,5.16,1.0,5.0,6.0,6.0,5.0,5.0,7.0,2.0,7.0,2.0,0
26,0,0,4.0,7.0,2.0,0.0,4,1.0,6.65,1.0,4.0,4.0,3.0,7.0,5.0,6.0,6.0,6.0,5.0,2
21,1,0,3.0,6.0,3.0,0.0,4,4.0,5.25,3.0,8.0,6.0,6.0,4.0,4.0,6.0,5.0,4.0,4.0,0
22,0,2,4.0,6.0,5.0,2.0,0,1.0,3.01,0.0,6.0,5.0,7.0,5.0,3.0,4.0,2.0,9.0,1.0,0
25,0,1,2.0,4.0,2.0,4.0,3,4.0,6.02,3.0,5.0,4.0,4.0,5.0,4.0,6.0,4.0,5.0,4.0,0
23,0,1,4.0,6.0,3.0,2.0,3,5.0,5.44,3.0,9.0,4.0,6.0,5.0,5.0,4.0,4.0,8.0,2.0,0
24,0,2,4.0,7.0,2.0,0.0,0,2.0,8.31,3.0,7.0,4.0,1.0,6.0,5.0,9.0,7.0,4.0,6.0,2
20,2,0,4.0,7.0,3.0,1.0,3,3.0,6.65,1.0,6.0,5.0,4.0,5.0,3.0,7.0,4.0,6.0,4.0,0
24,1,1,7.0,10.0,2.0,1.0,1,4.0,6.59,2.0,5.0,4.0,4.0,5.0,5.0,9.0,9.0,7.0,6.0,2
25,1,1,4.0,8.0,3.0,3.0,3,2.0,6.76,2.0,2.0,4.0,4.0,5.0,4.0,7.0,4.0,5.0,4.0,2
23,1,2,7.0,9.0,4.0,0.0,3,4.0,6.84,0.0,5.0,5.0,5.0,6.0,6.0,7.0,5.0,5.0,4.0,2
26,1,1,2.0,3.0,4.0,3.0,0,3.0,8.58,2.0,5.0,5.0,5.0,5.0,3.0,8.0,6.0,5.0,5.0,2
23,2,1,5.0,9.0,3.0,2.0,3,4.0,5.29,0.0,8.0,6.0,5.0,4.0,7.0,6.0,7.0,6.0,4.0,0
26,2,0,4.0,7.0,3.0,0.0,3,1.0,4.05,1.0,3.0,5.0,6.0,3.0,3.0,5.0,2.0,6.0,1.0,0
21,1,1,4.0,9.0,4.0,0.0,4,3.0,6.04,2.0,7.0,6.0,5.0,4.0,5.0,6.0,4.0,7.0,3.0,0
25,1,1,2.0,5.0,1.0,1.0,4,4.0,6.27,2.0,7.0,3.0,3.0,5.0,5.0,6.0,5.0,3.0,4.0,2
21,1,1,5.0,9.0,2.0,2.0,3,2.0,6.77,3.0,5.0,4.0,4.0,4.0,5.0,6.0,6.0,5.0,4.0,0
19,0,2,7.0,9.0,5.0,0.0,3,2.0,8.5,1.0,6.0,6.0,5.0,3.0,6.0,9.0,4.0,7.0,3.0,0
26,1,1,5.0,9.0,4.0,0.0,0,5.0,7.11,2.0,7.0,6.0,4.0,5.0,4.0,7.0,5.0,5.0,4.0,2
22,1,1,4.0,8.0,3.0,1.0,1,4.0,6.69,1.0,6.0,4.0,3.0,7.0,5.0,8.0,7.0,5.0,6.0,2
21,1,2,4.0,8.0,1.0,3.0,4,3.0,7.48,4.0,10.0,1.0,2.0,8.0,4.0,8.0,8.0,4.0,7.0,2
19,1,1,5.0,7.0,1.0,0.0,2,4.0,5.73,0.0,8.0,2.0,3.0,7.0,6.0,5.0,7.0,4.0,5.0,2
18,2,1,6.0,9.0,1.0,0.0,3,1.0,4.48,1.0,7.0,5.0,6.0,4.0,5.0,5.0,2.0,7.0,2.0,0
24,1,1,3.0,7.0,2.0,3.0,2,3.0,5.51,3.0,6.0,5.0,5.0,4.0,4.0,4.0,4.0,5.0,3.0,0
23,1,1,4.0,7.0,2.0,2.0,0,2.0,6.71,0.0,8.0,4.0,4.0,6.0,5.0,7.0,4.0,5.0,4.0,2
19,1,2,4.0,6.0,4.0,1.0,2,3.0,9.34,3.0,6.0,5.0,3.0,7.0,5.0,10.0,7.0,2.0,7.0,1
25,0,2,3.0,6.0,1.0,1.0,1,1.0,6.44,2.0,4.0,6.0,4.0,6.0,3.0,7.0,5.0,5.0,4.0,2
21,0,2,4.0,8.0,2.0,2.0,1,4.0,7.46,1.0,7.0,5.0,3.0,7.0,5.0,8.0,5.0,4.0,5.0,2
25,1,2,6.0,11.0,4.0,3.0,0,1.0,8.49,0.0,5.0,6.0,4.0,6.0,7.0,8.0,7.0,7.0,5.0,2
24,1,1,3.0,6.0,3.0,4.0,4,7.0,7.7,2.0,7.0,5.0,5.0,5.0,4.0,8.0,6.0,5.0,5.0,2
22,0,2,5.0,9.0,3.0,2.0,3,3.0,7.47,2.0,5.0,6.0,3.0,5.0,5.0,8.0,6.0,5.0,5.0,2
25,1,2,5.0,7.0,3.0,0.0,2,2.0,7.15,0.0,4.0,5.0,3.0,6.0,4.0,7.0,6.0,5.0,5.0,2
26,0,1,4.0,9.0,4.0,1.0,0,3.0,5.44,2.0,10.0,4.0,5.0,5.0,4.0,5.0,4.0,7.0,3.0,0
22,1,1,5.0,9.0,4.0,2.0,1,0.0,7.54,2.0,4.0,5.0,3.0,7.0,4.0,7.0,4.0,6.0,4.0,2
22,1,1,5.0,8.0,2.0,2.0,1,3.0,7.61,1.0,7.0,4.0,5.0,5.0,5.0,7.0,5.0,7.0,4.0,0
19,0,1,3.0,6.0,2.0,2.0,0,4.0,3.58,3.0,8.0,5.0,5.0,7.0,1.0,3.0,5.0,6.0,3.0,0
22,0,1,4.0,7.0,3.0,2.0,0,4.0,6.84,1.0,7.0,5.0,6.0,5.0,3.0,7.0,4.0,7.0,3.0,0
20,0,2,4.0,5.0,3.0,4.0,0,2.0,6.22,1.0,9.0,5.0,5.0,5.0,3.0,6.0,5.0,5.0,3.0,0
24,1,2,2.0,4.0,4.0,2.0,2,5.0,5.48,2.0,7.0,6.0,7.0,5.0,2.0,5.0,3.0,5.0,3.0,0
22,0,2,4.0,8.0,4.0,0.0,1,2.0,6.76,0.0,1.0,6.0,7.0,3.0,4.0,6.0,3.0,6.0,2.0,0
25,0,1,4.0,7.0,4.0,1.0,0,2.0,6.12,1.0,3.0,6.0,6.0,4.0,5.0,7.0,5.0,5.0,4.0,0
18,0,1,7.0,11.0,3.0,3.0,3,2.0,8.54,0.0,6.0,5.0,5.0,5.0,7.0,9.0,4.0,7.0,4.0,2
20,0,2,3.0,5.0,4.0,1.0,0,1.0,6.76,0.0,4.0,7.0,5.0,4.0,5.0,7.0,4.0,6.0,3.0,0
20,1,2,6.0,10.0,4.0,1.0,0,4.0,5.07,1.0,7.0,5.0,5.0,5.0,3.0,4.0,5.0,5.0,3.0,0
26,0,1,5.0,8.0,3.0,1.0,2,2.0,8.37,1.0,10.0,7.0,4.0,5.0,5.0,8.0,5.0,5.0,5.0,2
22,0,2,6.0,9.0,1.0,1.0,4,3.0,5.04,3.0,7.0,5.0,6.0,5.0,5.0,7.0,5.0,7.0,3.0,0
26,1,1,3.0,5.0,2.0,1.0,1,2.0,9.41,1.0,6.0,5.0,4.0,5.0,4.0,8.0,6.0,4.0,5.0,2
26,0,2,1.0,4.0,2.0,1.0,0,5.0,6.82,1.0,9.0,4.0,5.0,5.0,4.0,7.0,6.0,5.0,5.0,2
18,1,0,4.0,9.0,2.0,3.0,2,4.0,5.64,2.0,9.0,3.0,5.0,5.0,3.0,7.0,7.0,4.0,5.0,2
19,1,2,5.0,9.0,2.0,2.0,4,1.0,7.38,2.0,7.0,4.0,4.0,6.0,4.0,7.0,6.0,7.0,5.0,2
22,2,0,4.0,6.0,3.0,0.0,4,3.0,6.77,2.0,5.0,5.0,4.0,4.0,4.0,7.0,3.0,5.0,3.0,0
21,1,1,4.0,6.0,4.0,0.0,4,3.0,5.23,3.0,6.0,6.0,7.0,4.0,4.0,6.0,3.0,7.0,2.0,0
26,1,2,7.0,10.0,3.0,1.0,0,4.0,5.91,0.0,5.0,7.0,5.0,4.0,7.0,5.0,4.0,5.0,3.0,0
24,0,1,3.0,6.0,2.0,2.0,0,3.0,8.36,2.0,5.0,3.0,2.0,6.0,5.0,9.0,7.0,4.0,7.0,2
23,2,1,5.0,8.0,4.0,2.0,2,5.0,7.12,3.0,7.0,6.0,4.0,5.0,6.0,7.0,6.0,4.0,5.0,2
24,2,1,3.0,8.0,4.0,2.0,1,4.0,5.12,4.0,7.0,6.0,4.0,4.0,3.0,6.0,4.0,4.0,3.0,0
18,0,1,6.0,7.0,4.0,3.0,2,4.0,7.78,1.0,6.0,8.0,6.0,2.0,4.0,9.0,5.0,5.0,3.0,0
18,1,1,4.0,8.0,3.0,1.0,4,4.0,7.28,2.0,7.0,7.0,5.0,6.0,7.0,8.0,6.0,8.0,4.0,2
25,2,2,5.0,10.0,3.0,4.0,3,2.0,4.34,2.0,7.0,7.0,7.0,5.0,6.0,5.0,4.0,7.0,2.0,0
19,0,0,3.0,5.0,3.0,1.0,1,3.0,7.89,4.0,6.0,5.0,6.0,3.0,2.0,8.0,6.0,5.0,4.0,0
26,1,2,4.0,7.0,3.0,0.0,2,5.0,8.17,2.0,6.0,5.0,4.0,6.0,3.0,8.0,8.0,5.0,6.0,2
24,0,1,4.0,7.0,4.0,0.0,1,5.0,5.89,1.0,7.0,6.0,5.0,5.0,4.0,7.0,2.0,6.0,3.0,0
23,1,0,2.0,6.0,4.0,3.0,3,4.0,7.13,2.0,5.0,6.0,5.0,3.0,3.0,9.0,4.0,4.0,4.0,0
18,1,1,3.0,6.0,2.0,0.0,4,4.0,8.94,0.0,7.0,4.0,4.0,5.0,4.0,8.0,6.0,4.0,5.0,2
18,0,2,4.0,9.0,6.0,4.0,2,0.0,5.58,2.0,2.0,6.0,7.0,3.0,6.0,6.0,2.0,7.0,2.0,0
19,0,2,3.0,7.0,2.0,0.0,1,4.0,8.31,1.0,6.0,3.0,2.0,7.0,4.0,9.0,7.0,4.0,7.0,2
23,1,0,4.0,7.0,3.0,2.0,1,3.0,8.12,1.0,5.0,6.0,3.0,5.0,4.0,8.0,6.0,5.0,5.0,2
23,1,1,4.0,6.0,4.0,0.0,0,5.0,5.3,2.0,1.0,6.0,5.0,5.0,3.0,5.0,5.0,5.0,3.0,0
19,0,2,5.0,7.0,3.0,2.0,4,3.0,4.67,3.0,7.0,5.0,6.0,3.0,4.0,7.0,5.0,5.0,3.0,0
18,1,1,4.0,7.0,2.0,0.0,2,0.0,5.81,1.0,5.0,5.0,6.0,5.0,5.0,6.0,4.0,8.0,2.0,0
22,1,1,8.0,13.0,3.0,4.0,4,4.0,5.3,3.0,3.0,7.0,7.0,3.0,6.0,5.0,6.0,9.0,2.0,0
22,0,1,1.0,4.0,5.0,0.0,0,3.0,5.65,0.0,7.0,6.0,4.0,5.0,2.0,6.0,4.0,4.0,4.0,0
19,0,1,3.0,5.0,3.0,2.0,3,3.0,7.51,2.0,4.0,3.0,3.0,6.0,4.0,7.0,6.0,6.0,5.0,2
23,0,1,5.0,9.0,1.0,2.0,4,3.0,7.31,3.0,6.0,5.0,5.0,7.0,5.0,9.0,4.0,8.0,5.0,2
26,0,2,4.0,7.0,1.0,1.0,0,5.0,7.36,2.0,9.0,4.0,6.0,4.0,6.0,7.0,8.0,7.0,4.0,2
19,0,1,5.0,7.0,4.0,3.0,3,6.0,6.13,1.0,7.0,5.0,4.0,7.0,5.0,7.0,6.0,4.0,5.0,2
19,0,2,0.0,5.0,3.0,0.0,4,3.0,9.85,2.0,4.0,4.0,3.0,7.0,1.0,10.0,7.0,3.0,7.0,1
20,1,2,4.0,8.0,3.0,2.0,3,2.0,8.51,2.0,7.0,3.0,1.0,6.0,3.0,8.0,7.0,5.0,6.0,2
24,0,2,4.0,7.0,3.0,3.0,2,0.0,6.85,1.0,9.0,6.0,5.0,6.0,3.0,7.0,4.0,3.0,4.0,2
23,1,1,5.0,7.0,0.0,0.0,1,6.0,7.32,1.0,6.0,4.0,5.0,5.0,3.0,6.0,6.0,5.0,4.0,2
25,1,2,5.0,8.0,4.0,3.0,3,6.0,6.85,2.0,7.0,7.0,5.0,5.0,5.0,7.0,5.0,7.0,4.0,0
25,1,0,4.0,8.0,5.0,1.0,1,1.0,6.82,1.0,7.0,4.0,3.0,7.0,3.0,7.0,7.0,4.0,6.0,2
23,0,2,4.0,8.0,3.0,0.0,2,3.0,7.58,2.0,6.0,4.0,3.0,5.0,6.0,7.0,8.0,6.0,5.0,2
20,1,2,2.0,6.0,3.0,1.0,3,3.0,6.47,2.0,6.0,4.0,5.0,5.0,3.0,8.0,6.0,6.0,5.0,2
20,1,1,5.0,5.0,4.0,0.0,1,0.0,5.83,0.0,7.0,6.0,6.0,6.0,5.0,6.0,3.0,9.0,3.0,0
18,0,0,4.0,7.0,2.0,1.0,3,3.0,6.89,1.0,7.0,4.0,4.0,3.0,4.0,8.0,6.0,6.0,4.0,2
24,0,2,3.0,7.0,4.0,0.0,0,4.0,5.99,1.0,7.0,6.0,6.0,4.0,4.0,5.0,6.0,5.0,3.0,0
22,0,1,4.0,8.0,4.0,3.0,3,3.0,6.18,2.0,7.0,8.0,6.0,4.0,4.0,6.0,4.0,5.0,3.0,0
21,1,1,3.0,7.0,5.0,3.0,3,3.0,4.8,2.0,1.0,5.0,5.0,5.0,4.0,5.0,4.0,4.0,3.0,0
21,1,2,2.0,5.0,2.0,5.0,4,4.0,7.01,2.0,6.0,5.0,3.0,6.0,2.0,8.0,6.0,3.0,6.0,2
21,0,1,5.0,8.0,3.0,1.0,4,3.0,6.89,3.0,6.0,5.0,5.0,6.0,3.0,7.0,4.0,6.0,4.0,0
23,1,2,7.0,9.0,4.0,2.0,2,3.0,6.8,2.0,9.0,7.0,3.0,5.0,6.0,8.0,5.0,6.0,4.0,2
25,0,1,4.0,7.0,4.0,1.0,2,3.0,6.1,1.0,6.0,6.0,6.0,6.0,4.0,7.0,6.0,6.0,4.0,2
25,1,1,4.0,9.0,3.0,2.0,2,4.0,6.92,2.0,7.0,6.0,6.0,5.0,6.0,5.0,5.0,6.0,3.0,0
22,2,2,6.0,10.0,2.0,4.0,1,4.0,6.82,2.0,5.0,5.0,4.0,5.0,6.0,7.0,6.0,4.0,5.0,2
23,0,2,7.0,11.0,1.0,3.0,2,4.0,5.83,4.0,8.0,6.0,4.0,4.0,8.0,9.0,7.0,5.0,5.0,2
21,1,2,4.0,6.0,2.0,2.0,2,3.0,7.93,2.0,4.0,5.0,4.0,6.0,4.0,8.0,6.0,6.0,5.0,2
26,0,2,3.0,6.0,2.0,0.0,4,4.0,4.72,0.0,6.0,6.0,5.0,5.0,5.0,4.0,5.0,5.0,3.0,0
25,1,0,5.0,10.0,2.0,2.0,3,5.0,7.67,1.0,13.0,4.0,2.0,8.0,4.0,7.0,8.0,4.0,7.0,2
18,1,1,4.0,7.0,3.0,0.0,2,1.0,6.94,1.0,5.0,5.0,4.0,6.0,6.0,7.0,5.0,5.0,5.0,2
19,0,2,5.0,9.0,1.0,2.0,2,4.0,7.36,1.0,5.0,5.0,4.0,5.0,3.0,7.0,5.0,4.0,4.0,2
26,1,1,4.0,6.0,2.0,2.0,3,3.0,6.11,2.0,4.0,4.0,5.0,5.0,5.0,7.0,5.0,6.0,4.0,0
25,1,2,4.0,7.0,2.0,0.0,4,2.0,5.92,2.0,5.0,5.0,5.0,6.0,1.0,7.0,6.0,7.0,5.0,2
20,1,1,3.0,6.0,3.0,1.0,4,4.0,5.99,0.0,3.0,6.0,6.0,5.0,2.0,6.0,5.0,5.0,4.0,0
25,1,0,6.0,8.0,2.0,3.0,3,3.0,7.46,3.0,4.0,6.0,5.0,6.0,5.0,7.0,7.0,6.0,5.0,2
18,1,1,3.0,5.0,3.0,3.0,4,3.0,6.78,0.0,7.0,5.0,5.0,4.0,4.0,7.0,6.0,5.0,4.0,2
21,0,1,2.0,5.0,5.0,5.0,4,0.0,5.48,1.0,8.0,5.0,3.0,4.0,4.0,5.0,4.0,3.0,4.0,0
20,0,1,0.0,4.0,3.0,0.0,0,3.0,6.47,0.0,2.0,5.0,5.0,7.0,4.0,7.0,5.0,5.0,5.0,2
23,1,1,4.0,6.0,5.0,2.0,1,3.0,6.49,2.0,7.0,4.0,4.0,4.0,4.0,7.0,7.0,6.0,4.0,2
24,1,1,3.0,6.0,4.0,3.0,3,5.0,7.82,2.0,8.0,6.0,5.0,4.0,4.0,8.0,7.0,5.0,5.0,2
21,2,1,4.0,6.0,4.0,3.0,1,5.0,4.7,2.0,4.0,5.0,7.0,5.0,5.0,3.0,3.0,6.0,2.0,0
24,2,0,3.0,6.0,2.0,3.0,3,3.0,6.53,2.0,10.0,6.0,4.0,4.0,3.0,7.0,5.0,4.0,4.0,0
26,0,1,3.0,5.0,3.0,3.0,0,4.0,7.05,2.0,9.0,5.0,5.0,3.0,2.0,7.0,5.0,6.0,3.0,0
19,0,1,3.0,7.0,4.0,4.0,3,4.0,5.0,3.0,5.0,4.0,5.0,5.0,2.0,6.0,4.0,5.0,4.0,0
20,0,2,3.0,4.0,3.0,2.0,3,2.0,5.14,2.0,6.0,6.0,6.0,5.0,3.0,5.0,3.0,7.0,2.0,0
22,1,1,3.0,7.0,5.0,0.0,3,2.0,6.23,2.0,8.0,6.0,4.0,4.0,3.0,7.0,5.0,5.0,4.0,2
20,1,2,4.0,7.0,3.0,0.0,0,2.0,4.89,0.0,8.0,5.0,7.0,4.0,3.0,4.0,3.0,8.0,1.0,0
25,1,1,2.0,6.0,3.0,0.0,4,3.0,5.91,2.0,6.0,4.0,4.0,7.0,3.0,7.0,5.0,6.0,5.0,2
25,0,2,6.0,8.0,5.0,2.0,2,2.0,5.76,1.0,5.0,6.0,7.0,5.0,5.0,5.0,6.0,8.0,3.0,0
25,0,1,4.0,8.0,2.0,0.0,1,2.0,7.42,1.0,8.0,5.0,5.0,6.0,3.0,7.0,7.0,6.0,5.0,2
26,0,1,2.0,5.0,5.0,1.0,1,1.0,6.66,2.0,6.0,5.0,6.0,4.0,1.0,7.0,4.0,6.0,3.0,0
21,1,2,4.0,6.0,0.0,1.0,1,5.0,8.1,3.0,4.0,5.0,3.0,6.0,5.0,8.0,7.0,4.0,6.0,2
22,0,1,3.0,6.0,2.0,1.0,2,3.0,7.05,1.0,1.0,5.0,3.0,5.0,3.0,8.0,5.0,7.0,4.0,0
22,0,0,6.0,8.0,2.0,3.0,4,2.0,7.97,1.0,5.0,6.0,4.0,5.0,6.0,8.0,4.0,5.0,4.0,2
25,0,1,3.0,8.0,1.0,1.0,0,5.0,6.19,0.0,6.0,4.0,4.0,5.0,4.0,6.0,5.0,6.0,3.0,0
24,1,2,6.0,8.0,2.0,1.0,3,4.0,8.42,2.0,8.0,3.0,5.0,5.0,5.0,9.0,7.0,6.0,5.0,2
26,0,0,6.0,7.0,2.0,1.0,3,0.0,4.93,2.0,3.0,6.0,6.0,5.0,6.0,5.0,2.0,7.0,2.0,0
25,1,1,9.0,14.0,3.0,1.0,4,3.0,3.79,1.0,5.0,6.0,7.0,4.0,9.0,3.0,2.0,8.0,1.0,0
19,0,2,4.0,8.0,1.0,2.0,0,4.0,6.04,1.0,6.0,4.0,4.0,6.0,4.0,7.0,6.0,5.0,5.0,2
21,0,1,5.0,8.0,5.0,3.0,3,1.0,8.44,3.0,10.0,8.0,6.0,5.0,4.0,8.0,4.0,6.0,4.0,0
23,1,2,4.0,6.0,2.0,1.0,0,1.0,7.57,2.0,3.0,6.0,5.0,5.0,6.0,8.0,5.0,6.0,4.0,2
19,0,2,4.0,7.0,3.0,2.0,4,3.0,5.78,1.0,6.0,5.0,5.0,5.0,4.0,7.0,5.0,7.0,4.0,0
24,1,1,6.0,9.0,2.0,1.0,4,4.0,4.89,1.0,5.0,5.0,4.0,5.0,6.0,5.0,4.0,5.0,3.0,0
20,0,1,5.0,9.0,3.0,0.0,4,5.0,3.92,0.0,4.0,5.0,7.0,5.0,6.0,5.0,4.0,5.0,3.0,0
20,1,2,4.0,6.0,3.0,2.0,3,3.0,6.24,1.0,7.0,3.0,2.0,6.0,4.0,7.0,5.0,4.0,5.0,2
19,0,2,6.0,8.0,4.0,1.0,0,2.0,5.67,2.0,8.0,7.0,7.0,6.0,5.0,4.0,4.0,9.0,2.0,0
25,2,0,6.0,9.0,1.0,0.0,1,3.0,7.13,1.0,3.0,4.0,4.0,6.0,7.0,6.0,5.0,4.0,4.0,2
23,1,2,6.0,11.0,5.0,2.0,1,1.0,7.7,2.0,4.0,5.0,5.0,5.0,4.0,7.0,6.0,7.0,4.0,2
18,0,1,6.0,8.0,0.0,0.0,3,3.0,6.39,1.0,3.0,3.0,3.0,4.0,6.0,7.0,5.0,4.0,4.0,2
18,0,2,3.0,7.0,3.0,2.0,2,2.0,5.19,1.0,6.0,5.0,4.0,4.0,3.0,5.0,5.0,5.0,3.0,0
24,1,2,3.0,7.0,3.0,1.0,2,1.0,6.8,2.0,6.0,5.0,5.0,6.0,4.0,6.0,4.0,6.0,3.0,0
25,0,1,3.0,5.0,2.0,1.0,4,4.0,8.01,0.0,7.0,5.0,3.0,5.0,4.0,8.0,5.0,4.0,5.0,2
22,0,1,5.0,8.0,3.0,4.0,0,2.0,6.78,1.0,6.0,4.0,6.0,4.0,4.0,6.0,6.0,8.0,3.0,0
22,2,2,6.0,7.0,3.0,3.0,1,1.0,6.42,1.0,6.0,5.0,4.0,5.0,5.0,6.0,5.0,6.0,4.0,0
21,0,2,6.0,11.0,2.0,2.0,4,3.0,5.36,0.0,9.0,4.0,3.0,7.0,5.0,5.0,5.0,7.0,4.0,2
23,0,1,2.0,5.0,0.0,1.0,3,1.0,7.88,1.0,8.0,4.0,2.0,6.0,4.0,6.0,7.0,4.0,5.0,2
23,0,0,3.0,7.0,2.0,0.0,2,1.0,6.81,0.0,2.0,5.0,5.0,7.0,4.0,7.0,4.0,7.0,4.0,2
20,0,1,5.0,8.0,5.0,4.0,3,1.0,6.25,1.0,8.0,8.0,8.0,4.0,5.0,6.0,3.0,5.0,2.0,0
26,0,0,6.0,8.0,2.0,0.0,0,5.0,5.94,0.0,5.0,5.0,6.0,4.0,5.0,6.0,5.0,7.0,3.0,0
24,1,1,4.0,7.0,2.0,3.0,0,3.0,6.61,2.0,5.0,5.0,8.0,3.0,5.0,7.0,4.0,8.0,2.0,0
18,1,1,6.0,9.0,2.0,2.0,0,4.0,4.58,2.0,6.0,6.0,6.0,6.0,6.0,4.0,5.0,7.0,3.0,0
24,0,1,1.0,7.0,2.0,1.0,2,4.0,4.03,2.0,4.0,5.0,7.0,3.0,3.0,4.0,5.0,7.0,2.0,0
22,0,2,4.0,7.0,1.0,1.0,2,3.0,5.63,3.0,7.0,2.0,4.0,6.0,5.0,5.0,7.0,5.0,4.0,2
22,0,1,6.0,10.0,4.0,3.0,4,3.0,7.41,1.0,3.0,5.0,6.0,5.0,5.0,7.0,5.0,8.0,4.0,0
19,1,2,5.0,8.0,3.0,4.0,3,4.0,5.52,3.0,8.0,5.0,6.0,4.0,5.0,6.0,5.0,5.0,3.0,0
21,2,1,3.0,6.0,3.0,3.0,1,3.0,6.4,0.0,9.0,3.0,3.0,7.0,4.0,7.0,6.0,4.0,5.0,2
23,1,2,5.0,9.0,2.0,2.0,1,3.0,6.82,3.0,7.0,6.0,5.0,6.0,5.0,6.0,5.0,4.0,4.0,2
24,0,1,4.0,7.0,2.0,5.0,1,3.0,6.09,2.0,7.0,3.0,4.0,7.0,5.0,6.0,5.0,3.0,5.0,2
22,1,1,3.0,8.0,4.0,3.0,2,2.0,3.66,3.0,3.0,4.0,4.0,6.0,4.0,3.0,3.0,5.0,3.0,0
26,1,1,2.0,4.0,3.0,1.0,4,2.0,7.09,1.0,4.0,4.0,6.0,6.0,2.0,8.0,6.0,5.0,5.0,2
20,0,1,5.0,9.0,3.0,3.0,0,2.0,9.5,1.0,6.0,5.0,4.0,5.0,6.0,9.0,7.0,5.0,5.0,2
18,2,2,2.0,7.0,4.0,2.0,0,2.0,5.0,0.0,5.0,6.0,10.0,2.0,5.0,5.0,1.0,8.0,1.0,0
21,1,1,7.0,12.0,5.0,2.0,4,4.0,7.65,2.0,4.0,9.0,4.0,6.0,6.0,7.0,6.0,8.0,4.0,2
26,1,1,1.0,3.0,4.0,3.0,2,0.0,4.0,2.0,8.0,5.0,7.0,3.0,2.0,4.0,2.0,5.0,1.0,0
21,1,1,4.0,8.0,1.0,2.0,1,4.0,7.82,1.0,5.0,4.0,5.0,4.0,5.0,8.0,4.0,5.0,4.0,0
19,1,1,5.0,7.0,5.0,2.0,3,6.0,3.93,2.0,8.0,5.0,5.0,5.0,3.0,4.0,5.0,6.0,3.0,0
22,1,1,2.0,6.0,3.0,1.0,2,3.0,6.66,0.0,3.0,5.0,3.0,4.0,4.0,8.0,4.0,3.0,4.0,2
20,0,1,3.0,7.0,4.0,5.0,1,3.0,6.55,1.0,4.0,4.0,3.0,6.0,4.0,6.0,6.0,5.0,5.0,2
26,2,2,5.0,7.0,3.0,2.0,0,2.0,7.6,0.0,7.0,5.0,4.0,5.0,5.0,7.0,5.0,6.0,4.0,2
21,1,1,3.0,6.0,1.0,1.0,4,1.0,7.79,3.0,6.0,5.0,4.0,5.0,5.0,8.0,6.0,5.0,5.0,2
23,0,1,7.0,10.0,3.0,3.0,4,2.0,6.16,1.0,8.0,6.0,6.0,6.0,5.0,6.0,2.0,7.0,2.0,0
19,1,1,4.0,6.0,5.0,3.0,1,3.0,5.73,2.0,6.0,5.0,4.0,7.0,3.0,6.0,4.0,5.0,4.0,2
23,1,1,3.0,4.0,2.0,2.0,2,0.0,5.86,3.0,9.0,5.0,6.0,4.0,4.0,6.0,5.0,6.0,3.0,0
20,1,2,6.0,11.0,2.0,0.0,1,2.0,6.15,3.0,8.0,5.0,4.0,6.0,7.0,7.0,5.0,7.0,4.0,0
26,0,0,2.0,5.0,5.0,1.0,2,1.0,6.76,1.0,7.0,7.0,5.0,5.0,5.0,7.0,5.0,6.0,4.0,0
19,1,1,7.0,9.0,5.0,0.0,0,4.0,6.81,1.0,4.0,5.0,3.0,6.0,7.0,7.0,5.0,4.0,5.0,2
26,1,1,3.0,6.0,4.0,1.0,4,4.0,5.83,3.0,4.0,6.0,6.0,3.0,3.0,5.0,5.0,6.0,2.0,0
22,1,1,6.0,9.0,4.0,2.0,2,3.0,7.1,0.0,3.0,5.0,4.0,6.0,7.0,6.0,7.0,6.0,5.0,2
25,1,2,7.0,9.0,3.0,1.0,0,3.0,7.3,1.0,7.0,7.0,4.0,5.0,7.0,8.0,8.0,7.0,5.0,2
19,1,2,4.0,6.0,2.0,3.0,3,3.0,9.41,1.0,5.0,5.0,3.0,6.0,3.0,10.0,8.0,3.0,7.0,1
23,0,2,4.0,8.0,2.0,0.0,1,5.0,8.05,2.0,2.0,4.0,3.0,6.0,3.0,9.0,7.0,4.0,6.0,2
20,0,1,4.0,7.0,5.0,2.0,2,3.0,7.11,2.0,6.0,7.0,5.0,3.0,5.0,8.0,5.0,4.0,4.0,0
22,0,2,3.0,5.0,3.0,0.0,1,3.0,6.21,2.0,6.0,3.0,5.0,4.0,2.0,7.0,3.0,6.0,3.0,0
25,1,2,4.0,7.0,1.0,3.0,1,2.0,4.35,0.0,6.0,4.0,6.0,6.0,4.0,5.0,3.0,5.0,2.0,0
18,1,1,5.0,8.0,3.0,0.0,4,4.0,4.47,1.0,6.0,4.0,5.0,5.0,6.0,5.0,5.0,7.0,3.0,0
22,1,1,5.0,6.0,1.0,2.0,1,0.0,7.39,1.0,9.0,5.0,5.0,4.0,5.0,8.0,3.0,7.0,3.0,0
20,1,1,5.0,9.0,2.0,3.0,3,1.0,6.52,1.0,6.0,5.0,4.0,5.0,6.0,6.0,4.0,8.0,3.0,0
21,0,2,3.0,6.0,1.0,2.0,4,5.0,5.31,1.0,3.0,3.0,4.0,6.0,4.0,5.0,4.0,5.0,4.0,0
19,1,0,2.0,5.0,3.0,0.0,1,0.0,6.3,1.0,5.0,5.0,5.0,5.0,5.0,6.0,4.0,6.0,3.0,0
26,1,1,7.0,10.0,3.0,2.0,3,2.0,5.85,0.0,7.0,7.0,6.0,4.0,4.0,5.0,3.0,9.0,2.0,0
20,0,1,2.0,6.0,5.0,2.0,2,4.0,6.34,2.0,4.0,6.0,5.0,5.0,3.0,8.0,5.0,4.0,4.0,2
19,1,0,4.0,7.0,4.0,0.0,0,3.0,5.34,3.0,7.0,7.0,5.0,4.0,5.0,5.0,6.0,6.0,3.0,0
26,2,1,5.0,7.0,2.0,0.0,3,2.0,7.25,0.0,6.0,5.0,5.0,5.0,6.0,8.0,5.0,6.0,4.0,2
24,1,1,6.0,9.0,2.0,1.0,2,2.0,6.11,2.0,8.0,4.0,5.0,8.0,5.0,6.0,5.0,6.0,5.0,2
23,0,1,4.0,7.0,4.0,0.0,2,1.0,7.63,4.0,7.0,4.0,3.0,6.0,5.0,8.0,6.0,6.0,5.0,2
18,1,1,4.0,6.0,1.0,2.0,2,3.0,6.18,2.0,5.0,4.0,4.0,5.0,5.0,7.0,5.0,5.0,5.0,2
22,2,0,3.0,7.0,5.0,5.0,0,2.0,6.64,3.0,5.0,5.0,3.0,5.0,3.0,7.0,5.0,5.0,4.0,2
20,1,1,7.0,10.0,4.0,1.0,1,0.0,6.33,3.0,4.0,6.0,7.0,4.0,7.0,7.0,4.0,8.0,2.0,0
18,0,2,6.0,9.0,2.0,0.0,1,1.0,5.77,0.0,6.0,6.0,5.0,4.0,6.0,5.0,4.0,8.0,2.0,0
21,1,1,2.0,5.0,2.0,1.0,1,4.0,4.12,2.0,6.0,6.0,5.0,4.0,4.0,4.0,5.0,5.0,3.0,0
19,0,1,5.0,8.0,2.0,0.0,3,5.0,7.96,0.0,2.0,5.0,3.0,4.0,4.0,9.0,6.0,6.0,5.0,2
19,1,2,4.0,8.0,3.0,0.0,0,3.0,7.38,1.0,5.0,4.0,6.0,5.0,5.0,8.0,4.0,8.0,4.0,0
20,1,1,4.0,7.0,3.0,2.0,4,2.0,5.61,1.0,6.0,6.0,8.0,3.0,5.0,6.0,4.0,8.0,2.0,0
25,0,1,3.0,7.0,3.0,1.0,0,3.0,7.43,4.0,4.0,5.0,4.0,4.0,2.0,7.0,6.0,4.0,4.0,2
25,2,0,1.0,4.0,3.0,0.0,4,3.0,3.9,2.0,8.0,5.0,6.0,4.0,5.0,4.0,2.0,6.0,1.0,0
24,1,1,2.0,3.0,2.0,2.0,2,4.0,6.64,0.0,6.0,4.0,4.0,5.0,2.0,6.0,5.0,3.0,4.0,2
23,0,1,3.0,6.0,5.0,1.0,1,6.0,6.48,2.0,4.0,4.0,4.0,5.0,4.0,5.0,6.0,5.0,4.0,2
26,1,2,3.0,7.0,4.0,2.0,4,2.0,7.85,2.0,6.0,6.0,4.0,6.0,3.0,7.0,5.0,4.0,5.0,2
21,0,1,0.0,4.0,4.0,0.0,1,7.0,7.21,2.0,6.0,5.0,4.0,7.0,2.0,9.0,7.0,2.0,7.0,2
18,0,1,4.0,8.0,3.0,5.0,0,1.0,5.05,2.0,7.0,8.0,7.0,3.0,3.0,6.0,5.0,9.0,2.0,0
25,0,2,2.0,5.0,4.0,0.0,1,0.0,7.22,4.0,5.0,5.0,2.0,6.0,4.0,7.0,5.0,7.0,5.0,2
24,0,1,4.0,8.0,0.0,0.0,1,3.0,7.4,1.0,6.0,4.0,3.0,6.0,5.0,8.0,8.0,4.0,7.0,2
24,0,2,2.0,5.0,3.0,0.0,3,0.0,7.56,2.0,4.0,5.0,4.0,5.0,4.0,9.0,4.0,5.0,5.0,2
20,1,1,1.0,5.0,5.0,1.0,4,2.0,5.99,3.0,4.0,6.0,6.0,4.0,3.0,5.0,5.0,5.0,3.0,0
21,0,2,4.0,6.0,4.0,1.0,3,1.0,9.21,1.0,6.0,6.0,3.0,6.0,5.0,8.0,6.0,4.0,6.0,2
26,1,1,4.0,8.0,4.0,3.0,0,3.0,6.43,3.0,3.0,7.0,6.0,5.0,3.0,6.0,4.0,7.0,3.0,0
23,0,0,4.0,7.0,2.0,1.0,2,3.0,6.7,1.0,5.0,5.0,5.0,4.0,6.0,7.0,3.0,5.0,3.0,0
22,0,2,6.0,8.0,4.0,2.0,2,2.0,5.47,1.0,11.0,6.0,6.0,4.0,7.0,6.0,5.0,6.0,3.0,0
20,1,1,5.0,8.0,4.0,3.0,1,3.0,9.15,1.0,8.0,7.0,3.0,6.0,6.0,9.0,8.0,5.0,6.0,2
26,0,0,7.0,12.0,1.0,1.0,2,3.0,4.99,0.0,8.0,5.0,6.0,5.0,8.0,5.0,5.0,9.0,3.0,0
22,0,1,4.0,6.0,4.0,0.0,3,1.0,5.7,2.0,10.0,5.0,5.0,6.0,3.0,5.0,3.0,7.0,3.0,0
22,0,2,3.0,6.0,3.0,2.0,1,2.0,8.32,3.0,5.0,6.0,5.0,6.0,3.0,9.0,5.0,5.0,5.0,2
21,1,2,5.0,7.0,2.0,3.0,1,1.0,5.89,1.0,7.0,6.0,3.0,8.0,4.0,6.0,6.0,5.0,5.0,2
21,1,1,7.0,9.0,2.0,4.0,4,3.0,6.19,3.0,8.0,5.0,3.0,7.0,6.0,4.0,5.0,5.0,4.0,2
18,0,1,2.0,4.0,2.0,0.0,1,3.0,6.07,0.0,3.0,4.0,2.0,8.0,3.0,5.0,5.0,2.0,6.0,2
24,1,1,6.0,11.0,3.0,0.0,2,3.0,7.54,3.0,6.0,6.0,6.0,5.0,5.0,6.0,6.0,7.0,3.0,0
26,1,1,5.0,8.0,2.0,0.0,4,1.0,7.11,0.0,5.0,6.0,5.0,7.0,5.0,8.0,3.0,6.0,4.0,2
20,0,1,3.0,5.0,2.0,3.0,3,3.0,7.26,3.0,7.0,4.0,5.0,5.0,3.0,8.0,5.0,5.0,4.0,2
19,1,1,6.0,9.0,2.0,3.0,2,2.0,8.55,0.0,5.0,3.0,1.0,9.0,7.0,10.0,7.0,7.0,7.0,1
20,0,1,2.0,6.0,3.0,1.0,2,3.0,7.31,3.0,9.0,6.0,5.0,5.0,1.0,8.0,5.0,7.0,4.0,2
18,0,2,5.0,8.0,4.0,1.0,2,3.0,7.04,0.0,5.0,5.0,7.0,4.0,4.0,7.0,4.0,7.0,3.0,0
23,0,1,4.0,5.0,3.0,2.0,3,4.0,7.09,3.0,8.0,4.0,5.0,6.0,4.0,7.0,4.0,5.0,4.0,0
24,1,1,6.0,9.0,5.0,2.0,4,3.0,7.65,1.0,8.0,5.0,5.0,7.0,6.0,7.0,5.0,7.0,4.0,2
19,1,1,4.0,8.0,2.0,4.0,4,0.0,5.24,1.0,6.0,6.0,6.0,4.0,4.0,4.0,2.0,6.0,1.0,0
25,1,2,6.0,9.0,2.0,1.0,2,3.0,6.58,1.0,4.0,6.0,4.0,6.0,9.0,7.0,6.0,6.0,5.0,2
23,0,2,4.0,9.0,4.0,2.0,1,1.0,8.16,1.0,3.0,6.0,5.0,5.0,5.0,8.0,5.0,7.0,4.0,2
21,1,1,3.0,6.0,3.0,2.0,1,4.0,3.0,2.0,10.0,4.0,6.0,3.0,4.0,2.0,1.0,7.0,1.0,0
22,2,2,4.0,6.0,4.0,3.0,2,2.0,6.56,2.0,8.0,5.0,4.0,5.0,4.0,7.0,4.0,5.0,4.0,0
25,0,2,4.0,6.0,1.0,2.0,1,3.0,7.13,2.0,7.0,4.0,5.0,6.0,4.0,7.0,6.0,5.0,4.0,2
20,0,0,5.0,7.0,3.0,1.0,3,5.0,5.95,2.0,4.0,5.0,4.0,6.0,4.0,5.0,7.0,5.0,5.0,2
20,1,1,5.0,7.0,4.0,1.0,4,3.0,5.16,0.0,9.0,5.0,5.0,4.0,6.0,5.0,5.0,6.0,3.0,0
21,1,1,4.0,5.0,1.0,1.0,3,3.0,6.51,4.0,6.0,3.0,5.0,4.0,6.0,7.0,5.0,5.0,4.0,0
18,2,1,5.0,9.0,1.0,0.0,2,4.0,8.2,1.0,6.0,4.0,5.0,5.0,4.0,9.0,5.0,5.0,5.0,2
26,1,1,7.0,11.0,2.0,3.0,1,1.0,6.04,1.0,10.0,4.0,5.0,5.0,5.0,5.0,3.0,8.0,2.0,0
25,1,2,3.0,6.0,1.0,1.0,2,5.0,5.5,1.0,7.0,3.0,4.0,7.0,4.0,4.0,7.0,6.0,4.0,2
25,1,1,6.0,8.0,3.0,2.0,3,2.0,6.8,2.0,8.0,5.0,6.0,4.0,5.0,7.0,6.0,6.0,3.0,0
23,2,2,3.0,6.0,4.0,0.0,4,3.0,3.67,3.0,3.0,4.0,6.0,5.0,4.0,4.0,4.0,6.0,2.0,0
24,0,1,3.0,6.0,2.0,2.0,0,3.0,5.67,3.0,6.0,5.0,5.0,6.0,4.0,6.0,5.0,6.0,4.0,0
23,0,1,6.0,11.0,4.0,1.0,2,1.0,5.47,2.0,5.0,6.0,5.0,7.0,6.0,4.0,3.0,8.0,2.0,0
26,0,0,3.0,6.0,2.0,5.0,2,0.0,7.78,1.0,5.0,5.0,4.0,6.0,5.0,7.0,5.0,6.0,4.0,2
20,1,0,4.0,7.0,2.0,2.0,2,3.0,7.02,1.0,6.0,4.0,5.0,4.0,5.0,6.0,5.0,3.0,4.0,0
20,0,2,3.0,6.0,2.0,0.0,2,4.0,7.09,1.0,7.0,4.0,4.0,4.0,4.0,7.0,6.0,4.0,4.0,2
20,1,1,8.0,10.0,3.0,3.0,4,4.0,5.94,1.0,6.0,7.0,6.0,3.0,7.0,7.0,5.0,7.0,3.0,0
20,0,0,4.0,8.0,1.0,2.0,4,5.0,6.65,4.0,6.0,4.0,3.0,4.0,5.0,6.0,4.0,5.0,4.0,0
26,1,1,2.0,5.0,1.0,0.0,3,6.0,7.63,2.0,5.0,3.0,2.0,7.0,4.0,7.0,8.0,3.0,6.0,2
21,1,2,3.0,6.0,1.0,0.0,0,3.0,7.44,1.0,8.0,5.0,5.0,4.0,4.0,8.0,4.0,5.0,4.0,0
24,0,1,7.0,10.0,3.0,0.0,2,2.0,5.38,2.0,8.0,6.0,5.0,5.0,6.0,5.0,4.0,7.0,3.0,0
26,1,2,4.0,6.0,3.0,4.0,3,2.0,5.58,3.0,5.0,6.0,7.0,5.0,4.0,5.0,2.0,7.0,1.0,0
24,0,2,4.0,7.0,0.0,0.0,4,3.0,7.31,0.0,11.0,3.0,3.0,6.0,5.0,7.0,7.0,5.0,5.0,2
26,1,2,6.0,10.0,5.0,2.0,1,4.0,6.33,1.0,1.0,5.0,3.0,7.0,5.0,7.0,8.0,6.0,6.0,2
20,1,2,6.0,8.0,1.0,0.0,4,1.0,7.03,1.0,7.0,4.0,2.0,7.0,4.0,7.0,7.0,4.0,6.0,2
21,0,0,3.0,6.0,4.0,1.0,4,2.0,6.79,0.0,3.0,6.0,5.0,5.0,6.0,7.0,5.0,7.0,4.0,0
25,0,1,3.0,5.0,4.0,2.0,1,3.0,6.3,1.0,8.0,4.0,3.0,7.0,4.0,5.0,5.0,4.0,4.0,2
23,1,2,3.0,7.0,4.0,2.0,1,4.0,7.43,2.0,10.0,5.0,7.0,3.0,4.0,9.0,4.0,6.0,3.0,0
22,0,1,4.0,8.0,2.0,0.0,3,3.0,4.86,2.0,7.0,3.0,4.0,6.0,4.0,5.0,6.0,7.0,4.0,0
21,1,1,5.0,9.0,3.0,0.0,0,4.0,6.32,1.0,10.0,5.0,6.0,4.0,6.0,7.0,6.0,8.0,3.0,0
25,1,2,4.0,7.0,3.0,0.0,0,3.0,5.08,1.0,7.0,5.0,6.0,4.0,4.0,7.0,4.0,7.0,3.0,0
18,1,2,4.0,8.0,5.0,1.0,4,3.0,6.26,0.0,9.0,5.0,5.0,3.0,6.0,6.0,3.0,8.0,2.0,0
26,2,1,4.0,6.0,3.0,2.0,1,3.0,6.35,2.0,5.0,5.0,5.0,5.0,3.0,6.0,6.0,4.0,4.0,2
18,0,1,3.0,6.0,5.0,2.0,4,3.0,6.54,0.0,5.0,3.0,3.0,7.0,2.0,7.0,5.0,6.0,5.0,2
25,1,1,6.0,12.0,2.0,4.0,0,3.0,6.84,1.0,6.0,7.0,6.0,4.0,6.0,8.0,3.0,10.0,2.0,0
21,0,2,3.0,5.0,2.0,2.0,0,5.0,6.45,1.0,10.0,6.0,5.0,6.0,3.0,5.0,8.0,5.0,4.0,2
26,0,1,4.0,7.0,3.0,0.0,2,5.0,5.37,1.0,8.0,6.0,4.0,6.0,3.0,5.0,6.0,2.0,4.0,2
22,1,1,5.0,8.0,3.0,2.0,0,3.0,5.74,3.0,2.0,6.0,3.0,6.0,4.0,6.0,6.0,7.0,4.0,2
20,0,1,5.0,7.0,3.0,0.0,2,3.0,6.4,2.0,8.0,6.0,5.0,6.0,6.0,6.0,4.0,6.0,4.0,0
26,1,1,3.0,6.0,2.0,3.0,4,5.0,5.92,1.0,8.0,5.0,5.0,5.0,4.0,7.0,5.0,6.0,4.0,0
26,0,2,6.0,9.0,0.0,2.0,3,3.0,5.51,0.0,4.0,6.0,5.0,4.0,7.0,6.0,3.0,6.0,3.0,0
21,0,0,7.0,12.0,1.0,0.0,0,4.0,6.41,1.0,7.0,5.0,6.0,4.0,6.0,6.0,4.0,6.0,3.0,0
21,1,1,7.0,10.0,4.0,4.0,2,4.0,6.94,1.0,7.0,5.0,4.0,5.0,5.0,7.0,7.0,5.0,4.0,2
25,1,1,0.0,5.0,4.0,3.0,3,5.0,7.56,2.0,5.0,3.0,5.0,7.0,4.0,8.0,5.0,5.0,5.0,2
19,2,2,4.0,8.0,3.0,3.0,3,5.0,7.72,1.0,5.0,5.0,5.0,6.0,4.0,8.0,6.0,3.0,5.0,2
26,0,2,3.0,6.0,2.0,3.0,4,3.0,6.09,1.0,2.0,5.0,4.0,6.0,3.0,6.0,6.0,4.0,4.0,2
23,0,1,5.0,6.0,1.0,1.0,1,5.0,7.84,3.0,5.0,5.0,4.0,6.0,4.0,8.0,7.0,4.0,6.0,2
26,1,1,6.0,10.0,5.0,1.0,3,4.0,6.16,3.0,5.0,5.0,4.0,6.0,4.0,7.0,5.0,5.0,4.0,2
25,1,0,2.0,6.0,4.0,0.0,4,2.0,9.24,2.0,5.0,4.0,3.0,6.0,4.0,9.0,7.0,5.0,6.0,2
24,1,2,5.0,9.0,2.0,0.0,1,4.0,6.41,2.0,6.0,4.0,3.0,6.0,5.0,6.0,6.0,6.0,5.0,2
18,1,0,4.0,6.0,3.0,2.0,3,5.0,6.13,1.0,10.0,5.0,5.0,6.0,4.0,6.0,5.0,6.0,4.0,2
20,0,1,4.0,5.0,3.0,4.0,4,2.0,5.91,3.0,7.0,5.0,4.0,5.0,4.0,7.0,3.0,6.0,4.0,0
19,0,2,5.0,7.0,4.0,1.0,4,4.0,5.26,1.0,8.0,5.0,5.0,6.0,4.0,5.0,4.0,5.0,3.0,0
22,0,2,4.0,6.0,3.0,6.0,2,5.0,8.61,2.0,7.0,5.0,6.0,2.0,4.0,8.0,7.0,6.0,4.0,0
22,1,2,6.0,9.0,3.0,1.0,4,2.0,7.72,2.0,6.0,6.0,4.0,8.0,6.0,8.0,6.0,4.0,6.0,2
22,0,0,3.0,6.0,4.0,0.0,3,4.0,7.87,3.0,9.0,6.0,3.0,7.0,5.0,8.0,8.0,4.0,7.0,2
21,2,1,6.0,9.0,4.0,2.0,3,1.0,7.66,0.0,9.0,6.0,4.0,5.0,7.0,7.0,4.0,6.0,4.0,0
22,0,2,4.0,8.0,3.0,2.0,0,1.0,7.66,2.0,8.0,4.0,4.0,4.0,5.0,8.0,4.0,5.0,4.0,0
20,0,1,0.0,5.0,2.0,3.0,3,3.0,8.25,0.0,7.0,2.0,3.0,6.0,1.0,8.0,7.0,2.0,6.0,2
18,2,2,3.0,5.0,4.0,2.0,1,2.0,6.08,1.0,6.0,6.0,7.0,5.0,4.0,5.0,4.0,5.0,3.0,0
22,0,2,4.0,5.0,4.0,3.0,0,6.0,5.6,1.0,7.0,5.0,8.0,3.0,6.0,7.0,4.0,6.0,3.0,0
26,1,2,5.0,7.0,3.0,0.0,4,1.0,7.15,1.0,3.0,6.0,4.0,7.0,3.0,7.0,4.0,7.0,4.0,0
26,1,1,4.0,7.0,4.0,1.0,0,3.0,7.14,2.0,6.0,6.0,4.0,7.0,4.0,7.0,4.0,5.0,5.0,2
21,2,1,3.0,7.0,2.0,1.0,1,2.0,7.02,0.0,8.0,5.0,4.0,6.0,3.0,9.0,4.0,7.0,5.0,2
20,0,1,7.0,11.0,3.0,3.0,0,3.0,6.53,1.0,3.0,7.0,5.0,4.0,7.0,7.0,5.0,8.0,3.0,0
18,1,1,6.0,8.0,4.0,0.0,1,6.0,5.83,3.0,3.0,8.0,6.0,7.0,4.0,7.0,5.0,5.0,4.0,2
19,0,1,2.0,6.0,4.0,0.0,4,2.0,6.79,1.0,5.0,5.0,4.0,7.0,2.0,7.0,5.0,6.0,5.0,2
25,0,0,3.0,7.0,4.0,1.0,0,2.0,5.74,1.0,4.0,4.0,5.0,7.0,5.0,7.0,5.0,7.0,4.0,2
18,2,1,4.0,8.0,4.0,2.0,3,5.0,5.49,2.0,7.0,6.0,6.0,5.0,3.0,5.0,3.0,7.0,3.0,0
25,1,1,4.0,5.0,5.0,2.0,3,0.0,6.9,2.0,7.0,7.0,7.0,3.0,2.0,6.0,4.0,7.0,2.0,0
24,0,2,0.0,3.0,4.0,0.0,1,3.0,5.56,0.0,9.0,6.0,4.0,5.0,2.0,4.0,4.0,4.0,3.0,0
25,0,2,3.0,6.0,2.0,3.0,1,1.0,7.58,3.0,4.0,4.0,4.0,5.0,4.0,8.0,5.0,4.0,5.0,2
23,1,1,5.0,7.0,2.0,0.0,1,0.0,5.21,1.0,6.0,4.0,5.0,6.0,5.0,5.0,4.0,7.0,3.0,0
26,1,1,4.0,9.0,1.0,0.0,4,3.0,7.49,1.0,9.0,4.0,4.0,5.0,2.0,9.0,5.0,4.0,5.0,2
20,2,1,3.0,4.0,2.0,1.0,1,0.0,4.57,1.0,9.0,6.0,7.0,3.0,4.0,5.0,4.0,7.0,1.0,0
21,0,1,3.0,6.0,4.0,3.0,3,1.0,5.28,2.0,3.0,5.0,4.0,5.0,5.0,3.0,6.0,6.0,3.0,0
23,0,2,4.0,8.0,4.0,0.0,3,2.0,8.45,0.0,2.0,6.0,5.0,6.0,3.0,10.0,6.0,7.0,5.0,2
25,0,2,8.0,10.0,2.0,3.0,1,5.0,8.16,2.0,7.0,6.0,3.0,5.0,7.0,8.0,7.0,4.0,6.0,2
22,1,2,4.0,7.0,4.0,1.0,2,3.0,5.08,1.0,4.0,6.0,7.0,3.0,5.0,6.0,5.0,7.0,2.0,0
20,2,2,3.0,6.0,3.0,2.0,1,3.0,6.59,0.0,5.0,6.0,5.0,4.0,3.0,8.0,5.0,5.0,4.0,2
23,1,2,7.0,9.0,4.0,0.0,2,5.0,5.0,4.0,7.0,6.0,7.0,4.0,5.0,3.0,5.0,6.0,2.0,0
21,1,0,5.0,7.0,4.0,1.0,0,0.0,7.34,1.0,6.0,6.0,5.0,6.0,3.0,7.0,4.0,6.0,4.0,2
26,1,2,3.0,6.0,3.0,2.0,0,0.0,6.83,1.0,9.0,4.0,4.0,5.0,4.0,7.0,5.0,6.0,4.0,2
20,1,1,4.0,8.0,3.0,4.0,3,1.0,6.45,1.0,4.0,5.0,6.0,4.0,5.0,7.0,2.0,7.0,2.0,0
21,0,1,4.0,8.0,3.0,0.0,0,5.0,5.92,2.0,6.0,7.0,7.0,3.0,5.0,6.0,4.0,6.0,2.0,0
24,0,1,5.0,7.0,4.0,1.0,0,4.0,7.38,0.0,5.0,7.0,5.0,6.0,5.0,7.0,6.0,5.0,4.0,2
24,2,2,2.0,3.0,4.0,1.0,0,3.0,6.92,2.0,7.0,4.0,4.0,6.0,3.0,8.0,5.0,5.0,5.0,2
21,1,2,2.0,6.0,3.0,2.0,4,5.0,4.78,1.0,7.0,5.0,7.0,3.0,1.0,6.0,7.0,6.0,3.0,0
23,0,1,4.0,8.0,5.0,0.0,4,4.0,6.45,2.0,7.0,5.0,3.0,6.0,5.0,7.0,7.0,5.0,5.0,2
20,0,2,3.0,8.0,3.0,0.0,1,4.0,5.45,1.0,9.0,4.0,6.0,3.0,2.0,6.0,5.0,5.0,3.0,0
23,0,1,6.0,12.0,6.0,4.0,2,2.0,6.71,2.0,8.0,7.0,7.0,5.0,5.0,5.0,4.0,8.0,2.0,0
19,0,0,2.0,7.0,2.0,1.0,3,4.0,6.48,2.0,9.0,4.0,3.0,5.0,4.0,6.0,3.0,4.0,4.0,0
25,1,1,8.0,10.0,2.0,1.0,4,4.0,6.73,2.0,6.0,5.0,4.0,6.0,6.0,7.0,6.0,5.0,4.0,2
19,1,1,4.0,7.0,4.0,5.0,4,5.0,7.17,0.0,8.0,4.0,4.0,5.0,3.0,7.0,6.0,4.0,5.0,2
24,1,1,4.0,8.0,4.0,1.0,3,3.0,5.12,2.0,5.0,5.0,6.0,5.0,5.0,4.0,3.0,7.0,2.0,0
26,0,1,5.0,8.0,2.0,1.0,4,2.0,6.66,3.0,5.0,5.0,5.0,7.0,5.0,7.0,5.0,7.0,4.0,2
18,2,1,4.0,7.0,3.0,2.0,3,3.0,7.85,1.0,4.0,6.0,5.0,5.0,4.0,7.0,6.0,6.0,4.0,2
25,1,2,6.0,10.0,4.0,3.0,1,4.0,7.51,3.0,11.0,4.0,4.0,6.0,6.0,8.0,8.0,3.0,6.0,2
24,1,1,4.0,7.0,3.0,0.0,1,3.0,5.88,1.0,4.0,5.0,3.0,6.0,4.0,6.0,5.0,3.0,5.0,2
23,1,2,3.0,6.0,4.0,4.0,0,2.0,6.78,2.0,8.0,4.0,2.0,7.0,2.0,8.0,7.0,4.0,6.0,2
23,0,1,2.0,5.0,4.0,3.0,3,3.0,5.7,2.0,7.0,3.0,4.0,7.0,2.0,6.0,8.0,4.0,6.0,2
23,1,1,5.0,8.0,4.0,2.0,3,1.0,7.35,2.0,7.0,7.0,4.0,6.0,6.0,7.0,5.0,6.0,4.0,0
26,1,2,5.0,9.0,3.0,1.0,1,3.0,5.7,1.0,7.0,6.0,7.0,3.0,4.0,5.0,3.0,8.0,1.0,0
19,1,1,2.0,4.0,4.0,1.0,4,6.0,4.74,3.0,6.0,7.0,7.0,5.0,3.0,5.0,4.0,5.0,2.0,0
18,0,1,3.0,4.0,4.0,3.0,3,4.0,7.42,0.0,5.0,6.0,4.0,7.0,4.0,8.0,6.0,5.0,6.0,2
23,0,1,5.0,8.0,3.0,1.0,3,2.0,8.78,1.0,9.0,6.0,5.0,5.0,6.0,10.0,6.0,6.0,5.0,2
25,0,1,3.0,6.0,3.0,3.0,4,7.0,7.7,1.0,4.0,3.0,4.0,4.0,5.0,9.0,7.0,4.0,5.0,2
20,1,1,3.0,6.0,3.0,2.0,1,1.0,8.04,1.0,7.0,5.0,3.0,6.0,4.0,8.0,5.0,4.0,5.0,2
18,0,1,4.0,6.0,3.0,0.0,3,1.0,5.22,0.0,6.0,5.0,7.0,3.0,5.0,7.0,4.0,6.0,2.0,0
26,1,1,6.0,9.0,3.0,0.0,3,2.0,7.77,2.0,7.0,5.0,4.0,4.0,5.0,8.0,7.0,6.0,5.0,2
18,1,1,5.0,9.0,4.0,1.0,4,2.0,7.72,0.0,8.0,6.0,4.0,4.0,6.0,8.0,4.0,6.0,3.0,0
20,0,2,6.0,8.0,4.0,1.0,0,5.0,7.26,2.0,5.0,6.0,7.0,3.0,7.0,8.0,5.0,6.0,3.0,0
25,1,1,3.0,5.0,1.0,1.0,4,3.0,4.86,1.0,6.0,4.0,4.0,4.0,2.0,4.0,5.0,6.0,3.0,0
20,0,0,3.0,5.0,0.0,1.0,4,1.0,7.81,2.0,5.0,5.0,3.0,6.0,6.0,8.0,7.0,4.0,6.0,2
21,1,1,4.0,5.0,3.0,0.0,0,2.0,7.51,2.0,8.0,5.0,6.0,6.0,6.0,7.0,6.0,6.0,4.0,2
25,1,2,4.0,8.0,3.0,1.0,3,5.0,6.45,0.0,8.0,7.0,5.0,7.0,5.0,5.0,7.0,6.0,5.0,2
18,0,2,3.0,6.0,1.0,1.0,0,2.0,6.05,2.0,5.0,4.0,4.0,4.0,4.0,6.0,4.0,4.0,3.0,0
23,0,1,5.0,7.0,3.0,0.0,2,2.0,7.69,3.0,7.0,5.0,4.0,7.0,3.0,7.0,5.0,6.0,5.0,2
18,0,0,2.0,5.0,2.0,2.0,0,2.0,4.93,2.0,7.0,4.0,5.0,6.0,3.0,4.0,4.0,7.0,3.0,0
18,0,1,4.0,8.0,3.0,2.0,1,3.0,5.89,0.0,6.0,5.0,4.0,5.0,4.0,6.0,7.0,6.0,4.0,2
25,0,1,6.0,12.0,1.0,2.0,3,2.0,8.71,2.0,8.0,6.0,3.0,5.0,8.0,9.0,7.0,6.0,5.0,2
21,0,1,4.0,8.0,2.0,1.0,2,3.0,5.39,0.0,10.0,6.0,7.0,4.0,6.0,6.0,3.0,9.0,2.0,0
18,0,0,3.0,6.0,3.0,2.0,2,2.0,8.57,0.0,4.0,3.0,3.0,7.0,4.0,9.0,6.0,5.0,6.0,2
24,1,2,2.0,7.0,4.0,2.0,0,3.0,6.06,1.0,7.0,3.0,5.0,5.0,4.0,6.0,4.0,7.0,3.0,0
22,1,1,5.0,7.0,3.0,2.0,2,4.0,5.79,0.0,4.0,3.0,3.0,5.0,2.0,7.0,6.0,6.0,4.0,2
22,0,1,7.0,11.0,2.0,2.0,3,1.0,7.71,1.0,4.0,4.0,3.0,7.0,5.0,7.0,6.0,7.0,5.0,2
18,1,1,4.0,7.0,3.0,2.0,3,4.0,7.17,2.0,6.0,4.0,1.0,7.0,4.0,9.0,6.0,4.0,6.0,2
23,1,1,4.0,7.0,2.0,0.0,4,0.0,8.94,1.0,5.0,4.0,3.0,6.0,3.0,10.0,7.0,8.0,6.0,2
26,1,1,3.0,7.0,4.0,1.0,4,4.0,6.13,2.0,3.0,6.0,7.0,3.0,3.0,6.0,6.0,7.0,3.0,0
26,1,1,2.0,5.0,5.0,0.0,1,3.0,5.81,0.0,9.0,8.0,6.0,4.0,3.0,6.0,6.0,5.0,4.0,0
25,1,1,4.0,8.0,3.0,0.0,0,4.0,6.77,2.0,6.0,4.0,4.0,6.0,4.0,6.0,6.0,4.0,5.0,2
22,1,0,2.0,5.0,6.0,0.0,2,4.0,6.17,2.0,6.0,6.0,5.0,4.0,5.0,6.0,7.0,6.0,4.0,0
18,1,1,5.0,10.0,4.0,4.0,4,5.0,7.63,2.0,6.0,7.0,4.0,6.0,6.0,7.0,7.0,4.0,5.0,2
26,1,2,5.0,8.0,3.0,1.0,3,3.0,7.25,1.0,8.0,4.0,4.0,6.0,5.0,7.0,7.0,4.0,5.0,2
18,0,1,4.0,6.0,5.0,4.0,2,5.0,6.85,2.0,5.0,8.0,6.0,7.0,5.0,8.0,5.0,7.0,4.0,2
25,1,0,5.0,8.0,3.0,3.0,0,4.0,9.16,3.0,6.0,6.0,3.0,7.0,5.0,9.0,7.0,3.0,7.0,2
22,0,1,4.0,9.0,2.0,0.0,2,1.0,4.01,1.0,2.0,4.0,3.0,6.0,5.0,4.0,4.0,4.0,3.0,0
20,0,1,5.0,9.0,2.0,2.0,2,5.0,6.13,1.0,6.0,5.0,6.0,5.0,6.0,6.0,4.0,7.0,3.0,0
24,0,2,5.0,8.0,3.0,3.0,1,3.0,6.39,2.0,2.0,6.0,5.0,5.0,4.0,6.0,4.0,7.0,3.0,0
24,0,2,4.0,6.0,2.0,1.0,0,3.0,7.77,1.0,7.0,4.0,2.0,7.0,2.0,7.0,6.0,4.0,6.0,2
26,1,1,2.0,4.0,3.0,3.0,2,3.0,7.33,0.0,5.0,3.0,4.0,5.0,4.0,6.0,6.0,5.0,4.0,2
24,1,1,7.0,10.0,2.0,2.0,3,2.0,5.54,1.0,6.0,5.0,6.0,3.0,7.0,6.0,3.0,7.0,2.0,0
20,2,2,4.0,7.0,4.0,4.0,3,7.0,5.12,2.0,4.0,4.0,4.0,7.0,5.0,7.0,6.0,3.0,5.0,2
18,1,1,3.0,6.0,5.0,1.0,1,3.0,5.69,0.0,6.0,8.0,6.0,5.0,3.0,5.0,5.0,7.0,3.0,0
25,2,2,5.0,9.0,3.0,2.0,4,2.0,6.19,2.0,9.0,5.0,5.0,7.0,4.0,6.0,5.0,6.0,4.0,2
20,0,1,4.0,6.0,2.0,1.0,0,0.0,8.21,1.0,5.0,4.0,6.0,5.0,4.0,9.0,3.0,5.0,4.0,0
25,1,1,2.0,4.0,3.0,0.0,2,4.0,7.24,2.0,4.0,3.0,3.0,7.0,2.0,7.0,7.0,4.0,6.0,2
25,0,1,2.0,5.0,2.0,0.0,1,3.0,5.23,2.0,5.0,3.0,5.0,6.0,3.0,6.0,5.0,5.0,4.0,2
22,0,1,3.0,6.0,7.0,3.0,3,3.0,6.04,1.0,7.0,5.0,4.0,4.0,4.0,7.0,5.0,5.0,4.0,0
18,1,2,5.0,7.0,4.0,3.0,2,4.0,7.96,2.0,10.0,8.0,5.0,3.0,5.0,8.0,8.0,5.0,5.0,2
24,1,1,3.0,6.0,5.0,2.0,3,4.0,6.32,2.0,5.0,6.0,6.0,5.0,4.0,6.0,4.0,7.0,3.0,0
22,0,1,5.0,8.0,4.0,3.0,2,4.0,7.79,1.0,6.0,7.0,5.0,4.0,7.0,6.0,5.0,6.0,4.0,0
25,0,1,4.0,6.0,2.0,2.0,0,3.0,6.9,3.0,1.0,6.0,4.0,5.0,6.0,6.0,6.0,3.0,5.0,2
26,1,1,4.0,7.0,4.0,2.0,3,1.0,7.27,2.0,4.0,5.0,3.0,6.0,3.0,8.0,4.0,7.0,4.0,2
24,1,1,4.0,8.0,4.0,2.0,1,2.0,8.8,0.0,6.0,5.0,5.0,5.0,3.0,9.0,5.0,8.0,4.0,2
24,0,1,2.0,5.0,4.0,2.0,1,4.0,6.44,0.0,7.0,7.0,6.0,4.0,3.0,6.0,4.0,6.0,3.0,0
18,0,2,6.0,12.0,3.0,0.0,1,3.0,5.32,0.0,3.0,7.0,6.0,4.0,6.0,5.0,5.0,9.0,2.0,0
21,0,0,4.0,8.0,2.0,2.0,1,4.0,5.76,2.0,9.0,5.0,5.0,6.0,4.0,6.0,5.0,4.0,4.0,2
19,2,2,4.0,7.0,5.0,3.0,4,5.0,6.53,1.0,5.0,5.0,6.0,3.0,6.0,6.0,6.0,5.0,3.0,0
19,1,1,3.0,6.0,4.0,1.0,2,3.0,6.52,1.0,8.0,5.0,6.0,7.0,3.0,7.0,4.0,7.0,4.0,2
19,0,2,3.0,6.0,3.0,1.0,2,2.0,5.79,2.0,2.0,4.0,5.0,6.0,3.0,7.0,5.0,4.0,4.0,2
21,0,0,2.0,6.0,3.0,4.0,2,2.0,8.14,1.0,3.0,2.0,3.0,6.0,4.0,8.0,5.0,5.0,5.0,2
18,0,1,2.0,3.0,4.0,1.0,4,3.0,6.66,2.0,10.0,5.0,7.0,3.0,3.0,7.0,4.0,7.0,2.0,0
21,1,2,2.0,6.0,3.0,1.0,1,3.0,7.29,0.0,4.0,3.0,3.0,7.0,3.0,8.0,7.0,6.0,6.0,2
19,1,2,6.0,10.0,3.0,4.0,0,5.0,4.79,1.0,5.0,4.0,6.0,5.0,5.0,4.0,5.0,5.0,3.0,0
22,0,2,3.0,6.0,3.0,1.0,1,3.0,4.76,4.0,9.0,5.0,6.0,6.0,2.0,5.0,4.0,6.0,3.0,0
20,1,2,2.0,7.0,3.0,3.0,4,3.0,5.72,0.0,5.0,4.0,4.0,6.0,3.0,6.0,6.0,3.0,5.0,2
25,2,2,6.0,9.0,4.0,0.0,0,0.0,7.44,2.0,6.0,6.0,3.0,5.0,4.0,8.0,5.0,7.0,4.0,2
21,1,2,4.0,7.0,3.0,2.0,4,4.0,4.62,0.0,5.0,5.0,6.0,5.0,3.0,5.0,4.0,5.0,3.0,0
18,1,2,2.0,6.0,2.0,1.0,3,3.0,5.22,1.0,5.0,5.0,8.0,3.0,4.0,5.0,3.0,9.0,1.0,0
18,1,1,5.0,7.0,4.0,3.0,2,0.0,4.27,2.0,3.0,6.0,7.0,5.0,6.0,5.0,2.0,9.0,1.0,0
20,0,2,6.0,10.0,4.0,3.0,2,0.0,3.94,1.0,6.0,6.0,8.0,1.0,8.0,3.0,1.0,9.0,1.0,0
26,0,1,5.0,8.0,3.0,0.0,4,2.0,7.03,2.0,8.0,7.0,6.0,2.0,6.0,8.0,7.0,6.0,4.0,0
24,0,2,4.0,7.0,2.0,3.0,0,4.0,8.32,2.0,7.0,4.0,3.0,5.0,6.0,7.0,8.0,6.0,5.0,2
19,2,1,5.0,10.0,4.0,2.0,3,1.0,7.3,2.0,8.0,4.0,4.0,6.0,4.0,7.0,6.0,7.0,5.0,2
26,1,1,6.0,9.0,3.0,3.0,3,3.0,6.88,0.0,6.0,6.0,6.0,4.0,6.0,7.0,5.0,7.0,3.0,0
19,1,2,7.0,11.0,3.0,3.0,1,1.0,6.14,1.0,8.0,4.0,4.0,5.0,7.0,6.0,6.0,7.0,4.0,0
20,0,2,3.0,6.0,2.0,3.0,1,2.0,6.9,1.0,6.0,4.0,4.0,6.0,3.0,7.0,6.0,4.0,5.0,2
19,0,1,4.0,5.0,2.0,0.0,0,2.0,6.33,1.0,2.0,5.0,5.0,4.0,5.0,6.0,4.0,7.0,2.0,0
20,0,1,5.0,8.0,4.0,2.0,1,2.0,7.23,2.0,5.0,5.0,3.0,7.0,6.0,7.0,7.0,4.0,6.0,2
23,0,0,4.0,9.0,2.0,4.0,2,4.0,6.01,1.0,1.0,4.0,6.0,4.0,6.0,5.0,7.0,8.0,3.0,0
26,1,1,5.0,7.0,1.0,1.0,4,3.0,7.09,2.0,7.0,6.0,4.0,7.0,6.0,7.0,5.0,4.0,5.0,2
26,1,1,7.0,10.0,3.0,2.0,2,4.0,4.28,0.0,5.0,5.0,6.0,4.0,5.0,5.0,5.0,8.0,2.0,0
24,2,2,4.0,9.0,3.0,2.0,3,4.0,3.98,2.0,5.0,5.0,8.0,2.0,5.0,4.0,5.0,8.0,1.0,0
20,1,2,2.0,4.0,5.0,4.0,3,4.0,7.97,0.0,10.0,5.0,3.0,4.0,3.0,8.0,6.0,4.0,5.0,2
21,1,2,7.0,11.0,3.0,2.0,4,2.0,5.53,2.0,5.0,8.0,6.0,4.0,6.0,6.0,3.0,6.0,2.0,0
23,0,2,7.0,9.0,1.0,0.0,0,4.0,8.06,2.0,7.0,4.0,3.0,5.0,5.0,8.0,7.0,4.0,6.0,2
22,1,2,5.0,8.0,2.0,1.0,3,3.0,7.16,2.0,7.0,5.0,6.0,3.0,6.0,8.0,4.0,5.0,4.0,0
19,0,0,3.0,7.0,5.0,0.0,0,2.0,5.72,0.0,5.0,4.0,3.0,5.0,4.0,7.0,3.0,4.0,4.0,0
23,1,2,5.0,9.0,3.0,1.0,2,7.0,6.56,4.0,4.0,4.0,4.0,7.0,6.0,6.0,6.0,6.0,5.0,2
20,0,1,4.0,6.0,2.0,1.0,1,3.0,6.34,0.0,9.0,5.0,5.0,5.0,4.0,5.0,4.0,5.0,3.0,0
25,0,1,4.0,8.0,1.0,2.0,4,4.0,7.75,1.0,9.0,3.0,4.0,7.0,4.0,9.0,6.0,4.0,6.0,2
19,0,2,3.0,5.0,4.0,5.0,1,3.0,5.39,1.0,6.0,5.0,6.0,4.0,2.0,7.0,4.0,7.0,3.0,0
18,0,1,4.0,5.0,2.0,1.0,0,5.0,7.52,0.0,8.0,4.0,3.0,6.0,4.0,8.0,9.0,3.0,7.0,2
26,1,1,5.0,7.0,3.0,0.0,0,2.0,5.61,3.0,2.0,8.0,6.0,5.0,5.0,6.0,5.0,5.0,3.0,0
20,0,1,4.0,6.0,3.0,2.0,2,4.0,4.89,1.0,7.0,6.0,6.0,3.0,4.0,4.0,6.0,5.0,3.0,0
18,0,2,5.0,9.0,5.0,1.0,2,0.0,4.96,0.0,6.0,6.0,4.0,6.0,4.0,4.0,5.0,6.0,3.0,0
24,0,1,4.0,8.0,2.0,0.0,0,1.0,5.41,0.0,10.0,5.0,6.0,4.0,3.0,7.0,4.0,7.0,3.0,0
22,1,2,3.0,7.0,5.0,1.0,2,4.0,5.5,3.0,4.0,4.0,4.0,8.0,6.0,6.0,6.0,5.0,5.0,2
22,1,2,5.0,7.0,6.0,0.0,4,4.0,6.0,2.0,5.0,6.0,7.0,3.0,5.0,5.0,5.0,7.0,2.0,0
18,1,1,4.0,7.0,2.0,1.0,3,2.0,6.25,2.0,5.0,4.0,5.0,5.0,3.0,5.0,5.0,5.0,3.0,0
26,0,1,6.0,9.0,1.0,0.0,4,2.0,5.76,3.0,6.0,6.0,5.0,4.0,5.0,6.0,5.0,6.0,3.0,0
24,1,1,3.0,5.0,3.0,0.0,0,5.0,6.01,4.0,6.0,5.0,5.0,5.0,4.0,7.0,5.0,5.0,4.0,2
25,0,1,3.0,5.0,3.0,2.0,3,5.0,8.2,1.0,7.0,4.0,3.0,4.0,4.0,9.0,6.0,3.0,5.0,2
26,0,2,4.0,7.0,5.0,1.0,0,4.0,5.91,2.0,4.0,7.0,6.0,5.0,5.0,6.0,3.0,6.0,3.0,0
23,0,2,3.0,6.0,2.0,3.0,4,3.0,6.01,1.0,5.0,4.0,4.0,9.0,5.0,5.0,4.0,6.0,4.0,2
22,0,1,3.0,5.0,3.0,2.0,0,5.0,5.88,2.0,7.0,4.0,4.0,7.0,3.0,5.0,5.0,3.0,4.0,2
23,1,1,2.0,6.0,4.0,2.0,2,2.0,7.47,0.0,9.0,5.0,4.0,6.0,5.0,8.0,5.0,4.0,5.0,2
19,0,2,2.0,5.0,3.0,4.0,0,2.0,3.87,1.0,8.0,4.0,5.0,4.0,5.0,3.0,5.0,3.0,3.0,0
21,0,1,4.0,6.0,3.0,1.0,4,2.0,6.03,1.0,2.0,4.0,6.0,5.0,7.0,5.0,5.0,7.0,3.0,0
20,0,1,2.0,6.0,3.0,3.0,2,1.0,6.35,2.0,6.0,3.0,2.0,8.0,3.0,5.0,7.0,5.0,6.0,2
24,0,1,5.0,8.0,7.0,2.0,3,4.0,4.8,1.0,8.0,6.0,6.0,5.0,3.0,6.0,4.0,7.0,3.0,0
26,1,2,5.0,7.0,1.0,2.0,4,3.0,5.85,3.0,4.0,4.0,5.0,5.0,6.0,6.0,4.0,6.0,3.0,0
22,1,2,3.0,5.0,6.0,4.0,1,4.0,5.66,1.0,7.0,4.0,4.0,4.0,5.0,7.0,5.0,4.0,4.0,0
23,0,0,4.0,7.0,2.0,3.0,1,4.0,6.46,2.0,3.0,4.0,4.0,4.0,5.0,6.0,5.0,5.0,3.0,0
19,0,1,4.0,6.0,2.0,1.0,4,5.0,5.77,1.0,6.0,5.0,6.0,3.0,3.0,4.0,6.0,4.0,3.0,0
20,1,1,1.0,4.0,2.0,2.0,4,5.0,4.36,1.0,10.0,4.0,5.0,4.0,1.0,5.0,6.0,1.0,4.0,2
20,1,2,5.0,8.0,3.0,1.0,1,2.0,7.52,1.0,5.0,3.0,2.0,8.0,5.0,9.0,5.0,4.0,6.0,2
26,1,2,3.0,5.0,3.0,2.0,1,3.0,6.63,2.0,8.0,6.0,5.0,5.0,3.0,7.0,6.0,4.0,4.0,2
24,0,1,3.0,3.0,3.0,3.0,1,2.0,6.66,1.0,6.0,3.0,4.0,9.0,5.0,7.0,6.0,5.0,6.0,2
25,2,1,5.0,10.0,3.0,0.0,4,3.0,8.24,2.0,8.0,6.0,5.0,5.0,7.0,8.0,7.0,6.0,5.0,2
26,0,1,4.0,6.0,5.0,1.0,2,4.0,5.85,2.0,10.0,6.0,6.0,4.0,3.0,4.0,5.0,7.0,2.0,0
23,1,2,5.0,7.0,2.0,4.0,0,4.0,8.13,2.0,2.0,3.0,3.0,7.0,6.0,8.0,5.0,3.0,6.0,2
21,1,1,4.0,8.0,3.0,2.0,0,5.0,6.65,0.0,4.0,4.0,5.0,6.0,3.0,7.0,6.0,4.0,5.0,2
18,1,0,4.0,7.0,3.0,2.0,2,5.0,5.3,0.0,6.0,6.0,4.0,6.0,5.0,6.0,6.0,3.0,5.0,2
25,0,1,5.0,9.0,3.0,2.0,0,3.0,6.46,1.0,8.0,5.0,4.0,6.0,5.0,7.0,5.0,6.0,4.0,2
24,0,1,7.0,10.0,2.0,0.0,2,2.0,7.67,2.0,5.0,3.0,3.0,7.0,7.0,7.0,7.0,5.0,5.0,2
19,1,1,4.0,7.0,3.0,0.0,2,3.0,4.71,2.0,11.0,6.0,6.0,4.0,4.0,5.0,3.0,7.0,2.0,0
25,0,1,4.0,8.0,3.0,2.0,0,2.0,6.7,2.0,3.0,5.0,5.0,6.0,5.0,7.0,4.0,7.0,4.0,0
22,0,2,5.0,7.0,3.0,0.0,0,4.0,7.96,3.0,7.0,7.0,4.0,4.0,4.0,8.0,7.0,7.0,5.0,2
24,2,2,5.0,7.0,4.0,1.0,0,5.0,7.97,3.0,6.0,5.0,3.0,6.0,6.0,9.0,6.0,4.0,6.0,2
21,1,1,3.0,8.0,2.0,2.0,3,4.0,5.69,0.0,6.0,4.0,4.0,6.0,4.0,6.0,5.0,6.0,4.0,2
22,1,1,4.0,7.0,2.0,1.0,0,3.0,5.49,1.0,7.0,5.0,5.0,3.0,4.0,5.0,6.0,6.0,3.0,0
25,1,2,5.0,8.0,2.0,0.0,4,4.0,5.29,1.0,8.0,5.0,4.0,5.0,5.0,4.0,5.0,5.0,3.0,0
18,0,1,4.0,7.0,2.0,2.0,4,3.0,6.94,2.0,4.0,3.0,4.0,6.0,5.0,7.0,4.0,5.0,4.0,2
18,2,1,7.0,10.0,0.0,1.0,3,2.0,5.71,2.0,3.0,3.0,6.0,3.0,5.0,5.0,4.0,7.0,2.0,0
21,1,1,4.0,6.0,3.0,3.0,4,4.0,7.53,1.0,1.0,4.0,3.0,5.0,4.0,7.0,6.0,4.0,5.0,2
20,1,1,3.0,6.0,3.0,1.0,0,5.0,4.78,3.0,4.0,6.0,6.0,5.0,4.0,4.0,4.0,5.0,2.0,0
19,0,1,5.0,6.0,2.0,2.0,3,2.0,6.78,2.0,10.0,3.0,4.0,7.0,6.0,5.0,6.0,5.0,5.0,2
20,0,1,3.0,6.0,4.0,3.0,1,3.0,6.51,1.0,4.0,4.0,5.0,7.0,2.0,7.0,7.0,7.0,5.0,2
18,2,1,3.0,4.0,3.0,1.0,1,4.0,6.34,1.0,5.0,5.0,5.0,5.0,3.0,6.0,5.0,4.0,4.0,2
18,1,0,4.0,8.0,4.0,0.0,2,3.0,7.19,2.0,8.0,4.0,5.0,6.0,4.0,7.0,4.0,6.0,4.0,0
23,1,1,4.0,9.0,2.0,0.0,0,3.0,6.02,1.0,3.0,5.0,3.0,6.0,5.0,7.0,5.0,5.0,5.0,2
22,1,1,4.0,6.0,2.0,2.0,2,2.0,8.05,1.0,5.0,5.0,5.0,5.0,4.0,8.0,5.0,6.0,4.0,2
25,1,2,3.0,7.0,4.0,2.0,1,4.0,5.32,1.0,6.0,5.0,7.0,6.0,5.0,5.0,4.0,7.0,3.0,0
19,0,1,5.0,7.0,1.0,2.0,4,3.0,7.67,3.0,4.0,5.0,3.0,7.0,4.0,7.0,7.0,6.0,6.0,2
21,1,1,7.0,10.0,3.0,3.0,3,1.0,4.98,1.0,5.0,4.0,3.0,5.0,8.0,4.0,4.0,5.0,3.0,0
25,1,1,5.0,8.0,4.0,1.0,1,4.0,6.41,2.0,10.0,4.0,4.0,7.0,5.0,5.0,4.0,4.0,4.0,0
23,0,0,1.0,4.0,4.0,5.0,2,4.0,5.28,2.0,8.0,6.0,6.0,5.0,4.0,5.0,7.0,2.0,4.0,2
18,1,1,3.0,6.0,3.0,2.0,4,3.0,5.47,1.0,8.0,4.0,4.0,7.0,5.0,5.0,4.0,6.0,3.0,0
21,0,0,5.0,6.0,2.0,1.0,3,4.0,5.93,2.0,2.0,4.0,4.0,3.0,5.0,7.0,7.0,4.0,4.0,2
18,1,2,2.0,5.0,2.0,0.0,4,1.0,6.16,1.0,7.0,5.0,5.0,6.0,3.0,5.0,3.0,5.0,3.0,0
19,0,2,0.0,2.0,1.0,0.0,1,2.0,8.18,2.0,9.0,2.0,2.0,6.0,5.0,8.0,8.0,4.0,7.0,2
22,1,2,3.0,6.0,2.0,3.0,4,2.0,6.58,0.0,5.0,4.0,4.0,5.0,5.0,5.0,4.0,5.0,4.0,0
25,0,1,3.0,4.0,4.0,4.0,4,3.0,7.51,0.0,5.0,5.0,5.0,7.0,4.0,9.0,6.0,5.0,6.0,2
25,1,1,6.0,9.0,5.0,3.0,2,4.0,5.16,3.0,1.0,7.0,5.0,5.0,5.0,6.0,7.0,6.0,4.0,2
20,1,1,5.0,8.0,3.0,0.0,4,2.0,6.81,2.0,9.0,6.0,4.0,8.0,6.0,7.0,6.0,5.0,6.0,2
21,0,1,4.0,8.0,5.0,2.0,3,4.0,7.54,2.0,8.0,6.0,6.0,5.0,4.0,7.0,5.0,6.0,4.0,0
23,1,0,4.0,6.0,2.0,2.0,1,2.0,5.79,1.0,6.0,6.0,6.0,5.0,6.0,5.0,5.0,5.0,3.0,0
20,1,1,5.0,7.0,3.0,4.0,0,0.0,6.86,2.0,6.0,4.0,4.0,6.0,4.0,7.0,2.0,7.0,3.0,0
19,0,1,4.0,6.0,0.0,2.0,4,1.0,6.18,1.0,7.0,4.0,5.0,4.0,5.0,5.0,5.0,5.0,3.0,0
23,0,2,5.0,7.0,3.0,1.0,1,5.0,6.4,2.0,7.0,7.0,6.0,3.0,5.0,8.0,5.0,7.0,3.0,0
22,1,0,4.0,9.0,3.0,0.0,4,2.0,5.88,1.0,6.0,6.0,8.0,3.0,5.0,5.0,3.0,9.0,1.0,0
22,1,0,6.0,9.0,2.0,2.0,4,2.0,5.48,1.0,6.0,6.0,5.0,6.0,5.0,6.0,5.0,6.0,3.0,0
22,1,2,4.0,6.0,4.0,0.0,2,1.0,8.32,2.0,4.0,6.0,7.0,5.0,3.0,9.0,5.0,8.0,4.0,0
22,1,1,5.0,6.0,1.0,2.0,1,4.0,6.18,1.0,7.0,6.0,6.0,5.0,4.0,6.0,6.0,5.0,4.0,0
20,2,1,5.0,9.0,1.0,3.0,3,2.0,9.67,1.0,9.0,5.0,2.0,5.0,4.0,10.0,6.0,5.0,6.0,2
24,0,1,4.0,6.0,3.0,2.0,0,3.0,6.76,0.0,5.0,5.0,4.0,9.0,5.0,6.0,6.0,6.0,5.0,2
23,0,1,3.0,6.0,0.0,2.0,4,3.0,6.73,2.0,7.0,2.0,3.0,6.0,4.0,7.0,4.0,4.0,5.0,2
21,2,1,4.0,6.0,4.0,0.0,1,0.0,7.16,3.0,6.0,6.0,5.0,4.0,3.0,7.0,4.0,6.0,3.0,0
19,0,0,4.0,6.0,3.0,0.0,1,2.0,6.07,3.0,4.0,7.0,6.0,4.0,5.0,6.0,6.0,5.0,4.0,0
26,0,0,6.0,9.0,4.0,1.0,4,5.0,8.13,2.0,7.0,7.0,4.0,6.0,5.0,8.0,6.0,7.0,5.0,2
18,1,2,4.0,8.0,3.0,0.0,0,3.0,6.64,2.0,6.0,6.0,5.0,6.0,5.0,6.0,6.0,7.0,4.0,0
21,1,2,3.0,6.0,3.0,1.0,4,0.0,7.1,1.0,6.0,6.0,6.0,4.0,4.0,8.0,3.0,6.0,3.0,0
18,0,1,2.0,5.0,3.0,3.0,0,3.0,6.34,1.0,11.0,5.0,4.0,5.0,2.0,6.0,7.0,4.0,5.0,2
23,1,1,2.0,4.0,4.0,2.0,1,2.0,6.7,2.0,8.0,4.0,3.0,7.0,3.0,5.0,7.0,3.0,5.0,2
21,1,0,3.0,6.0,4.0,1.0,4,2.0,5.23,2.0,3.0,6.0,8.0,4.0,5.0,5.0,3.0,7.0,2.0,0
22,1,1,5.0,8.0,3.0,1.0,1,2.0,9.11,2.0,5.0,6.0,5.0,4.0,5.0,9.0,7.0,7.0,4.0,2
22,1,2,3.0,5.0,3.0,1.0,4,2.0,6.63,2.0,5.0,5.0,4.0,5.0,4.0,7.0,6.0,6.0,4.0,2
26,0,1,6.0,7.0,4.0,2.0,4,3.0,6.04,1.0,5.0,6.0,6.0,4.0,6.0,5.0,3.0,8.0,2.0,0
18,0,2,2.0,5.0,3.0,5.0,3,2.0,5.83,0.0,5.0,6.0,6.0,2.0,3.0,4.0,4.0,7.0,1.0,0
19,1,2,5.0,7.0,3.0,1.0,2,4.0,6.61,2.0,8.0,6.0,5.0,4.0,6.0,7.0,6.0,6.0,4.0,0
23,1,2,1.0,3.0,2.0,0.0,4,2.0,5.7,2.0,8.0,5.0,5.0,5.0,2.0,5.0,4.0,3.0,3.0,0
22,0,1,2.0,3.0,1.0,2.0,4,1.0,5.38,0.0,10.0,3.0,4.0,6.0,3.0,5.0,4.0,6.0,3.0,0
24,1,1,3.0,5.0,3.0,0.0,1,5.0,7.16,1.0,7.0,3.0,3.0,6.0,2.0,6.0,7.0,5.0,5.0,2
20,0,1,2.0,7.0,4.0,2.0,0,2.0,5.16,1.0,8.0,6.0,6.0,4.0,4.0,4.0,3.0,7.0,1.0,0
20,0,1,3.0,7.0,4.0,5.0,1,3.0,3.84,1.0,8.0,4.0,7.0,3.0,4.0,4.0,4.0,6.0,1.0,0
19,1,2,5.0,10.0,2.0,5.0,2,0.0,7.13,1.0,5.0,6.0,6.0,3.0,6.0,6.0,4.0,7.0,2.0,0
20,0,2,5.0,7.0,2.0,1.0,4,0.0,7.08,0.0,5.0,3.0,4.0,4.0,5.0,7.0,5.0,6.0,4.0,0
18,0,1,2.0,7.0,3.0,0.0,1,3.0,6.42,2.0,10.0,5.0,5.0,5.0,3.0,7.0,6.0,5.0,4.0,2
22,1,1,4.0,8.0,1.0,3.0,0,4.0,6.42,2.0,9.0,6.0,4.0,4.0,4.0,6.0,4.0,7.0,3.0,0
22,1,2,5.0,9.0,2.0,3.0,2,5.0,6.4,3.0,3.0,6.0,7.0,3.0,6.0,8.0,5.0,7.0,3.0,0
24,2,1,4.0,6.0,1.0,2.0,2,3.0,6.99,0.0,6.0,4.0,5.0,4.0,6.0,7.0,5.0,5.0,3.0,0
21,1,1,6.0,9.0,3.0,1.0,4,3.0,6.54,0.0,9.0,7.0,6.0,5.0,6.0,6.0,4.0,9.0,3.0,0
20,0,1,5.0,7.0,2.0,2.0,2,2.0,7.41,2.0,8.0,4.0,2.0,6.0,7.0,7.0,6.0,4.0,5.0,2
18,0,1,3.0,6.0,4.0,1.0,0,4.0,7.18,3.0,5.0,5.0,3.0,7.0,4.0,8.0,8.0,4.0,6.0,2
25,1,1,3.0,5.0,3.0,2.0,1,3.0,6.09,2.0,7.0,6.0,6.0,5.0,4.0,6.0,6.0,6.0,4.0,0
20,1,1,3.0,5.0,4.0,2.0,2,2.0,6.72,2.0,5.0,4.0,3.0,7.0,3.0,6.0,5.0,4.0,5.0,2
19,0,2,3.0,7.0,0.0,1.0,3,2.0,6.92,1.0,5.0,3.0,2.0,8.0,4.0,8.0,5.0,4.0,6.0,2
21,1,2,4.0,6.0,2.0,3.0,1,1.0,4.31,1.0,9.0,4.0,4.0,4.0,4.0,4.0,3.0,6.0,2.0,0
20,0,1,4.0,7.0,3.0,0.0,0,2.0,6.32,2.0,5.0,6.0,5.0,6.0,3.0,6.0,6.0,4.0,4.0,2
18,2,1,3.0,7.0,3.0,3.0,0,3.0,5.74,1.0,7.0,6.0,5.0,6.0,4.0,6.0,5.0,5.0,4.0,0
20,0,2,5.0,9.0,3.0,3.0,4,4.0,7.23,1.0,9.0,4.0,4.0,5.0,5.0,6.0,6.0,6.0,4.0,0
19,1,2,5.0,8.0,4.0,0.0,2,2.0,5.12,2.0,7.0,5.0,5.0,5.0,5.0,6.0,4.0,7.0,3.0,0
25,0,1,2.0,6.0,3.0,0.0,4,1.0,6.66,1.0,6.0,5.0,7.0,4.0,3.0,5.0,5.0,7.0,2.0,0
23,0,1,2.0,6.0,6.0,0.0,2,3.0,6.27,1.0,11.0,6.0,6.0,5.0,4.0,7.0,6.0,7.0,4.0,2
26,2,1,3.0,6.0,3.0,3.0,1,7.0,4.17,1.0,7.0,7.0,8.0,2.0,2.0,5.0,3.0,8.0,1.0,0
25,0,1,3.0,7.0,2.0,2.0,4,3.0,7.8,3.0,4.0,6.0,4.0,5.0,3.0,7.0,5.0,4.0,4.0,2
20,0,0,3.0,4.0,5.0,0.0,4,1.0,6.99,2.0,7.0,5.0,5.0,4.0,3.0,7.0,5.0,5.0,4.0,0
22,0,1,3.0,7.0,3.0,3.0,4,2.0,5.47,3.0,9.0,5.0,6.0,3.0,2.0,5.0,4.0,6.0,2.0,0
24,1,2,5.0,5.0,4.0,1.0,4,2.0,6.79,0.0,7.0,6.0,5.0,7.0,5.0,7.0,5.0,6.0,4.0,2
22,2,1,2.0,5.0,2.0,0.0,3,4.0,6.78,4.0,8.0,5.0,5.0,6.0,3.0,8.0,4.0,6.0,4.0,2
25,1,0,3.0,7.0,3.0,3.0,3,1.0,5.16,3.0,6.0,5.0,5.0,5.0,4.0,5.0,3.0,7.0,3.0,0
22,1,1,2.0,4.0,3.0,0.0,4,4.0,5.57,3.0,6.0,5.0,4.0,5.0,1.0,6.0,5.0,5.0,4.0,2
18,0,1,3.0,6.0,4.0,1.0,2,3.0,5.19,1.0,5.0,6.0,6.0,4.0,1.0,5.0,5.0,6.0,3.0,0
22,1,1,4.0,7.0,3.0,1.0,4,3.0,4.2,1.0,3.0,5.0,5.0,7.0,4.0,3.0,4.0,3.0,3.0,0
21,0,1,3.0,8.0,1.0,1.0,3,1.0,8.04,2.0,6.0,3.0,2.0,8.0,4.0,6.0,6.0,6.0,5.0,2
23,0,1,2.0,3.0,4.0,0.0,3,2.0,9.14,0.0,8.0,5.0,3.0,5.0,4.0,9.0,6.0,4.0,5.0,2
20,1,1,3.0,6.0,3.0,3.0,4,0.0,5.87,2.0,6.0,5.0,6.0,6.0,3.0,6.0,4.0,6.0,3.0,0
22,1,1,4.0,9.0,2.0,1.0,4,3.0,5.55,2.0,4.0,6.0,7.0,4.0,4.0,7.0,3.0,6.0,3.0,0
19,0,1,3.0,5.0,3.0,1.0,2,5.0,5.51,1.0,9.0,5.0,4.0,4.0,3.0,6.0,6.0,5.0,4.0,0
23,0,1,6.0,8.0,3.0,1.0,3,2.0,7.33,2.0,3.0,6.0,3.0,6.0,5.0,7.0,4.0,6.0,4.0,2
23,2,2,3.0,6.0,4.0,0.0,4,3.0,7.77,0.0,5.0,5.0,6.0,3.0,5.0,7.0,5.0,7.0,3.0,0
22,0,1,3.0,5.0,3.0,2.0,0,2.0,7.46,3.0,3.0,4.0,3.0,5.0,3.0,8.0,6.0,5.0,5.0,2
23,1,2,6.0,10.0,5.0,1.0,4,2.0,7.49,2.0,6.0,6.0,3.0,6.0,6.0,8.0,6.0,6.0,5.0,2
24,1,0,5.0,8.0,3.0,3.0,3,2.0,7.54,2.0,6.0,3.0,3.0,7.0,5.0,8.0,5.0,4.0,6.0,2
22,2,2,4.0,7.0,4.0,5.0,0,4.0,5.89,2.0,7.0,6.0,5.0,3.0,4.0,7.0,3.0,6.0,2.0,0
18,0,1,5.0,7.0,3.0,0.0,0,3.0,4.62,0.0,11.0,4.0,6.0,5.0,5.0,5.0,3.0,7.0,2.0,0
25,1,1,2.0,6.0,1.0,0.0,0,1.0,7.29,2.0,3.0,2.0,4.0,5.0,2.0,8.0,5.0,5.0,4.0,2
21,0,1,7.0,9.0,5.0,1.0,2,4.0,6.45,1.0,4.0,5.0,6.0,6.0,6.0,6.0,6.0,6.0,4.0,0
26,0,1,2.0,5.0,2.0,0.0,4,1.0,7.05,1.0,4.0,5.0,6.0,5.0,3.0,9.0,6.0,4.0,5.0,2
23,0,1,4.0,7.0,4.0,0.0,0,3.0,6.28,3.0,8.0,4.0,5.0,3.0,5.0,7.0,6.0,5.0,4.0,0
18,1,1,6.0,9.0,3.0,1.0,2,3.0,6.91,1.0,5.0,5.0,4.0,5.0,5.0,8.0,6.0,6.0,5.0,2
20,0,1,4.0,7.0,3.0,2.0,3,4.0,7.08,1.0,1.0,5.0,3.0,8.0,4.0,7.0,5.0,4.0,5.0,2
20,0,1,4.0,7.0,4.0,0.0,0,3.0,6.45,0.0,5.0,5.0,6.0,4.0,4.0,6.0,4.0,7.0,3.0,0
21,0,1,6.0,8.0,0.0,3.0,4,4.0,8.88,0.0,4.0,5.0,4.0,7.0,3.0,9.0,6.0,4.0,6.0,2
23,2,1,5.0,7.0,4.0,4.0,0,2.0,6.46,0.0,4.0,7.0,5.0,6.0,6.0,7.0,3.0,6.0,4.0,0
24,0,1,3.0,8.0,4.0,0.0,3,4.0,5.25,2.0,6.0,5.0,4.0,6.0,4.0,5.0,5.0,5.0,4.0,0
21,0,1,6.0,10.0,2.0,0.0,3,3.0,6.49,0.0,8.0,5.0,5.0,4.0,6.0,6.0,5.0,6.0,3.0,0
23,2,1,3.0,4.0,3.0,2.0,0,4.0,5.97,1.0,9.0,7.0,5.0,6.0,4.0,6.0,3.0,3.0,4.0,0
18,1,2,6.0,9.0,4.0,1.0,4,4.0,4.99,1.0,2.0,6.0,6.0,5.0,6.0,5.0,5.0,7.0,3.0,0
25,1,2,5.0,9.0,2.0,1.0,2,6.0,8.54,2.0,8.0,5.0,5.0,4.0,5.0,9.0,8.0,4.0,6.0,2
24,0,1,3.0,5.0,3.0,1.0,0,0.0,6.96,2.0,8.0,7.0,5.0,4.0,6.0,9.0,3.0,6.0,4.0,0
26,1,2,2.0,6.0,4.0,0.0,3,2.0,5.63,0.0,5.0,5.0,5.0,6.0,4.0,6.0,4.0,4.0,4.0,0
20,1,1,4.0,7.0,1.0,1.0,2,1.0,7.0,2.0,7.0,4.0,3.0,6.0,3.0,6.0,6.0,5.0,5.0,2
19,1,1,3.0,4.0,3.0,0.0,4,2.0,7.72,2.0,5.0,6.0,4.0,4.0,4.0,8.0,5.0,7.0,4.0,0
18,1,1,4.0,7.0,3.0,2.0,0,3.0,4.46,0.0,2.0,5.0,4.0,6.0,5.0,4.0,4.0,5.0,3.0,0
20,1,2,5.0,8.0,3.0,1.0,3,3.0,8.63,3.0,6.0,4.0,4.0,5.0,5.0,8.0,7.0,3.0,6.0,2
22,1,1,5.0,7.0,2.0,0.0,2,5.0,5.05,1.0,6.0,2.0,3.0,5.0,6.0,6.0,7.0,4.0,5.0,2
19,2,1,6.0,8.0,3.0,0.0,1,4.0,7.84,0.0,2.0,7.0,5.0,5.0,6.0,7.0,5.0,5.0,4.0,2
20,0,1,2.0,6.0,3.0,2.0,2,3.0,4.34,2.0,7.0,4.0,5.0,7.0,5.0,5.0,5.0,6.0,4.0,0
21,0,0,4.0,8.0,3.0,1.0,3,6.0,7.53,2.0,10.0,5.0,3.0,6.0,5.0,8.0,7.0,4.0,6.0,2
24,1,1,2.0,5.0,4.0,0.0,3,2.0,5.72,2.0,7.0,3.0,3.0,6.0,2.0,5.0,3.0,6.0,3.0,0
20,0,1,4.0,6.0,3.0,3.0,1,4.0,9.24,0.0,6.0,6.0,3.0,5.0,3.0,10.0,7.0,4.0,6.0,2
26,0,1,2.0,6.0,3.0,4.0,1,2.0,5.59,3.0,9.0,6.0,5.0,4.0,4.0,5.0,4.0,5.0,3.0,0
25,0,2,7.0,10.0,1.0,3.0,1,1.0,5.43,3.0,10.0,7.0,7.0,4.0,6.0,5.0,3.0,9.0,1.0,0
21,1,1,6.0,8.0,2.0,4.0,4,2.0,5.57,0.0,3.0,6.0,6.0,5.0,6.0,6.0,5.0,8.0,3.0,0
18,1,2,2.0,4.0,2.0,3.0,3,4.0,7.14,2.0,4.0,4.0,4.0,7.0,3.0,7.0,6.0,3.0,5.0,2
18,0,1,3.0,6.0,2.0,3.0,0,2.0,7.72,1.0,5.0,6.0,5.0,5.0,4.0,9.0,7.0,6.0,5.0,2
18,0,1,5.0,8.0,3.0,3.0,4,3.0,5.35,2.0,6.0,5.0,6.0,4.0,5.0,5.0,6.0,6.0,3.0,0
18,0,1,4.0,7.0,2.0,3.0,3,2.0,7.16,1.0,2.0,5.0,5.0,5.0,4.0,7.0,5.0,7.0,4.0,0
25,0,1,4.0,8.0,2.0,2.0,2,3.0,6.34,2.0,8.0,4.0,6.0,4.0,3.0,7.0,6.0,7.0,4.0,0
20,1,2,4.0,7.0,3.0,2.0,1,5.0,5.42,2.0,5.0,6.0,6.0,7.0,3.0,5.0,6.0,5.0,4.0,2
23,0,2,5.0,9.0,3.0,2.0,2,2.0,6.67,0.0,7.0,5.0,4.0,6.0,6.0,6.0,5.0,6.0,4.0,2
20,1,0,7.0,11.0,3.0,4.0,0,5.0,9.36,3.0,5.0,3.0,1.0,10.0,5.0,9.0,10.0,4.0,9.0,1
22,0,2,2.0,5.0,6.0,2.0,4,1.0,6.81,1.0,9.0,7.0,7.0,3.0,4.0,6.0,3.0,6.0,2.0,0
24,2,1,4.0,6.0,1.0,2.0,2,0.0,5.17,2.0,5.0,3.0,4.0,6.0,4.0,6.0,5.0,6.0,4.0,2
19,0,2,1.0,3.0,3.0,3.0,0,1.0,7.4,2.0,6.0,5.0,6.0,5.0,2.0,7.0,3.0,5.0,3.0,0
23,1,2,4.0,6.0,3.0,2.0,2,3.0,7.34,2.0,7.0,8.0,6.0,3.0,4.0,8.0,6.0,4.0,4.0,0
23,1,1,6.0,10.0,3.0,2.0,3,3.0,5.94,1.0,6.0,5.0,4.0,5.0,7.0,5.0,5.0,5.0,3.0,0
20,0,1,5.0,8.0,6.0,2.0,2,2.0,7.0,3.0,5.0,7.0,8.0,2.0,5.0,7.0,2.0,7.0,2.0,0
23,0,1,5.0,6.0,0.0,2.0,1,0.0,3.89,0.0,9.0,4.0,5.0,5.0,5.0,5.0,3.0,6.0,3.0,0
22,0,1,4.0,6.0,3.0,3.0,1,1.0,4.94,0.0,5.0,5.0,5.0,5.0,5.0,4.0,4.0,5.0,3.0,0
19,0,1,3.0,7.0,3.0,0.0,3,2.0,6.24,0.0,5.0,5.0,3.0,5.0,4.0,7.0,5.0,4.0,5.0,2
26,1,0,2.0,4.0,4.0,2.0,4,3.0,5.88,3.0,6.0,6.0,5.0,4.0,3.0,6.0,6.0,6.0,3.0,0
25,0,2,6.0,9.0,4.0,0.0,1,4.0,6.37,2.0,7.0,5.0,3.0,6.0,8.0,6.0,6.0,6.0,5.0,2
20,0,1,3.0,6.0,1.0,0.0,2,2.0,6.81,1.0,6.0,6.0,3.0,6.0,5.0,7.0,7.0,6.0,5.0,2
25,2,1,4.0,7.0,3.0,0.0,1,2.0,6.17,2.0,3.0,5.0,5.0,7.0,6.0,5.0,3.0,6.0,3.0,0
26,1,1,1.0,3.0,2.0,2.0,3,2.0,7.04,2.0,8.0,3.0,4.0,7.0,2.0,7.0,5.0,4.0,5.0,2
20,0,1,3.0,6.0,3.0,0.0,4,5.0,6.28,1.0,5.0,3.0,2.0,6.0,1.0,6.0,9.0,3.0,6.0,2
20,1,1,4.0,4.0,3.0,1.0,3,3.0,6.87,0.0,8.0,5.0,5.0,4.0,4.0,7.0,5.0,6.0,4.0,0
19,0,2,5.0,7.0,2.0,3.0,2,3.0,5.89,2.0,7.0,4.0,4.0,6.0,5.0,6.0,5.0,6.0,4.0,0
25,0,0,6.0,9.0,5.0,1.0,1,2.0,7.42,1.0,6.0,6.0,3.0,6.0,6.0,8.0,6.0,6.0,5.0,2
18,1,1,4.0,5.0,3.0,1.0,2,1.0,6.94,2.0,3.0,5.0,6.0,4.0,4.0,8.0,4.0,6.0,3.0,0
25,1,1,4.0,7.0,3.0,3.0,1,2.0,4.48,0.0,4.0,4.0,7.0,4.0,4.0,6.0,2.0,7.0,1.0,0
24,0,1,6.0,8.0,2.0,2.0,1,4.0,6.87,1.0,4.0,5.0,5.0,6.0,6.0,7.0,5.0,6.0,4.0,2
24,0,1,6.0,10.0,0.0,1.0,0,2.0,6.81,1.0,5.0,4.0,3.0,6.0,6.0,7.0,6.0,8.0,4.0,2
20,1,1,2.0,5.0,3.0,2.0,3,3.0,5.33,4.0,4.0,6.0,3.0,6.0,4.0,6.0,4.0,6.0,4.0,0
18,1,2,6.0,9.0,2.0,0.0,0,1.0,8.09,1.0,6.0,5.0,4.0,6.0,5.0,8.0,8.0,7.0,6.0,2
21,0,0,2.0,5.0,3.0,1.0,2,5.0,5.99,2.0,10.0,5.0,6.0,4.0,6.0,7.0,6.0,4.0,4.0,0
26,2,0,5.0,6.0,7.0,4.0,2,3.0,5.12,1.0,4.0,6.0,5.0,5.0,6.0,4.0,6.0,5.0,3.0,0
22,1,2,5.0,8.0,3.0,0.0,4,5.0,4.85,0.0,9.0,5.0,6.0,6.0,6.0,5.0,6.0,7.0,3.0,0
18,0,0,4.0,6.0,3.0,0.0,1,2.0,7.23,2.0,4.0,7.0,5.0,4.0,4.0,8.0,6.0,6.0,4.0,2
22,1,0,3.0,7.0,4.0,1.0,0,4.0,6.7,1.0,2.0,6.0,6.0,4.0,5.0,7.0,6.0,7.0,4.0,0
25,1,2,3.0,6.0,5.0,1.0,4,3.0,4.79,2.0,3.0,7.0,7.0,3.0,4.0,5.0,5.0,7.0,2.0,0
25,1,1,0.0,2.0,3.0,2.0,0,4.0,7.08,0.0,5.0,6.0,4.0,7.0,2.0,6.0,7.0,2.0,6.0,2
22,0,1,4.0,6.0,3.0,2.0,2,7.0,7.35,1.0,4.0,5.0,5.0,4.0,4.0,7.0,7.0,4.0,5.0,2
26,1,1,4.0,7.0,2.0,2.0,4,3.0,6.28,2.0,7.0,6.0,7.0,3.0,4.0,7.0,5.0,8.0,2.0,0
18,0,1,6.0,10.0,4.0,2.0,3,3.0,7.24,2.0,5.0,5.0,5.0,6.0,7.0,8.0,4.0,7.0,4.0,2
21,0,2,4.0,5.0,4.0,2.0,4,4.0,4.75,3.0,9.0,6.0,6.0,4.0,4.0,5.0,5.0,6.0,3.0,0
20,2,1,3.0,4.0,3.0,4.0,1,2.0,5.83,2.0,9.0,7.0,6.0,3.0,4.0,5.0,3.0,3.0,2.0,0
19,0,1,3.0,6.0,2.0,3.0,2,2.0,6.92,1.0,6.0,3.0,2.0,5.0,4.0,9.0,6.0,3.0,6.0,2
25,0,1,3.0,7.0,3.0,1.0,3,3.0,9.84,2.0,7.0,5.0,3.0,7.0,4.0,10.0,6.0,5.0,6.0,2
24,0,1,3.0,6.0,4.0,4.0,2,3.0,7.3,1.0,4.0,5.0,4.0,5.0,3.0,7.0,6.0,5.0,5.0,2
26,0,1,2.0,6.0,2.0,1.0,1,6.0,6.31,2.0,6.0,6.0,5.0,6.0,3.0,6.0,8.0,4.0,6.0,2
19,0,1,5.0,5.0,3.0,1.0,2,1.0,5.28,1.0,5.0,6.0,6.0,4.0,6.0,6.0,4.0,4.0,3.0,0
21,1,1,5.0,10.0,4.0,2.0,3,3.0,6.02,2.0,7.0,6.0,6.0,4.0,5.0,7.0,5.0,9.0,3.0,0
23,1,1,2.0,4.0,3.0,3.0,4,3.0,8.12,1.0,7.0,4.0,4.0,6.0,3.0,10.0,7.0,4.0,6.0,2
20,0,1,4.0,7.0,5.0,2.0,4,1.0,7.76,1.0,5.0,6.0,5.0,4.0,6.0,9.0,5.0,6.0,4.0,2
25,1,1,6.0,7.0,2.0,1.0,4,4.0,8.07,1.0,9.0,3.0,3.0,6.0,6.0,9.0,7.0,4.0,6.0,2
20,1,2,6.0,9.0,2.0,1.0,3,4.0,6.18,1.0,8.0,3.0,5.0,4.0,6.0,8.0,6.0,7.0,4.0,0
19,0,1,2.0,5.0,2.0,3.0,4,3.0,6.16,2.0,6.0,5.0,4.0,5.0,2.0,6.0,5.0,5.0,4.0,0
20,1,1,6.0,9.0,2.0,1.0,0,4.0,5.06,0.0,11.0,6.0,6.0,4.0,5.0,6.0,5.0,7.0,2.0,0
23,0,2,3.0,6.0,2.0,3.0,0,1.0,7.37,1.0,6.0,3.0,3.0,7.0,3.0,8.0,5.0,5.0,5.0,2
19,1,1,4.0,8.0,4.0,0.0,4,4.0,8.04,0.0,7.0,6.0,5.0,7.0,5.0,7.0,6.0,6.0,5.0,2
25,2,1,3.0,8.0,1.0,0.0,1,2.0,6.22,2.0,7.0,4.0,5.0,6.0,5.0,6.0,6.0,5.0,4.0,2
18,2,0,2.0,4.0,2.0,3.0,3,0.0,5.44,2.0,7.0,6.0,5.0,6.0,5.0,7.0,3.0,6.0,3.0,0
24,2,1,3.0,7.0,4.0,0.0,1,3.0,4.98,3.0,3.0,7.0,7.0,4.0,4.0,6.0,3.0,8.0,2.0,0
19,1,1,6.0,8.0,3.0,0.0,2,0.0,7.83,1.0,6.0,7.0,5.0,4.0,5.0,9.0,5.0,6.0,4.0,2
23,0,2,6.0,9.0,2.0,2.0,1,3.0,5.49,2.0,4.0,4.0,4.0,5.0,6.0,4.0,5.0,5.0,3.0,0
19,2,0,5.0,7.0,2.0,3.0,1,4.0,5.29,0.0,6.0,4.0,4.0,6.0,5.0,7.0,5.0,4.0,5.0,2
19,2,1,4.0,7.0,5.0,0.0,1,1.0,4.65,2.0,8.0,6.0,5.0,6.0,4.0,5.0,5.0,7.0,3.0,0
25,0,2,7.0,9.0,3.0,1.0,4,2.0,7.19,1.0,8.0,4.0,4.0,7.0,6.0,6.0,6.0,6.0,5.0,2
19,1,2,5.0,10.0,3.0,3.0,2,4.0,9.97,2.0,7.0,5.0,3.0,6.0,7.0,10.0,9.0,7.0,7.0,2
24,0,1,4.0,6.0,3.0,1.0,2,2.0,7.38,2.0,7.0,6.0,5.0,5.0,4.0,7.0,4.0,7.0,4.0,0
20,0,2,1.0,6.0,5.0,1.0,4,1.0,4.7,2.0,2.0,5.0,6.0,5.0,2.0,4.0,2.0,7.0,2.0,0
25,1,1,5.0,7.0,3.0,3.0,0,2.0,5.77,0.0,5.0,4.0,4.0,6.0,6.0,7.0,5.0,9.0,4.0,0
24,0,1,6.0,10.0,2.0,2.0,0,4.0,3.98,2.0,4.0,6.0,7.0,4.0,8.0,4.0,4.0,9.0,1.0,0
25,0,2,5.0,9.0,4.0,1.0,2,5.0,8.02,1.0,3.0,5.0,5.0,6.0,5.0,9.0,7.0,4.0,6.0,2
24,0,1,1.0,4.0,4.0,0.0,3,1.0,5.84,3.0,5.0,4.0,6.0,5.0,3.0,7.0,5.0,6.0,4.0,0
23,0,2,4.0,7.0,3.0,0.0,4,4.0,6.85,2.0,8.0,4.0,4.0,6.0,4.0,7.0,5.0,6.0,4.0,2
24,0,2,7.0,10.0,3.0,2.0,1,5.0,6.53,1.0,6.0,5.0,4.0,5.0,5.0,7.0,8.0,4.0,6.0,2
22,2,0,4.0,7.0,4.0,1.0,3,6.0,7.69,1.0,3.0,4.0,3.0,6.0,4.0,9.0,7.0,5.0,6.0,2
24,0,1,7.0,10.0,2.0,0.0,0,3.0,6.48,3.0,7.0,6.0,5.0,3.0,6.0,7.0,4.0,6.0,2.0,0
18,0,1,5.0,8.0,4.0,0.0,2,4.0,7.61,2.0,8.0,4.0,3.0,6.0,6.0,7.0,7.0,2.0,6.0,2
18,0,2,4.0,6.0,3.0,0.0,0,3.0,6.71,2.0,10.0,6.0,5.0,4.0,5.0,6.0,5.0,7.0,3.0,0
26,0,1,6.0,9.0,3.0,0.0,2,2.0,5.54,0.0,1.0,6.0,8.0,4.0,6.0,5.0,3.0,9.0,1.0,0
22,0,1,3.0,6.0,2.0,1.0,4,4.0,6.92,3.0,5.0,5.0,2.0,6.0,4.0,6.0,7.0,3.0,5.0,2
22,0,2,2.0,4.0,3.0,3.0,2,0.0,6.73,0.0,5.0,5.0,4.0,6.0,2.0,6.0,6.0,4.0,5.0,2
20,0,1,2.0,5.0,2.0,3.0,3,5.0,6.14,1.0,8.0,3.0,5.0,6.0,3.0,5.0,4.0,4.0,3.0,0
22,0,1,4.0,8.0,2.0,1.0,3,5.0,5.89,2.0,3.0,6.0,5.0,4.0,3.0,6.0,6.0,5.0,4.0,0
20,1,1,5.0,8.0,4.0,1.0,3,4.0,8.78,2.0,7.0,5.0,5.0,5.0,3.0,8.0,5.0,6.0,4.0,2
26,1,1,3.0,6.0,2.0,1.0,3,2.0,8.75,0.0,6.0,4.0,4.0,5.0,4.0,10.0,4.0,5.0,5.0,2
26,1,1,6.0,10.0,2.0,0.0,1,2.0,5.51,2.0,5.0,5.0,7.0,3.0,4.0,4.0,5.0,7.0,2.0,0
23,0,1,4.0,8.0,2.0,0.0,0,5.0,4.83,0.0,5.0,6.0,4.0,4.0,6.0,3.0,5.0,5.0,3.0,0
18,1,1,5.0,8.0,3.0,1.0,4,1.0,6.81,1.0,4.0,6.0,5.0,5.0,6.0,7.0,3.0,5.0,3.0,0
24,1,2,3.0,7.0,5.0,1.0,4,4.0,6.95,3.0,6.0,3.0,5.0,5.0,4.0,7.0,7.0,4.0,5.0,2
24,1,1,4.0,6.0,3.0,1.0,4,5.0,7.34,2.0,6.0,7.0,6.0,5.0,3.0,6.0,6.0,5.0,4.0,0
21,0,2,1.0,5.0,1.0,0.0,0,4.0,6.1,1.0,5.0,4.0,5.0,5.0,4.0,7.0,5.0,5.0,4.0,0
25,1,1,4.0,7.0,4.0,1.0,2,4.0,9.08,1.0,2.0,5.0,5.0,5.0,7.0,10.0,6.0,3.0,6.0,2
23,0,2,4.0,7.0,3.0,0.0,4,0.0,8.5,1.0,8.0,5.0,3.0,8.0,4.0,9.0,5.0,6.0,6.0,2
21,1,0,3.0,6.0,4.0,3.0,4,4.0,8.44,1.0,6.0,6.0,4.0,8.0,5.0,9.0,6.0,3.0,6.0,2
21,0,1,4.0,7.0,4.0,3.0,1,3.0,5.02,1.0,7.0,6.0,5.0,4.0,3.0,6.0,4.0,4.0,4.0,0
19,2,2,4.0,7.0,2.0,1.0,4,3.0,3.91,2.0,6.0,5.0,6.0,6.0,6.0,4.0,4.0,6.0,3.0,0
19,2,1,3.0,4.0,2.0,3.0,4,3.0,5.27,1.0,8.0,5.0,5.0,5.0,4.0,7.0,5.0,4.0,4.0,0
21,1,1,4.0,8.0,2.0,2.0,2,5.0,7.13,1.0,2.0,5.0,4.0,5.0,3.0,7.0,5.0,4.0,4.0,2
22,0,2,3.0,7.0,5.0,2.0,4,5.0,7.38,2.0,6.0,7.0,6.0,4.0,4.0,8.0,7.0,4.0,5.0,2
25,0,2,3.0,5.0,2.0,2.0,4,4.0,5.99,1.0,5.0,5.0,2.0,8.0,3.0,6.0,6.0,2.0,6.0,2
23,1,1,6.0,10.0,2.0,0.0,0,1.0,6.88,1.0,5.0,5.0,4.0,7.0,6.0,7.0,6.0,8.0,5.0,2
21,1,0,2.0,4.0,4.0,2.0,1,4.0,8.11,1.0,8.0,6.0,5.0,3.0,3.0,8.0,5.0,3.0,4.0,2
24,1,1,5.0,6.0,3.0,3.0,0,3.0,8.11,1.0,3.0,5.0,4.0,7.0,6.0,7.0,7.0,6.0,5.0,2
25,0,2,2.0,5.0,0.0,2.0,4,5.0,4.83,2.0,8.0,3.0,6.0,5.0,3.0,5.0,5.0,4.0,3.0,0
19,1,1,6.0,8.0,2.0,2.0,1,3.0,6.2,1.0,4.0,5.0,6.0,6.0,5.0,7.0,4.0,6.0,4.0,0
24,0,2,5.0,7.0,3.0,2.0,2,4.0,5.01,3.0,5.0,6.0,6.0,4.0,6.0,5.0,5.0,6.0,3.0,0
19,0,1,3.0,5.0,2.0,2.0,0,1.0,3.0,0.0,6.0,5.0,5.0,6.0,3.0,2.0,4.0,7.0,2.0,0
19,0,0,5.0,9.0,5.0,3.0,2,2.0,6.8,2.0,6.0,7.0,6.0,5.0,7.0,7.0,5.0,7.0,3.0,0
25,0,2,6.0,9.0,1.0,2.0,4,1.0,4.29,1.0,7.0,5.0,6.0,3.0,4.0,5.0,4.0,8.0,1.0,0
19,0,1,5.0,9.0,2.0,4.0,4,2.0,5.05,0.0,4.0,3.0,6.0,4.0,6.0,3.0,5.0,7.0,2.0,0
26,0,2,5.0,6.0,2.0,1.0,1,3.0,4.27,2.0,4.0,5.0,7.0,4.0,6.0,5.0,3.0,7.0,2.0,0
18,0,2,4.0,7.0,4.0,1.0,2,4.0,7.72,1.0,7.0,5.0,4.0,6.0,4.0,8.0,8.0,5.0,6.0,2
26,1,1,6.0,10.0,2.0,3.0,4,2.0,7.18,2.0,5.0,5.0,3.0,6.0,6.0,7.0,5.0,6.0,5.0,2
18,1,1,4.0,7.0,5.0,2.0,2,4.0,9.55,0.0,5.0,4.0,2.0,8.0,6.0,9.0,7.0,3.0,7.0,1
19,2,1,4.0,7.0,5.0,2.0,2,3.0,7.92,1.0,3.0,4.0,4.0,6.0,4.0,7.0,6.0,4.0,5.0,2
23,2,1,5.0,8.0,4.0,3.0,1,2.0,5.77,2.0,6.0,3.0,4.0,6.0,4.0,6.0,4.0,6.0,3.0,0
23,0,1,4.0,7.0,1.0,0.0,1,4.0,7.55,1.0,4.0,4.0,4.0,6.0,5.0,9.0,6.0,5.0,5.0,2
18,1,1,6.0,9.0,3.0,2.0,4,2.0,6.49,3.0,8.0,6.0,6.0,3.0,6.0,7.0,3.0,7.0,2.0,0
24,1,1,5.0,8.0,0.0,1.0,4,4.0,6.67,2.0,3.0,6.0,4.0,4.0,3.0,7.0,5.0,8.0,3.0,0
25,1,1,8.0,12.0,5.0,3.0,2,2.0,5.63,1.0,4.0,7.0,6.0,3.0,7.0,6.0,4.0,7.0,2.0,0
19,0,0,4.0,6.0,3.0,1.0,0,7.0,7.32,1.0,5.0,5.0,4.0,6.0,6.0,8.0,6.0,4.0,5.0,2
25,0,2,5.0,8.0,4.0,3.0,4,5.0,5.99,1.0,8.0,6.0,6.0,5.0,7.0,7.0,6.0,5.0,4.0,2
26,0,2,5.0,6.0,2.0,3.0,2,1.0,5.92,2.0,5.0,5.0,6.0,6.0,5.0,5.0,5.0,6.0,3.0,0
23,0,1,5.0,8.0,3.0,0.0,2,3.0,6.34,2.0,2.0,5.0,6.0,5.0,5.0,7.0,4.0,8.0,3.0,0
22,1,1,4.0,6.0,3.0,0.0,3,2.0,7.28,3.0,7.0,5.0,6.0,5.0,6.0,7.0,4.0,5.0,3.0,0
26,1,1,5.0,9.0,3.0,2.0,3,2.0,5.06,2.0,7.0,5.0,4.0,6.0,5.0,5.0,5.0,6.0,4.0,0
26,1,2,4.0,6.0,4.0,3.0,0,4.0,6.93,1.0,4.0,6.0,5.0,5.0,5.0,5.0,5.0,6.0,3.0,0
18,0,1,5.0,8.0,1.0,4.0,1,4.0,4.86,3.0,7.0,6.0,6.0,4.0,4.0,6.0,4.0,6.0,3.0,0
20,1,1,1.0,5.0,3.0,4.0,0,2.0,5.87,2.0,9.0,3.0,4.0,4.0,3.0,6.0,4.0,5.0,3.0,0
26,0,2,4.0,7.0,5.0,0.0,0,2.0,5.82,2.0,5.0,5.0,4.0,5.0,4.0,5.0,5.0,6.0,3.0,0
19,0,1,7.0,10.0,2.0,1.0,4,4.0,7.47,1.0,5.0,6.0,5.0,6.0,6.0,7.0,6.0,9.0,4.0,0
21,1,2,6.0,9.0,5.0,0.0,2,1.0,6.96,1.0,5.0,6.0,6.0,5.0,5.0,8.0,4.0,6.0,4.0,0
21,1,2,4.0,8.0,1.0,1.0,0,4.0,7.63,1.0,6.0,5.0,3.0,7.0,4.0,7.0,6.0,5.0,6.0,2
19,1,1,5.0,7.0,5.0,2.0,1,2.0,7.62,2.0,7.0,6.0,2.0,6.0,6.0,9.0,5.0,6.0,5.0,2
20,0,0,5.0,7.0,1.0,3.0,2,4.0,9.09,2.0,9.0,4.0,3.0,5.0,5.0,9.0,7.0,4.0,6.0,2
20,0,1,5.0,7.0,3.0,2.0,4,2.0,4.54,0.0,5.0,5.0,6.0,6.0,4.0,4.0,4.0,6.0,3.0,0
18,1,0,3.0,4.0,3.0,3.0,3,3.0,5.76,3.0,7.0,4.0,6.0,3.0,3.0,6.0,4.0,5.0,3.0,0
23,0,1,3.0,7.0,3.0,1.0,0,2.0,4.79,2.0,10.0,4.0,6.0,4.0,6.0,5.0,4.0,7.0,2.0,0
25,0,2,3.0,6.0,2.0,4.0,2,5.0,7.08,2.0,7.0,4.0,4.0,8.0,5.0,6.0,6.0,5.0,5.0,2
20,0,2,3.0,5.0,4.0,1.0,3,4.0,6.9,0.0,3.0,5.0,4.0,5.0,1.0,7.0,7.0,6.0,5.0,2
22,0,1,6.0,7.0,2.0,2.0,4,3.0,5.65,1.0,4.0,4.0,5.0,4.0,6.0,5.0,5.0,6.0,3.0,0
18,0,2,2.0,6.0,6.0,4.0,1,4.0,6.94,2.0,6.0,5.0,3.0,8.0,1.0,7.0,4.0,5.0,5.0,2
24,0,0,7.0,8.0,2.0,0.0,4,4.0,7.93,1.0,11.0,6.0,4.0,6.0,7.0,8.0,5.0,5.0,5.0,2
18,1,0,5.0,7.0,4.0,2.0,1,2.0,4.58,0.0,6.0,6.0,5.0,6.0,6.0,5.0,4.0,6.0,3.0,0
26,1,2,2.0,5.0,1.0,0.0,1,2.0,6.46,0.0,7.0,4.0,8.0,4.0,3.0,7.0,4.0,7.0,3.0,0
25,0,2,3.0,5.0,2.0,0.0,1,3.0,6.72,2.0,9.0,7.0,5.0,6.0,6.0,6.0,4.0,5.0,4.0,0
24,0,1,5.0,9.0,0.0,2.0,4,3.0,5.2,0.0,10.0,5.0,7.0,1.0,6.0,4.0,4.0,7.0,1.0,0
24,0,2,2.0,4.0,5.0,0.0,0,3.0,5.34,1.0,10.0,5.0,4.0,5.0,1.0,6.0,5.0,4.0,4.0,2
22,0,2,3.0,5.0,4.0,2.0,3,1.0,6.2,0.0,7.0,6.0,6.0,2.0,5.0,5.0,5.0,6.0,2.0,0
22,2,2,2.0,6.0,0.0,2.0,2,3.0,6.82,2.0,5.0,4.0,2.0,8.0,3.0,7.0,4.0,3.0,5.0,2
22,1,2,5.0,8.0,2.0,0.0,0,4.0,7.68,0.0,9.0,6.0,5.0,6.0,6.0,8.0,6.0,5.0,5.0,2
18,1,1,2.0,7.0,1.0,0.0,0,5.0,6.99,1.0,8.0,4.0,4.0,5.0,4.0,6.0,4.0,6.0,3.0,0
25,1,1,2.0,6.0,3.0,3.0,2,3.0,7.34,1.0,4.0,4.0,4.0,4.0,2.0,8.0,7.0,6.0,5.0,2
18,0,1,6.0,11.0,3.0,2.0,2,1.0,7.68,2.0,6.0,6.0,5.0,5.0,4.0,8.0,5.0,7.0,4.0,2
21,1,1,4.0,7.0,4.0,0.0,3,3.0,8.39,0.0,6.0,4.0,4.0,6.0,4.0,7.0,6.0,5.0,5.0,2
26,1,1,3.0,7.0,3.0,0.0,0,3.0,6.62,1.0,4.0,5.0,3.0,5.0,3.0,7.0,6.0,5.0,5.0,2
26,1,2,5.0,7.0,5.0,0.0,3,2.0,4.29,1.0,5.0,8.0,7.0,3.0,4.0,4.0,3.0,8.0,1.0,0
22,1,1,4.0,8.0,1.0,2.0,0,2.0,8.32,2.0,6.0,5.0,3.0,7.0,4.0,9.0,6.0,6.0,6.0,2
21,1,1,3.0,5.0,3.0,3.0,2,4.0,9.1,3.0,5.0,3.0,1.0,10.0,3.0,10.0,7.0,3.0,8.0,1
20,1,1,3.0,6.0,2.0,2.0,1,3.0,6.4,1.0,7.0,6.0,5.0,5.0,4.0,6.0,2.0,7.0,2.0,0
20,0,1,5.0,7.0,2.0,3.0,3,3.0,8.8,2.0,4.0,5.0,4.0,7.0,4.0,9.0,5.0,5.0,5.0,2
22,1,1,3.0,5.0,4.0,2.0,3,1.0,7.3,1.0,5.0,5.0,3.0,6.0,4.0,8.0,5.0,3.0,5.0,2
18,1,2,4.0,8.0,4.0,4.0,1,3.0,7.28,3.0,4.0,5.0,5.0,6.0,4.0,8.0,7.0,6.0,5.0,2
22,0,1,6.0,11.0,1.0,1.0,0,2.0,6.69,0.0,3.0,3.0,3.0,7.0,8.0,6.0,4.0,8.0,4.0,2
23,0,1,4.0,7.0,3.0,0.0,1,2.0,4.72,2.0,5.0,5.0,4.0,6.0,4.0,5.0,4.0,4.0,4.0,0
24,1,0,6.0,10.0,3.0,0.0,1,1.0,6.67,3.0,4.0,5.0,3.0,10.0,5.0,5.0,4.0,6.0,5.0,2
26,1,1,2.0,4.0,5.0,1.0,4,4.0,8.49,1.0,8.0,7.0,4.0,5.0,3.0,7.0,5.0,4.0,5.0,2
20,0,2,4.0,8.0,5.0,1.0,0,2.0,7.37,0.0,7.0,5.0,5.0,6.0,5.0,7.0,6.0,6.0,4.0,2
19,1,0,6.0,8.0,4.0,0.0,1,2.0,6.43,2.0,7.0,6.0,6.0,6.0,7.0,6.0,5.0,8.0,4.0,0
20,1,1,3.0,7.0,3.0,2.0,1,3.0,4.67,2.0,6.0,5.0,6.0,6.0,4.0,5.0,4.0,8.0,3.0,0
26,1,1,7.0,9.0,4.0,3.0,4,4.0,7.65,0.0,5.0,6.0,6.0,4.0,6.0,7.0,4.0,6.0,3.0,0
24,1,1,4.0,6.0,2.0,0.0,4,4.0,6.58,2.0,3.0,3.0,5.0,6.0,5.0,6.0,6.0,8.0,4.0,2
26,0,1,2.0,6.0,2.0,3.0,4,3.0,6.82,0.0,7.0,4.0,5.0,4.0,2.0,8.0,5.0,6.0,4.0,0
19,0,1,6.0,9.0,2.0,1.0,2,4.0,6.1,0.0,2.0,6.0,4.0,6.0,6.0,6.0,5.0,6.0,4.0,2
22,0,1,6.0,9.0,4.0,0.0,3,4.0,7.37,1.0,4.0,5.0,5.0,3.0,5.0,7.0,7.0,7.0,4.0,0
21,0,1,2.0,4.0,3.0,0.0,4,3.0,7.8,1.0,7.0,4.0,4.0,6.0,3.0,9.0,6.0,5.0,5.0,2
19,1,2,5.0,7.0,3.0,1.0,0,4.0,6.87,0.0,5.0,3.0,3.0,7.0,6.0,7.0,5.0,4.0,5.0,2
26,0,1,3.0,6.0,3.0,1.0,2,4.0,8.24,1.0,8.0,6.0,3.0,8.0,4.0,9.0,6.0,3.0,7.0,2
26,1,2,2.0,4.0,4.0,0.0,3,4.0,7.71,2.0,8.0,6.0,3.0,6.0,5.0,7.0,5.0,5.0,5.0,2
23,1,2,3.0,6.0,5.0,0.0,2,4.0,6.94,2.0,6.0,5.0,5.0,5.0,1.0,7.0,8.0,6.0,5.0,2
23,0,1,4.0,6.0,3.0,4.0,4,2.0,6.13,3.0,8.0,5.0,5.0,6.0,4.0,7.0,5.0,7.0,4.0,0
25,0,1,6.0,9.0,3.0,2.0,1,2.0,6.04,0.0,4.0,6.0,7.0,4.0,6.0,7.0,6.0,7.0,3.0,0
23,1,1,4.0,7.0,4.0,2.0,1,4.0,4.28,1.0,3.0,6.0,6.0,6.0,4.0,4.0,2.0,5.0,2.0,0
18,0,2,5.0,7.0,3.0,3.0,2,3.0,5.3,4.0,5.0,6.0,4.0,5.0,6.0,5.0,4.0,5.0,3.0,0
21,1,1,3.0,7.0,2.0,1.0,3,5.0,6.34,2.0,9.0,6.0,5.0,5.0,3.0,6.0,6.0,6.0,4.0,0
24,1,2,4.0,7.0,0.0,1.0,3,5.0,6.88,1.0,5.0,1.0,2.0,9.0,5.0,7.0,6.0,3.0,7.0,2
19,1,2,3.0,5.0,3.0,2.0,0,4.0,6.59,2.0,8.0,5.0,5.0,4.0,5.0,6.0,6.0,6.0,4.0,0
26,0,2,1.0,3.0,3.0,0.0,4,0.0,7.63,2.0,8.0,5.0,4.0,8.0,2.0,7.0,5.0,6.0,5.0,2
25,0,1,3.0,8.0,5.0,0.0,1,4.0,6.84,5.0,8.0,6.0,5.0,5.0,2.0,5.0,7.0,5.0,4.0,2
25,0,1,6.0,10.0,3.0,5.0,3,3.0,5.71,0.0,5.0,6.0,6.0,4.0,5.0,6.0,3.0,8.0,2.0,0
24,1,1,0.0,3.0,2.0,5.0,0,2.0,5.68,1.0,8.0,4.0,4.0,7.0,2.0,5.0,4.0,3.0,4.0,2
21,1,1,6.0,9.0,4.0,0.0,2,2.0,7.1,1.0,1.0,7.0,5.0,5.0,7.0,6.0,5.0,5.0,4.0,0
19,0,1,4.0,7.0,3.0,2.0,0,1.0,5.16,2.0,7.0,5.0,5.0,6.0,6.0,6.0,5.0,7.0,4.0,0
20,1,2,4.0,7.0,4.0,2.0,1,4.0,6.19,3.0,7.0,6.0,5.0,4.0,5.0,6.0,6.0,5.0,4.0,0
23,1,0,3.0,6.0,3.0,2.0,4,4.0,7.15,1.0,6.0,4.0,5.0,5.0,4.0,6.0,6.0,5.0,4.0,2
22,2,1,5.0,6.0,3.0,0.0,0,0.0,5.38,0.0,10.0,6.0,5.0,5.0,3.0,5.0,3.0,7.0,3.0,0
25,0,1,6.0,10.0,3.0,0.0,2,3.0,5.88,0.0,9.0,7.0,5.0,5.0,6.0,6.0,4.0,7.0,3.0,0
23,1,1,4.0,9.0,2.0,3.0,0,1.0,6.49,0.0,7.0,6.0,4.0,5.0,5.0,7.0,3.0,5.0,3.0,0
23,1,2,4.0,6.0,3.0,4.0,2,4.0,6.72,0.0,4.0,5.0,5.0,5.0,5.0,6.0,6.0,6.0,4.0,0
18,1,1,8.0,11.0,3.0,1.0,0,1.0,7.0,2.0,4.0,3.0,5.0,5.0,8.0,9.0,3.0,8.0,3.0,0
21,0,1,4.0,8.0,5.0,0.0,1,0.0,6.56,2.0,6.0,6.0,7.0,5.0,5.0,7.0,4.0,9.0,3.0,0
22,0,1,2.0,8.0,3.0,1.0,3,4.0,6.38,2.0,9.0,5.0,5.0,4.0,5.0,6.0,5.0,5.0,3.0,0
20,0,2,4.0,8.0,3.0,1.0,4,4.0,6.11,1.0,6.0,5.0,6.0,5.0,5.0,7.0,5.0,4.0,4.0,2
26,1,1,3.0,6.0,4.0,0.0,2,4.0,7.88,2.0,4.0,6.0,6.0,4.0,4.0,7.0,5.0,7.0,3.0,0
18,1,1,3.0,7.0,2.0,1.0,1,3.0,5.52,0.0,8.0,5.0,5.0,4.0,2.0,4.0,4.0,7.0,2.0,0
23,2,1,6.0,10.0,4.0,3.0,2,3.0,7.69,1.0,10.0,6.0,4.0,6.0,6.0,7.0,5.0,7.0,4.0,2
23,2,1,5.0,9.0,2.0,3.0,3,4.0,6.51,2.0,2.0,5.0,3.0,6.0,6.0,5.0,6.0,6.0,5.0,2
22,0,1,1.0,3.0,1.0,2.0,2,5.0,6.29,0.0,5.0,5.0,6.0,5.0,4.0,7.0,3.0,4.0,3.0,0
22,1,2,1.0,5.0,4.0,2.0,3,3.0,6.74,2.0,8.0,5.0,4.0,5.0,4.0,7.0,5.0,4.0,4.0,2
22,0,2,4.0,8.0,3.0,2.0,3,2.0,5.48,1.0,6.0,3.0,6.0,4.0,4.0,3.0,5.0,8.0,2.0,0
23,0,1,5.0,7.0,0.0,1.0,2,0.0,7.59,3.0,9.0,5.0,4.0,4.0,5.0,6.0,3.0,6.0,3.0,0
25,0,2,1.0,4.0,2.0,3.0,1,3.0,7.22,1.0,5.0,5.0,3.0,7.0,3.0,6.0,5.0,2.0,5.0,2
19,0,1,5.0,7.0,3.0,0.0,0,5.0,5.86,1.0,4.0,6.0,7.0,5.0,5.0,6.0,3.0,6.0,3.0,0
23,1,0,8.0,12.0,6.0,2.0,1,4.0,7.08,2.0,6.0,9.0,6.0,5.0,7.0,7.0,4.0,9.0,3.0,0
18,1,0,6.0,8.0,0.0,2.0,1,5.0,5.83,1.0,5.0,4.0,5.0,5.0,6.0,6.0,4.0,4.0,4.0,0
21,1,1,3.0,7.0,4.0,4.0,1,4.0,5.33,2.0,6.0,6.0,5.0,4.0,3.0,6.0,4.0,5.0,3.0,0
20,2,1,5.0,7.0,2.0,0.0,2,3.0,6.85,2.0,5.0,4.0,6.0,4.0,3.0,6.0,4.0,5.0,3.0,0
26,0,1,4.0,9.0,3.0,1.0,0,2.0,6.32,3.0,1.0,7.0,7.0,4.0,4.0,7.0,3.0,8.0,2.0,0
20,0,2,7.0,11.0,2.0,0.0,0,2.0,6.35,4.0,5.0,3.0,4.0,6.0,6.0,6.0,5.0,7.0,3.0,0
23,1,0,6.0,9.0,4.0,3.0,3,1.0,7.75,3.0,6.0,4.0,5.0,5.0,5.0,10.0,5.0,6.0,5.0,2
18,2,1,3.0,5.0,3.0,0.0,0,4.0,7.3,1.0,7.0,5.0,5.0,4.0,3.0,8.0,5.0,4.0,4.0,0
23,0,2,5.0,8.0,2.0,1.0,1,5.0,7.46,1.0,6.0,4.0,3.0,6.0,4.0,8.0,7.0,3.0,6.0,2
21,1,2,3.0,5.0,4.0,4.0,2,5.0,5.4,1.0,4.0,4.0,7.0,4.0,4.0,3.0,6.0,4.0,2.0,0
25,0,1,6.0,7.0,5.0,0.0,0,1.0,6.42,2.0,4.0,5.0,5.0,4.0,4.0,6.0,5.0,7.0,3.0,0
26,1,1,4.0,6.0,4.0,1.0,3,3.0,7.35,1.0,6.0,7.0,5.0,6.0,3.0,9.0,5.0,6.0,5.0,2
21,1,1,4.0,7.0,6.0,3.0,0,1.0,7.81,2.0,4.0,7.0,6.0,6.0,4.0,6.0,3.0,7.0,3.0,0
23,1,2,4.0,7.0,4.0,4.0,2,1.0,6.44,2.0,1.0,6.0,4.0,7.0,5.0,9.0,4.0,5.0,5.0,2
18,2,2,3.0,6.0,3.0,1.0,1,1.0,5.03,3.0,7.0,3.0,6.0,5.0,3.0,7.0,2.0,7.0,2.0,0
21,2,0,4.0,7.0,2.0,3.0,0,5.0,7.27,0.0,6.0,5.0,3.0,5.0,3.0,8.0,5.0,4.0,5.0,2
24,1,0,5.0,8.0,4.0,2.0,2,2.0,7.34,3.0,8.0,4.0,4.0,5.0,5.0,8.0,8.0,6.0,6.0,2
18,0,1,4.0,6.0,2.0,1.0,3,1.0,6.46,3.0,6.0,5.0,5.0,5.0,4.0,7.0,5.0,7.0,3.0,0
25,0,1,4.0,6.0,4.0,3.0,1,2.0,7.07,1.0,4.0,6.0,5.0,5.0,5.0,8.0,6.0,8.0,4.0,0
23,0,2,3.0,6.0,3.0,1.0,3,5.0,4.88,0.0,4.0,4.0,5.0,5.0,5.0,5.0,5.0,3.0,4.0,0
22,1,2,2.0,4.0,3.0,0.0,4,3.0,7.54,1.0,8.0,5.0,4.0,5.0,2.0,7.0,8.0,5.0,5.0,2
26,0,2,4.0,6.0,2.0,0.0,3,1.0,7.08,1.0,8.0,6.0,5.0,5.0,3.0,6.0,3.0,7.0,3.0,0
19,0,1,6.0,8.0,3.0,2.0,3,5.0,5.67,1.0,5.0,5.0,8.0,2.0,5.0,6.0,4.0,6.0,2.0,0
22,1,2,5.0,9.0,2.0,2.0,0,4.0,8.14,0.0,4.0,5.0,3.0,6.0,7.0,7.0,7.0,4.0,5.0,2
23,1,1,5.0,9.0,5.0,2.0,0,2.0,4.64,3.0,7.0,5.0,7.0,3.0,7.0,4.0,3.0,7.0,1.0,0
24,0,1,6.0,9.0,3.0,0.0,3,3.0,6.67,3.0,3.0,5.0,5.0,3.0,5.0,8.0,5.0,4.0,4.0,0
22,1,1,4.0,8.0,3.0,3.0,2,4.0,8.02,1.0,5.0,7.0,3.0,5.0,3.0,7.0,7.0,5.0,5.0,2
26,2,2,3.0,6.0,2.0,3.0,4,2.0,8.96,1.0,8.0,5.0,3.0,5.0,5.0,9.0,6.0,5.0,5.0,2
18,1,1,4.0,7.0,1.0,3.0,0,4.0,5.28,2.0,6.0,4.0,5.0,5.0,4.0,6.0,6.0,4.0,4.0,2
24,2,0,4.0,6.0,2.0,1.0,1,3.0,6.79,2.0,5.0,5.0,6.0,3.0,5.0,6.0,5.0,4.0,3.0,0
24,1,2,3.0,7.0,2.0,2.0,2,2.0,6.35,3.0,4.0,4.0,4.0,7.0,4.0,6.0,6.0,4.0,5.0,2
21,1,1,5.0,8.0,2.0,1.0,0,2.0,6.52,2.0,6.0,5.0,6.0,5.0,5.0,5.0,5.0,7.0,3.0,0
26,1,1,3.0,7.0,2.0,0.0,1,0.0,6.64,2.0,8.0,5.0,5.0,6.0,4.0,8.0,5.0,6.0,4.0,2
22,0,1,1.0,4.0,4.0,2.0,1,2.0,7.03,0.0,6.0,5.0,6.0,5.0,3.0,7.0,5.0,6.0,3.0,0
21,0,1,6.0,9.0,2.0,1.0,3,0.0,9.21,2.0,7.0,4.0,2.0,9.0,5.0,9.0,6.0,6.0,6.0,2
24,1,1,5.0,7.0,4.0,0.0,4,0.0,7.95,2.0,8.0,6.0,4.0,6.0,5.0,8.0,5.0,6.0,5.0,2
21,1,2,1.0,4.0,2.0,4.0,0,0.0,4.72,0.0,9.0,3.0,3.0,6.0,3.0,4.0,4.0,6.0,3.0,0
20,0,1,3.0,8.0,3.0,0.0,3,2.0,5.58,0.0,4.0,4.0,5.0,5.0,3.0,5.0,2.0,6.0,2.0,0
26,0,1,4.0,5.0,4.0,1.0,3,4.0,7.41,4.0,8.0,7.0,7.0,3.0,4.0,8.0,6.0,5.0,4.0,2
25,0,1,4.0,7.0,2.0,1.0,4,1.0,5.17,0.0,8.0,6.0,6.0,4.0,5.0,6.0,4.0,7.0,3.0,0
18,1,1,7.0,11.0,4.0,2.0,2,5.0,5.19,2.0,3.0,7.0,6.0,4.0,5.0,5.0,4.0,7.0,2.0,0
24,0,0,3.0,5.0,3.0,1.0,3,5.0,6.01,1.0,5.0,5.0,4.0,6.0,4.0,5.0,7.0,5.0,4.0,2
26,0,1,2.0,6.0,2.0,0.0,2,1.0,7.5,2.0,7.0,4.0,4.0,5.0,5.0,8.0,6.0,5.0,5.0,2
25,2,2,6.0,9.0,2.0,1.0,4,0.0,7.66,0.0,6.0,6.0,5.0,5.0,3.0,7.0,4.0,8.0,4.0,0
25,0,1,4.0,8.0,3.0,1.0,3,4.0,5.44,1.0,7.0,5.0,6.0,5.0,3.0,8.0,5.0,6.0,4.0,2
23,1,1,6.0,9.0,2.0,4.0,0,5.0,4.27,3.0,7.0,4.0,6.0,6.0,6.0,4.0,6.0,4.0,4.0,0
21,1,1,4.0,5.0,0.0,2.0,2,3.0,7.75,2.0,6.0,4.0,3.0,6.0,4.0,9.0,6.0,4.0,6.0,2
25,0,2,6.0,11.0,2.0,2.0,4,3.0,7.44,0.0,5.0,3.0,2.0,7.0,6.0,6.0,5.0,6.0,5.0,2
20,0,1,4.0,6.0,4.0,4.0,1,3.0,6.67,1.0,5.0,3.0,2.0,6.0,4.0,7.0,5.0,5.0,5.0,2
26,0,1,4.0,7.0,3.0,3.0,3,4.0,6.34,1.0,4.0,5.0,5.0,7.0,5.0,7.0,5.0,6.0,4.0,2
19,0,2,2.0,5.0,3.0,4.0,3,4.0,6.48,1.0,3.0,6.0,5.0,5.0,4.0,7.0,7.0,5.0,5.0,2
19,0,1,7.0,10.0,3.0,1.0,3,2.0,6.66,1.0,7.0,6.0,5.0,5.0,7.0,6.0,6.0,6.0,4.0,0
24,1,1,3.0,7.0,3.0,3.0,0,1.0,5.84,3.0,8.0,5.0,4.0,6.0,3.0,6.0,4.0,6.0,4.0,0
21,1,1,2.0,5.0,2.0,1.0,0,2.0,8.04,4.0,4.0,3.0,3.0,7.0,4.0,8.0,7.0,4.0,6.0,2
25,1,1,6.0,9.0,2.0,0.0,1,3.0,4.08,2.0,7.0,5.0,6.0,5.0,6.0,4.0,4.0,7.0,2.0,0
26,1,0,5.0,7.0,3.0,1.0,3,4.0,7.79,0.0,7.0,6.0,6.0,4.0,4.0,8.0,6.0,5.0,4.0,0
24,0,1,6.0,11.0,2.0,2.0,4,4.0,5.52,0.0,3.0,5.0,4.0,7.0,6.0,5.0,6.0,7.0,4.0,2
22,1,1,3.0,5.0,3.0,3.0,0,4.0,4.16,0.0,10.0,5.0,6.0,5.0,5.0,4.0,4.0,5.0,2.0,0
25,1,0,5.0,8.0,5.0,3.0,0,3.0,7.03,2.0,6.0,5.0,4.0,4.0,4.0,8.0,6.0,5.0,4.0,2
21,1,0,6.0,10.0,0.0,0.0,1,2.0,7.2,2.0,7.0,5.0,3.0,6.0,7.0,8.0,7.0,6.0,5.0,2
19,1,1,2.0,5.0,4.0,1.0,4,0.0,6.21,2.0,7.0,6.0,7.0,2.0,4.0,5.0,4.0,5.0,2.0,0
23,1,2,4.0,7.0,3.0,1.0,2,4.0,7.17,1.0,6.0,5.0,4.0,5.0,6.0,7.0,5.0,5.0,4.0,0
26,0,1,3.0,6.0,4.0,5.0,0,6.0,4.24,1.0,7.0,5.0,5.0,6.0,4.0,4.0,5.0,4.0,3.0,0
18,1,2,3.0,7.0,2.0,1.0,4,2.0,8.01,1.0,9.0,6.0,3.0,5.0,3.0,8.0,7.0,4.0,6.0,2
24,0,1,3.0,5.0,5.0,1.0,2,5.0,5.14,1.0,10.0,6.0,5.0,3.0,3.0,7.0,6.0,5.0,4.0,0
26,0,1,5.0,7.0,3.0,1.0,0,1.0,7.51,3.0,6.0,4.0,4.0,6.0,4.0,8.0,5.0,6.0,5.0,2
26,2,1,4.0,7.0,3.0,2.0,0,2.0,6.57,1.0,7.0,6.0,6.0,4.0,5.0,8.0,4.0,7.0,3.0,0
20,1,0,3.0,6.0,3.0,4.0,4,1.0,6.6,1.0,10.0,5.0,5.0,7.0,5.0,7.0,4.0,6.0,4.0,2
22,1,1,6.0,10.0,3.0,0.0,0,5.0,4.51,3.0,6.0,4.0,6.0,5.0,4.0,3.0,4.0,8.0,2.0,0
25,1,1,4.0,6.0,3.0,1.0,2,2.0,8.75,2.0,4.0,6.0,2.0,9.0,3.0,8.0,6.0,4.0,7.0,2
25,0,2,2.0,4.0,3.0,1.0,0,3.0,7.93,1.0,5.0,5.0,4.0,5.0,3.0,8.0,5.0,5.0,4.0,2
21,2,2,3.0,6.0,2.0,1.0,3,3.0,5.58,0.0,6.0,4.0,4.0,5.0,4.0,5.0,5.0,5.0,3.0,0
18,0,2,2.0,3.0,3.0,5.0,2,6.0,8.24,3.0,5.0,5.0,3.0,5.0,1.0,7.0,7.0,2.0,6.0,2
18,0,2,3.0,8.0,4.0,1.0,4,2.0,6.07,2.0,9.0,5.0,6.0,5.0,6.0,5.0,4.0,4.0,3.0,0
21,1,2,5.0,6.0,1.0,4.0,4,4.0,6.04,2.0,5.0,4.0,5.0,4.0,5.0,5.0,5.0,5.0,3.0,0
23,0,1,5.0,7.0,2.0,1.0,0,2.0,4.98,2.0,3.0,5.0,5.0,4.0,6.0,5.0,3.0,5.0,3.0,0
25,1,1,5.0,8.0,1.0,0.0,2,3.0,6.27,2.0,6.0,5.0,5.0,4.0,6.0,6.0,4.0,6.0,3.0,0
23,0,1,3.0,5.0,1.0,2.0,4,6.0,6.46,1.0,8.0,4.0,6.0,4.0,4.0,6.0,6.0,3.0,4.0,2
26,0,0,3.0,7.0,2.0,1.0,3,3.0,5.57,2.0,7.0,5.0,4.0,5.0,5.0,5.0,5.0,5.0,4.0,0
26,1,1,5.0,8.0,3.0,0.0,1,4.0,7.38,0.0,5.0,5.0,5.0,6.0,6.0,10.0,6.0,7.0,5.0,2
19,1,1,5.0,7.0,4.0,3.0,3,3.0,8.36,0.0,6.0,6.0,3.0,6.0,5.0,8.0,8.0,4.0,6.0,2
18,0,2,4.0,9.0,3.0,3.0,3,3.0,7.38,2.0,6.0,6.0,7.0,3.0,6.0,8.0,5.0,7.0,3.0,0
19,1,1,5.0,9.0,4.0,2.0,2,4.0,4.57,3.0,4.0,6.0,6.0,4.0,6.0,5.0,4.0,6.0,2.0,0
22,1,1,3.0,6.0,2.0,2.0,0,2.0,4.73,2.0,5.0,6.0,5.0,4.0,2.0,3.0,4.0,6.0,2.0,0
21,1,2,1.0,4.0,5.0,2.0,4,4.0,6.77,1.0,4.0,5.0,6.0,6.0,3.0,6.0,6.0,5.0,4.0,2
21,1,1,5.0,9.0,3.0,3.0,0,1.0,7.68,3.0,3.0,6.0,4.0,6.0,4.0,8.0,4.0,7.0,4.0,2
26,0,2,5.0,8.0,5.0,3.0,2,1.0,6.21,2.0,9.0,5.0,6.0,4.0,4.0,6.0,3.0,5.0,3.0,0
25,0,1,4.0,7.0,2.0,0.0,2,5.0,6.62,2.0,5.0,3.0,3.0,5.0,5.0,7.0,7.0,3.0,5.0,2
23,0,1,4.0,7.0,2.0,1.0,4,2.0,6.57,3.0,6.0,4.0,4.0,6.0,4.0,7.0,6.0,4.0,5.0,2
18,1,0,6.0,9.0,3.0,2.0,3,4.0,6.16,1.0,7.0,7.0,5.0,5.0,6.0,6.0,5.0,6.0,3.0,0
19,0,1,4.0,7.0,1.0,1.0,2,0.0,7.03,1.0,7.0,4.0,4.0,4.0,2.0,8.0,6.0,6.0,4.0,2
23,0,1,0.0,3.0,1.0,2.0,4,2.0,6.88,2.0,8.0,4.0,4.0,5.0,3.0,7.0,4.0,4.0,4.0,0
19,1,2,1.0,6.0,4.0,2.0,3,2.0,7.7,2.0,4.0,4.0,4.0,4.0,4.0,7.0,4.0,4.0,4.0,0
22,1,1,6.0,9.0,3.0,2.0,1,2.0,5.22,2.0,7.0,5.0,5.0,4.0,6.0,6.0,4.0,7.0,3.0,0
22,0,1,5.0,8.0,3.0,1.0,1,3.0,4.48,2.0,7.0,6.0,3.0,6.0,5.0,4.0,5.0,4.0,4.0,0
23,1,1,6.0,8.0,5.0,1.0,2,4.0,6.48,3.0,7.0,7.0,6.0,4.0,5.0,6.0,5.0,7.0,3.0,0
23,1,1,6.0,8.0,2.0,4.0,4,2.0,5.98,1.0,6.0,4.0,4.0,4.0,6.0,6.0,6.0,6.0,4.0,0
23,1,1,6.0,9.0,6.0,1.0,1,4.0,5.73,3.0,7.0,7.0,6.0,4.0,6.0,6.0,4.0,6.0,3.0,0
19,1,2,2.0,5.0,3.0,6.0,0,3.0,5.44,2.0,7.0,4.0,5.0,5.0,4.0,6.0,3.0,5.0,3.0,0
20,1,1,4.0,6.0,2.0,0.0,0,5.0,7.69,0.0,7.0,5.0,4.0,6.0,5.0,7.0,7.0,5.0,5.0,2
23,1,1,3.0,7.0,4.0,1.0,4,5.0,6.36,1.0,6.0,6.0,4.0,8.0,5.0,6.0,6.0,6.0,5.0,2
25,0,1,4.0,8.0,2.0,2.0,0,4.0,9.31,0.0,11.0,6.0,3.0,5.0,4.0,10.0,7.0,3.0,6.0,2
18,1,1,2.0,4.0,3.0,2.0,2,5.0,6.19,1.0,4.0,4.0,4.0,6.0,1.0,7.0,7.0,4.0,5.0,2
18,0,1,4.0,7.0,5.0,0.0,1,3.0,5.71,2.0,5.0,5.0,7.0,3.0,3.0,6.0,5.0,7.0,2.0,0
19,1,1,1.0,3.0,3.0,5.0,1,5.0,7.63,1.0,6.0,4.0,3.0,7.0,4.0,7.0,6.0,3.0,6.0,2
23,2,0,3.0,6.0,3.0,1.0,4,3.0,8.9,2.0,5.0,4.0,4.0,7.0,5.0,9.0,6.0,5.0,6.0,2
26,2,1,6.0,9.0,3.0,0.0,3,3.0,5.9,0.0,5.0,8.0,6.0,5.0,7.0,7.0,5.0,6.0,4.0,0
21,0,1,3.0,6.0,4.0,1.0,1,0.0,7.54,3.0,3.0,4.0,4.0,7.0,6.0,7.0,5.0,5.0,5.0,2
20,2,1,3.0,5.0,3.0,0.0,3,4.0,4.98,2.0,4.0,5.0,7.0,4.0,4.0,5.0,5.0,7.0,2.0,0
25,0,2,4.0,5.0,5.0,0.0,3,4.0,6.2,1.0,5.0,7.0,5.0,4.0,6.0,6.0,7.0,7.0,4.0,2
26,0,0,4.0,7.0,3.0,0.0,4,1.0,5.18,2.0,6.0,5.0,5.0,4.0,5.0,5.0,4.0,8.0,2.0,0
22,1,0,4.0,9.0,4.0,0.0,3,2.0,7.04,2.0,6.0,5.0,2.0,4.0,5.0,6.0,4.0,5.0,3.0,0
26,1,1,3.0,5.0,2.0,2.0,3,1.0,6.25,0.0,4.0,6.0,7.0,1.0,6.0,6.0,2.0,6.0,1.0,0
19,0,1,3.0,8.0,3.0,0.0,4,4.0,5.7,1.0,4.0,5.0,6.0,5.0,2.0,6.0,5.0,5.0,4.0,0
20,1,1,4.0,6.0,4.0,2.0,4,2.0,7.74,2.0,6.0,5.0,3.0,5.0,5.0,9.0,7.0,5.0,6.0,2
24,0,1,5.0,9.0,3.0,0.0,4,4.0,5.07,1.0,7.0,5.0,4.0,4.0,5.0,5.0,3.0,7.0,2.0,0
24,0,2,3.0,6.0,2.0,3.0,4,2.0,8.99,3.0,6.0,5.0,4.0,8.0,4.0,10.0,7.0,4.0,7.0,2
23,1,1,4.0,6.0,3.0,3.0,4,2.0,7.22,2.0,4.0,5.0,2.0,7.0,5.0,7.0,7.0,4.0,6.0,2
23,0,2,1.0,2.0,4.0,2.0,0,5.0,7.68,1.0,5.0,5.0,4.0,7.0,1.0,7.0,7.0,3.0,6.0,2
19,1,0,3.0,7.0,2.0,1.0,2,2.0,8.04,0.0,6.0,4.0,3.0,6.0,4.0,9.0,6.0,4.0,6.0,2
23,1,1,4.0,8.0,6.0,4.0,1,5.0,7.55,2.0,6.0,7.0,5.0,5.0,4.0,8.0,6.0,5.0,4.0,2
21,0,2,5.0,10.0,3.0,2.0,4,2.0,4.36,0.0,7.0,7.0,6.0,7.0,5.0,5.0,1.0,7.0,2.0,0
20,1,1,3.0,5.0,3.0,1.0,3,3.0,4.55,2.0,5.0,5.0,6.0,4.0,4.0,3.0,4.0,6.0,2.0,0
19,0,1,4.0,8.0,3.0,0.0,1,5.0,5.3,1.0,6.0,5.0,5.0,5.0,5.0,5.0,5.0,5.0,4.0,0
18,0,1,4.0,7.0,3.0,2.0,4,3.0,5.97,0.0,6.0,4.0,4.0,5.0,5.0,6.0,5.0,6.0,4.0,0
22,1,1,1.0,4.0,5.0,0.0,0,4.0,8.13,0.0,7.0,6.0,4.0,7.0,3.0,8.0,4.0,3.0,5.0,2
19,0,1,2.0,5.0,3.0,2.0,3,6.0,4.8,1.0,6.0,4.0,4.0,7.0,1.0,5.0,6.0,5.0,5.0,2
19,0,1,5.0,9.0,4.0,1.0,0,3.0,5.31,1.0,5.0,6.0,4.0,5.0,5.0,6.0,5.0,4.0,4.0,0
24,1,2,4.0,10.0,4.0,2.0,2,4.0,5.78,2.0,6.0,5.0,4.0,5.0,4.0,5.0,6.0,6.0,3.0,0
25,1,1,4.0,7.0,5.0,3.0,2,3.0,6.61,0.0,9.0,5.0,5.0,3.0,4.0,7.0,5.0,6.0,3.0,0
25,0,2,3.0,6.0,3.0,3.0,4,3.0,7.14,3.0,7.0,6.0,5.0,5.0,3.0,6.0,4.0,6.0,3.0,0
21,0,2,2.0,4.0,1.0,1.0,2,2.0,5.29,0.0,1.0,4.0,6.0,5.0,3.0,6.0,4.0,7.0,3.0,0
18,1,2,5.0,8.0,1.0,2.0,4,3.0,8.4,2.0,7.0,5.0,4.0,7.0,5.0,8.0,5.0,6.0,5.0,2
24,1,1,4.0,5.0,4.0,3.0,4,1.0,7.13,2.0,5.0,7.0,5.0,7.0,4.0,7.0,5.0,6.0,4.0,2
18,0,1,1.0,4.0,4.0,4.0,2,5.0,6.8,2.0,10.0,5.0,4.0,6.0,2.0,7.0,7.0,4.0,5.0,2
21,0,2,4.0,7.0,3.0,2.0,2,7.0,6.68,0.0,8.0,8.0,5.0,5.0,3.0,8.0,6.0,5.0,4.0,2
25,1,2,7.0,10.0,3.0,5.0,0,3.0,4.71,1.0,7.0,6.0,5.0,5.0,5.0,5.0,3.0,8.0,2.0,0
19,0,1,5.0,8.0,3.0,0.0,0,2.0,6.36,1.0,7.0,6.0,6.0,4.0,6.0,7.0,4.0,8.0,2.0,0
23,0,2,3.0,4.0,3.0,0.0,0,6.0,6.59,1.0,10.0,5.0,6.0,4.0,5.0,7.0,6.0,5.0,3.0,0
23,0,1,4.0,9.0,3.0,0.0,3,3.0,7.48,2.0,7.0,4.0,2.0,8.0,6.0,8.0,8.0,5.0,7.0,2
26,1,2,4.0,7.0,3.0,0.0,3,2.0,7.43,1.0,3.0,6.0,4.0,5.0,3.0,8.0,5.0,6.0,5.0,2
22,0,1,6.0,9.0,3.0,0.0,1,3.0,8.24,1.0,7.0,5.0,5.0,5.0,6.0,8.0,8.0,6.0,5.0,2
21,1,1,2.0,7.0,2.0,3.0,4,2.0,6.82,2.0,7.0,4.0,2.0,7.0,4.0,8.0,6.0,5.0,6.0,2
22,2,1,6.0,10.0,3.0,2.0,4,5.0,5.04,2.0,7.0,4.0,4.0,6.0,6.0,5.0,6.0,5.0,4.0,2
22,0,1,2.0,5.0,1.0,4.0,3,1.0,7.91,1.0,5.0,5.0,6.0,4.0,3.0,7.0,5.0,5.0,3.0,0
25,0,1,4.0,7.0,0.0,2.0,3,3.0,8.52,0.0,7.0,5.0,3.0,5.0,7.0,10.0,6.0,4.0,6.0,2
25,0,0,5.0,8.0,3.0,0.0,4,5.0,7.22,4.0,7.0,5.0,5.0,4.0,5.0,8.0,4.0,6.0,3.0,0
19,1,1,6.0,10.0,3.0,0.0,1,0.0,8.49,3.0,4.0,6.0,3.0,6.0,4.0,7.0,6.0,7.0,5.0,2
24,2,1,5.0,9.0,2.0,1.0,2,5.0,6.83,1.0,5.0,6.0,5.0,4.0,7.0,7.0,5.0,5.0,4.0,0
25,1,2,2.0,4.0,4.0,1.0,1,3.0,5.99,3.0,6.0,6.0,6.0,6.0,4.0,8.0,5.0,6.0,4.0,2
23,0,2,4.0,6.0,3.0,2.0,3,6.0,5.86,4.0,6.0,6.0,7.0,6.0,6.0,6.0,4.0,6.0,3.0,0
22,1,1,5.0,7.0,2.0,0.0,3,6.0,4.87,0.0,3.0,5.0,7.0,2.0,3.0,6.0,5.0,8.0,2.0,0
26,1,2,6.0,9.0,3.0,1.0,2,1.0,6.27,0.0,6.0,6.0,6.0,1.0,4.0,7.0,3.0,6.0,2.0,0
20,0,1,2.0,5.0,1.0,3.0,2,6.0,5.04,2.0,6.0,5.0,6.0,7.0,3.0,4.0,6.0,4.0,4.0,0
21,0,1,3.0,6.0,4.0,2.0,1,1.0,9.44,2.0,4.0,5.0,3.0,6.0,3.0,9.0,5.0,5.0,5.0,2
26,0,2,2.0,4.0,1.0,2.0,4,4.0,5.45,1.0,5.0,3.0,4.0,6.0,3.0,5.0,6.0,5.0,4.0,2
23,0,0,4.0,6.0,3.0,3.0,4,0.0,7.81,1.0,4.0,4.0,3.0,7.0,3.0,8.0,5.0,6.0,5.0,2
25,1,1,4.0,8.0,5.0,1.0,0,4.0,4.73,0.0,6.0,5.0,4.0,4.0,3.0,5.0,3.0,5.0,3.0,0
24,2,1,5.0,6.0,3.0,0.0,1,4.0,5.98,2.0,4.0,5.0,4.0,6.0,4.0,7.0,5.0,2.0,5.0,2
19,1,1,4.0,8.0,2.0,0.0,3,6.0,6.24,1.0,6.0,6.0,5.0,6.0,4.0,7.0,5.0,7.0,4.0,0
20,0,1,4.0,8.0,1.0,3.0,0,4.0,6.12,2.0,7.0,4.0,5.0,6.0,4.0,7.0,5.0,6.0,4.0,2
18,0,0,4.0,8.0,6.0,1.0,1,1.0,6.45,1.0,4.0,6.0,6.0,4.0,4.0,8.0,4.0,8.0,3.0,0
26,1,2,4.0,7.0,1.0,0.0,4,4.0,7.64,1.0,4.0,6.0,5.0,4.0,5.0,7.0,5.0,4.0,4.0,0
24,1,2,1.0,2.0,4.0,1.0,2,2.0,8.51,2.0,8.0,3.0,1.0,8.0,3.0,9.0,6.0,2.0,7.0,1
18,1,1,3.0,7.0,3.0,1.0,3,6.0,6.81,1.0,7.0,2.0,3.0,7.0,3.0,7.0,7.0,3.0,6.0,2
20,1,1,5.0,9.0,3.0,1.0,0,4.0,6.26,1.0,9.0,6.0,5.0,5.0,5.0,7.0,4.0,6.0,3.0,0
21,1,1,3.0,6.0,3.0,2.0,2,3.0,5.28,2.0,6.0,5.0,4.0,7.0,5.0,5.0,3.0,5.0,3.0,0
21,1,1,3.0,6.0,2.0,0.0,3,5.0,6.36,3.0,6.0,5.0,5.0,5.0,4.0,7.0,5.0,6.0,4.0,0
22,1,2,6.0,10.0,2.0,0.0,4,3.0,4.8,1.0,7.0,6.0,6.0,6.0,5.0,5.0,4.0,6.0,3.0,0
20,0,1,6.0,7.0,5.0,1.0,4,6.0,6.25,0.0,4.0,6.0,6.0,4.0,6.0,6.0,5.0,4.0,3.0,0
20,0,1,3.0,7.0,0.0,1.0,4,1.0,9.4,1.0,6.0,2.0,2.0,7.0,4.0,8.0,6.0,4.0,6.0,2
18,1,2,6.0,9.0,3.0,3.0,1,2.0,8.61,1.0,8.0,6.0,5.0,5.0,5.0,8.0,6.0,7.0,4.0,2
24,1,2,4.0,7.0,5.0,2.0,3,5.0,6.9,2.0,7.0,4.0,3.0,5.0,4.0,5.0,7.0,6.0,4.0,2
18,1,1,5.0,8.0,4.0,0.0,1,2.0,7.74,1.0,3.0,6.0,4.0,4.0,5.0,9.0,5.0,6.0,4.0,2
19,0,2,4.0,6.0,4.0,2.0,4,4.0,5.81,0.0,5.0,6.0,6.0,3.0,3.0,5.0,6.0,5.0,3.0,0
21,0,1,3.0,4.0,4.0,4.0,3,4.0,5.5,2.0,8.0,5.0,8.0,3.0,5.0,6.0,3.0,5.0,2.0,0
21,0,2,5.0,8.0,3.0,3.0,3,2.0,5.52,0.0,7.0,5.0,7.0,3.0,5.0,6.0,3.0,6.0,2.0,0
22,0,1,3.0,6.0,2.0,1.0,4,4.0,6.26,0.0,7.0,5.0,5.0,6.0,3.0,6.0,5.0,5.0,4.0,2
19,0,1,4.0,7.0,4.0,2.0,1,3.0,7.75,2.0,1.0,4.0,5.0,5.0,4.0,7.0,4.0,6.0,4.0,0
21,0,2,4.0,6.0,2.0,3.0,0,2.0,5.15,0.0,8.0,4.0,4.0,4.0,5.0,5.0,4.0,6.0,3.0,0
18,1,1,3.0,7.0,4.0,4.0,4,4.0,7.23,0.0,5.0,7.0,6.0,6.0,4.0,8.0,4.0,7.0,3.0,0
19,0,1,2.0,6.0,2.0,1.0,4,2.0,7.55,1.0,5.0,4.0,4.0,4.0,2.0,7.0,7.0,5.0,4.0,2
18,2,1,5.0,7.0,2.0,2.0,0,3.0,6.77,1.0,4.0,4.0,6.0,4.0,4.0,7.0,4.0,7.0,3.0,0
21,0,1,5.0,7.0,4.0,1.0,0,6.0,5.71,3.0,5.0,7.0,8.0,4.0,6.0,6.0,6.0,7.0,3.0,0
21,0,2,4.0,7.0,3.0,0.0,3,3.0,7.01,1.0,4.0,7.0,6.0,6.0,5.0,6.0,3.0,7.0,3.0,0
24,1,1,3.0,6.0,2.0,1.0,0,2.0,6.73,1.0,7.0,3.0,3.0,5.0,5.0,5.0,5.0,4.0,4.0,0
26,2,1,7.0,11.0,5.0,2.0,3,1.0,7.38,3.0,9.0,6.0,5.0,7.0,5.0,7.0,5.0,9.0,4.0,0
26,1,2,4.0,9.0,2.0,5.0,0,1.0,7.94,0.0,9.0,4.0,6.0,4.0,5.0,8.0,5.0,8.0,3.0,0
22,1,1,4.0,7.0,5.0,0.0,1,1.0,5.09,0.0,4.0,7.0,7.0,4.0,4.0,4.0,4.0,7.0,2.0,0
18,1,1,0.0,3.0,3.0,3.0,3,3.0,7.03,2.0,5.0,4.0,5.0,6.0,2.0,7.0,6.0,4.0,5.0,2
18,2,1,2.0,6.0,4.0,4.0,1,0.0,7.23,1.0,1.0,6.0,5.0,4.0,3.0,7.0,3.0,6.0,3.0,0
23,0,1,6.0,9.0,2.0,1.0,0,3.0,7.08,1.0,7.0,5.0,5.0,5.0,7.0,6.0,4.0,7.0,3.0,0
19,2,1,9.0,12.0,4.0,2.0,1,1.0,7.11,2.0,5.0,8.0,6.0,5.0,9.0,7.0,3.0,10.0,2.0,0
25,0,2,6.0,11.0,4.0,2.0,4,3.0,6.1,1.0,8.0,5.0,6.0,5.0,7.0,7.0,6.0,7.0,4.0,0
26,0,2,2.0,5.0,2.0,4.0,0,3.0,5.24,3.0,6.0,4.0,6.0,6.0,4.0,6.0,3.0,7.0,3.0,0
21,2,2,5.0,8.0,3.0,0.0,3,4.0,4.65,2.0,3.0,5.0,6.0,4.0,7.0,5.0,3.0,4.0,2.0,0
22,2,2,3.0,7.0,1.0,1.0,0,3.0,7.76,0.0,5.0,4.0,4.0,6.0,3.0,8.0,6.0,4.0,5.0,2
25,0,0,3.0,8.0,2.0,2.0,2,2.0,6.52,2.0,7.0,4.0,4.0,6.0,3.0,7.0,5.0,6.0,4.0,2
20,1,0,2.0,3.0,4.0,0.0,4,2.0,6.94,0.0,5.0,4.0,5.0,6.0,5.0,6.0,4.0,6.0,3.0,0
22,0,2,5.0,9.0,3.0,0.0,3,1.0,6.7,3.0,7.0,8.0,7.0,3.0,4.0,7.0,3.0,9.0,2.0,0
20,2,2,2.0,4.0,1.0,0.0,0,5.0,6.3,1.0,3.0,3.0,3.0,5.0,4.0,6.0,7.0,4.0,5.0,2
20,0,2,1.0,2.0,4.0,0.0,4,5.0,7.79,3.0,5.0,3.0,2.0,6.0,4.0,7.0,9.0,2.0,7.0,2
20,0,1,3.0,5.0,5.0,2.0,3,2.0,6.14,1.0,8.0,6.0,7.0,6.0,4.0,6.0,5.0,7.0,3.0,0
24,2,1,0.0,2.0,4.0,3.0,4,3.0,7.38,0.0,4.0,4.0,3.0,5.0,4.0,8.0,6.0,3.0,5.0,2
24,0,1,3.0,7.0,4.0,2.0,3,3.0,6.39,2.0,6.0,6.0,5.0,6.0,3.0,8.0,6.0,5.0,5.0,2
24,0,0,5.0,10.0,1.0,0.0,4,5.0,3.86,3.0,8.0,3.0,4.0,7.0,6.0,3.0,6.0,5.0,4.0,0
25,0,2,6.0,8.0,4.0,2.0,3,2.0,5.77,3.0,5.0,6.0,6.0,4.0,6.0,5.0,2.0,8.0,2.0,0
22,1,2,5.0,8.0,1.0,1.0,3,0.0,7.85,1.0,7.0,4.0,4.0,4.0,5.0,9.0,4.0,5.0,4.0,2
22,0,1,4.0,8.0,2.0,4.0,2,4.0,5.39,2.0,8.0,5.0,4.0,7.0,2.0,5.0,4.0,5.0,4.0,0
21,0,1,3.0,8.0,4.0,1.0,3,1.0,7.31,0.0,3.0,4.0,4.0,6.0,5.0,7.0,3.0,6.0,4.0,0
24,0,1,3.0,6.0,3.0,0.0,2,5.0,6.91,3.0,6.0,4.0,5.0,4.0,3.0,7.0,4.0,6.0,3.0,0
21,0,2,6.0,9.0,5.0,2.0,0,2.0,6.61,2.0,9.0,8.0,6.0,4.0,6.0,7.0,3.0,8.0,2.0,0
19,1,2,2.0,4.0,3.0,1.0,0,4.0,6.72,0.0,6.0,4.0,5.0,4.0,3.0,6.0,5.0,4.0,3.0,0
21,1,2,4.0,6.0,4.0,2.0,4,3.0,7.26,2.0,8.0,5.0,5.0,3.0,5.0,6.0,6.0,6.0,3.0,0
25,0,1,5.0,10.0,3.0,0.0,1,3.0,6.86,2.0,5.0,6.0,6.0,6.0,6.0,7.0,5.0,7.0,4.0,0
26,0,1,1.0,3.0,2.0,1.0,1,4.0,5.27,3.0,6.0,3.0,7.0,2.0,3.0,7.0,4.0,5.0,2.0,0
20,1,1,0.0,4.0,4.0,2.0,0,3.0,7.84,2.0,10.0,5.0,6.0,7.0,3.0,7.0,5.0,5.0,5.0,2
24,1,1,5.0,8.0,3.0,2.0,2,2.0,8.77,2.0,8.0,4.0,2.0,7.0,6.0,8.0,6.0,5.0,6.0,2
26,0,2,2.0,4.0,3.0,1.0,3,3.0,4.91,2.0,8.0,7.0,7.0,4.0,2.0,4.0,4.0,7.0,2.0,0
21,1,1,4.0,6.0,4.0,3.0,4,1.0,5.92,2.0,7.0,6.0,6.0,5.0,5.0,7.0,4.0,6.0,3.0,0
20,1,1,3.0,5.0,6.0,0.0,3,3.0,8.45,2.0,6.0,7.0,2.0,5.0,4.0,9.0,7.0,3.0,6.0,2
22,1,1,4.0,9.0,3.0,3.0,3,4.0,5.83,2.0,7.0,4.0,4.0,4.0,4.0,6.0,5.0,7.0,3.0,0
18,0,1,5.0,8.0,4.0,3.0,1,7.0,7.11,3.0,5.0,7.0,5.0,4.0,4.0,7.0,7.0,5.0,5.0,2
20,0,1,6.0,9.0,3.0,1.0,0,3.0,6.37,0.0,2.0,5.0,6.0,4.0,5.0,6.0,4.0,8.0,2.0,0
25,1,0,5.0,6.0,2.0,6.0,2,3.0,8.16,2.0,7.0,4.0,4.0,3.0,6.0,9.0,5.0,7.0,4.0,2
25,0,1,4.0,7.0,3.0,0.0,1,1.0,6.19,3.0,11.0,8.0,7.0,4.0,5.0,6.0,4.0,6.0,3.0,0
21,1,2,7.0,9.0,4.0,1.0,3,2.0,4.47,1.0,3.0,6.0,6.0,5.0,5.0,5.0,3.0,9.0,2.0,0
19,1,1,3.0,5.0,4.0,2.0,3,3.0,7.24,0.0,3.0,6.0,4.0,6.0,3.0,8.0,7.0,4.0,6.0,2
25,1,2,4.0,8.0,1.0,2.0,0,2.0,7.86,1.0,4.0,2.0,3.0,6.0,5.0,7.0,7.0,7.0,5.0,2
25,1,1,5.0,9.0,3.0,2.0,2,4.0,7.0,3.0,8.0,4.0,3.0,4.0,7.0,8.0,7.0,7.0,5.0,2
21,1,2,0.0,3.0,5.0,1.0,0,3.0,5.56,2.0,6.0,5.0,5.0,5.0,4.0,6.0,3.0,5.0,3.0,0
20,1,1,6.0,9.0,1.0,2.0,4,4.0,6.17,3.0,5.0,5.0,4.0,5.0,7.0,6.0,6.0,5.0,4.0,2
19,0,1,4.0,7.0,1.0,3.0,4,2.0,6.81,3.0,6.0,4.0,3.0,5.0,6.0,8.0,6.0,5.0,5.0,2
26,0,1,5.0,10.0,4.0,0.0,1,3.0,7.25,2.0,6.0,4.0,3.0,8.0,5.0,8.0,5.0,4.0,6.0,2
18,0,0,3.0,6.0,3.0,2.0,0,3.0,7.46,2.0,7.0,4.0,4.0,6.0,4.0,6.0,6.0,5.0,5.0,2
24,0,1,5.0,7.0,1.0,2.0,3,5.0,6.3,0.0,6.0,4.0,4.0,5.0,6.0,6.0,7.0,5.0,4.0,2
22,1,2,4.0,7.0,3.0,3.0,4,3.0,7.12,1.0,1.0,4.0,3.0,5.0,4.0,6.0,6.0,7.0,4.0,2
25,2,2,2.0,6.0,2.0,1.0,1,1.0,5.66,1.0,7.0,5.0,4.0,3.0,3.0,6.0,4.0,4.0,3.0,0
21,1,1,3.0,7.0,2.0,0.0,4,3.0,8.46,0.0,4.0,6.0,3.0,5.0,6.0,9.0,7.0,7.0,6.0,2
24,0,1,5.0,8.0,6.0,0.0,4,0.0,4.23,2.0,4.0,6.0,6.0,3.0,4.0,3.0,4.0,7.0,1.0,0
22,1,1,6.0,8.0,1.0,2.0,4,3.0,8.74,0.0,6.0,5.0,4.0,5.0,6.0,9.0,7.0,7.0,5.0,2
22,0,1,3.0,7.0,2.0,1.0,4,5.0,4.7,2.0,2.0,5.0,4.0,6.0,3.0,6.0,4.0,4.0,4.0,0
26,0,1,2.0,7.0,3.0,2.0,0,3.0,5.9,1.0,6.0,4.0,4.0,4.0,3.0,6.0,6.0,4.0,4.0,0
26,1,2,5.0,8.0,1.0,1.0,3,3.0,4.62,3.0,7.0,4.0,4.0,6.0,4.0,4.0,5.0,7.0,3.0,0
26,0,2,4.0,6.0,4.0,1.0,0,4.0,7.14,2.0,8.0,5.0,4.0,7.0,4.0,8.0,6.0,5.0,5.0,2
23,1,2,5.0,10.0,2.0,3.0,1,2.0,7.0,2.0,6.0,5.0,4.0,5.0,4.0,7.0,4.0,6.0,4.0,0
23,0,1,3.0,5.0,2.0,2.0,1,2.0,5.78,1.0,4.0,6.0,6.0,5.0,4.0,6.0,4.0,6.0,3.0,0
22,0,2,2.0,5.0,4.0,1.0,1,4.0,4.88,2.0,4.0,5.0,6.0,4.0,3.0,5.0,5.0,2.0,3.0,0
26,1,1,6.0,10.0,4.0,0.0,3,3.0,7.64,1.0,7.0,6.0,7.0,4.0,4.0,8.0,5.0,7.0,3.0,0
25,1,1,3.0,7.0,3.0,0.0,0,6.0,6.19,2.0,5.0,3.0,2.0,6.0,6.0,5.0,7.0,3.0,5.0,2
24,1,2,3.0,6.0,2.0,2.0,1,5.0,6.59,2.0,1.0,4.0,5.0,6.0,4.0,6.0,5.0,5.0,4.0,0
24,0,2,3.0,5.0,2.0,2.0,0,2.0,5.34,0.0,5.0,5.0,5.0,4.0,3.0,5.0,4.0,7.0,2.0,0
23,1,1,6.0,9.0,3.0,4.0,3,2.0,7.37,2.0,8.0,6.0,6.0,5.0,6.0,8.0,4.0,7.0,4.0,0
22,0,2,7.0,10.0,2.0,3.0,3,1.0,6.14,1.0,9.0,6.0,6.0,6.0,7.0,6.0,3.0,8.0,3.0,0
21,2,1,3.0,5.0,5.0,1.0,1,2.0,6.84,0.0,4.0,4.0,5.0,5.0,4.0,7.0,5.0,5.0,4.0,0
20,1,2,4.0,5.0,5.0,3.0,0,3.0,5.65,3.0,5.0,6.0,5.0,3.0,6.0,7.0,4.0,6.0,3.0,0
20,2,1,4.0,9.0,1.0,4.0,2,3.0,7.04,1.0,5.0,5.0,4.0,7.0,6.0,7.0,5.0,6.0,5.0,2
23,0,1,1.0,4.0,5.0,3.0,3,3.0,6.28,4.0,5.0,4.0,6.0,2.0,2.0,7.0,4.0,5.0,2.0,0
21,1,2,3.0,5.0,3.0,0.0,1,6.0,4.4,2.0,8.0,5.0,6.0,7.0,5.0,5.0,5.0,5.0,4.0,0
23,1,2,7.0,9.0,1.0,4.0,3,4.0,6.92,3.0,6.0,4.0,5.0,6.0,5.0,6.0,6.0,5.0,4.0,2
20,0,1,4.0,6.0,4.0,5.0,0,4.0,7.26,1.0,7.0,6.0,5.0,7.0,4.0,9.0,4.0,4.0,5.0,2
21,1,2,6.0,10.0,3.0,0.0,2,4.0,5.3,0.0,4.0,7.0,6.0,6.0,6.0,5.0,4.0,7.0,2.0,0
26,1,0,4.0,6.0,4.0,1.0,2,0.0,8.17,0.0,5.0,4.0,4.0,5.0,5.0,7.0,6.0,4.0,5.0,2
22,1,2,1.0,4.0,4.0,0.0,2,0.0,5.26,3.0,3.0,8.0,6.0,4.0,3.0,4.0,4.0,6.0,2.0,0
24,0,2,5.0,10.0,4.0,4.0,2,3.0,7.08,1.0,7.0,5.0,5.0,5.0,5.0,6.0,4.0,7.0,3.0,0
19,0,2,3.0,7.0,2.0,2.0,4,4.0,8.55,1.0,6.0,5.0,4.0,6.0,4.0,8.0,7.0,6.0,6.0,2
22,0,2,6.0,8.0,5.0,1.0,0,2.0,8.86,0.0,7.0,6.0,5.0,5.0,4.0,9.0,5.0,5.0,5.0,2
26,1,1,4.0,7.0,3.0,1.0,2,4.0,5.2,1.0,9.0,5.0,5.0,5.0,4.0,6.0,6.0,5.0,4.0,2
20,0,2,4.0,7.0,4.0,0.0,0,4.0,7.45,1.0,5.0,5.0,3.0,7.0,3.0,7.0,10.0,4.0,7.0,2
26,2,1,5.0,7.0,4.0,6.0,4,5.0,5.97,1.0,8.0,6.0,7.0,6.0,4.0,6.0,4.0,6.0,3.0,0
23,1,1,5.0,8.0,3.0,2.0,1,2.0,5.38,2.0,6.0,5.0,3.0,5.0,6.0,6.0,5.0,5.0,4.0,2
21,1,1,1.0,4.0,4.0,1.0,4,3.0,6.81,1.0,8.0,4.0,4.0,3.0,3.0,6.0,5.0,5.0,4.0,0
24,0,1,6.0,8.0,2.0,0.0,3,2.0,7.7,1.0,5.0,4.0,3.0,5.0,6.0,8.0,6.0,4.0,5.0,2
25,0,1,4.0,7.0,3.0,2.0,0,2.0,6.37,3.0,4.0,6.0,7.0,4.0,5.0,7.0,3.0,7.0,3.0,0
23,0,0,4.0,8.0,2.0,0.0,1,3.0,4.71,1.0,3.0,3.0,6.0,5.0,3.0,6.0,4.0,6.0,3.0,0
22,2,1,5.0,9.0,4.0,2.0,2,1.0,4.94,1.0,7.0,6.0,7.0,4.0,4.0,4.0,5.0,7.0,2.0,0
23,0,1,5.0,7.0,2.0,1.0,1,5.0,7.4,2.0,5.0,5.0,4.0,5.0,5.0,8.0,6.0,5.0,5.0,2
22,1,1,6.0,10.0,3.0,4.0,4,3.0,7.11,0.0,3.0,5.0,3.0,5.0,4.0,7.0,6.0,5.0,5.0,2
25,0,1,5.0,10.0,2.0,0.0,2,3.0,7.11,1.0,6.0,5.0,5.0,5.0,4.0,6.0,4.0,8.0,3.0,0
18,0,1,1.0,3.0,2.0,1.0,4,0.0,4.96,2.0,5.0,5.0,4.0,3.0,2.0,4.0,4.0,6.0,2.0,0
24,2,1,4.0,6.0,3.0,3.0,3,1.0,5.72,4.0,2.0,5.0,5.0,5.0,4.0,5.0,5.0,6.0,3.0,0
19,1,2,3.0,4.0,3.0,3.0,2,5.0,5.8,0.0,2.0,4.0,5.0,4.0,4.0,6.0,5.0,5.0,3.0,0
26,0,1,4.0,6.0,3.0,2.0,0,7.0,5.02,1.0,7.0,6.0,6.0,5.0,5.0,5.0,6.0,3.0,4.0,0
18,0,1,4.0,8.0,3.0,2.0,2,4.0,6.65,1.0,6.0,5.0,4.0,5.0,5.0,7.0,6.0,4.0,5.0,2
23,1,1,7.0,9.0,1.0,1.0,1,3.0,5.62,1.0,5.0,5.0,6.0,5.0,5.0,6.0,3.0,8.0,3.0,0
26,1,1,2.0,6.0,4.0,0.0,1,2.0,6.22,2.0,6.0,4.0,5.0,6.0,4.0,6.0,3.0,4.0,4.0,0
18,0,1,4.0,5.0,3.0,1.0,2,1.0,5.52,1.0,9.0,5.0,5.0,5.0,5.0,4.0,3.0,7.0,2.0,0
21,1,1,4.0,6.0,4.0,1.0,1,1.0,5.09,1.0,9.0,6.0,8.0,3.0,4.0,4.0,4.0,8.0,1.0,0
21,0,1,3.0,6.0,3.0,2.0,4,4.0,5.03,2.0,5.0,6.0,5.0,5.0,4.0,5.0,6.0,5.0,4.0,2
26,0,2,4.0,8.0,4.0,2.0,0,3.0,5.44,1.0,9.0,6.0,5.0,5.0,5.0,5.0,4.0,8.0,2.0,0
22,1,1,7.0,10.0,2.0,1.0,3,2.0,6.87,2.0,7.0,6.0,6.0,5.0,5.0,6.0,4.0,8.0,3.0,0
22,2,2,5.0,7.0,2.0,3.0,4,3.0,5.43,2.0,5.0,4.0,5.0,6.0,3.0,4.0,4.0,5.0,3.0,0
23,0,1,6.0,8.0,4.0,2.0,3,3.0,6.68,0.0,3.0,5.0,5.0,6.0,5.0,7.0,4.0,5.0,4.0,0
18,0,2,3.0,6.0,2.0,2.0,0,0.0,7.89,3.0,6.0,4.0,2.0,6.0,4.0,8.0,4.0,4.0,5.0,2
18,1,1,5.0,7.0,5.0,1.0,2,5.0,6.55,2.0,7.0,5.0,4.0,7.0,5.0,7.0,7.0,3.0,6.0,2
26,2,0,3.0,6.0,5.0,2.0,1,5.0,4.93,0.0,3.0,6.0,8.0,2.0,5.0,6.0,5.0,6.0,2.0,0
20,1,1,3.0,6.0,3.0,1.0,2,3.0,5.87,3.0,6.0,5.0,5.0,5.0,2.0,5.0,4.0,5.0,3.0,0
21,1,0,1.0,4.0,3.0,1.0,2,6.0,7.82,4.0,3.0,3.0,4.0,6.0,2.0,9.0,7.0,3.0,6.0,2
18,1,2,2.0,5.0,5.0,2.0,0,4.0,6.51,1.0,6.0,4.0,6.0,6.0,4.0,5.0,5.0,4.0,4.0,0
26,1,1,4.0,7.0,0.0,1.0,4,5.0,5.57,1.0,7.0,5.0,6.0,5.0,4.0,6.0,5.0,4.0,4.0,0
25,0,0,6.0,10.0,3.0,2.0,0,3.0,5.85,1.0,7.0,5.0,4.0,6.0,4.0,7.0,6.0,5.0,5.0,2
19,2,1,4.0,6.0,4.0,2.0,2,5.0,8.18,2.0,5.0,5.0,4.0,5.0,5.0,7.0,6.0,5.0,4.0,2
25,0,2,4.0,8.0,1.0,0.0,3,3.0,7.72,0.0,7.0,4.0,5.0,4.0,6.0,8.0,3.0,6.0,4.0,0
24,1,2,6.0,8.0,2.0,1.0,0,2.0,6.37,1.0,2.0,4.0,4.0,5.0,5.0,6.0,4.0,6.0,3.0,0
23,1,1,4.0,6.0,4.0,0.0,4,4.0,6.28,2.0,8.0,7.0,5.0,5.0,5.0,6.0,5.0,5.0,4.0,0
18,0,1,3.0,5.0,3.0,2.0,0,5.0,6.93,0.0,8.0,4.0,6.0,5.0,4.0,8.0,5.0,4.0,4.0,2
24,1,1,3.0,7.0,4.0,0.0,1,3.0,5.72,3.0,5.0,5.0,6.0,4.0,3.0,6.0,3.0,5.0,2.0,0
24,0,2,6.0,8.0,1.0,0.0,4,3.0,7.65,0.0,8.0,6.0,5.0,6.0,9.0,7.0,7.0,6.0,5.0,2
26,0,2,4.0,5.0,1.0,2.0,1,5.0,6.58,1.0,6.0,4.0,4.0,5.0,4.0,7.0,6.0,4.0,5.0,2
18,0,2,4.0,6.0,2.0,3.0,3,1.0,5.09,1.0,8.0,5.0,5.0,7.0,4.0,6.0,1.0,5.0,3.0,0
19,1,1,3.0,8.0,4.0,0.0,2,2.0,7.6,3.0,1.0,3.0,3.0,6.0,4.0,8.0,7.0,4.0,6.0,2
26,0,2,6.0,7.0,4.0,1.0,1,2.0,5.42,2.0,4.0,5.0,3.0,6.0,3.0,5.0,6.0,5.0,4.0,2
26,1,0,7.0,8.0,2.0,0.0,1,3.0,4.33,1.0,3.0,3.0,5.0,5.0,7.0,3.0,3.0,9.0,1.0,0
23,1,1,4.0,8.0,2.0,0.0,2,1.0,7.78,1.0,4.0,5.0,5.0,5.0,4.0,8.0,4.0,7.0,4.0,0
23,0,1,5.0,9.0,4.0,0.0,3,1.0,7.63,3.0,8.0,5.0,4.0,5.0,4.0,7.0,6.0,8.0,4.0,0
21,2,1,3.0,6.0,3.0,2.0,2,4.0,5.66,2.0,5.0,3.0,6.0,4.0,4.0,6.0,3.0,6.0,3.0,0
21,0,2,6.0,9.0,3.0,1.0,1,2.0,8.85,3.0,5.0,5.0,3.0,6.0,4.0,9.0,6.0,6.0,6.0,2
22,2,1,5.0,7.0,2.0,1.0,0,0.0,7.56,2.0,4.0,6.0,5.0,6.0,7.0,8.0,4.0,7.0,4.0,0
20,0,2,2.0,4.0,2.0,2.0,1,3.0,3.93,3.0,7.0,5.0,7.0,3.0,2.0,5.0,5.0,6.0,2.0,0
18,1,0,5.0,9.0,3.0,3.0,2,4.0,5.55,3.0,5.0,5.0,6.0,2.0,5.0,6.0,4.0,4.0,2.0,0
18,0,1,5.0,7.0,2.0,0.0,4,4.0,8.07,3.0,5.0,5.0,3.0,5.0,5.0,9.0,7.0,6.0,6.0,2
24,1,1,4.0,6.0,2.0,3.0,4,6.0,9.11,1.0,4.0,4.0,3.0,6.0,4.0,10.0,7.0,4.0,7.0,2
18,1,1,5.0,6.0,1.0,1.0,2,2.0,6.38,1.0,9.0,4.0,4.0,5.0,5.0,7.0,6.0,4.0,4.0,2
18,0,1,4.0,8.0,2.0,1.0,4,2.0,7.44,0.0,6.0,4.0,6.0,5.0,4.0,8.0,6.0,5.0,4.0,2
20,0,1,4.0,7.0,2.0,3.0,2,4.0,5.87,2.0,6.0,3.0,2.0,6.0,3.0,6.0,6.0,4.0,5.0,2
21,0,2,4.0,8.0,2.0,1.0,0,3.0,7.03,0.0,7.0,4.0,3.0,6.0,6.0,7.0,6.0,5.0,5.0,2
21,1,1,3.0,8.0,3.0,1.0,2,3.0,6.08,0.0,3.0,3.0,2.0,7.0,3.0,5.0,5.0,5.0,5.0,2
19,1,0,3.0,6.0,4.0,1.0,0,3.0,4.54,2.0,4.0,5.0,6.0,5.0,5.0,5.0,6.0,6.0,3.0,0
18,1,1,6.0,11.0,3.0,2.0,4,4.0,6.3,1.0,6.0,5.0,6.0,5.0,4.0,8.0,5.0,7.0,4.0,0
20,1,1,3.0,6.0,3.0,1.0,3,4.0,9.97,0.0,9.0,5.0,4.0,7.0,5.0,10.0,7.0,5.0,6.0,2
21,1,2,4.0,7.0,3.0,1.0,4,3.0,6.0,2.0,7.0,6.0,4.0,5.0,5.0,7.0,5.0,6.0,4.0,0
20,0,1,3.0,8.0,3.0,5.0,2,1.0,6.66,2.0,5.0,6.0,5.0,4.0,3.0,8.0,2.0,8.0,2.0,0
25,0,1,3.0,6.0,3.0,1.0,4,4.0,7.01,1.0,4.0,4.0,1.0,6.0,4.0,7.0,5.0,2.0,5.0,2
18,1,2,6.0,10.0,1.0,0.0,3,0.0,6.33,2.0,9.0,4.0,5.0,6.0,6.0,6.0,3.0,7.0,3.0,0
19,0,2,2.0,4.0,3.0,0.0,4,2.0,5.63,2.0,4.0,4.0,5.0,6.0,1.0,6.0,5.0,3.0,4.0,2
24,1,1,5.0,8.0,3.0,2.0,3,2.0,6.96,2.0,3.0,4.0,4.0,6.0,3.0,7.0,5.0,8.0,4.0,2
21,2,1,4.0,8.0,3.0,2.0,1,2.0,7.14,2.0,6.0,4.0,4.0,7.0,5.0,9.0,6.0,5.0,6.0,2
25,1,0,5.0,8.0,2.0,4.0,2,4.0,6.63,3.0,6.0,4.0,5.0,5.0,4.0,7.0,6.0,5.0,4.0,2
20,0,1,4.0,6.0,3.0,0.0,2,2.0,5.79,1.0,4.0,5.0,6.0,4.0,4.0,5.0,4.0,5.0,2.0,0
23,2,1,5.0,8.0,4.0,1.0,3,5.0,6.13,2.0,6.0,7.0,5.0,6.0,5.0,5.0,5.0,5.0,4.0,0
26,0,2,4.0,7.0,2.0,3.0,0,2.0,5.59,1.0,6.0,5.0,5.0,6.0,5.0,6.0,5.0,6.0,4.0,2
18,1,1,5.0,8.0,2.0,5.0,3,4.0,7.26,2.0,7.0,6.0,5.0,6.0,5.0,8.0,7.0,6.0,5.0,2
18,0,1,7.0,11.0,5.0,1.0,1,6.0,6.84,0.0,5.0,7.0,5.0,2.0,6.0,9.0,5.0,6.0,4.0,0
25,1,1,1.0,4.0,2.0,0.0,2,1.0,6.64,2.0,5.0,4.0,5.0,4.0,4.0,6.0,4.0,5.0,3.0,0
20,1,2,4.0,8.0,1.0,2.0,2,2.0,5.32,3.0,5.0,2.0,4.0,6.0,6.0,6.0,3.0,5.0,4.0,0
22,1,2,3.0,6.0,4.0,0.0,4,3.0,5.0,2.0,4.0,7.0,6.0,4.0,3.0,4.0,4.0,5.0,2.0,0
18,2,1,3.0,7.0,1.0,1.0,3,4.0,6.34,1.0,5.0,4.0,4.0,7.0,3.0,6.0,5.0,5.0,4.0,2
22,2,1,3.0,5.0,3.0,1.0,1,3.0,4.01,1.0,6.0,5.0,7.0,4.0,3.0,5.0,4.0,5.0,3.0,0
23,1,2,4.0,7.0,3.0,3.0,4,3.0,7.06,3.0,7.0,4.0,4.0,6.0,3.0,7.0,6.0,4.0,5.0,2
25,0,1,6.0,11.0,4.0,0.0,0,3.0,6.22,2.0,5.0,6.0,3.0,6.0,5.0,4.0,7.0,6.0,4.0,2
20,2,1,3.0,6.0,4.0,1.0,4,2.0,5.51,1.0,7.0,5.0,4.0,4.0,3.0,4.0,4.0,6.0,2.0,0
20,0,1,5.0,10.0,2.0,3.0,1,4.0,4.65,2.0,6.0,6.0,7.0,5.0,6.0,5.0,3.0,6.0,2.0,0
26,1,1,5.0,8.0,5.0,1.0,3,4.0,6.59,1.0,10.0,5.0,5.0,7.0,5.0,6.0,7.0,5.0,5.0,2
21,0,1,3.0,5.0,3.0,1.0,0,4.0,6.93,2.0,8.0,4.0,5.0,6.0,4.0,7.0,5.0,3.0,5.0,2
21,0,1,3.0,7.0,2.0,0.0,2,5.0,8.22,1.0,1.0,4.0,6.0,4.0,4.0,7.0,6.0,5.0,4.0,2
24,0,1,4.0,7.0,4.0,0.0,4,2.0,5.87,1.0,5.0,5.0,3.0,6.0,4.0,7.0,5.0,6.0,5.0,2
19,0,2,1.0,2.0,2.0,2.0,1,5.0,8.17,1.0,6.0,5.0,3.0,6.0,2.0,9.0,6.0,2.0,6.0,2
25,1,1,7.0,10.0,3.0,0.0,3,5.0,6.68,1.0,5.0,7.0,6.0,6.0,7.0,8.0,6.0,6.0,4.0,2
23,1,2,4.0,7.0,3.0,0.0,4,2.0,6.73,1.0,11.0,3.0,4.0,5.0,6.0,7.0,5.0,7.0,4.0,0
20,1,1,5.0,7.0,3.0,0.0,1,3.0,8.76,3.0,8.0,4.0,3.0,6.0,6.0,7.0,6.0,6.0,5.0,2
26,1,1,4.0,6.0,6.0,0.0,0,1.0,7.16,3.0,2.0,7.0,3.0,4.0,3.0,6.0,5.0,8.0,3.0,0
22,0,1,5.0,6.0,3.0,5.0,4,2.0,7.0,0.0,4.0,5.0,4.0,6.0,6.0,8.0,6.0,5.0,5.0,2
25,1,1,4.0,6.0,0.0,1.0,4,2.0,5.85,0.0,5.0,4.0,3.0,6.0,4.0,7.0,6.0,3.0,5.0,2
24,0,2,5.0,9.0,1.0,3.0,3,3.0,4.99,2.0,8.0,3.0,4.0,4.0,6.0,5.0,4.0,5.0,3.0,0
25,1,2,6.0,9.0,3.0,0.0,1,1.0,7.04,1.0,8.0,3.0,1.0,8.0,5.0,8.0,5.0,5.0,6.0,2
24,0,1,1.0,5.0,1.0,2.0,1,2.0,6.98,0.0,5.0,2.0,4.0,6.0,4.0,7.0,5.0,7.0,4.0,0
20,2,2,5.0,10.0,2.0,2.0,2,2.0,6.24,4.0,6.0,5.0,5.0,6.0,4.0,6.0,4.0,6.0,4.0,0
19,0,1,3.0,5.0,4.0,0.0,2,1.0,6.16,1.0,6.0,6.0,4.0,4.0,5.0,5.0,4.0,4.0,3.0,0
24,2,2,2.0,4.0,3.0,0.0,1,2.0,4.89,0.0,6.0,4.0,7.0,4.0,4.0,4.0,4.0,7.0,2.0,0
20,0,2,2.0,6.0,4.0,0.0,4,6.0,5.92,0.0,7.0,5.0,4.0,7.0,3.0,6.0,5.0,3.0,5.0,2
20,1,1,4.0,7.0,4.0,0.0,0,2.0,7.56,3.0,6.0,5.0,4.0,3.0,5.0,7.0,5.0,4.0,4.0,0
19,2,1,4.0,7.0,4.0,1.0,2,5.0,6.47,1.0,7.0,6.0,6.0,4.0,5.0,8.0,6.0,6.0,4.0,2
21,0,2,3.0,9.0,2.0,1.0,2,3.0,4.99,2.0,6.0,3.0,4.0,5.0,3.0,4.0,3.0,7.0,2.0,0
25,0,1,2.0,6.0,4.0,2.0,0,4.0,6.6,2.0,5.0,5.0,5.0,5.0,3.0,9.0,4.0,7.0,4.0,0
18,0,0,4.0,7.0,4.0,0.0,3,3.0,9.12,1.0,2.0,4.0,3.0,6.0,3.0,10.0,6.0,7.0,6.0,2
18,0,2,4.0,8.0,3.0,2.0,4,1.0,8.95,4.0,9.0,3.0,2.0,7.0,5.0,8.0,6.0,4.0,6.0,2
22,1,2,5.0,8.0,2.0,3.0,2,6.0,5.22,1.0,9.0,6.0,6.0,6.0,3.0,5.0,4.0,7.0,3.0,0
22,0,1,5.0,7.0,3.0,0.0,3,2.0,5.05,0.0,6.0,4.0,5.0,6.0,6.0,6.0,3.0,7.0,3.0,0
18,1,1,6.0,9.0,3.0,1.0,1,3.0,5.77,0.0,6.0,5.0,6.0,4.0,6.0,7.0,5.0,8.0,3.0,0
23,1,1,5.0,8.0,2.0,3.0,2,4.0,5.91,2.0,3.0,5.0,5.0,8.0,4.0,6.0,4.0,5.0,4.0,2
18,0,1,2.0,4.0,4.0,2.0,0,0.0,6.14,3.0,5.0,6.0,6.0,5.0,4.0,6.0,5.0,6.0,3.0,0
22,0,1,4.0,7.0,3.0,0.0,1,1.0,4.62,2.0,8.0,4.0,6.0,3.0,5.0,5.0,4.0,8.0,2.0,0
26,1,0,6.0,7.0,3.0,0.0,1,4.0,6.87,0.0,7.0,6.0,4.0,6.0,5.0,7.0,5.0,5.0,4.0,2
22,0,1,5.0,7.0,3.0,1.0,4,4.0,5.52,1.0,3.0,5.0,3.0,7.0,6.0,5.0,5.0,6.0,4.0,2
23,0,2,8.0,10.0,3.0,2.0,3,3.0,6.51,0.0,9.0,5.0,5.0,5.0,7.0,6.0,6.0,6.0,4.0,0
25,0,2,5.0,8.0,3.0,2.0,4,4.0,6.04,1.0,4.0,5.0,5.0,5.0,7.0,6.0,6.0,5.0,4.0,2
18,0,2,2.0,7.0,2.0,2.0,1,3.0,5.91,1.0,5.0,3.0,4.0,4.0,3.0,7.0,5.0,5.0,4.0,0
19,2,1,2.0,6.0,5.0,1.0,4,2.0,4.74,0.0,9.0,6.0,6.0,6.0,4.0,5.0,3.0,5.0,3.0,0
26,1,1,4.0,7.0,5.0,1.0,0,4.0,5.88,1.0,7.0,7.0,5.0,5.0,6.0,7.0,5.0,4.0,4.0,0
20,0,1,4.0,8.0,4.0,0.0,2,1.0,5.1,1.0,5.0,7.0,7.0,2.0,7.0,4.0,4.0,8.0,1.0,0
23,1,0,3.0,6.0,3.0,2.0,0,2.0,5.03,1.0,4.0,7.0,7.0,3.0,5.0,6.0,3.0,7.0,2.0,0
22,1,2,5.0,8.0,4.0,1.0,1,4.0,5.0,1.0,9.0,5.0,6.0,3.0,5.0,5.0,3.0,7.0,1.0,0
19,0,1,0.0,3.0,2.0,1.0,4,4.0,6.74,3.0,5.0,7.0,5.0,5.0,1.0,6.0,5.0,4.0,4.0,0
24,0,1,3.0,6.0,3.0,3.0,3,4.0,4.24,0.0,6.0,5.0,7.0,4.0,3.0,4.0,6.0,8.0,2.0,0
21,1,1,1.0,3.0,1.0,1.0,3,6.0,7.84,0.0,5.0,4.0,4.0,5.0,1.0,8.0,7.0,3.0,6.0,2
18,1,1,3.0,6.0,2.0,1.0,1,3.0,7.75,2.0,7.0,6.0,3.0,5.0,4.0,7.0,4.0,6.0,4.0,0
21,0,2,3.0,9.0,4.0,0.0,2,3.0,8.89,1.0,6.0,5.0,5.0,7.0,3.0,8.0,6.0,7.0,5.0,2
23,0,2,6.0,8.0,4.0,2.0,4,5.0,5.27,0.0,8.0,6.0,7.0,2.0,6.0,6.0,5.0,6.0,2.0,0
24,0,2,2.0,4.0,2.0,1.0,0,4.0,6.37,3.0,8.0,5.0,6.0,4.0,4.0,7.0,5.0,2.0,4.0,2
24,1,2,4.0,7.0,2.0,5.0,0,3.0,5.97,2.0,5.0,4.0,5.0,6.0,5.0,7.0,4.0,7.0,3.0,0
24,0,1,3.0,7.0,3.0,3.0,3,4.0,5.33,3.0,4.0,5.0,6.0,5.0,4.0,6.0,7.0,5.0,4.0,2
20,1,1,4.0,9.0,1.0,5.0,0,4.0,5.5,2.0,8.0,3.0,4.0,7.0,5.0,6.0,5.0,5.0,5.0,2
23,1,2,3.0,5.0,5.0,1.0,2,2.0,7.95,3.0,4.0,5.0,5.0,6.0,4.0,8.0,4.0,3.0,5.0,2
25,0,2,4.0,7.0,2.0,1.0,1,1.0,7.57,3.0,6.0,6.0,4.0,7.0,4.0,8.0,5.0,4.0,5.0,2
21,0,1,3.0,6.0,3.0,3.0,4,3.0,5.7,0.0,5.0,6.0,4.0,4.0,4.0,6.0,7.0,6.0,4.0,2
25,1,1,5.0,9.0,4.0,2.0,0,7.0,6.96,0.0,5.0,3.0,5.0,6.0,4.0,8.0,8.0,5.0,5.0,2
19,1,1,6.0,8.0,3.0,3.0,1,6.0,7.27,1.0,7.0,6.0,5.0,6.0,6.0,9.0,8.0,5.0,6.0,2
26,0,2,4.0,7.0,3.0,2.0,4,2.0,4.77,2.0,6.0,5.0,4.0,4.0,3.0,5.0,3.0,5.0,2.0,0
26,1,1,7.0,10.0,4.0,1.0,1,2.0,6.19,2.0,7.0,5.0,5.0,6.0,7.0,6.0,5.0,7.0,4.0,0
25,1,2,4.0,6.0,2.0,2.0,0,3.0,7.55,2.0,7.0,4.0,3.0,7.0,5.0,8.0,4.0,4.0,5.0,2
18,1,1,5.0,9.0,3.0,1.0,1,3.0,3.31,2.0,5.0,5.0,7.0,4.0,5.0,4.0,1.0,7.0,1.0,0
19,1,2,3.0,5.0,3.0,0.0,2,6.0,6.07,2.0,10.0,5.0,5.0,4.0,4.0,6.0,6.0,3.0,4.0,0
23,1,1,4.0,5.0,2.0,2.0,3,3.0,6.56,3.0,4.0,4.0,4.0,5.0,3.0,7.0,5.0,5.0,4.0,2
22,0,1,4.0,6.0,4.0,3.0,4,3.0,5.94,1.0,6.0,6.0,5.0,3.0,6.0,8.0,4.0,6.0,3.0,0
26,0,1,2.0,3.0,3.0,1.0,4,1.0,5.75,3.0,10.0,5.0,5.0,5.0,4.0,6.0,5.0,7.0,3.0,0
22,0,1,3.0,5.0,4.0,1.0,2,6.0,7.02,2.0,6.0,5.0,5.0,5.0,6.0,7.0,6.0,4.0,5.0,2
19,0,2,5.0,7.0,2.0,2.0,1,3.0,6.52,1.0,5.0,5.0,5.0,5.0,6.0,6.0,4.0,4.0,4.0,0
21,0,2,6.0,9.0,1.0,2.0,4,4.0,3.64,0.0,8.0,4.0,5.0,4.0,7.0,3.0,3.0,7.0,2.0,0
26,2,1,5.0,7.0,4.0,3.0,3,4.0,6.04,2.0,9.0,6.0,4.0,6.0,4.0,5.0,5.0,6.0,4.0,0
18,0,1,4.0,8.0,3.0,2.0,0,3.0,4.61,1.0,4.0,6.0,6.0,4.0,5.0,5.0,6.0,6.0,3.0,0
18,1,1,3.0,8.0,3.0,0.0,4,2.0,6.63,2.0,8.0,5.0,5.0,7.0,5.0,7.0,4.0,5.0,4.0,2
24,0,2,5.0,5.0,3.0,0.0,2,3.0,5.42,1.0,7.0,5.0,5.0,4.0,6.0,6.0,5.0,6.0,3.0,0
20,1,1,3.0,8.0,6.0,2.0,2,4.0,7.05,2.0,5.0,5.0,4.0,7.0,4.0,7.0,3.0,5.0,4.0,2
19,0,2,2.0,4.0,4.0,3.0,3,4.0,3.64,3.0,8.0,4.0,4.0,4.0,3.0,3.0,5.0,2.0,3.0,0
26,0,1,3.0,6.0,4.0,4.0,2,0.0,6.15,1.0,7.0,4.0,5.0,6.0,4.0,7.0,4.0,6.0,4.0,0
20,0,1,4.0,8.0,2.0,0.0,1,3.0,6.43,2.0,6.0,6.0,8.0,3.0,5.0,6.0,4.0,6.0,2.0,0
19,0,1,3.0,6.0,3.0,2.0,4,4.0,4.46,1.0,7.0,5.0,7.0,4.0,4.0,4.0,4.0,7.0,1.0,0
25,1,1,4.0,8.0,3.0,2.0,4,5.0,7.16,1.0,3.0,4.0,5.0,6.0,6.0,9.0,7.0,6.0,5.0,2
23,1,1,3.0,7.0,4.0,0.0,4,4.0,7.44,1.0,7.0,6.0,4.0,5.0,5.0,7.0,7.0,6.0,5.0,2
23,1,1,4.0,8.0,3.0,3.0,1,4.0,6.74,2.0,6.0,4.0,6.0,6.0,4.0,6.0,7.0,7.0,4.0,0
24,1,1,4.0,5.0,3.0,4.0,1,4.0,5.44,0.0,8.0,3.0,4.0,7.0,3.0,5.0,4.0,5.0,4.0,0
24,1,2,4.0,7.0,4.0,2.0,4,6.0,4.26,1.0,7.0,5.0,7.0,3.0,3.0,5.0,3.0,6.0,2.0,0
23,1,1,3.0,5.0,5.0,4.0,4,7.0,5.6,2.0,9.0,7.0,8.0,5.0,2.0,3.0,6.0,7.0,2.0,0
21,1,1,6.0,10.0,0.0,2.0,2,2.0,6.82,0.0,4.0,6.0,4.0,5.0,7.0,8.0,6.0,4.0,5.0,2
26,2,2,2.0,5.0,4.0,1.0,0,4.0,8.3,3.0,6.0,4.0,5.0,4.0,6.0,10.0,4.0,5.0,4.0,2
23,1,0,8.0,11.0,3.0,2.0,1,1.0,7.0,2.0,5.0,5.0,4.0,6.0,7.0,6.0,5.0,6.0,4.0,2
21,1,1,5.0,8.0,4.0,0.0,2,5.0,4.14,2.0,7.0,6.0,7.0,2.0,5.0,4.0,3.0,4.0,2.0,0
20,1,2,2.0,5.0,3.0,0.0,4,2.0,6.37,2.0,4.0,4.0,3.0,5.0,2.0,7.0,5.0,5.0,4.0,2
21,0,2,4.0,7.0,3.0,2.0,4,5.0,6.74,0.0,5.0,5.0,6.0,5.0,3.0,7.0,4.0,4.0,4.0,0
20,1,0,4.0,8.0,3.0,1.0,4,3.0,4.36,0.0,7.0,5.0,6.0,5.0,6.0,5.0,5.0,7.0,3.0,0
19,0,1,6.0,8.0,1.0,4.0,0,2.0,6.02,0.0,5.0,4.0,4.0,6.0,5.0,7.0,7.0,6.0,5.0,2
22,1,0,2.0,7.0,2.0,1.0,1,2.0,7.56,2.0,6.0,5.0,4.0,6.0,4.0,8.0,5.0,6.0,5.0,2
19,0,1,2.0,5.0,2.0,2.0,4,4.0,6.7,1.0,5.0,5.0,5.0,4.0,3.0,7.0,3.0,4.0,3.0,0
23,0,1,5.0,8.0,3.0,2.0,2,3.0,5.17,2.0,7.0,4.0,4.0,7.0,5.0,6.0,4.0,5.0,4.0,2
20,1,1,4.0,7.0,4.0,3.0,3,4.0,7.16,0.0,6.0,6.0,5.0,6.0,5.0,7.0,5.0,5.0,4.0,2
23,1,1,6.0,9.0,4.0,0.0,3,2.0,6.38,2.0,9.0,5.0,5.0,6.0,6.0,7.0,6.0,6.0,4.0,2
26,0,2,2.0,6.0,3.0,4.0,0,3.0,7.97,1.0,8.0,4.0,5.0,5.0,2.0,7.0,6.0,5.0,4.0,2
18,0,1,2.0,7.0,2.0,3.0,1,4.0,4.59,1.0,2.0,5.0,8.0,5.0,5.0,4.0,5.0,7.0,2.0,0
23,0,1,7.0,9.0,3.0,2.0,1,7.0,5.87,2.0,7.0,5.0,4.0,6.0,7.0,6.0,4.0,5.0,4.0,0
26,0,1,4.0,6.0,4.0,6.0,0,1.0,4.21,3.0,9.0,4.0,6.0,5.0,4.0,4.0,2.0,7.0,1.0,0
21,0,1,3.0,5.0,2.0,1.0,3,3.0,5.41,2.0,4.0,7.0,6.0,6.0,4.0,5.0,5.0,5.0,3.0,0
19,0,1,5.0,8.0,3.0,1.0,3,2.0,7.54,1.0,9.0,5.0,5.0,6.0,5.0,6.0,6.0,6.0,4.0,2
21,1,1,1.0,3.0,4.0,0.0,4,3.0,7.72,0.0,4.0,4.0,4.0,6.0,4.0,6.0,5.0,3.0,4.0,2
18,1,1,5.0,8.0,3.0,5.0,2,4.0,8.9,1.0,10.0,6.0,6.0,5.0,7.0,8.0,6.0,6.0,4.0,2
20,0,1,3.0,6.0,3.0,1.0,4,5.0,5.66,1.0,10.0,5.0,5.0,7.0,3.0,6.0,7.0,5.0,5.0,2
26,0,1,3.0,6.0,3.0,5.0,1,3.0,8.62,2.0,4.0,7.0,6.0,5.0,1.0,8.0,4.0,5.0,4.0,0
22,2,2,6.0,10.0,5.0,2.0,4,4.0,7.85,1.0,5.0,6.0,6.0,3.0,5.0,8.0,6.0,6.0,4.0,0
23,2,1,5.0,10.0,1.0,2.0,1,5.0,6.13,0.0,8.0,4.0,4.0,5.0,5.0,5.0,7.0,5.0,4.0,2
20,0,1,2.0,6.0,4.0,2.0,4,2.0,6.74,0.0,6.0,6.0,6.0,5.0,5.0,8.0,6.0,7.0,4.0,2
22,0,1,4.0,8.0,1.0,0.0,2,0.0,5.87,1.0,7.0,3.0,3.0,5.0,5.0,5.0,4.0,5.0,4.0,0
25,0,1,4.0,7.0,2.0,2.0,4,1.0,7.47,1.0,7.0,5.0,4.0,5.0,4.0,9.0,5.0,8.0,4.0,2
23,1,1,4.0,5.0,1.0,2.0,4,1.0,4.75,2.0,7.0,4.0,6.0,5.0,5.0,5.0,4.0,7.0,3.0,0
21,0,0,3.0,7.0,3.0,4.0,4,3.0,5.57,1.0,4.0,4.0,4.0,2.0,3.0,6.0,7.0,6.0,3.0,0
19,1,2,4.0,7.0,0.0,2.0,1,4.0,6.71,0.0,5.0,4.0,3.0,6.0,5.0,5.0,6.0,4.0,4.0,2
26,1,2,5.0,8.0,1.0,2.0,4,1.0,6.68,1.0,4.0,4.0,4.0,5.0,5.0,6.0,5.0,6.0,4.0,0
18,0,1,5.0,8.0,3.0,1.0,3,5.0,6.58,3.0,4.0,5.0,4.0,6.0,5.0,6.0,7.0,5.0,5.0,2
18,0,1,3.0,5.0,3.0,2.0,3,6.0,5.13,3.0,8.0,4.0,6.0,5.0,5.0,5.0,5.0,6.0,3.0,0
21,1,1,4.0,8.0,5.0,1.0,2,3.0,5.1,3.0,9.0,5.0,4.0,6.0,4.0,5.0,4.0,7.0,3.0,0
24,1,2,1.0,5.0,5.0,2.0,0,1.0,5.98,2.0,8.0,7.0,6.0,4.0,3.0,5.0,4.0,7.0,3.0,0
18,0,2,6.0,9.0,1.0,1.0,4,4.0,4.05,2.0,6.0,6.0,6.0,5.0,4.0,3.0,6.0,5.0,3.0,0
26,0,1,3.0,5.0,2.0,1.0,4,3.0,7.53,2.0,3.0,5.0,5.0,4.0,3.0,7.0,6.0,5.0,4.0,0
21,0,1,3.0,5.0,2.0,0.0,1,2.0,7.46,2.0,1.0,5.0,5.0,5.0,3.0,7.0,4.0,7.0,4.0,0
20,1,1,2.0,4.0,4.0,0.0,0,6.0,7.11,2.0,7.0,5.0,4.0,5.0,2.0,6.0,7.0,2.0,5.0,2
18,1,1,5.0,7.0,3.0,0.0,0,2.0,6.54,3.0,8.0,5.0,6.0,4.0,5.0,6.0,3.0,7.0,2.0,0
21,1,2,6.0,9.0,1.0,1.0,4,5.0,6.14,3.0,9.0,5.0,6.0,5.0,5.0,7.0,7.0,7.0,4.0,0
26,0,1,3.0,6.0,4.0,0.0,4,2.0,4.4,1.0,7.0,5.0,6.0,4.0,2.0,4.0,4.0,6.0,2.0,0
23,0,1,2.0,4.0,2.0,1.0,4,4.0,7.44,2.0,7.0,5.0,4.0,6.0,3.0,7.0,6.0,4.0,5.0,2
23,1,2,4.0,9.0,5.0,2.0,0,2.0,6.7,1.0,7.0,6.0,5.0,5.0,5.0,8.0,5.0,7.0,4.0,0
18,1,1,4.0,6.0,3.0,2.0,3,4.0,8.4,1.0,5.0,3.0,2.0,8.0,5.0,9.0,9.0,5.0,7.0,1
19,1,1,5.0,6.0,4.0,0.0,1,2.0,6.46,1.0,8.0,6.0,5.0,5.0,6.0,7.0,3.0,7.0,3.0,0
23,0,1,4.0,7.0,4.0,0.0,3,5.0,6.26,2.0,6.0,3.0,4.0,5.0,6.0,6.0,6.0,5.0,4.0,2
19,1,1,4.0,7.0,2.0,2.0,4,3.0,5.47,2.0,8.0,4.0,6.0,6.0,3.0,5.0,3.0,5.0,3.0,0
20,0,1,5.0,8.0,0.0,2.0,0,1.0,7.09,2.0,4.0,3.0,4.0,7.0,6.0,8.0,6.0,5.0,6.0,2
21,0,1,2.0,5.0,5.0,2.0,3,3.0,7.16,3.0,7.0,4.0,4.0,5.0,2.0,6.0,6.0,4.0,4.0,2
22,0,2,4.0,6.0,4.0,3.0,0,3.0,8.1,1.0,4.0,6.0,7.0,4.0,6.0,8.0,4.0,6.0,3.0,0
26,0,2,4.0,8.0,2.0,0.0,4,1.0,7.59,1.0,9.0,4.0,3.0,6.0,4.0,7.0,5.0,4.0,5.0,2
21,1,1,3.0,6.0,0.0,0.0,3,5.0,5.97,2.0,4.0,2.0,3.0,6.0,6.0,6.0,6.0,4.0,5.0,2
26,0,2,4.0,7.0,5.0,1.0,0,4.0,4.85,1.0,5.0,5.0,7.0,5.0,4.0,5.0,4.0,7.0,2.0,0
20,0,1,4.0,8.0,3.0,1.0,2,1.0,7.7,2.0,10.0,5.0,4.0,7.0,6.0,8.0,4.0,6.0,5.0,2
25,1,2,5.0,9.0,4.0,3.0,3,4.0,5.96,3.0,9.0,7.0,5.0,7.0,5.0,6.0,4.0,7.0,4.0,2
18,0,1,4.0,6.0,4.0,1.0,1,1.0,6.03,0.0,9.0,4.0,4.0,5.0,5.0,7.0,6.0,6.0,4.0,2
26,2,1,1.0,4.0,2.0,2.0,0,3.0,6.14,1.0,5.0,5.0,4.0,4.0,3.0,6.0,4.0,6.0,3.0,0
26,1,1,2.0,6.0,2.0,0.0,4,2.0,8.83,1.0,6.0,2.0,2.0,8.0,4.0,9.0,8.0,4.0,7.0,1
19,0,1,5.0,8.0,3.0,3.0,4,2.0,7.06,2.0,5.0,5.0,4.0,5.0,4.0,6.0,6.0,5.0,4.0,2
21,0,0,4.0,6.0,3.0,0.0,3,2.0,7.46,2.0,6.0,5.0,4.0,7.0,3.0,6.0,5.0,6.0,4.0,2
25,0,1,4.0,7.0,2.0,1.0,4,5.0,8.26,2.0,11.0,4.0,5.0,5.0,3.0,9.0,6.0,6.0,5.0,2
24,0,1,4.0,7.0,3.0,1.0,2,4.0,6.86,1.0,2.0,4.0,2.0,8.0,5.0,6.0,8.0,5.0,6.0,2
18,1,1,3.0,6.0,4.0,4.0,1,4.0,5.87,2.0,7.0,5.0,6.0,5.0,5.0,7.0,4.0,6.0,4.0,0
22,1,1,3.0,6.0,3.0,3.0,3,2.0,4.92,2.0,8.0,3.0,5.0,5.0,6.0,5.0,3.0,7.0,2.0,0
24,0,2,3.0,6.0,4.0,2.0,3,4.0,5.97,2.0,9.0,5.0,5.0,5.0,5.0,6.0,5.0,6.0,3.0,0
21,0,0,4.0,7.0,3.0,0.0,4,3.0,6.86,1.0,10.0,6.0,4.0,5.0,3.0,6.0,6.0,7.0,4.0,0
18,2,1,4.0,6.0,4.0,2.0,0,3.0,7.12,3.0,8.0,5.0,5.0,4.0,5.0,7.0,3.0,4.0,3.0,0
26,1,1,4.0,9.0,4.0,3.0,4,4.0,6.12,3.0,6.0,5.0,6.0,7.0,4.0,7.0,6.0,9.0,4.0,2
22,0,1,4.0,7.0,2.0,3.0,0,3.0,5.69,3.0,3.0,5.0,5.0,4.0,4.0,6.0,5.0,6.0,3.0,0
19,1,1,5.0,7.0,1.0,3.0,4,5.0,6.14,1.0,7.0,4.0,4.0,6.0,5.0,6.0,5.0,4.0,4.0,2
25,1,1,5.0,7.0,5.0,0.0,0,4.0,5.99,2.0,4.0,7.0,5.0,7.0,8.0,7.0,5.0,5.0,5.0,2
19,1,1,6.0,9.0,2.0,1.0,0,5.0,7.9,2.0,9.0,3.0,2.0,6.0,6.0,8.0,7.0,5.0,6.0,2
20,1,2,4.0,6.0,3.0,3.0,2,2.0,7.87,2.0,10.0,6.0,3.0,5.0,4.0,6.0,7.0,6.0,5.0,2
18,1,1,3.0,7.0,3.0,2.0,2,6.0,7.01,1.0,8.0,3.0,4.0,5.0,4.0,8.0,6.0,5.0,5.0,2
19,1,1,4.0,9.0,2.0,2.0,2,3.0,5.85,2.0,8.0,4.0,4.0,6.0,4.0,5.0,5.0,6.0,4.0,0
24,1,1,3.0,6.0,4.0,2.0,4,5.0,6.73,1.0,4.0,4.0,5.0,5.0,6.0,6.0,6.0,6.0,4.0,0
19,2,2,4.0,8.0,3.0,1.0,1,4.0,7.79,0.0,4.0,4.0,2.0,8.0,5.0,7.0,8.0,5.0,6.0,2
23,0,1,5.0,7.0,1.0,0.0,2,4.0,6.64,3.0,3.0,4.0,5.0,5.0,5.0,6.0,4.0,5.0,3.0,0
20,1,1,4.0,7.0,3.0,2.0,3,3.0,6.82,3.0,7.0,6.0,6.0,4.0,6.0,7.0,3.0,7.0,2.0,0
21,0,1,4.0,6.0,3.0,4.0,1,6.0,7.02,2.0,3.0,7.0,5.0,5.0,5.0,7.0,7.0,4.0,5.0,2
25,0,1,5.0,7.0,4.0,2.0,3,6.0,6.5,0.0,4.0,6.0,7.0,4.0,4.0,5.0,5.0,4.0,3.0,0
20,0,1,7.0,10.0,5.0,2.0,2,3.0,7.07,3.0,6.0,6.0,5.0,4.0,7.0,8.0,5.0,6.0,3.0,0
23,1,0,3.0,7.0,2.0,1.0,3,3.0,4.86,1.0,6.0,5.0,6.0,2.0,5.0,4.0,4.0,7.0,1.0,0
18,0,2,4.0,8.0,1.0,3.0,4,2.0,5.93,0.0,6.0,6.0,4.0,5.0,5.0,6.0,4.0,5.0,4.0,0
24,0,2,4.0,9.0,7.0,1.0,3,2.0,7.87,0.0,8.0,7.0,4.0,5.0,4.0,8.0,5.0,7.0,4.0,2
25,1,2,3.0,6.0,2.0,5.0,1,2.0,6.34,2.0,1.0,5.0,5.0,7.0,5.0,6.0,4.0,6.0,4.0,0
25,2,2,3.0,6.0,5.0,2.0,2,3.0,7.42,2.0,6.0,6.0,3.0,5.0,3.0,8.0,5.0,5.0,5.0,2
20,0,2,3.0,7.0,5.0,1.0,3,4.0,5.89,2.0,7.0,4.0,5.0,4.0,4.0,6.0,6.0,7.0,3.0,0
18,2,1,6.0,9.0,3.0,3.0,3,6.0,7.0,1.0,7.0,7.0,4.0,7.0,6.0,6.0,6.0,6.0,5.0,2
26,1,1,5.0,9.0,4.0,2.0,3,0.0,5.43,3.0,10.0,6.0,7.0,4.0,5.0,6.0,4.0,9.0,2.0,0
23,1,1,3.0,5.0,2.0,0.0,3,1.0,6.67,1.0,6.0,2.0,3.0,6.0,3.0,7.0,5.0,4.0,5.0,2
26,1,1,5.0,7.0,4.0,1.0,1,4.0,4.81,1.0,6.0,4.0,5.0,5.0,4.0,4.0,6.0,3.0,4.0,0
24,2,1,3.0,5.0,4.0,2.0,0,1.0,8.15,2.0,7.0,6.0,5.0,5.0,5.0,8.0,4.0,5.0,4.0,2
18,1,2,3.0,5.0,2.0,2.0,4,5.0,7.43,1.0,8.0,4.0,3.0,5.0,4.0,7.0,5.0,2.0,5.0,2
18,0,1,6.0,7.0,5.0,0.0,2,4.0,7.49,0.0,7.0,6.0,4.0,7.0,5.0,8.0,6.0,7.0,5.0,2
23,1,2,7.0,10.0,4.0,3.0,0,4.0,5.92,2.0,5.0,7.0,5.0,6.0,5.0,7.0,5.0,5.0,4.0,2
22,1,2,1.0,2.0,5.0,0.0,4,1.0,6.59,2.0,5.0,4.0,3.0,7.0,3.0,3.0,6.0,5.0,4.0,2
26,1,1,4.0,7.0,3.0,2.0,3,1.0,6.34,1.0,6.0,5.0,4.0,5.0,3.0,6.0,6.0,5.0,4.0,2
19,0,1,5.0,6.0,0.0,2.0,0,5.0,3.17,2.0,3.0,2.0,3.0,7.0,4.0,3.0,5.0,2.0,4.0,2
25,0,1,4.0,8.0,3.0,5.0,4,0.0,5.58,1.0,6.0,5.0,4.0,5.0,4.0,7.0,5.0,7.0,4.0,0
22,1,1,4.0,7.0,3.0,2.0,4,4.0,6.09,1.0,5.0,4.0,4.0,5.0,7.0,7.0,6.0,5.0,4.0,2
19,0,1,3.0,4.0,4.0,0.0,0,2.0,6.69,1.0,4.0,5.0,5.0,7.0,4.0,7.0,6.0,4.0,5.0,2
23,0,2,5.0,8.0,2.0,2.0,3,1.0,6.05,1.0,4.0,3.0,3.0,8.0,7.0,5.0,6.0,5.0,5.0,2
25,0,1,3.0,7.0,6.0,0.0,3,3.0,7.19,0.0,5.0,8.0,7.0,3.0,4.0,7.0,5.0,6.0,3.0,0
21,0,2,5.0,7.0,3.0,3.0,2,7.0,5.83,2.0,4.0,5.0,4.0,7.0,3.0,7.0,8.0,5.0,6.0,2
19,1,2,5.0,10.0,5.0,3.0,4,4.0,7.69,0.0,5.0,7.0,5.0,6.0,7.0,8.0,3.0,7.0,3.0,0
22,1,1,5.0,9.0,1.0,0.0,2,4.0,6.92,4.0,6.0,5.0,6.0,3.0,5.0,6.0,5.0,7.0,3.0,0
19,0,2,4.0,6.0,3.0,0.0,3,3.0,6.73,0.0,7.0,6.0,5.0,6.0,3.0,7.0,5.0,6.0,4.0,2
19,1,1,1.0,4.0,5.0,6.0,4,5.0,5.23,1.0,4.0,5.0,4.0,6.0,1.0,5.0,5.0,4.0,4.0,0
23,0,2,5.0,9.0,2.0,1.0,2,5.0,7.42,4.0,9.0,4.0,2.0,8.0,5.0,7.0,10.0,6.0,7.0,1
26,1,1,2.0,4.0,1.0,2.0,2,3.0,7.78,1.0,5.0,4.0,3.0,6.0,3.0,8.0,6.0,4.0,5.0,2
21,0,2,5.0,7.0,3.0,2.0,2,2.0,7.78,1.0,6.0,5.0,4.0,5.0,4.0,7.0,5.0,6.0,4.0,2
23,1,1,5.0,8.0,4.0,1.0,4,4.0,6.32,0.0,7.0,5.0,6.0,1.0,5.0,7.0,4.0,8.0,2.0,0
24,0,0,4.0,5.0,3.0,2.0,1,4.0,6.8,2.0,9.0,5.0,6.0,4.0,3.0,6.0,3.0,6.0,3.0,0
23,1,1,4.0,7.0,3.0,3.0,1,4.0,6.63,0.0,7.0,5.0,6.0,6.0,5.0,8.0,3.0,7.0,3.0,0
25,2,1,6.0,11.0,3.0,4.0,3,2.0,4.09,1.0,4.0,5.0,7.0,5.0,4.0,4.0,2.0,9.0,1.0,0
21,1,1,6.0,9.0,3.0,0.0,4,4.0,7.42,3.0,4.0,6.0,4.0,6.0,6.0,6.0,7.0,5.0,5.0,2
18,0,2,3.0,5.0,4.0,0.0,4,3.0,6.11,1.0,5.0,5.0,5.0,5.0,4.0,7.0,3.0,4.0,4.0,0
24,0,2,1.0,5.0,1.0,2.0,0,5.0,6.58,2.0,6.0,3.0,2.0,6.0,3.0,7.0,7.0,1.0,6.0,2
20,0,0,6.0,11.0,2.0,4.0,2,3.0,5.33,1.0,8.0,5.0,6.0,6.0,7.0,4.0,5.0,7.0,3.0,0
23,1,2,2.0,2.0,3.0,0.0,3,1.0,4.48,3.0,9.0,3.0,6.0,5.0,5.0,4.0,5.0,6.0,3.0,0
19,0,1,4.0,8.0,2.0,2.0,4,4.0,7.21,2.0,6.0,5.0,6.0,4.0,5.0,7.0,5.0,7.0,3.0,0
26,1,1,4.0,8.0,4.0,3.0,0,3.0,7.47,3.0,3.0,7.0,6.0,5.0,3.0,7.0,5.0,5.0,4.0,0
18,1,1,5.0,8.0,3.0,4.0,0,3.0,6.27,2.0,6.0,6.0,5.0,5.0,5.0,6.0,6.0,7.0,3.0,0
23,0,0,6.0,9.0,4.0,3.0,4,3.0,6.88,3.0,7.0,5.0,5.0,6.0,5.0,8.0,5.0,6.0,4.0,2
23,0,0,4.0,7.0,4.0,1.0,3,1.0,5.04,1.0,7.0,5.0,6.0,5.0,5.0,4.0,3.0,7.0,2.0,0
22,0,1,3.0,6.0,2.0,3.0,3,2.0,6.46,1.0,8.0,4.0,6.0,5.0,4.0,6.0,5.0,7.0,3.0,0
22,0,2,4.0,9.0,3.0,0.0,1,2.0,6.88,2.0,7.0,6.0,4.0,6.0,4.0,7.0,5.0,7.0,4.0,2
18,1,2,2.0,5.0,3.0,4.0,1,4.0,8.06,0.0,6.0,4.0,2.0,8.0,4.0,9.0,7.0,4.0,7.0,2
22,2,1,3.0,8.0,2.0,3.0,3,4.0,6.61,1.0,5.0,5.0,3.0,6.0,5.0,5.0,4.0,5.0,4.0,0
19,1,2,4.0,8.0,4.0,1.0,0,1.0,4.92,2.0,5.0,5.0,4.0,6.0,4.0,4.0,3.0,4.0,3.0,0
24,0,1,5.0,8.0,2.0,2.0,1,3.0,8.71,1.0,6.0,5.0,3.0,7.0,5.0,10.0,6.0,6.0,6.0,2
20,0,2,6.0,8.0,2.0,1.0,0,3.0,7.09,3.0,5.0,3.0,3.0,5.0,6.0,8.0,6.0,5.0,5.0,2
21,0,1,6.0,9.0,3.0,1.0,1,4.0,7.07,2.0,3.0,6.0,5.0,5.0,5.0,7.0,7.0,7.0,4.0,2
20,1,1,5.0,8.0,5.0,3.0,0,0.0,6.29,2.0,4.0,6.0,6.0,5.0,4.0,6.0,5.0,5.0,4.0,0
20,0,1,6.0,8.0,3.0,3.0,2,1.0,4.84,1.0,9.0,4.0,4.0,6.0,7.0,4.0,4.0,5.0,3.0,0
21,1,1,5.0,8.0,3.0,1.0,4,2.0,6.54,2.0,8.0,5.0,3.0,6.0,7.0,7.0,5.0,4.0,5.0,2
22,1,1,4.0,6.0,3.0,2.0,3,0.0,6.0,0.0,8.0,5.0,4.0,6.0,6.0,5.0,4.0,5.0,4.0,0
18,1,2,2.0,7.0,3.0,5.0,2,5.0,7.51,2.0,5.0,4.0,4.0,5.0,3.0,9.0,7.0,5.0,5.0,2
21,0,1,4.0,6.0,2.0,3.0,3,3.0,5.8,3.0,8.0,5.0,6.0,5.0,3.0,6.0,6.0,6.0,4.0,0
25,1,2,2.0,5.0,3.0,1.0,0,4.0,5.36,2.0,3.0,4.0,5.0,6.0,3.0,6.0,6.0,5.0,4.0,2
24,1,1,3.0,5.0,3.0,2.0,1,2.0,6.69,0.0,5.0,4.0,5.0,6.0,4.0,7.0,4.0,6.0,4.0,0
26,1,0,4.0,6.0,1.0,0.0,1,3.0,6.04,2.0,6.0,5.0,6.0,3.0,5.0,5.0,3.0,5.0,2.0,0
22,1,1,4.0,7.0,3.0,2.0,1,3.0,6.01,0.0,9.0,4.0,5.0,6.0,4.0,8.0,4.0,4.0,5.0,2
21,0,1,3.0,6.0,3.0,1.0,4,2.0,6.06,0.0,7.0,5.0,4.0,6.0,3.0,5.0,6.0,2.0,5.0,2
25,2,1,1.0,6.0,3.0,0.0,4,5.0,7.56,3.0,6.0,4.0,4.0,4.0,4.0,8.0,7.0,3.0,5.0,2
26,1,1,3.0,7.0,2.0,3.0,3,4.0,5.06,2.0,5.0,3.0,5.0,5.0,5.0,5.0,3.0,7.0,2.0,0
24,0,1,4.0,7.0,4.0,2.0,1,3.0,6.4,0.0,1.0,5.0,5.0,6.0,4.0,5.0,6.0,6.0,4.0,0
24,0,0,4.0,8.0,4.0,2.0,2,3.0,5.65,0.0,6.0,6.0,5.0,3.0,4.0,4.0,3.0,6.0,1.0,0
22,0,1,5.0,8.0,3.0,4.0,3,2.0,5.64,2.0,5.0,6.0,6.0,4.0,6.0,4.0,4.0,7.0,2.0,0
21,0,1,4.0,6.0,3.0,2.0,4,3.0,5.42,3.0,8.0,4.0,5.0,4.0,5.0,4.0,5.0,6.0,3.0,0
18,1,2,3.0,6.0,3.0,2.0,4,4.0,8.26,2.0,3.0,5.0,5.0,4.0,3.0,9.0,5.0,4.0,5.0,2
24,0,1,3.0,5.0,3.0,1.0,1,3.0,5.75,1.0,5.0,4.0,5.0,6.0,3.0,7.0,5.0,5.0,5.0,2
18,1,2,4.0,7.0,2.0,3.0,4,5.0,6.62,2.0,5.0,6.0,7.0,3.0,3.0,6.0,5.0,7.0,2.0,0
18,1,2,5.0,7.0,4.0,1.0,0,2.0,8.29,3.0,8.0,5.0,5.0,7.0,5.0,9.0,5.0,5.0,5.0,2
22,0,2,2.0,5.0,2.0,2.0,4,4.0,6.83,1.0,5.0,3.0,5.0,5.0,3.0,5.0,6.0,6.0,3.0,0
26,0,1,1.0,5.0,2.0,2.0,1,1.0,4.24,3.0,5.0,5.0,6.0,5.0,5.0,4.0,4.0,7.0,2.0,0
23,1,1,4.0,8.0,3.0,2.0,3,2.0,7.36,1.0,5.0,5.0,3.0,6.0,3.0,6.0,7.0,6.0,5.0,2
20,0,1,6.0,9.0,3.0,1.0,4,1.0,5.34,1.0,5.0,7.0,6.0,4.0,6.0,6.0,3.0,7.0,2.0,0
20,0,1,4.0,7.0,3.0,3.0,2,2.0,4.18,2.0,7.0,5.0,7.0,4.0,5.0,4.0,4.0,7.0,2.0,0
24,0,1,3.0,5.0,4.0,1.0,2,5.0,6.94,2.0,7.0,5.0,5.0,5.0,4.0,8.0,6.0,5.0,5.0,2
23,0,2,4.0,8.0,3.0,1.0,0,1.0,6.36,2.0,2.0,4.0,5.0,5.0,4.0,6.0,6.0,6.0,4.0,2
26,0,1,4.0,7.0,5.0,1.0,3,5.0,6.29,1.0,9.0,4.0,4.0,6.0,4.0,6.0,6.0,4.0,4.0,2
23,0,1,5.0,8.0,4.0,2.0,0,2.0,6.69,2.0,5.0,7.0,7.0,5.0,7.0,7.0,3.0,6.0,3.0,0
22,1,1,3.0,5.0,1.0,2.0,0,1.0,5.89,2.0,9.0,2.0,3.0,6.0,3.0,7.0,5.0,3.0,5.0,2
24,1,1,6.0,8.0,2.0,0.0,1,3.0,6.86,2.0,7.0,6.0,6.0,3.0,4.0,7.0,3.0,6.0,2.0,0
18,1,1,3.0,6.0,2.0,1.0,1,3.0,7.47,2.0,5.0,4.0,3.0,7.0,4.0,6.0,8.0,4.0,6.0,2
24,0,2,3.0,6.0,4.0,3.0,1,3.0,6.22,1.0,6.0,4.0,5.0,5.0,4.0,6.0,2.0,6.0,2.0,0
20,0,1,4.0,8.0,4.0,1.0,2,1.0,6.02,2.0,8.0,6.0,5.0,4.0,6.0,6.0,4.0,6.0,3.0,0
26,2,2,2.0,3.0,4.0,3.0,4,3.0,5.49,3.0,3.0,4.0,4.0,5.0,4.0,5.0,5.0,4.0,4.0,0
23,0,2,7.0,10.0,1.0,1.0,3,1.0,7.07,1.0,6.0,5.0,5.0,7.0,6.0,8.0,4.0,8.0,4.0,2
26,1,0,5.0,8.0,3.0,2.0,1,2.0,7.86,3.0,5.0,6.0,4.0,6.0,4.0,9.0,5.0,4.0,5.0,2
22,1,1,4.0,6.0,4.0,3.0,3,2.0,6.2,2.0,8.0,7.0,5.0,5.0,5.0,6.0,4.0,6.0,3.0,0
24,1,1,3.0,7.0,3.0,5.0,0,2.0,7.07,2.0,7.0,4.0,4.0,7.0,3.0,8.0,4.0,6.0,4.0,2
21,0,1,4.0,7.0,0.0,1.0,4,4.0,5.88,0.0,3.0,4.0,3.0,7.0,3.0,5.0,6.0,4.0,4.0,2
24,0,0,5.0,10.0,5.0,1.0,2,5.0,6.2,2.0,6.0,5.0,3.0,7.0,6.0,6.0,8.0,4.0,6.0,2
18,2,2,3.0,5.0,3.0,4.0,3,3.0,8.05,0.0,8.0,4.0,5.0,5.0,3.0,9.0,6.0,5.0,5.0,2
24,0,2,3.0,4.0,3.0,1.0,4,1.0,5.79,0.0,3.0,5.0,5.0,6.0,3.0,6.0,4.0,6.0,4.0,0
25,0,1,5.0,8.0,3.0,2.0,3,3.0,7.37,0.0,4.0,6.0,4.0,6.0,7.0,9.0,6.0,5.0,5.0,2
22,0,1,2.0,3.0,2.0,2.0,0,5.0,5.86,0.0,8.0,4.0,4.0,6.0,6.0,6.0,6.0,5.0,4.0,2
19,0,1,4.0,7.0,1.0,1.0,1,4.0,4.22,1.0,2.0,6.0,6.0,5.0,5.0,5.0,3.0,5.0,3.0,0
22,0,1,5.0,8.0,2.0,1.0,0,6.0,7.7,2.0,5.0,4.0,4.0,5.0,4.0,7.0,7.0,6.0,5.0,2
23,0,1,5.0,8.0,4.0,0.0,3,1.0,8.23,0.0,2.0,5.0,4.0,7.0,7.0,9.0,6.0,6.0,6.0,2
19,0,1,5.0,8.0,3.0,2.0,2,2.0,5.98,2.0,5.0,6.0,6.0,5.0,5.0,6.0,3.0,7.0,3.0,0
23,0,2,3.0,7.0,3.0,0.0,3,4.0,7.88,1.0,6.0,5.0,5.0,7.0,5.0,8.0,8.0,3.0,7.0,2
23,1,0,4.0,6.0,2.0,3.0,2,3.0,5.33,2.0,4.0,6.0,6.0,6.0,4.0,7.0,5.0,9.0,3.0,0
18,1,2,4.0,6.0,3.0,3.0,2,1.0,8.02,2.0,7.0,6.0,4.0,6.0,5.0,8.0,4.0,4.0,4.0,2
18,1,2,4.0,9.0,4.0,1.0,3,2.0,6.1,2.0,7.0,6.0,6.0,5.0,4.0,6.0,6.0,9.0,3.0,0
20,0,0,1.0,4.0,3.0,3.0,3,3.0,5.69,1.0,4.0,4.0,5.0,4.0,3.0,4.0,5.0,4.0,3.0,0
20,0,1,2.0,5.0,2.0,3.0,2,3.0,5.29,2.0,5.0,6.0,5.0,5.0,3.0,5.0,5.0,5.0,3.0,0
21,1,1,7.0,10.0,4.0,1.0,3,4.0,8.5,2.0,6.0,7.0,4.0,7.0,6.0,8.0,6.0,6.0,5.0,2
19,1,2,5.0,7.0,3.0,0.0,4,6.0,6.48,2.0,7.0,4.0,4.0,4.0,3.0,7.0,6.0,5.0,4.0,2
26,1,1,4.0,7.0,2.0,2.0,2,6.0,8.01,1.0,2.0,5.0,2.0,5.0,4.0,7.0,8.0,2.0,6.0,2
24,0,1,4.0,8.0,3.0,4.0,2,1.0,6.26,0.0,5.0,6.0,5.0,4.0,5.0,7.0,4.0,8.0,3.0,0
24,1,1,7.0,10.0,3.0,2.0,3,4.0,6.45,2.0,5.0,4.0,5.0,6.0,6.0,6.0,4.0,6.0,4.0,0
23,1,1,1.0,2.0,2.0,1.0,0,2.0,5.18,2.0,7.0,4.0,5.0,4.0,1.0,4.0,3.0,5.0,2.0,0
20,1,1,4.0,6.0,5.0,1.0,4,5.0,8.39,2.0,4.0,6.0,5.0,5.0,5.0,8.0,6.0,4.0,5.0,2
23,1,1,3.0,8.0,2.0,1.0,3,2.0,5.95,1.0,8.0,4.0,4.0,6.0,3.0,7.0,5.0,6.0,4.0,2
25,0,1,6.0,6.0,3.0,0.0,1,1.0,7.03,3.0,7.0,6.0,6.0,6.0,7.0,7.0,6.0,7.0,4.0,2
25,1,1,5.0,7.0,3.0,4.0,4,5.0,4.88,1.0,6.0,5.0,5.0,6.0,4.0,4.0,4.0,4.0,3.0,0
26,0,0,7.0,11.0,4.0,6.0,1,5.0,6.22,1.0,9.0,6.0,4.0,4.0,5.0,7.0,7.0,7.0,4.0,2
18,0,0,5.0,9.0,5.0,0.0,4,2.0,6.86,2.0,8.0,7.0,6.0,5.0,6.0,7.0,5.0,6.0,4.0,0
18,2,2,3.0,7.0,4.0,1.0,2,5.0,6.21,2.0,4.0,4.0,3.0,7.0,4.0,6.0,6.0,5.0,5.0,2
20,1,0,4.0,8.0,4.0,1.0,4,1.0,5.82,0.0,7.0,6.0,5.0,9.0,4.0,5.0,4.0,6.0,4.0,2
20,1,1,5.0,8.0,1.0,0.0,3,2.0,3.82,3.0,7.0,5.0,7.0,3.0,4.0,5.0,4.0,8.0,1.0,0
25,1,2,6.0,8.0,4.0,2.0,1,0.0,6.69,2.0,10.0,7.0,6.0,3.0,7.0,6.0,6.0,6.0,3.0,0
18,1,1,3.0,6.0,4.0,2.0,0,4.0,6.42,3.0,3.0,5.0,4.0,3.0,5.0,6.0,6.0,5.0,4.0,0
19,0,2,4.0,9.0,2.0,2.0,1,4.0,5.17,2.0,8.0,4.0,4.0,5.0,6.0,6.0,5.0,6.0,4.0,0
19,1,1,1.0,2.0,2.0,1.0,2,2.0,6.8,2.0,6.0,5.0,5.0,4.0,3.0,7.0,5.0,3.0,4.0,2
20,1,2,4.0,6.0,3.0,6.0,2,2.0,7.97,0.0,6.0,6.0,4.0,6.0,5.0,7.0,4.0,5.0,4.0,2
23,0,1,7.0,10.0,6.0,2.0,0,3.0,5.05,1.0,5.0,6.0,5.0,6.0,5.0,3.0,3.0,9.0,2.0,0
18,0,1,6.0,9.0,3.0,2.0,4,3.0,4.45,0.0,8.0,5.0,7.0,3.0,6.0,5.0,5.0,5.0,3.0,0
19,1,2,5.0,8.0,2.0,0.0,4,4.0,4.63,0.0,9.0,6.0,7.0,3.0,5.0,4.0,3.0,8.0,1.0,0
18,1,2,7.0,10.0,2.0,1.0,2,1.0,6.19,0.0,5.0,5.0,5.0,5.0,6.0,7.0,4.0,8.0,3.0,0
22,1,1,4.0,7.0,1.0,1.0,0,4.0,5.38,1.0,5.0,3.0,4.0,6.0,5.0,5.0,7.0,4.0,5.0,2
24,2,2,4.0,8.0,4.0,0.0,2,3.0,7.82,1.0,1.0,6.0,4.0,5.0,5.0,7.0,6.0,7.0,4.0,0
25,0,1,4.0,7.0,4.0,3.0,1,1.0,5.23,1.0,8.0,5.0,5.0,3.0,5.0,6.0,4.0,7.0,2.0,0
18,0,2,5.0,9.0,0.0,0.0,4,6.0,6.77,2.0,6.0,3.0,5.0,5.0,4.0,7.0,6.0,5.0,4.0,2
24,2,1,8.0,11.0,5.0,1.0,1,2.0,5.39,0.0,6.0,5.0,6.0,4.0,7.0,6.0,4.0,6.0,3.0,0
22,0,2,5.0,10.0,3.0,3.0,1,2.0,6.05,0.0,5.0,5.0,6.0,4.0,5.0,7.0,5.0,10.0,3.0,0
18,1,1,2.0,4.0,2.0,1.0,3,2.0,5.32,1.0,5.0,5.0,7.0,4.0,3.0,5.0,4.0,8.0,2.0,0
20,1,0,2.0,6.0,1.0,3.0,4,2.0,7.06,1.0,3.0,3.0,5.0,4.0,3.0,7.0,5.0,6.0,4.0,0
24,0,1,3.0,5.0,1.0,0.0,2,2.0,7.14,2.0,6.0,5.0,5.0,4.0,2.0,8.0,4.0,4.0,4.0,0
18,0,1,3.0,4.0,3.0,0.0,2,2.0,7.17,1.0,6.0,6.0,5.0,5.0,3.0,6.0,6.0,4.0,4.0,2
24,1,1,3.0,7.0,4.0,2.0,1,4.0,6.16,0.0,7.0,5.0,7.0,3.0,2.0,6.0,4.0,7.0,2.0,0
22,0,1,4.0,7.0,2.0,3.0,0,3.0,4.35,2.0,10.0,5.0,5.0,5.0,6.0,5.0,6.0,6.0,3.0,0
18,2,1,2.0,4.0,1.0,3.0,3,2.0,5.62,3.0,7.0,4.0,4.0,6.0,3.0,5.0,6.0,4.0,4.0,2
18,1,2,5.0,7.0,3.0,2.0,3,4.0,8.63,1.0,8.0,4.0,3.0,7.0,6.0,10.0,7.0,3.0,7.0,2
18,0,1,5.0,8.0,2.0,2.0,1,5.0,6.26,1.0,7.0,6.0,5.0,4.0,6.0,7.0,6.0,5.0,4.0,0
26,1,1,3.0,6.0,3.0,2.0,3,3.0,6.04,0.0,8.0,5.0,6.0,4.0,3.0,5.0,4.0,6.0,2.0,0
20,0,1,5.0,7.0,4.0,0.0,3,3.0,8.12,2.0,7.0,5.0,6.0,5.0,4.0,9.0,5.0,6.0,5.0,2
22,1,1,5.0,7.0,2.0,2.0,1,2.0,6.57,3.0,7.0,4.0,5.0,4.0,4.0,7.0,4.0,4.0,4.0,0
26,0,1,5.0,8.0,4.0,1.0,2,2.0,6.26,3.0,9.0,4.0,6.0,5.0,5.0,6.0,5.0,9.0,3.0,0
23,0,2,4.0,7.0,4.0,4.0,1,0.0,7.07,2.0,8.0,5.0,3.0,5.0,5.0,8.0,6.0,7.0,5.0,2
26,1,1,3.0,7.0,3.0,1.0,1,3.0,8.32,2.0,7.0,4.0,3.0,8.0,4.0,8.0,6.0,3.0,6.0,2
25,0,1,4.0,9.0,4.0,2.0,4,7.0,5.16,1.0,6.0,6.0,5.0,4.0,4.0,5.0,6.0,5.0,3.0,0
25,0,1,4.0,7.0,2.0,0.0,2,3.0,4.96,0.0,4.0,5.0,6.0,5.0,4.0,5.0,3.0,8.0,2.0,0
18,0,2,4.0,8.0,5.0,3.0,1,1.0,5.75,2.0,8.0,5.0,7.0,5.0,5.0,5.0,3.0,6.0,2.0,0
26,1,2,3.0,4.0,4.0,2.0,4,4.0,6.53,1.0,5.0,6.0,5.0,6.0,4.0,6.0,5.0,5.0,4.0,2
23,0,0,2.0,5.0,2.0,2.0,3,3.0,7.11,0.0,8.0,5.0,5.0,7.0,2.0,7.0,7.0,5.0,5.0,2
26,1,1,1.0,7.0,5.0,6.0,0,4.0,8.08,1.0,6.0,7.0,7.0,5.0,4.0,8.0,5.0,5.0,4.0,2
20,1,0,1.0,3.0,0.0,2.0,2,4.0,5.72,0.0,6.0,2.0,4.0,5.0,3.0,5.0,6.0,4.0,4.0,0
20,1,2,1.0,4.0,4.0,5.0,4,3.0,5.94,1.0,6.0,5.0,6.0,7.0,2.0,6.0,6.0,4.0,5.0,2
23,1,2,6.0,9.0,2.0,0.0,2,3.0,7.91,3.0,3.0,4.0,3.0,5.0,5.0,8.0,7.0,4.0,5.0,2
26,0,1,4.0,8.0,3.0,2.0,4,5.0,6.89,2.0,7.0,5.0,5.0,6.0,3.0,6.0,6.0,6.0,4.0,2
24,1,2,4.0,7.0,4.0,2.0,3,3.0,6.16,2.0,6.0,5.0,5.0,4.0,4.0,7.0,5.0,6.0,3.0,0
20,1,1,3.0,6.0,1.0,0.0,3,5.0,6.27,2.0,6.0,5.0,4.0,4.0,3.0,6.0,5.0,5.0,3.0,0
20,0,1,1.0,3.0,3.0,2.0,0,4.0,8.15,2.0,10.0,5.0,3.0,6.0,4.0,8.0,7.0,5.0,6.0,2
19,0,1,5.0,7.0,1.0,0.0,3,4.0,9.73,1.0,5.0,6.0,2.0,7.0,4.0,9.0,6.0,2.0,7.0,2
26,0,2,4.0,8.0,3.0,1.0,3,4.0,8.46,3.0,4.0,4.0,4.0,6.0,4.0,8.0,8.0,5.0,6.0,2
20,1,0,4.0,9.0,5.0,1.0,0,3.0,6.63,1.0,5.0,5.0,5.0,6.0,3.0,7.0,5.0,5.0,5.0,2
22,0,2,3.0,6.0,3.0,1.0,2,5.0,6.95,2.0,9.0,4.0,4.0,5.0,1.0,7.0,4.0,6.0,4.0,0
26,1,2,3.0,6.0,4.0,0.0,3,4.0,7.58,2.0,5.0,4.0,5.0,4.0,5.0,7.0,6.0,4.0,4.0,2
25,2,2,5.0,9.0,4.0,0.0,2,2.0,4.75,2.0,9.0,7.0,9.0,2.0,5.0,4.0,2.0,9.0,1.0,0
19,0,2,3.0,4.0,1.0,1.0,0,1.0,6.18,3.0,12.0,4.0,4.0,6.0,4.0,6.0,4.0,4.0,4.0,0
20,0,1,6.0,9.0,1.0,2.0,1,4.0,5.73,2.0,10.0,3.0,4.0,6.0,4.0,5.0,4.0,5.0,4.0,0
19,1,1,6.0,9.0,4.0,2.0,3,1.0,6.96,1.0,3.0,5.0,6.0,5.0,5.0,8.0,4.0,5.0,4.0,0
25,1,2,6.0,8.0,4.0,0.0,2,2.0,5.1,2.0,4.0,6.0,7.0,4.0,6.0,4.0,5.0,6.0,2.0,0
23,1,1,4.0,7.0,2.0,0.0,4,1.0,8.61,3.0,7.0,6.0,5.0,4.0,5.0,9.0,4.0,6.0,4.0,0
23,1,2,4.0,6.0,3.0,3.0,4,4.0,6.8,2.0,6.0,4.0,3.0,7.0,5.0,6.0,9.0,4.0,6.0,2
26,1,2,4.0,9.0,3.0,0.0,1,4.0,6.08,2.0,6.0,5.0,5.0,7.0,5.0,6.0,6.0,6.0,5.0,2
25,0,1,5.0,7.0,2.0,3.0,3,3.0,6.33,0.0,5.0,4.0,5.0,6.0,4.0,8.0,7.0,7.0,5.0,2
21,1,0,6.0,9.0,4.0,3.0,3,3.0,7.42,2.0,6.0,5.0,5.0,7.0,7.0,9.0,6.0,7.0,5.0,2
21,0,1,5.0,8.0,3.0,3.0,3,3.0,4.8,1.0,7.0,6.0,6.0,4.0,6.0,5.0,3.0,7.0,2.0,0
26,1,1,1.0,5.0,3.0,0.0,4,5.0,5.56,0.0,5.0,4.0,5.0,5.0,2.0,5.0,5.0,4.0,4.0,0
18,1,1,3.0,7.0,3.0,3.0,1,1.0,7.45,0.0,5.0,4.0,4.0,7.0,3.0,6.0,5.0,5.0,5.0,2
19,0,0,4.0,7.0,4.0,2.0,4,5.0,5.7,2.0,9.0,6.0,7.0,4.0,3.0,5.0,5.0,7.0,2.0,0
19,0,0,5.0,9.0,3.0,1.0,3,3.0,7.86,2.0,5.0,6.0,6.0,5.0,5.0,9.0,5.0,6.0,4.0,2
23,0,1,7.0,9.0,1.0,2.0,1,6.0,6.28,1.0,3.0,6.0,5.0,6.0,7.0,7.0,6.0,6.0,4.0,2
21,1,1,4.0,7.0,5.0,1.0,4,4.0,6.29,3.0,8.0,6.0,7.0,5.0,6.0,6.0,3.0,9.0,2.0,0
20,0,1,5.0,7.0,0.0,0.0,3,4.0,5.83,2.0,3.0,5.0,4.0,5.0,5.0,6.0,5.0,3.0,4.0,2
20,1,1,2.0,4.0,5.0,0.0,1,4.0,7.31,2.0,5.0,4.0,5.0,3.0,4.0,7.0,6.0,4.0,4.0,0
20,1,1,3.0,5.0,2.0,0.0,1,2.0,6.95,0.0,3.0,2.0,4.0,6.0,5.0,7.0,4.0,5.0,5.0,2
23,0,2,5.0,7.0,2.0,3.0,0,3.0,6.17,0.0,5.0,5.0,5.0,6.0,4.0,6.0,6.0,6.0,4.0,2
25,1,2,1.0,4.0,5.0,3.0,1,3.0,7.54,0.0,5.0,5.0,4.0,5.0,2.0,7.0,6.0,5.0,5.0,2
24,1,2,4.0,8.0,0.0,2.0,0,4.0,5.0,3.0,9.0,2.0,4.0,5.0,5.0,5.0,5.0,5.0,3.0,0
21,2,1,3.0,7.0,3.0,0.0,3,4.0,5.86,1.0,9.0,4.0,5.0,4.0,5.0,5.0,4.0,6.0,3.0,0
21,0,1,4.0,6.0,5.0,0.0,0,5.0,5.86,2.0,3.0,5.0,6.0,4.0,4.0,6.0,5.0,5.0,3.0,0
19,1,2,3.0,5.0,2.0,1.0,3,4.0,5.37,4.0,5.0,4.0,6.0,3.0,5.0,5.0,5.0,4.0,3.0,0
18,0,2,5.0,7.0,3.0,4.0,3,3.0,6.74,0.0,3.0,5.0,4.0,5.0,4.0,7.0,5.0,6.0,4.0,0
26,1,1,6.0,9.0,4.0,0.0,2,2.0,5.0,2.0,6.0,7.0,8.0,5.0,5.0,6.0,3.0,8.0,2.0,0
19,0,1,5.0,7.0,3.0,0.0,0,4.0,5.39,1.0,6.0,4.0,3.0,8.0,5.0,4.0,7.0,3.0,5.0,2
25,0,2,5.0,8.0,5.0,2.0,1,1.0,6.38,3.0,3.0,6.0,6.0,5.0,3.0,5.0,5.0,5.0,3.0,0
26,1,1,5.0,7.0,3.0,3.0,1,4.0,5.08,1.0,10.0,5.0,6.0,6.0,5.0,5.0,3.0,6.0,3.0,0
21,1,2,4.0,7.0,2.0,1.0,3,5.0,7.27,3.0,5.0,4.0,3.0,6.0,4.0,9.0,7.0,5.0,6.0,2
25,1,1,3.0,9.0,4.0,4.0,0,4.0,8.23,2.0,3.0,6.0,6.0,5.0,4.0,8.0,6.0,7.0,4.0,2
26,0,1,5.0,8.0,4.0,1.0,4,2.0,7.16,0.0,6.0,6.0,5.0,5.0,6.0,7.0,5.0,6.0,4.0,2
22,0,2,3.0,6.0,2.0,1.0,1,3.0,6.29,1.0,9.0,4.0,5.0,5.0,3.0,5.0,4.0,6.0,3.0,0
24,1,1,5.0,8.0,3.0,0.0,4,3.0,5.24,2.0,4.0,6.0,5.0,5.0,5.0,5.0,5.0,5.0,3.0,0
21,1,1,5.0,8.0,2.0,3.0,0,3.0,5.84,2.0,8.0,5.0,5.0,5.0,4.0,7.0,7.0,8.0,4.0,0
18,1,1,2.0,6.0,3.0,0.0,1,3.0,5.41,1.0,6.0,5.0,4.0,4.0,3.0,6.0,5.0,5.0,4.0,0
20,1,2,3.0,7.0,2.0,0.0,4,4.0,7.96,2.0,3.0,6.0,5.0,5.0,4.0,8.0,6.0,6.0,5.0,2
22,1,2,5.0,7.0,3.0,1.0,1,3.0,6.92,0.0,4.0,5.0,5.0,4.0,6.0,8.0,5.0,6.0,4.0,2
20,0,1,4.0,9.0,1.0,0.0,2,4.0,6.29,0.0,5.0,4.0,4.0,6.0,8.0,7.0,7.0,6.0,5.0,2
24,0,2,5.0,8.0,3.0,0.0,2,4.0,7.32,2.0,4.0,3.0,4.0,5.0,6.0,6.0,5.0,5.0,4.0,0
26,2,1,4.0,7.0,4.0,3.0,3,4.0,4.39,3.0,2.0,5.0,6.0,4.0,5.0,4.0,4.0,6.0,2.0,0
23,2,1,6.0,10.0,4.0,2.0,0,2.0,6.26,3.0,5.0,5.0,5.0,5.0,6.0,6.0,4.0,8.0,3.0,0
18,0,1,5.0,9.0,4.0,3.0,1,3.0,9.08,3.0,9.0,4.0,4.0,6.0,6.0,9.0,5.0,5.0,5.0,2
24,0,2,6.0,10.0,4.0,2.0,4,2.0,7.01,1.0,6.0,6.0,5.0,5.0,8.0,8.0,6.0,9.0,4.0,0
20,2,1,4.0,8.0,4.0,0.0,1,3.0,4.22,2.0,7.0,5.0,5.0,5.0,5.0,3.0,2.0,5.0,2.0,0
22,1,1,6.0,9.0,2.0,1.0,1,2.0,5.97,2.0,6.0,4.0,5.0,6.0,5.0,6.0,4.0,6.0,3.0,0
21,1,1,4.0,6.0,2.0,3.0,4,2.0,6.39,2.0,7.0,3.0,4.0,5.0,4.0,7.0,5.0,4.0,4.0,2
22,1,1,4.0,7.0,4.0,3.0,4,5.0,7.42,2.0,4.0,4.0,5.0,7.0,5.0,7.0,6.0,4.0,5.0,2
22,0,2,2.0,4.0,1.0,3.0,2,4.0,4.46,3.0,8.0,6.0,7.0,5.0,4.0,4.0,5.0,5.0,2.0,0
23,0,1,5.0,7.0,1.0,2.0,3,2.0,6.57,2.0,8.0,7.0,4.0,6.0,3.0,5.0,7.0,7.0,4.0,2
23,1,1,2.0,5.0,3.0,3.0,4,3.0,5.94,2.0,3.0,4.0,3.0,7.0,3.0,7.0,7.0,2.0,6.0,2
25,0,1,3.0,5.0,3.0,4.0,1,2.0,6.76,2.0,7.0,4.0,7.0,3.0,3.0,6.0,4.0,7.0,2.0,0
25,0,1,2.0,6.0,2.0,2.0,2,3.0,7.42,1.0,5.0,5.0,5.0,6.0,2.0,7.0,7.0,4.0,5.0,2
26,1,2,1.0,5.0,1.0,1.0,0,3.0,7.22,1.0,4.0,4.0,4.0,3.0,3.0,7.0,5.0,3.0,4.0,2
25,1,1,4.0,6.0,4.0,2.0,2,3.0,6.93,1.0,9.0,5.0,6.0,6.0,5.0,7.0,5.0,6.0,4.0,2
19,1,1,3.0,7.0,2.0,0.0,2,0.0,3.61,0.0,4.0,4.0,6.0,5.0,3.0,3.0,3.0,7.0,2.0,0
18,1,2,4.0,10.0,1.0,3.0,2,1.0,5.17,0.0,9.0,4.0,5.0,5.0,4.0,5.0,4.0,7.0,3.0,0
19,0,1,4.0,8.0,0.0,0.0,1,3.0,5.2,2.0,3.0,4.0,4.0,5.0,3.0,5.0,6.0,5.0,4.0,0
19,0,2,6.0,8.0,4.0,2.0,4,4.0,9.22,2.0,6.0,6.0,5.0,5.0,4.0,9.0,7.0,6.0,5.0,2
20,0,2,7.0,11.0,3.0,0.0,3,3.0,6.97,2.0,3.0,5.0,6.0,5.0,6.0,6.0,5.0,6.0,3.0,0
24,0,1,6.0,9.0,2.0,1.0,0,2.0,6.03,3.0,4.0,4.0,4.0,8.0,5.0,6.0,4.0,5.0,5.0,2
19,0,1,4.0,8.0,4.0,1.0,3,2.0,7.22,2.0,3.0,4.0,3.0,4.0,5.0,7.0,5.0,6.0,4.0,2
18,0,1,5.0,10.0,4.0,1.0,1,5.0,5.59,3.0,6.0,8.0,7.0,5.0,5.0,6.0,5.0,7.0,3.0,0
23,0,2,6.0,9.0,3.0,2.0,3,2.0,6.59,1.0,7.0,7.0,6.0,4.0,7.0,7.0,5.0,7.0,3.0,0
26,0,2,3.0,8.0,3.0,1.0,3,3.0,7.68,3.0,5.0,6.0,4.0,4.0,4.0,8.0,5.0,8.0,4.0,0
20,0,1,5.0,8.0,2.0,0.0,0,1.0,7.33,1.0,5.0,5.0,4.0,7.0,6.0,8.0,4.0,5.0,5.0,2
23,1,1,6.0,8.0,4.0,2.0,2,3.0,8.9,1.0,4.0,5.0,4.0,5.0,4.0,9.0,7.0,6.0,5.0,2
20,0,2,4.0,5.0,1.0,1.0,4,4.0,6.81,0.0,10.0,3.0,4.0,6.0,4.0,7.0,5.0,5.0,5.0,2
18,1,1,5.0,9.0,3.0,3.0,4,1.0,6.63,2.0,6.0,7.0,7.0,5.0,6.0,6.0,4.0,8.0,3.0,0
22,0,1,7.0,8.0,1.0,2.0,3,2.0,8.84,2.0,3.0,5.0,3.0,4.0,4.0,8.0,6.0,6.0,5.0,2
21,1,1,3.0,5.0,3.0,3.0,0,5.0,5.84,1.0,6.0,6.0,5.0,4.0,5.0,7.0,4.0,5.0,3.0,0
24,1,2,4.0,7.0,4.0,0.0,4,5.0,9.66,1.0,10.0,5.0,2.0,6.0,7.0,9.0,8.0,1.0,7.0,1
23,2,1,5.0,10.0,3.0,3.0,4,5.0,6.26,3.0,4.0,5.0,5.0,5.0,3.0,7.0,4.0,7.0,3.0,0
24,1,1,3.0,4.0,3.0,2.0,4,4.0,6.55,2.0,5.0,5.0,3.0,5.0,2.0,6.0,6.0,3.0,5.0,2
22,1,2,4.0,7.0,1.0,3.0,3,0.0,6.85,1.0,5.0,5.0,4.0,5.0,5.0,8.0,5.0,5.0,4.0,2
21,1,1,2.0,4.0,3.0,1.0,1,2.0,4.72,2.0,3.0,3.0,5.0,4.0,4.0,5.0,4.0,6.0,2.0,0
24,0,1,1.0,6.0,4.0,1.0,3,4.0,6.22,4.0,6.0,5.0,3.0,6.0,1.0,6.0,5.0,4.0,4.0,2
24,0,2,4.0,8.0,3.0,1.0,3,1.0,5.43,2.0,6.0,5.0,5.0,3.0,6.0,5.0,4.0,7.0,2.0,0
23,0,1,2.0,7.0,2.0,1.0,1,1.0,7.26,2.0,4.0,5.0,6.0,5.0,2.0,7.0,4.0,7.0,3.0,0
25,0,2,3.0,5.0,2.0,0.0,4,5.0,5.97,2.0,9.0,5.0,6.0,4.0,2.0,8.0,3.0,5.0,3.0,0
21,1,1,6.0,8.0,4.0,0.0,3,2.0,6.47,1.0,8.0,6.0,6.0,6.0,5.0,7.0,4.0,7.0,3.0,0
22,1,1,4.0,6.0,5.0,0.0,2,5.0,6.25,0.0,5.0,7.0,6.0,4.0,6.0,4.0,5.0,6.0,3.0,0
21,1,1,4.0,8.0,3.0,1.0,4,4.0,5.55,2.0,7.0,6.0,6.0,2.0,4.0,5.0,4.0,7.0,2.0,0
18,0,2,3.0,8.0,3.0,0.0,4,4.0,7.57,2.0,7.0,4.0,5.0,5.0,4.0,7.0,6.0,6.0,4.0,2
25,0,2,6.0,9.0,3.0,3.0,4,3.0,7.92,2.0,7.0,7.0,5.0,4.0,4.0,9.0,6.0,7.0,4.0,2
18,1,1,7.0,11.0,4.0,4.0,3,7.0,4.93,2.0,8.0,7.0,8.0,2.0,8.0,4.0,4.0,8.0,1.0,0
22,1,1,5.0,8.0,4.0,0.0,0,4.0,6.13,2.0,7.0,6.0,6.0,5.0,4.0,7.0,6.0,6.0,4.0,0
23,1,1,0.0,2.0,5.0,3.0,0,3.0,6.43,1.0,7.0,5.0,5.0,7.0,2.0,8.0,4.0,6.0,4.0,2
23,0,0,4.0,7.0,3.0,1.0,1,3.0,4.17,2.0,10.0,6.0,6.0,4.0,6.0,4.0,2.0,6.0,1.0,0
22,1,0,2.0,6.0,6.0,0.0,0,4.0,6.68,0.0,5.0,5.0,5.0,5.0,2.0,7.0,5.0,4.0,4.0,2
20,1,1,3.0,7.0,4.0,3.0,4,3.0,7.07,2.0,6.0,5.0,5.0,6.0,4.0,7.0,4.0,6.0,4.0,2
22,1,1,5.0,8.0,3.0,4.0,2,4.0,6.8,2.0,6.0,4.0,4.0,8.0,4.0,8.0,4.0,6.0,5.0,2
25,0,1,4.0,7.0,4.0,1.0,2,4.0,6.13,1.0,4.0,5.0,5.0,5.0,5.0,6.0,6.0,4.0,4.0,0
19,0,0,2.0,4.0,6.0,3.0,4,4.0,7.2,1.0,6.0,6.0,5.0,7.0,3.0,9.0,6.0,6.0,5.0,2
23,1,1,3.0,7.0,2.0,0.0,3,1.0,6.9,1.0,6.0,6.0,6.0,2.0,5.0,6.0,4.0,7.0,2.0,0
26,0,1,6.0,9.0,3.0,0.0,3,4.0,4.62,2.0,8.0,4.0,5.0,4.0,5.0,5.0,4.0,5.0,2.0,0
25,0,1,6.0,9.0,3.0,2.0,4,5.0,7.6,1.0,5.0,5.0,6.0,3.0,6.0,7.0,8.0,7.0,4.0,0
25,2,1,6.0,9.0,2.0,3.0,4,3.0,6.8,2.0,3.0,5.0,4.0,6.0,7.0,6.0,6.0,6.0,4.0,2
25,1,1,2.0,6.0,4.0,2.0,1,3.0,7.87,3.0,8.0,5.0,4.0,6.0,3.0,8.0,5.0,5.0,5.0,2
24,0,1,3.0,7.0,3.0,1.0,3,3.0,6.17,0.0,6.0,5.0,5.0,6.0,6.0,6.0,6.0,6.0,4.0,0
25,0,1,3.0,6.0,2.0,2.0,0,3.0,8.74,0.0,5.0,5.0,4.0,6.0,4.0,8.0,8.0,6.0,6.0,2
23,1,1,5.0,9.0,4.0,2.0,0,4.0,7.09,2.0,10.0,5.0,5.0,6.0,6.0,8.0,7.0,8.0,5.0,2
19,0,1,4.0,6.0,5.0,1.0,3,3.0,7.93,1.0,9.0,8.0,5.0,6.0,4.0,8.0,5.0,5.0,5.0,2
19,1,1,2.0,6.0,2.0,0.0,2,3.0,6.14,1.0,8.0,4.0,6.0,3.0,2.0,5.0,4.0,7.0,2.0,0
25,1,2,6.0,10.0,2.0,1.0,4,3.0,7.45,0.0,4.0,4.0,5.0,5.0,3.0,8.0,6.0,6.0,5.0,2
18,1,2,3.0,6.0,3.0,2.0,1,2.0,6.99,2.0,4.0,5.0,5.0,3.0,3.0,8.0,7.0,5.0,4.0,2
23,1,2,6.0,9.0,1.0,1.0,1,1.0,7.09,0.0,8.0,4.0,3.0,6.0,6.0,8.0,6.0,7.0,5.0,2
23,1,1,3.0,5.0,2.0,4.0,1,3.0,7.59,2.0,8.0,5.0,5.0,5.0,3.0,9.0,5.0,5.0,5.0,2
21,0,2,5.0,7.0,3.0,3.0,0,2.0,6.12,3.0,8.0,5.0,3.0,7.0,3.0,7.0,2.0,4.0,4.0,2
20,0,1,4.0,6.0,4.0,0.0,2,6.0,4.42,2.0,5.0,5.0,4.0,7.0,2.0,5.0,5.0,3.0,5.0,2
20,0,1,2.0,7.0,1.0,0.0,2,4.0,8.01,3.0,8.0,6.0,4.0,6.0,6.0,8.0,5.0,4.0,5.0,2
18,1,1,6.0,8.0,3.0,0.0,1,3.0,5.97,2.0,8.0,4.0,5.0,5.0,6.0,5.0,5.0,8.0,3.0,0
20,0,1,3.0,6.0,2.0,0.0,4,3.0,6.21,2.0,9.0,4.0,4.0,5.0,5.0,7.0,5.0,5.0,4.0,2
21,0,1,4.0,9.0,2.0,0.0,4,3.0,6.61,0.0,5.0,5.0,6.0,3.0,4.0,5.0,6.0,5.0,3.0,0
22,1,1,2.0,6.0,3.0,3.0,4,4.0,6.34,3.0,6.0,5.0,4.0,6.0,4.0,6.0,7.0,5.0,5.0,2
20,0,1,2.0,5.0,4.0,1.0,1,2.0,7.08,0.0,5.0,4.0,3.0,7.0,4.0,6.0,5.0,5.0,5.0,2
23,0,1,6.0,9.0,3.0,4.0,4,4.0,3.66,2.0,9.0,6.0,5.0,6.0,8.0,3.0,3.0,7.0,2.0,0
22,0,2,4.0,9.0,3.0,0.0,3,2.0,7.06,0.0,5.0,5.0,4.0,6.0,5.0,7.0,5.0,7.0,4.0,2
20,1,1,4.0,6.0,2.0,0.0,1,3.0,7.7,1.0,4.0,5.0,4.0,5.0,5.0,9.0,6.0,3.0,5.0,2
23,1,2,3.0,6.0,4.0,1.0,2,2.0,6.54,0.0,6.0,5.0,5.0,7.0,4.0,7.0,5.0,7.0,4.0,2
23,0,1,3.0,6.0,4.0,0.0,0,1.0,7.33,2.0,7.0,5.0,5.0,5.0,3.0,7.0,7.0,7.0,4.0,2
25,2,1,5.0,10.0,4.0,0.0,3,6.0,6.13,1.0,5.0,7.0,5.0,3.0,6.0,5.0,6.0,5.0,3.0,0
19,1,0,6.0,9.0,0.0,0.0,0,4.0,5.55,1.0,3.0,4.0,6.0,5.0,7.0,5.0,5.0,7.0,3.0,0
18,2,1,5.0,8.0,4.0,2.0,3,3.0,6.99,1.0,3.0,6.0,4.0,6.0,6.0,6.0,7.0,7.0,4.0,2
21,1,2,5.0,9.0,4.0,1.0,1,2.0,5.78,2.0,7.0,6.0,4.0,4.0,5.0,4.0,6.0,5.0,3.0,0
24,1,1,4.0,8.0,4.0,1.0,2,5.0,5.67,0.0,8.0,5.0,3.0,5.0,4.0,4.0,6.0,5.0,4.0,0
20,1,1,5.0,7.0,2.0,0.0,3,4.0,6.44,0.0,6.0,6.0,4.0,7.0,5.0,6.0,5.0,6.0,4.0,2
20,0,1,7.0,10.0,3.0,0.0,1,3.0,5.23,2.0,7.0,7.0,8.0,1.0,6.0,5.0,3.0,10.0,1.0,0
22,1,2,4.0,6.0,3.0,0.0,2,1.0,7.23,1.0,9.0,4.0,4.0,6.0,4.0,7.0,5.0,4.0,5.0,2
22,1,1,5.0,9.0,1.0,2.0,0,5.0,6.59,1.0,5.0,5.0,3.0,6.0,5.0,5.0,5.0,5.0,4.0,0
20,0,1,6.0,8.0,3.0,3.0,3,3.0,8.34,3.0,7.0,4.0,4.0,6.0,5.0,9.0,6.0,5.0,6.0,2
26,2,2,7.0,11.0,1.0,1.0,1,2.0,5.05,0.0,5.0,6.0,6.0,5.0,5.0,5.0,4.0,7.0,2.0,0
21,1,1,4.0,6.0,3.0,0.0,3,3.0,6.85,2.0,8.0,5.0,6.0,5.0,6.0,7.0,6.0,6.0,4.0,0
20,1,2,5.0,10.0,3.0,0.0,4,6.0,6.4,3.0,5.0,6.0,7.0,3.0,5.0,6.0,6.0,7.0,3.0,0
19,0,1,4.0,9.0,2.0,0.0,3,5.0,7.76,3.0,4.0,6.0,5.0,5.0,4.0,8.0,6.0,6.0,4.0,2
26,0,2,4.0,9.0,3.0,2.0,2,3.0,8.1,1.0,6.0,5.0,2.0,5.0,6.0,9.0,6.0,5.0,6.0,2
21,1,1,4.0,7.0,1.0,1.0,4,7.0,6.02,2.0,7.0,5.0,4.0,5.0,6.0,6.0,6.0,6.0,4.0,2
20,2,1,6.0,8.0,2.0,4.0,2,3.0,6.52,2.0,6.0,5.0,4.0,5.0,6.0,8.0,5.0,5.0,4.0,2
24,1,2,7.0,10.0,5.0,0.0,0,1.0,5.88,1.0,3.0,7.0,7.0,4.0,9.0,6.0,4.0,10.0,2.0,0
25,0,1,2.0,5.0,2.0,0.0,4,3.0,7.56,2.0,4.0,4.0,3.0,6.0,2.0,8.0,5.0,6.0,5.0,2
19,1,1,4.0,9.0,2.0,3.0,4,2.0,7.29,1.0,4.0,4.0,6.0,6.0,6.0,7.0,5.0,8.0,4.0,0
24,0,0,3.0,6.0,2.0,2.0,2,4.0,6.09,0.0,6.0,5.0,4.0,5.0,2.0,7.0,5.0,4.0,4.0,2
22,1,1,4.0,6.0,4.0,3.0,1,3.0,5.2,1.0,5.0,6.0,7.0,3.0,4.0,5.0,4.0,7.0,2.0,0
22,0,2,4.0,7.0,3.0,2.0,3,2.0,5.89,2.0,10.0,5.0,4.0,6.0,3.0,6.0,6.0,8.0,4.0,2
20,2,2,3.0,5.0,2.0,3.0,0,4.0,8.42,1.0,7.0,1.0,4.0,5.0,2.0,8.0,6.0,2.0,6.0,2
22,0,2,4.0,7.0,3.0,3.0,0,1.0,5.82,3.0,8.0,5.0,6.0,5.0,4.0,6.0,5.0,6.0,3.0,0
19,0,2,2.0,7.0,4.0,1.0,1,3.0,5.9,0.0,5.0,4.0,4.0,7.0,3.0,6.0,5.0,7.0,4.0,0
21,1,1,5.0,7.0,4.0,1.0,2,7.0,5.6,2.0,7.0,7.0,6.0,4.0,4.0,6.0,5.0,5.0,3.0,0
23,0,2,4.0,8.0,4.0,0.0,0,5.0,7.09,0.0,6.0,7.0,5.0,5.0,4.0,8.0,4.0,6.0,4.0,0
18,2,1,2.0,5.0,5.0,2.0,3,1.0,5.51,1.0,6.0,6.0,6.0,6.0,4.0,6.0,3.0,7.0,3.0,0
21,0,2,2.0,5.0,1.0,0.0,1,5.0,7.45,3.0,8.0,5.0,4.0,4.0,4.0,7.0,6.0,3.0,4.0,2
23,0,1,5.0,8.0,4.0,3.0,4,3.0,6.79,0.0,9.0,5.0,6.0,6.0,6.0,7.0,4.0,6.0,4.0,0
26,2,2,3.0,5.0,2.0,2.0,3,2.0,6.68,0.0,7.0,4.0,4.0,7.0,4.0,6.0,6.0,5.0,5.0,2
19,1,2,6.0,10.0,2.0,1.0,2,3.0,7.47,0.0,6.0,5.0,3.0,7.0,5.0,8.0,8.0,6.0,6.0,2
24,0,1,1.0,2.0,3.0,3.0,2,5.0,6.23,2.0,4.0,4.0,5.0,6.0,3.0,6.0,6.0,4.0,5.0,2
23,0,1,2.0,5.0,2.0,1.0,1,2.0,8.14,3.0,7.0,1.0,2.0,5.0,3.0,7.0,5.0,3.0,5.0,2
19,0,2,3.0,7.0,3.0,3.0,4,1.0,6.31,0.0,4.0,7.0,7.0,3.0,3.0,6.0,4.0,7.0,2.0,0
25,0,1,4.0,8.0,5.0,1.0,4,2.0,5.13,2.0,7.0,6.0,6.0,5.0,4.0,4.0,3.0,7.0,2.0,0
24,0,1,5.0,9.0,4.0,3.0,1,3.0,6.32,1.0,5.0,6.0,7.0,3.0,5.0,6.0,5.0,6.0,2.0,0
22,1,1,4.0,6.0,1.0,3.0,1,2.0,5.03,2.0,4.0,4.0,5.0,7.0,4.0,5.0,2.0,6.0,3.0,0
22,1,1,4.0,6.0,1.0,0.0,1,3.0,7.92,1.0,7.0,5.0,3.0,7.0,4.0,8.0,6.0,3.0,6.0,2
24,1,1,3.0,6.0,3.0,2.0,4,2.0,6.76,3.0,4.0,4.0,4.0,5.0,5.0,5.0,5.0,5.0,4.0,0
26,0,1,3.0,5.0,2.0,0.0,2,1.0,5.77,1.0,5.0,5.0,3.0,6.0,5.0,6.0,6.0,5.0,4.0,2
26,1,1,3.0,6.0,4.0,1.0,2,4.0,7.36,0.0,5.0,6.0,4.0,7.0,5.0,7.0,6.0,4.0,5.0,2
26,1,1,4.0,7.0,2.0,0.0,3,4.0,6.66,1.0,6.0,4.0,5.0,4.0,3.0,7.0,6.0,5.0,4.0,0
23,0,1,1.0,4.0,3.0,2.0,2,3.0,6.33,1.0,10.0,5.0,7.0,3.0,2.0,6.0,5.0,6.0,2.0,0
23,0,1,5.0,8.0,3.0,4.0,1,0.0,5.5,0.0,9.0,6.0,5.0,4.0,4.0,6.0,2.0,8.0,2.0,0
20,2,1,4.0,7.0,3.0,6.0,3,1.0,6.39,2.0,5.0,4.0,5.0,6.0,6.0,7.0,6.0,4.0,5.0,2
18,2,1,4.0,6.0,3.0,3.0,0,4.0,4.61,1.0,4.0,7.0,4.0,6.0,3.0,5.0,4.0,6.0,3.0,0
24,0,1,6.0,10.0,5.0,2.0,4,3.0,8.26,1.0,7.0,5.0,4.0,5.0,5.0,9.0,6.0,7.0,5.0,2
21,1,0,5.0,7.0,3.0,1.0,3,4.0,4.73,2.0,6.0,6.0,7.0,6.0,5.0,5.0,3.0,7.0,2.0,0
18,0,1,4.0,6.0,4.0,0.0,0,2.0,7.42,3.0,5.0,6.0,6.0,4.0,5.0,7.0,6.0,5.0,4.0,2
25,1,1,5.0,7.0,2.0,0.0,1,1.0,5.57,0.0,2.0,4.0,5.0,5.0,7.0,5.0,5.0,7.0,3.0,0
23,0,1,3.0,6.0,2.0,1.0,2,2.0,6.44,1.0,5.0,4.0,3.0,6.0,4.0,6.0,6.0,3.0,5.0,2
23,0,2,5.0,8.0,2.0,3.0,2,3.0,7.59,1.0,6.0,4.0,3.0,6.0,5.0,8.0,5.0,5.0,5.0,2
19,0,1,5.0,7.0,4.0,0.0,3,4.0,7.89,3.0,4.0,6.0,5.0,5.0,5.0,8.0,5.0,6.0,4.0,2
18,1,0,0.0,4.0,4.0,2.0,0,3.0,8.97,1.0,6.0,5.0,3.0,6.0,3.0,8.0,5.0,4.0,5.0,2
19,1,1,7.0,10.0,4.0,2.0,2,4.0,8.03,1.0,5.0,6.0,4.0,4.0,5.0,6.0,6.0,6.0,4.0,0
21,0,1,4.0,6.0,3.0,4.0,1,4.0,5.87,1.0,7.0,3.0,3.0,7.0,6.0,7.0,5.0,4.0,5.0,2
19,1,0,5.0,6.0,1.0,0.0,0,2.0,5.76,1.0,10.0,4.0,5.0,5.0,5.0,5.0,4.0,7.0,3.0,0
18,2,1,6.0,9.0,4.0,1.0,0,5.0,7.13,3.0,5.0,5.0,3.0,7.0,5.0,6.0,7.0,6.0,5.0,2
24,0,0,4.0,6.0,3.0,2.0,2,2.0,6.69,3.0,8.0,4.0,5.0,8.0,3.0,7.0,6.0,6.0,5.0,2
25,0,0,3.0,5.0,4.0,0.0,3,2.0,6.25,2.0,8.0,5.0,4.0,5.0,4.0,5.0,3.0,6.0,3.0,0
23,2,0,4.0,7.0,4.0,1.0,3,3.0,5.12,3.0,4.0,5.0,5.0,3.0,6.0,5.0,5.0,4.0,3.0,0
21,0,2,8.0,11.0,3.0,1.0,3,3.0,6.8,2.0,5.0,6.0,6.0,4.0,6.0,7.0,5.0,8.0,3.0,0
23,1,1,4.0,7.0,4.0,0.0,2,5.0,6.14,1.0,6.0,6.0,4.0,6.0,5.0,8.0,5.0,6.0,5.0,2
20,1,1,3.0,6.0,4.0,4.0,4,3.0,7.85,2.0,7.0,6.0,4.0,5.0,4.0,8.0,4.0,5.0,4.0,2
25,0,1,6.0,9.0,4.0,3.0,1,2.0,8.27,0.0,3.0,7.0,5.0,6.0,6.0,9.0,5.0,7.0,5.0,2
19,0,0,1.0,6.0,2.0,3.0,1,2.0,5.02,3.0,7.0,4.0,3.0,6.0,1.0,5.0,6.0,3.0,5.0,2
22,0,1,4.0,6.0,1.0,1.0,3,3.0,6.39,1.0,3.0,4.0,7.0,3.0,4.0,5.0,5.0,6.0,2.0,0
18,2,1,3.0,7.0,4.0,2.0,3,4.0,6.2,0.0,4.0,5.0,5.0,6.0,4.0,6.0,8.0,4.0,5.0,2
23,1,2,5.0,9.0,3.0,2.0,1,1.0,6.72,1.0,5.0,5.0,4.0,7.0,5.0,7.0,7.0,6.0,5.0,2
19,1,1,4.0,7.0,3.0,4.0,2,3.0,6.11,2.0,6.0,4.0,3.0,7.0,4.0,6.0,5.0,4.0,5.0,2
21,1,2,2.0,4.0,4.0,0.0,0,2.0,7.41,3.0,8.0,6.0,3.0,8.0,3.0,7.0,7.0,4.0,6.0,2
23,0,0,5.0,8.0,3.0,0.0,1,3.0,5.89,3.0,6.0,3.0,3.0,6.0,6.0,5.0,7.0,4.0,5.0,2
25,1,1,3.0,4.0,4.0,1.0,1,3.0,7.65,2.0,7.0,4.0,3.0,5.0,3.0,9.0,6.0,5.0,5.0,2
25,1,2,4.0,5.0,5.0,2.0,0,4.0,6.26,0.0,4.0,6.0,7.0,2.0,4.0,7.0,4.0,6.0,2.0,0
23,0,2,3.0,6.0,4.0,0.0,0,4.0,7.27,2.0,5.0,3.0,3.0,7.0,4.0,8.0,7.0,5.0,6.0,2
21,1,2,5.0,8.0,2.0,2.0,4,3.0,5.08,2.0,5.0,5.0,6.0,5.0,5.0,4.0,3.0,6.0,2.0,0
25,0,1,3.0,6.0,3.0,0.0,1,5.0,6.33,3.0,5.0,3.0,3.0,6.0,5.0,6.0,5.0,4.0,4.0,2
25,0,1,0.0,2.0,3.0,0.0,0,5.0,7.2,2.0,8.0,4.0,1.0,8.0,2.0,8.0,8.0,1.0,7.0,1
18,1,1,2.0,4.0,4.0,0.0,1,4.0,6.73,0.0,7.0,4.0,5.0,5.0,3.0,8.0,3.0,7.0,4.0,0
21,1,2,4.0,7.0,4.0,3.0,0,4.0,5.06,0.0,8.0,6.0,6.0,5.0,3.0,5.0,4.0,6.0,2.0,0
21,0,1,3.0,7.0,2.0,2.0,3,1.0,6.8,2.0,5.0,5.0,5.0,5.0,2.0,7.0,3.0,7.0,3.0,0
24,1,1,6.0,8.0,4.0,0.0,3,3.0,3.13,0.0,4.0,5.0,7.0,4.0,6.0,2.0,3.0,7.0,1.0,0
24,1,1,2.0,5.0,7.0,2.0,3,1.0,4.43,3.0,10.0,5.0,7.0,2.0,4.0,5.0,3.0,9.0,1.0,0
25,1,1,5.0,8.0,3.0,4.0,1,3.0,6.29,2.0,5.0,5.0,7.0,5.0,5.0,7.0,5.0,8.0,3.0,0
22,1,1,5.0,10.0,2.0,2.0,1,2.0,5.08,1.0,3.0,4.0,6.0,5.0,5.0,6.0,3.0,5.0,3.0,0
24,0,1,4.0,9.0,5.0,3.0,1,3.0,6.56,1.0,5.0,5.0,5.0,6.0,4.0,6.0,4.0,4.0,4.0,2
25,1,2,5.0,8.0,2.0,2.0,2,2.0,4.68,0.0,7.0,4.0,5.0,5.0,3.0,4.0,4.0,8.0,2.0,0
26,2,2,4.0,5.0,5.0,2.0,3,3.0,8.9,1.0,8.0,6.0,5.0,6.0,4.0,9.0,5.0,6.0,5.0,2
20,1,1,4.0,9.0,3.0,0.0,0,4.0,5.6,1.0,7.0,4.0,4.0,5.0,3.0,6.0,5.0,6.0,4.0,0
20,0,2,3.0,7.0,4.0,1.0,4,2.0,8.0,2.0,7.0,5.0,3.0,7.0,3.0,9.0,4.0,6.0,5.0,2
21,0,1,4.0,7.0,2.0,0.0,2,3.0,6.63,1.0,8.0,3.0,3.0,7.0,5.0,8.0,7.0,6.0,6.0,2
22,0,2,4.0,9.0,4.0,1.0,1,4.0,6.55,2.0,5.0,6.0,5.0,4.0,5.0,6.0,7.0,6.0,4.0,0
18,0,1,4.0,6.0,3.0,0.0,3,2.0,6.17,3.0,6.0,6.0,6.0,5.0,4.0,8.0,4.0,6.0,3.0,0
24,1,0,3.0,8.0,4.0,0.0,2,1.0,7.64,0.0,8.0,4.0,6.0,5.0,6.0,9.0,4.0,7.0,4.0,0
26,0,1,4.0,6.0,3.0,1.0,3,3.0,7.31,0.0,6.0,7.0,3.0,6.0,5.0,7.0,6.0,4.0,5.0,2
25,1,1,6.0,9.0,5.0,0.0,0,4.0,6.44,3.0,7.0,6.0,5.0,5.0,6.0,7.0,7.0,7.0,4.0,2
22,1,2,4.0,5.0,4.0,1.0,4,4.0,6.67,3.0,12.0,4.0,3.0,6.0,6.0,6.0,4.0,4.0,4.0,2
21,0,1,5.0,8.0,0.0,3.0,2,2.0,8.14,0.0,8.0,4.0,4.0,5.0,3.0,7.0,5.0,4.0,5.0,2
24,1,2,5.0,9.0,3.0,2.0,4,2.0,6.53,1.0,5.0,6.0,6.0,4.0,6.0,8.0,5.0,7.0,4.0,0
22,0,1,4.0,7.0,0.0,1.0,2,2.0,6.44,4.0,9.0,4.0,5.0,6.0,6.0,7.0,4.0,7.0,4.0,0
24,1,1,4.0,7.0,1.0,3.0,3,1.0,5.26,3.0,6.0,4.0,6.0,5.0,4.0,5.0,5.0,6.0,3.0,0
18,0,2,4.0,8.0,3.0,1.0,1,6.0,6.65,1.0,8.0,6.0,6.0,5.0,6.0,7.0,6.0,8.0,4.0,0
18,2,1,3.0,6.0,1.0,3.0,3,3.0,6.57,2.0,3.0,5.0,4.0,6.0,3.0,6.0,7.0,6.0,5.0,2
20,0,1,7.0,10.0,2.0,2.0,1,4.0,7.86,0.0,5.0,6.0,3.0,7.0,6.0,7.0,6.0,4.0,5.0,2
19,0,2,6.0,7.0,3.0,1.0,1,3.0,7.06,2.0,9.0,5.0,4.0,5.0,6.0,6.0,5.0,5.0,4.0,2
19,0,0,4.0,6.0,3.0,1.0,1,1.0,7.18,2.0,4.0,5.0,5.0,5.0,4.0,8.0,4.0,6.0,4.0,2
24,2,2,4.0,7.0,2.0,2.0,3,4.0,7.99,1.0,6.0,5.0,6.0,5.0,4.0,9.0,6.0,6.0,5.0,2
19,1,2,5.0,6.0,3.0,3.0,3,5.0,5.28,1.0,7.0,4.0,6.0,4.0,4.0,7.0,5.0,5.0,3.0,0
21,0,0,2.0,6.0,5.0,1.0,4,2.0,7.22,1.0,2.0,4.0,6.0,6.0,3.0,6.0,4.0,6.0,3.0,0
19,1,2,3.0,6.0,3.0,1.0,2,1.0,4.65,2.0,7.0,4.0,6.0,5.0,5.0,4.0,3.0,8.0,2.0,0
23,1,0,1.0,5.0,2.0,2.0,1,3.0,4.39,2.0,6.0,4.0,5.0,7.0,4.0,5.0,5.0,7.0,4.0,0
25,1,1,4.0,5.0,3.0,2.0,0,6.0,5.79,1.0,7.0,6.0,7.0,3.0,2.0,5.0,4.0,6.0,2.0,0
21,1,2,6.0,9.0,2.0,0.0,0,3.0,6.11,1.0,4.0,6.0,6.0,4.0,6.0,6.0,6.0,6.0,3.0,0
22,0,1,4.0,6.0,4.0,2.0,1,2.0,4.36,2.0,8.0,4.0,7.0,3.0,3.0,4.0,3.0,6.0,1.0,0
21,0,2,7.0,12.0,4.0,1.0,2,5.0,5.5,1.0,5.0,8.0,7.0,3.0,7.0,5.0,5.0,8.0,2.0,0
20,0,2,3.0,6.0,5.0,1.0,3,3.0,5.96,3.0,4.0,6.0,6.0,5.0,5.0,5.0,3.0,7.0,3.0,0
22,0,1,4.0,7.0,4.0,3.0,4,2.0,5.53,0.0,9.0,4.0,3.0,7.0,4.0,6.0,2.0,4.0,4.0,0
26,1,2,4.0,7.0,2.0,0.0,0,4.0,7.71,1.0,7.0,5.0,5.0,5.0,4.0,7.0,6.0,4.0,5.0,2
25,1,2,1.0,4.0,4.0,2.0,2,4.0,7.44,1.0,5.0,3.0,4.0,6.0,2.0,7.0,7.0,4.0,5.0,2
25,1,2,4.0,3.0,1.0,0.0,3,1.0,6.2,2.0,4.0,4.0,5.0,4.0,5.0,6.0,5.0,6.0,3.0,0
25,0,1,3.0,4.0,4.0,0.0,1,4.0,7.16,2.0,5.0,6.0,5.0,5.0,4.0,8.0,7.0,5.0,5.0,2
25,1,2,4.0,7.0,3.0,1.0,3,1.0,6.75,0.0,8.0,5.0,4.0,7.0,4.0,8.0,6.0,3.0,6.0,2
24,0,1,6.0,9.0,2.0,4.0,3,2.0,4.49,2.0,8.0,6.0,3.0,6.0,5.0,4.0,4.0,6.0,4.0,0
25,2,2,3.0,8.0,3.0,2.0,3,4.0,7.91,2.0,4.0,6.0,5.0,6.0,5.0,7.0,6.0,5.0,5.0,2
25,0,1,5.0,7.0,3.0,3.0,4,3.0,7.22,2.0,4.0,4.0,2.0,6.0,6.0,6.0,8.0,5.0,5.0,2
25,0,1,4.0,7.0,4.0,0.0,0,2.0,5.88,2.0,7.0,5.0,7.0,2.0,3.0,6.0,4.0,9.0,2.0,0
24,0,1,5.0,9.0,1.0,2.0,0,4.0,8.93,2.0,10.0,6.0,4.0,5.0,5.0,8.0,7.0,5.0,5.0,2
18,1,1,7.0,9.0,3.0,1.0,4,4.0,5.68,1.0,5.0,5.0,7.0,5.0,5.0,5.0,6.0,5.0,3.0,0
21,1,2,6.0,9.0,4.0,0.0,2,3.0,5.47,0.0,9.0,5.0,4.0,6.0,6.0,4.0,5.0,5.0,3.0,0
21,0,1,3.0,5.0,2.0,3.0,3,2.0,7.49,0.0,7.0,5.0,4.0,6.0,4.0,8.0,6.0,7.0,5.0,2
22,0,2,6.0,8.0,5.0,0.0,1,2.0,5.77,1.0,2.0,7.0,6.0,6.0,6.0,5.0,4.0,8.0,3.0,0
23,0,0,4.0,9.0,4.0,3.0,4,1.0,7.04,2.0,4.0,6.0,7.0,6.0,4.0,6.0,3.0,7.0,3.0,0
21,1,2,6.0,9.0,2.0,0.0,3,6.0,3.75,2.0,6.0,7.0,6.0,4.0,7.0,4.0,6.0,6.0,3.0,0
19,0,1,2.0,5.0,3.0,3.0,3,3.0,6.82,0.0,8.0,4.0,4.0,5.0,4.0,7.0,5.0,4.0,4.0,2
23,1,1,4.0,6.0,2.0,2.0,0,1.0,6.56,0.0,7.0,4.0,4.0,5.0,4.0,7.0,6.0,3.0,5.0,2
25,1,1,4.0,7.0,3.0,5.0,4,6.0,7.6,1.0,8.0,4.0,5.0,4.0,6.0,7.0,6.0,4.0,4.0,2
25,1,1,4.0,7.0,1.0,3.0,1,3.0,5.18,2.0,5.0,3.0,3.0,7.0,6.0,4.0,5.0,4.0,4.0,2
24,1,2,4.0,5.0,3.0,1.0,4,4.0,7.31,0.0,5.0,6.0,6.0,5.0,4.0,6.0,5.0,6.0,3.0,0
23,1,1,4.0,8.0,1.0,3.0,1,2.0,6.31,3.0,6.0,4.0,4.0,4.0,4.0,7.0,5.0,6.0,4.0,0
19,1,0,3.0,7.0,2.0,1.0,3,3.0,7.08,2.0,5.0,5.0,5.0,3.0,5.0,8.0,6.0,5.0,4.0,2
24,0,1,3.0,5.0,4.0,0.0,1,3.0,6.3,1.0,7.0,6.0,4.0,5.0,2.0,6.0,4.0,5.0,4.0,0
22,0,1,3.0,8.0,3.0,0.0,3,4.0,6.21,3.0,5.0,4.0,4.0,5.0,3.0,7.0,7.0,7.0,5.0,2
23,0,1,4.0,8.0,2.0,1.0,1,5.0,6.35,1.0,7.0,5.0,4.0,6.0,4.0,8.0,3.0,4.0,4.0,2
25,0,2,4.0,8.0,1.0,3.0,0,2.0,6.39,2.0,7.0,3.0,4.0,6.0,5.0,6.0,6.0,6.0,4.0,2
25,2,1,3.0,7.0,4.0,1.0,4,3.0,4.13,0.0,7.0,5.0,5.0,6.0,3.0,4.0,4.0,5.0,3.0,0
20,1,1,2.0,7.0,4.0,2.0,0,5.0,6.39,1.0,6.0,5.0,4.0,6.0,2.0,6.0,7.0,4.0,5.0,2
24,1,2,5.0,9.0,4.0,2.0,2,4.0,5.5,1.0,5.0,4.0,7.0,4.0,7.0,6.0,4.0,7.0,2.0,0
18,0,0,5.0,9.0,4.0,2.0,4,3.0,6.49,1.0,7.0,6.0,6.0,6.0,7.0,6.0,7.0,5.0,5.0,2
18,1,1,3.0,6.0,3.0,1.0,4,5.0,8.63,0.0,1.0,7.0,5.0,6.0,5.0,9.0,5.0,4.0,5.0,2
24,0,1,4.0,9.0,3.0,0.0,1,3.0,7.94,1.0,5.0,6.0,5.0,7.0,3.0,7.0,4.0,8.0,4.0,0
26,0,1,3.0,6.0,2.0,1.0,3,2.0,7.03,1.0,4.0,4.0,2.0,6.0,4.0,7.0,6.0,3.0,5.0,2
24,2,2,5.0,8.0,4.0,2.0,1,3.0,4.6,1.0,6.0,5.0,5.0,4.0,5.0,6.0,4.0,6.0,3.0,0
22,0,2,3.0,6.0,2.0,1.0,4,3.0,5.49,1.0,6.0,4.0,5.0,5.0,6.0,5.0,6.0,4.0,4.0,0
25,2,0,3.0,7.0,4.0,1.0,0,2.0,5.92,1.0,8.0,6.0,5.0,6.0,5.0,5.0,5.0,8.0,3.0,0
19,1,1,4.0,7.0,1.0,1.0,3,3.0,7.6,1.0,5.0,3.0,3.0,7.0,3.0,7.0,5.0,4.0,5.0,2
26,0,1,3.0,6.0,4.0,1.0,1,1.0,7.09,2.0,9.0,5.0,5.0,4.0,5.0,8.0,5.0,8.0,4.0,0
23,1,1,3.0,4.0,3.0,2.0,0,2.0,8.16,2.0,5.0,5.0,4.0,6.0,3.0,8.0,5.0,5.0,5.0,2
26,0,2,3.0,8.0,2.0,1.0,1,1.0,7.1,3.0,7.0,3.0,1.0,8.0,4.0,6.0,6.0,5.0,5.0,2
19,0,1,3.0,5.0,3.0,3.0,4,1.0,7.34,1.0,7.0,5.0,4.0,5.0,4.0,8.0,5.0,5.0,5.0,2
20,1,0,3.0,7.0,3.0,2.0,1,1.0,6.92,2.0,7.0,5.0,4.0,6.0,4.0,7.0,5.0,6.0,4.0,2
25,0,1,4.0,8.0,5.0,1.0,0,3.0,6.78,0.0,5.0,5.0,4.0,6.0,5.0,9.0,6.0,5.0,5.0,2
18,1,1,4.0,8.0,3.0,0.0,0,2.0,4.52,1.0,8.0,4.0,6.0,5.0,5.0,4.0,5.0,6.0,3.0,0
24,1,1,5.0,7.0,3.0,0.0,0,4.0,5.98,2.0,6.0,4.0,6.0,4.0,4.0,7.0,6.0,7.0,4.0,0
24,2,1,2.0,4.0,4.0,2.0,1,4.0,7.49,2.0,4.0,5.0,4.0,6.0,3.0,7.0,8.0,4.0,6.0,2
18,1,2,7.0,11.0,3.0,1.0,4,5.0,8.33,1.0,6.0,5.0,3.0,7.0,5.0,9.0,7.0,6.0,6.0,2
26,1,1,4.0,8.0,5.0,1.0,2,2.0,6.04,1.0,10.0,6.0,6.0,6.0,4.0,6.0,3.0,7.0,3.0,0
25,1,1,5.0,9.0,3.0,1.0,2,3.0,7.69,1.0,4.0,6.0,5.0,6.0,5.0,6.0,5.0,7.0,3.0,0
21,0,1,5.0,8.0,0.0,1.0,2,3.0,5.85,3.0,1.0,4.0,6.0,5.0,2.0,4.0,4.0,8.0,2.0,0
22,1,2,4.0,7.0,3.0,0.0,3,4.0,6.05,0.0,6.0,5.0,4.0,4.0,5.0,7.0,6.0,5.0,4.0,0
19,1,2,5.0,7.0,6.0,3.0,4,3.0,3.84,0.0,7.0,6.0,6.0,4.0,4.0,3.0,4.0,7.0,1.0,0
26,0,1,5.0,5.0,2.0,1.0,4,3.0,8.03,0.0,11.0,4.0,3.0,7.0,4.0,8.0,5.0,3.0,6.0,2
23,1,2,4.0,8.0,4.0,0.0,3,3.0,6.9,3.0,6.0,5.0,5.0,5.0,6.0,8.0,6.0,5.0,5.0,2
20,1,1,8.0,11.0,2.0,2.0,2,1.0,5.69,1.0,5.0,5.0,4.0,5.0,6.0,7.0,3.0,5.0,3.0,0
24,0,2,6.0,9.0,3.0,1.0,2,4.0,8.62,1.0,5.0,7.0,5.0,3.0,7.0,8.0,7.0,7.0,4.0,2
26,0,2,2.0,4.0,4.0,0.0,3,0.0,6.38,1.0,6.0,4.0,4.0,5.0,2.0,7.0,5.0,6.0,4.0,0
20,0,1,6.0,8.0,4.0,5.0,0,4.0,8.19,2.0,6.0,5.0,5.0,7.0,4.0,7.0,7.0,7.0,5.0,2
19,1,2,4.0,7.0,3.0,2.0,4,1.0,4.86,0.0,7.0,5.0,6.0,2.0,4.0,5.0,5.0,7.0,2.0,0
24,2,1,6.0,9.0,3.0,3.0,2,4.0,7.94,0.0,8.0,6.0,5.0,6.0,6.0,8.0,6.0,7.0,4.0,2
24,2,1,4.0,8.0,3.0,0.0,2,4.0,7.66,1.0,8.0,4.0,3.0,6.0,5.0,7.0,6.0,4.0,5.0,2
21,1,1,0.0,4.0,3.0,2.0,3,2.0,6.4,2.0,5.0,5.0,6.0,4.0,2.0,6.0,5.0,6.0,3.0,0
26,1,1,3.0,8.0,4.0,1.0,1,0.0,6.03,0.0,8.0,6.0,5.0,5.0,3.0,6.0,4.0,6.0,3.0,0
25,2,2,2.0,3.0,3.0,2.0,4,4.0,5.55,2.0,9.0,5.0,3.0,7.0,3.0,5.0,6.0,4.0,5.0,2
18,0,1,3.0,6.0,3.0,1.0,4,1.0,7.84,2.0,5.0,3.0,2.0,6.0,4.0,7.0,7.0,5.0,6.0,2
18,0,2,3.0,6.0,2.0,4.0,4,4.0,5.68,0.0,11.0,4.0,5.0,5.0,5.0,5.0,4.0,6.0,3.0,0
22,0,1,5.0,8.0,2.0,2.0,0,1.0,3.75,1.0,6.0,6.0,7.0,4.0,4.0,4.0,4.0,7.0,2.0,0
23,0,1,4.0,7.0,5.0,1.0,1,1.0,7.93,1.0,5.0,5.0,4.0,5.0,3.0,7.0,6.0,6.0,4.0,2
20,0,1,5.0,9.0,4.0,2.0,4,3.0,6.86,1.0,9.0,5.0,4.0,5.0,4.0,5.0,7.0,5.0,4.0,2
26,1,1,5.0,8.0,4.0,1.0,0,1.0,6.22,1.0,7.0,6.0,6.0,4.0,6.0,6.0,4.0,7.0,2.0,0
23,1,0,7.0,12.0,4.0,1.0,0,3.0,6.12,2.0,8.0,5.0,8.0,3.0,5.0,6.0,3.0,8.0,1.0,0
21,0,1,4.0,6.0,3.0,4.0,0,0.0,9.42,2.0,6.0,4.0,1.0,6.0,4.0,10.0,6.0,5.0,6.0,2
24,0,1,5.0,6.0,3.0,0.0,4,3.0,6.18,2.0,9.0,5.0,6.0,5.0,5.0,7.0,4.0,7.0,3.0,0
25,0,0,5.0,9.0,3.0,3.0,4,2.0,6.08,1.0,7.0,7.0,7.0,2.0,6.0,6.0,6.0,8.0,2.0,0
26,2,1,3.0,7.0,3.0,0.0,3,6.0,6.13,2.0,4.0,4.0,5.0,4.0,5.0,7.0,6.0,6.0,4.0,0
23,0,1,2.0,3.0,2.0,1.0,3,3.0,5.68,3.0,5.0,3.0,5.0,4.0,3.0,5.0,5.0,5.0,3.0,0
23,1,1,5.0,8.0,2.0,2.0,1,3.0,6.06,0.0,4.0,6.0,5.0,5.0,6.0,6.0,6.0,7.0,4.0,2
25,0,0,3.0,7.0,2.0,1.0,3,3.0,6.88,0.0,5.0,5.0,3.0,7.0,3.0,7.0,5.0,6.0,5.0,2
22,1,2,5.0,8.0,5.0,1.0,4,0.0,5.95,2.0,10.0,6.0,6.0,6.0,5.0,6.0,4.0,8.0,3.0,0
20,1,2,5.0,10.0,3.0,0.0,3,3.0,4.31,1.0,8.0,4.0,3.0,5.0,4.0,4.0,5.0,6.0,3.0,0
20,1,2,5.0,8.0,3.0,2.0,1,0.0,4.86,2.0,5.0,4.0,6.0,5.0,6.0,4.0,3.0,7.0,2.0,0
23,0,2,3.0,8.0,2.0,0.0,4,6.0,7.21,2.0,7.0,5.0,3.0,6.0,6.0,7.0,7.0,3.0,6.0,2
19,2,2,3.0,7.0,3.0,2.0,2,0.0,5.08,2.0,7.0,3.0,6.0,5.0,3.0,5.0,3.0,6.0,2.0,0
23,1,1,4.0,8.0,2.0,4.0,2,1.0,7.01,0.0,5.0,6.0,4.0,6.0,4.0,6.0,5.0,6.0,4.0,0
23,1,1,4.0,7.0,2.0,4.0,2,4.0,7.99,3.0,7.0,3.0,3.0,6.0,5.0,7.0,6.0,6.0,5.0,2
25,0,1,5.0,8.0,2.0,4.0,1,4.0,7.16,1.0,6.0,5.0,6.0,4.0,4.0,5.0,7.0,5.0,3.0,0
24,0,2,6.0,8.0,1.0,0.0,1,5.0,6.65,3.0,7.0,4.0,5.0,5.0,6.0,6.0,4.0,5.0,4.0,0
25,0,2,4.0,6.0,3.0,2.0,4,5.0,6.57,1.0,5.0,4.0,5.0,5.0,5.0,8.0,6.0,4.0,5.0,2
26,0,1,2.0,7.0,4.0,3.0,2,2.0,6.65,3.0,4.0,4.0,4.0,5.0,3.0,6.0,3.0,7.0,3.0,0
23,0,1,1.0,4.0,3.0,2.0,0,0.0,6.42,1.0,2.0,7.0,6.0,6.0,1.0,6.0,3.0,8.0,3.0,0
20,1,1,2.0,5.0,4.0,0.0,3,3.0,5.09,2.0,7.0,4.0,5.0,4.0,3.0,5.0,6.0,6.0,3.0,0
20,1,2,2.0,4.0,3.0,0.0,2,1.0,6.31,2.0,6.0,5.0,6.0,4.0,2.0,7.0,4.0,7.0,3.0,0
18,1,1,5.0,9.0,4.0,2.0,2,2.0,7.56,1.0,11.0,4.0,3.0,5.0,4.0,8.0,6.0,4.0,5.0,2
22,0,2,4.0,6.0,3.0,2.0,2,3.0,7.8,2.0,8.0,6.0,3.0,5.0,6.0,8.0,7.0,4.0,5.0,2
21,1,1,4.0,8.0,5.0,2.0,2,5.0,6.23,1.0,6.0,7.0,8.0,3.0,4.0,7.0,5.0,5.0,3.0,0
26,0,2,5.0,8.0,3.0,1.0,4,4.0,7.09,2.0,7.0,5.0,6.0,5.0,4.0,8.0,6.0,5.0,4.0,2
26,1,2,6.0,9.0,5.0,1.0,3,2.0,6.99,0.0,8.0,6.0,4.0,7.0,7.0,6.0,3.0,6.0,4.0,0
22,0,2,4.0,8.0,1.0,0.0,2,2.0,6.64,1.0,6.0,5.0,4.0,6.0,5.0,7.0,5.0,6.0,4.0,2
21,1,1,5.0,7.0,3.0,2.0,4,1.0,6.69,2.0,4.0,5.0,6.0,7.0,3.0,8.0,5.0,7.0,4.0,2
24,1,2,5.0,7.0,2.0,5.0,2,6.0,6.72,2.0,3.0,5.0,3.0,3.0,5.0,8.0,7.0,6.0,5.0,2
23,1,1,2.0,4.0,4.0,4.0,0,2.0,6.41,2.0,8.0,5.0,5.0,5.0,4.0,6.0,5.0,5.0,4.0,2
21,0,0,2.0,5.0,2.0,2.0,4,4.0,6.48,2.0,9.0,5.0,6.0,5.0,2.0,7.0,5.0,5.0,4.0,0
19,1,1,3.0,7.0,2.0,3.0,0,5.0,7.38,2.0,5.0,4.0,4.0,4.0,3.0,6.0,7.0,4.0,4.0,2
18,0,1,4.0,7.0,2.0,3.0,2,3.0,5.52,2.0,7.0,3.0,4.0,6.0,5.0,6.0,4.0,7.0,4.0,0
21,0,2,5.0,9.0,2.0,3.0,3,4.0,4.92,0.0,5.0,2.0,6.0,5.0,6.0,5.0,4.0,5.0,3.0,0
21,0,1,4.0,7.0,3.0,3.0,4,2.0,5.66,2.0,11.0,4.0,5.0,6.0,4.0,6.0,3.0,6.0,3.0,0
18,0,2,1.0,4.0,1.0,2.0,0,5.0,6.23,2.0,5.0,5.0,4.0,5.0,1.0,6.0,5.0,4.0,4.0,2
23,2,1,3.0,8.0,4.0,0.0,0,5.0,6.54,2.0,7.0,6.0,4.0,7.0,3.0,5.0,5.0,7.0,4.0,0
21,1,1,1.0,4.0,4.0,3.0,3,2.0,6.76,3.0,8.0,6.0,4.0,6.0,3.0,7.0,5.0,5.0,4.0,2
18,1,0,4.0,7.0,1.0,3.0,4,3.0,5.77,0.0,8.0,3.0,3.0,5.0,2.0,7.0,3.0,5.0,4.0,0
18,2,0,5.0,8.0,4.0,0.0,1,4.0,8.63,1.0,7.0,6.0,7.0,3.0,5.0,8.0,7.0,5.0,4.0,0
18,1,1,5.0,8.0,2.0,0.0,0,4.0,7.18,2.0,5.0,4.0,3.0,7.0,4.0,8.0,7.0,5.0,6.0,2
25,0,1,3.0,7.0,2.0,1.0,4,3.0,6.07,2.0,8.0,4.0,2.0,6.0,4.0,6.0,7.0,4.0,5.0,2
25,1,1,5.0,8.0,3.0,3.0,1,4.0,6.05,3.0,8.0,4.0,4.0,6.0,6.0,5.0,5.0,6.0,4.0,2
19,0,1,2.0,6.0,3.0,1.0,4,5.0,6.31,2.0,7.0,5.0,5.0,6.0,4.0,8.0,5.0,4.0,5.0,2
24,1,1,3.0,5.0,2.0,1.0,2,0.0,7.32,3.0,3.0,4.0,4.0,7.0,2.0,7.0,4.0,6.0,4.0,2
25,2,1,2.0,4.0,2.0,2.0,0,2.0,8.19,1.0,3.0,5.0,4.0,6.0,2.0,8.0,6.0,7.0,5.0,2
25,0,2,3.0,6.0,3.0,1.0,1,1.0,8.43,0.0,6.0,5.0,3.0,8.0,4.0,8.0,5.0,6.0,5.0,2
24,1,1,3.0,6.0,3.0,0.0,3,5.0,7.39,1.0,3.0,4.0,4.0,6.0,3.0,7.0,6.0,5.0,5.0,2
22,1,2,3.0,6.0,2.0,0.0,3,3.0,5.5,2.0,6.0,3.0,4.0,6.0,6.0,5.0,6.0,5.0,4.0,2
18,1,2,4.0,8.0,2.0,3.0,2,3.0,8.19,1.0,9.0,4.0,4.0,6.0,5.0,8.0,6.0,5.0,5.0,2
26,0,2,4.0,8.0,4.0,1.0,2,3.0,6.28,1.0,7.0,5.0,5.0,5.0,5.0,8.0,4.0,5.0,4.0,0
24,1,1,1.0,5.0,3.0,3.0,1,1.0,6.45,2.0,4.0,4.0,6.0,5.0,1.0,8.0,4.0,5.0,4.0,0
19,1,2,3.0,5.0,1.0,1.0,0,4.0,6.59,2.0,3.0,4.0,4.0,6.0,4.0,5.0,7.0,3.0,5.0,2
23,0,2,5.0,8.0,3.0,0.0,0,5.0,5.72,2.0,8.0,6.0,7.0,4.0,4.0,7.0,6.0,5.0,3.0,0
19,1,2,5.0,8.0,4.0,1.0,3,4.0,6.41,1.0,6.0,5.0,5.0,5.0,6.0,6.0,8.0,4.0,5.0,2
18,1,1,4.0,7.0,3.0,0.0,2,2.0,5.59,1.0,8.0,6.0,3.0,6.0,4.0,6.0,6.0,5.0,5.0,2
24,1,1,4.0,8.0,5.0,0.0,3,1.0,7.84,2.0,6.0,7.0,5.0,5.0,5.0,8.0,6.0,5.0,5.0,2
19,0,2,2.0,5.0,1.0,1.0,1,4.0,5.05,1.0,2.0,4.0,6.0,3.0,4.0,5.0,3.0,5.0,2.0,0
19,2,1,3.0,5.0,2.0,1.0,3,2.0,8.34,2.0,10.0,6.0,3.0,6.0,3.0,9.0,5.0,3.0,5.0,2
22,1,0,5.0,10.0,5.0,2.0,3,2.0,7.19,0.0,6.0,5.0,6.0,5.0,6.0,7.0,4.0,8.0,3.0,0
22,0,1,2.0,5.0,4.0,3.0,2,2.0,6.72,1.0,4.0,3.0,4.0,7.0,3.0,6.0,5.0,5.0,4.0,2
24,1,1,4.0,7.0,1.0,1.0,2,3.0,5.69,0.0,8.0,5.0,6.0,5.0,3.0,6.0,5.0,8.0,3.0,0
18,1,1,5.0,9.0,4.0,0.0,0,1.0,8.64,1.0,8.0,5.0,5.0,5.0,5.0,8.0,4.0,8.0,3.0,0
25,0,1,4.0,8.0,3.0,4.0,0,7.0,8.61,3.0,9.0,5.0,3.0,7.0,4.0,7.0,7.0,4.0,6.0,2
20,1,1,4.0,6.0,4.0,3.0,0,2.0,6.75,2.0,5.0,7.0,6.0,5.0,5.0,7.0,5.0,7.0,4.0,0
21,0,2,4.0,7.0,3.0,0.0,3,1.0,5.39,1.0,3.0,4.0,4.0,4.0,5.0,6.0,4.0,6.0,3.0,0
26,0,2,5.0,9.0,4.0,2.0,3,6.0,5.77,1.0,7.0,5.0,5.0,6.0,5.0,7.0,5.0,4.0,4.0,2
21,2,1,4.0,7.0,3.0,1.0,4,2.0,6.45,0.0,7.0,6.0,5.0,6.0,5.0,8.0,5.0,6.0,4.0,2
22,1,2,5.0,9.0,3.0,0.0,1,3.0,5.59,0.0,4.0,5.0,5.0,5.0,5.0,5.0,4.0,6.0,3.0,0
24,1,1,3.0,7.0,5.0,2.0,4,5.0,6.4,2.0,5.0,5.0,5.0,6.0,3.0,6.0,6.0,5.0,4.0,2
21,2,1,4.0,8.0,3.0,1.0,1,2.0,5.44,3.0,5.0,5.0,5.0,7.0,5.0,6.0,5.0,6.0,4.0,2
18,1,2,5.0,9.0,2.0,2.0,2,1.0,6.04,2.0,7.0,5.0,5.0,6.0,6.0,6.0,5.0,7.0,4.0,0
26,0,1,3.0,7.0,2.0,1.0,3,2.0,6.92,2.0,6.0,4.0,5.0,6.0,5.0,7.0,6.0,5.0,5.0,2
21,1,1,2.0,6.0,4.0,0.0,4,2.0,6.1,4.0,7.0,5.0,7.0,3.0,5.0,6.0,4.0,4.0,3.0,0
26,1,2,7.0,10.0,0.0,2.0,3,7.0,5.9,1.0,3.0,5.0,6.0,5.0,6.0,8.0,6.0,6.0,5.0,2
23,1,2,5.0,8.0,2.0,0.0,4,4.0,6.23,0.0,7.0,5.0,5.0,6.0,5.0,6.0,3.0,5.0,3.0,0
18,0,1,4.0,7.0,6.0,0.0,0,3.0,5.67,1.0,6.0,7.0,5.0,5.0,3.0,6.0,6.0,5.0,4.0,2
20,0,1,3.0,6.0,3.0,1.0,1,4.0,5.77,1.0,10.0,5.0,4.0,4.0,4.0,5.0,5.0,5.0,3.0,0
19,1,1,3.0,6.0,3.0,0.0,0,1.0,9.34,3.0,5.0,4.0,2.0,8.0,4.0,9.0,8.0,5.0,7.0,1
26,0,1,4.0,7.0,2.0,0.0,3,3.0,5.75,3.0,5.0,4.0,4.0,7.0,3.0,6.0,3.0,5.0,4.0,0
18,1,2,4.0,7.0,4.0,0.0,2,3.0,6.93,1.0,7.0,4.0,3.0,5.0,3.0,6.0,6.0,4.0,5.0,2
26,1,1,5.0,10.0,4.0,0.0,2,4.0,5.38,2.0,6.0,6.0,7.0,4.0,4.0,6.0,4.0,7.0,2.0,0
26,0,1,2.0,4.0,3.0,2.0,0,2.0,4.35,2.0,1.0,4.0,4.0,7.0,5.0,5.0,4.0,4.0,4.0,2
25,0,1,2.0,5.0,3.0,1.0,4,2.0,5.59,2.0,4.0,5.0,6.0,4.0,5.0,5.0,5.0,5.0,3.0,0
25,1,1,4.0,7.0,2.0,1.0,0,1.0,6.42,2.0,7.0,4.0,4.0,5.0,5.0,7.0,4.0,7.0,3.0,0
18,1,2,5.0,6.0,2.0,2.0,2,7.0,5.6,2.0,5.0,4.0,6.0,4.0,5.0,6.0,7.0,5.0,4.0,2
25,2,1,5.0,8.0,3.0,2.0,0,4.0,4.5,2.0,7.0,5.0,9.0,4.0,5.0,5.0,2.0,7.0,1.0,0
20,0,1,6.0,8.0,5.0,2.0,1,2.0,5.96,1.0,9.0,5.0,5.0,3.0,6.0,5.0,5.0,7.0,3.0,0
24,0,0,4.0,7.0,1.0,1.0,0,2.0,6.56,2.0,3.0,4.0,4.0,6.0,6.0,7.0,4.0,7.0,4.0,0
18,1,1,5.0,7.0,4.0,2.0,4,2.0,7.34,2.0,7.0,5.0,5.0,4.0,5.0,7.0,5.0,6.0,3.0,0
18,0,1,2.0,4.0,4.0,0.0,3,6.0,6.39,1.0,4.0,6.0,5.0,5.0,2.0,8.0,4.0,6.0,4.0,0
22,1,2,0.0,3.0,3.0,1.0,0,3.0,5.53,2.0,7.0,3.0,4.0,5.0,1.0,6.0,4.0,5.0,4.0,0
22,2,1,3.0,5.0,4.0,1.0,1,2.0,7.86,1.0,11.0,7.0,7.0,5.0,4.0,9.0,5.0,7.0,4.0,2
25,1,0,3.0,6.0,4.0,1.0,4,5.0,8.78,3.0,3.0,4.0,3.0,7.0,3.0,10.0,5.0,4.0,6.0,2
24,1,2,7.0,9.0,5.0,1.0,1,0.0,6.8,2.0,2.0,8.0,6.0,4.0,6.0,6.0,4.0,8.0,3.0,0
25,1,0,2.0,5.0,5.0,0.0,4,3.0,8.21,2.0,2.0,4.0,4.0,7.0,3.0,8.0,6.0,3.0,5.0,2
23,0,1,5.0,8.0,0.0,1.0,2,2.0,7.36,0.0,10.0,3.0,3.0,5.0,5.0,8.0,5.0,4.0,5.0,2
23,0,1,3.0,7.0,2.0,1.0,2,2.0,8.82,0.0,3.0,4.0,3.0,5.0,4.0,9.0,5.0,5.0,5.0,2
19,1,2,5.0,7.0,4.0,3.0,3,4.0,6.67,4.0,5.0,6.0,5.0,6.0,6.0,8.0,4.0,8.0,4.0,0
23,0,0,4.0,6.0,3.0,1.0,3,1.0,7.56,2.0,8.0,3.0,2.0,6.0,3.0,9.0,5.0,4.0,6.0,2
22,0,0,3.0,5.0,4.0,0.0,4,4.0,8.11,2.0,7.0,5.0,2.0,8.0,1.0,7.0,7.0,1.0,6.0,2
20,1,2,6.0,9.0,3.0,0.0,1,1.0,6.57,2.0,5.0,6.0,6.0,3.0,6.0,6.0,4.0,6.0,2.0,0
23,0,2,5.0,7.0,3.0,1.0,1,1.0,7.37,4.0,6.0,5.0,5.0,4.0,5.0,7.0,4.0,6.0,3.0,0
25,2,1,4.0,8.0,3.0,2.0,0,2.0,6.62,2.0,8.0,5.0,4.0,6.0,5.0,7.0,6.0,3.0,5.0,2
26,1,1,4.0,5.0,3.0,1.0,2,4.0,5.71,2.0,5.0,6.0,3.0,6.0,4.0,6.0,5.0,3.0,4.0,2
18,1,1,3.0,8.0,4.0,3.0,0,4.0,4.83,3.0,5.0,6.0,6.0,4.0,6.0,7.0,4.0,7.0,3.0,0
20,1,1,1.0,4.0,4.0,0.0,3,2.0,7.97,2.0,7.0,4.0,3.0,6.0,2.0,10.0,5.0,3.0,6.0,2
20,1,1,4.0,6.0,0.0,0.0,2,3.0,8.36,0.0,9.0,4.0,3.0,7.0,4.0,8.0,7.0,5.0,6.0,2
25,0,1,7.0,12.0,2.0,4.0,1,6.0,6.31,1.0,5.0,6.0,7.0,3.0,7.0,6.0,6.0,8.0,3.0,0
18,0,1,5.0,8.0,3.0,1.0,2,5.0,5.51,3.0,5.0,4.0,5.0,6.0,6.0,5.0,6.0,4.0,4.0,2
22,0,0,4.0,7.0,4.0,1.0,3,2.0,7.17,2.0,7.0,5.0,3.0,5.0,5.0,6.0,8.0,4.0,5.0,2
20,1,1,5.0,7.0,4.0,1.0,2,0.0,6.99,2.0,5.0,4.0,4.0,3.0,4.0,7.0,4.0,5.0,3.0,0
19,0,1,4.0,7.0,1.0,1.0,3,4.0,4.69,0.0,6.0,6.0,6.0,4.0,4.0,6.0,5.0,6.0,3.0,0
25,0,2,1.0,4.0,2.0,3.0,1,2.0,8.21,3.0,7.0,5.0,3.0,7.0,3.0,9.0,7.0,4.0,7.0,2
20,2,2,2.0,6.0,3.0,0.0,4,0.0,5.75,2.0,2.0,4.0,6.0,4.0,4.0,8.0,4.0,7.0,3.0,0
24,1,1,4.0,6.0,4.0,1.0,2,3.0,6.14,2.0,3.0,6.0,6.0,5.0,6.0,7.0,5.0,6.0,4.0,0
18,0,1,5.0,7.0,3.0,0.0,4,4.0,5.68,2.0,3.0,3.0,4.0,5.0,4.0,5.0,6.0,4.0,4.0,0
23,2,1,7.0,11.0,3.0,0.0,3,2.0,5.28,0.0,6.0,7.0,8.0,4.0,6.0,3.0,2.0,9.0,1.0,0
20,0,1,2.0,5.0,3.0,1.0,2,5.0,4.16,2.0,4.0,4.0,6.0,4.0,3.0,4.0,5.0,5.0,2.0,0
25,1,1,5.0,8.0,4.0,1.0,1,3.0,6.7,0.0,7.0,6.0,7.0,3.0,6.0,7.0,4.0,8.0,2.0,0
23,1,2,1.0,4.0,1.0,1.0,2,4.0,5.13,1.0,8.0,2.0,3.0,6.0,1.0,7.0,4.0,3.0,5.0,2
19,0,2,4.0,8.0,2.0,4.0,1,1.0,7.26,1.0,6.0,6.0,4.0,5.0,3.0,6.0,5.0,7.0,4.0,0
23,1,2,4.0,8.0,4.0,2.0,3,3.0,6.48,2.0,11.0,5.0,5.0,3.0,4.0,8.0,4.0,5.0,4.0,0
24,2,1,7.0,10.0,3.0,2.0,4,2.0,6.35,0.0,7.0,3.0,3.0,5.0,6.0,6.0,7.0,4.0,5.0,2
22,0,1,3.0,5.0,3.0,4.0,0,6.0,6.17,0.0,6.0,5.0,3.0,6.0,2.0,6.0,6.0,5.0,4.0,2
20,1,1,3.0,9.0,2.0,3.0,0,2.0,7.11,2.0,7.0,5.0,4.0,6.0,6.0,7.0,7.0,4.0,5.0,2
21,0,1,5.0,9.0,2.0,0.0,2,3.0,6.63,2.0,6.0,4.0,6.0,6.0,7.0,8.0,5.0,6.0,4.0,2
21,1,2,3.0,7.0,3.0,0.0,4,1.0,8.07,2.0,7.0,6.0,6.0,4.0,4.0,7.0,4.0,6.0,3.0,0
23,1,0,3.0,6.0,2.0,0.0,1,5.0,5.52,1.0,6.0,4.0,5.0,5.0,4.0,5.0,5.0,5.0,3.0,0
18,0,1,2.0,4.0,3.0,3.0,0,2.0,8.93,1.0,1.0,5.0,2.0,8.0,4.0,7.0,8.0,4.0,7.0,2
21,0,0,5.0,8.0,2.0,5.0,4,1.0,8.39,1.0,7.0,4.0,4.0,5.0,6.0,9.0,6.0,6.0,5.0,2
21,1,0,2.0,5.0,1.0,2.0,4,4.0,7.9,0.0,6.0,3.0,3.0,7.0,3.0,9.0,6.0,3.0,6.0,2
18,0,1,6.0,10.0,4.0,1.0,3,4.0,6.22,1.0,7.0,6.0,7.0,3.0,5.0,5.0,4.0,5.0,2.0,0
26,1,1,2.0,5.0,5.0,4.0,0,2.0,7.57,1.0,9.0,6.0,4.0,7.0,3.0,8.0,5.0,8.0,5.0,2
21,0,1,3.0,5.0,3.0,3.0,3,1.0,7.18,0.0,8.0,5.0,5.0,5.0,4.0,7.0,5.0,4.0,4.0,2
24,0,1,2.0,7.0,3.0,0.0,4,3.0,5.64,3.0,5.0,6.0,5.0,6.0,3.0,7.0,5.0,7.0,4.0,2
20,1,1,4.0,6.0,2.0,1.0,0,2.0,5.5,2.0,5.0,3.0,4.0,6.0,4.0,6.0,4.0,5.0,3.0,0
20,2,1,6.0,8.0,5.0,2.0,1,2.0,6.32,3.0,5.0,8.0,6.0,4.0,5.0,6.0,6.0,7.0,3.0,0
25,0,0,3.0,4.0,5.0,1.0,2,4.0,4.52,2.0,7.0,6.0,5.0,5.0,3.0,5.0,4.0,3.0,3.0,0
25,0,1,3.0,7.0,3.0,1.0,4,4.0,5.64,2.0,3.0,6.0,7.0,3.0,5.0,5.0,4.0,6.0,2.0,0
18,0,1,4.0,7.0,5.0,3.0,1,3.0,5.99,2.0,5.0,6.0,6.0,3.0,5.0,7.0,5.0,7.0,3.0,0
19,1,2,4.0,6.0,3.0,3.0,2,1.0,6.95,2.0,6.0,4.0,4.0,6.0,6.0,7.0,3.0,5.0,4.0,0
25,1,2,5.0,9.0,3.0,3.0,0,0.0,6.91,2.0,3.0,6.0,5.0,4.0,3.0,7.0,4.0,9.0,3.0,0
18,0,1,2.0,5.0,3.0,3.0,1,3.0,4.45,2.0,3.0,5.0,5.0,5.0,2.0,4.0,3.0,4.0,3.0,0
25,2,1,4.0,9.0,3.0,4.0,1,0.0,8.29,2.0,6.0,4.0,3.0,7.0,5.0,8.0,5.0,7.0,5.0,2
25,0,2,6.0,10.0,5.0,1.0,2,2.0,4.91,2.0,5.0,6.0,6.0,4.0,6.0,4.0,4.0,6.0,2.0,0
19,1,2,2.0,4.0,4.0,1.0,1,3.0,4.52,2.0,8.0,5.0,7.0,4.0,5.0,4.0,4.0,6.0,2.0,0
21,1,0,4.0,8.0,2.0,2.0,0,3.0,7.3,2.0,8.0,4.0,3.0,6.0,4.0,8.0,8.0,4.0,6.0,2
23,1,1,2.0,7.0,3.0,2.0,0,3.0,7.9,2.0,5.0,5.0,3.0,7.0,4.0,6.0,7.0,4.0,6.0,2
26,1,2,6.0,7.0,3.0,1.0,4,3.0,6.61,0.0,3.0,5.0,5.0,5.0,4.0,6.0,5.0,4.0,4.0,0
25,0,1,7.0,9.0,4.0,1.0,2,4.0,7.09,3.0,5.0,6.0,4.0,6.0,6.0,6.0,6.0,5.0,4.0,2
25,0,0,2.0,5.0,3.0,1.0,3,1.0,7.36,1.0,6.0,5.0,4.0,6.0,5.0,8.0,5.0,6.0,5.0,2
24,1,1,4.0,9.0,2.0,1.0,0,1.0,6.54,1.0,5.0,3.0,4.0,5.0,5.0,7.0,7.0,7.0,4.0,2
26,0,1,5.0,7.0,2.0,2.0,3,4.0,6.93,3.0,7.0,6.0,6.0,4.0,4.0,7.0,5.0,6.0,3.0,0
19,0,1,4.0,7.0,3.0,1.0,1,3.0,5.94,1.0,5.0,7.0,4.0,4.0,6.0,5.0,4.0,6.0,3.0,0
20,1,1,4.0,9.0,4.0,0.0,2,2.0,6.24,2.0,6.0,4.0,7.0,4.0,4.0,6.0,5.0,7.0,3.0,0
25,0,1,3.0,4.0,4.0,2.0,2,4.0,7.38,2.0,8.0,5.0,5.0,5.0,3.0,8.0,7.0,4.0,5.0,2
23,1,1,2.0,5.0,5.0,2.0,0,5.0,7.99,2.0,5.0,7.0,7.0,3.0,5.0,8.0,5.0,6.0,3.0,0
26,0,1,4.0,7.0,0.0,3.0,0,2.0,6.25,4.0,6.0,4.0,3.0,6.0,3.0,7.0,7.0,5.0,5.0,2
21,0,1,5.0,6.0,5.0,2.0,2,4.0,5.46,1.0,7.0,4.0,6.0,3.0,7.0,6.0,4.0,3.0,2.0,0
25,0,2,6.0,7.0,0.0,2.0,3,2.0,9.7,2.0,6.0,4.0,2.0,8.0,4.0,10.0,9.0,3.0,8.0,1
20,2,1,4.0,8.0,4.0,0.0,2,0.0,6.83,1.0,8.0,5.0,5.0,6.0,5.0,7.0,5.0,7.0,4.0,2
20,1,2,3.0,5.0,3.0,2.0,4,3.0,4.4,1.0,5.0,4.0,7.0,4.0,4.0,5.0,3.0,7.0,2.0,0
25,0,2,2.0,5.0,2.0,2.0,2,4.0,5.86,1.0,6.0,4.0,3.0,5.0,3.0,6.0,6.0,2.0,5.0,2
22,0,1,3.0,6.0,3.0,3.0,3,2.0,3.77,2.0,4.0,6.0,6.0,5.0,4.0,3.0,5.0,5.0,2.0,0
20,0,1,1.0,5.0,2.0,3.0,1,5.0,6.71,0.0,5.0,3.0,2.0,7.0,2.0,6.0,6.0,4.0,5.0,2
18,0,2,0.0,6.0,5.0,1.0,3,3.0,6.72,1.0,4.0,6.0,5.0,5.0,1.0,7.0,5.0,7.0,4.0,0
20,0,1,2.0,6.0,2.0,4.0,2,4.0,6.54,2.0,4.0,5.0,6.0,4.0,2.0,7.0,6.0,6.0,3.0,0
26,0,1,4.0,5.0,4.0,2.0,2,4.0,6.03,0.0,6.0,5.0,6.0,3.0,6.0,7.0,5.0,6.0,3.0,0
22,1,1,2.0,5.0,4.0,2.0,1,3.0,6.41,1.0,2.0,4.0,6.0,4.0,4.0,6.0,4.0,6.0,3.0,0
19,1,1,4.0,9.0,1.0,1.0,4,6.0,7.24,2.0,5.0,6.0,5.0,5.0,5.0,8.0,7.0,5.0,5.0,2
24,0,1,3.0,5.0,2.0,0.0,0,5.0,7.67,2.0,7.0,2.0,3.0,6.0,5.0,7.0,6.0,4.0,5.0,2
19,0,0,6.0,10.0,2.0,1.0,3,0.0,6.21,1.0,7.0,6.0,5.0,6.0,7.0,5.0,4.0,8.0,3.0,0
21,2,2,3.0,6.0,1.0,2.0,3,0.0,6.87,2.0,6.0,5.0,3.0,5.0,6.0,8.0,6.0,6.0,4.0,2
24,1,2,3.0,5.0,4.0,2.0,2,4.0,7.4,3.0,7.0,6.0,3.0,6.0,5.0,7.0,7.0,1.0,6.0,2
21,1,1,3.0,7.0,4.0,2.0,3,0.0,7.97,0.0,7.0,2.0,3.0,5.0,6.0,10.0,6.0,6.0,5.0,2
24,0,0,3.0,6.0,4.0,0.0,1,3.0,5.85,3.0,7.0,5.0,6.0,5.0,3.0,7.0,4.0,7.0,3.0,0
24,0,2,4.0,7.0,4.0,0.0,4,4.0,8.6,2.0,6.0,4.0,4.0,8.0,6.0,7.0,8.0,5.0,6.0,2
18,2,2,4.0,9.0,3.0,4.0,2,4.0,7.6,1.0,4.0,5.0,4.0,6.0,4.0,8.0,7.0,6.0,5.0,2
23,1,1,4.0,5.0,1.0,2.0,0,2.0,6.48,2.0,6.0,4.0,6.0,6.0,6.0,7.0,4.0,6.0,4.0,0
26,1,1,2.0,6.0,3.0,3.0,1,5.0,6.43,2.0,10.0,6.0,5.0,6.0,2.0,7.0,5.0,6.0,4.0,2
19,1,2,5.0,7.0,4.0,5.0,0,3.0,6.74,2.0,8.0,4.0,5.0,6.0,7.0,7.0,7.0,5.0,5.0,2
20,1,1,2.0,7.0,3.0,0.0,3,3.0,5.26,1.0,7.0,4.0,5.0,3.0,3.0,6.0,5.0,7.0,2.0,0
22,2,0,2.0,6.0,3.0,0.0,3,2.0,5.56,1.0,9.0,4.0,5.0,5.0,5.0,6.0,5.0,3.0,4.0,0
26,1,1,3.0,6.0,4.0,2.0,4,4.0,5.05,1.0,6.0,6.0,6.0,4.0,4.0,4.0,3.0,7.0,1.0,0
21,1,0,5.0,7.0,4.0,0.0,0,1.0,7.17,2.0,5.0,8.0,5.0,3.0,5.0,8.0,5.0,7.0,3.0,0
18,1,1,2.0,4.0,5.0,1.0,1,3.0,6.26,3.0,4.0,6.0,3.0,7.0,3.0,7.0,6.0,4.0,6.0,2
21,1,1,5.0,7.0,3.0,0.0,0,4.0,6.95,2.0,5.0,5.0,5.0,5.0,6.0,7.0,5.0,5.0,4.0,0
23,0,1,0.0,4.0,3.0,1.0,0,6.0,7.6,1.0,5.0,6.0,3.0,5.0,3.0,7.0,6.0,3.0,5.0,2
22,1,2,5.0,9.0,3.0,2.0,0,4.0,7.63,0.0,9.0,6.0,4.0,4.0,4.0,8.0,6.0,5.0,4.0,2
18,1,2,6.0,8.0,2.0,0.0,0,0.0,4.21,2.0,1.0,3.0,4.0,5.0,6.0,5.0,2.0,6.0,2.0,0
21,2,1,5.0,8.0,3.0,2.0,3,4.0,6.17,1.0,5.0,6.0,6.0,6.0,3.0,5.0,3.0,6.0,3.0,0
23,1,1,4.0,7.0,2.0,1.0,4,2.0,4.88,0.0,4.0,4.0,5.0,5.0,4.0,5.0,4.0,6.0,3.0,0
21,0,1,3.0,7.0,4.0,1.0,1,4.0,5.74,1.0,4.0,4.0,5.0,6.0,5.0,5.0,5.0,6.0,3.0,0
26,1,1,3.0,5.0,2.0,2.0,2,1.0,3.95,1.0,6.0,6.0,8.0,2.0,4.0,4.0,1.0,8.0,1.0,0
22,0,2,3.0,5.0,5.0,2.0,3,2.0,7.56,1.0,4.0,5.0,4.0,6.0,2.0,8.0,5.0,7.0,4.0,2
25,1,1,3.0,5.0,0.0,2.0,3,3.0,4.42,3.0,4.0,3.0,5.0,6.0,2.0,5.0,4.0,5.0,3.0,0
26,1,1,5.0,8.0,3.0,2.0,1,3.0,5.27,2.0,4.0,4.0,5.0,7.0,3.0,6.0,5.0,7.0,4.0,2
22,0,0,4.0,7.0,4.0,0.0,1,4.0,5.41,3.0,7.0,4.0,4.0,7.0,5.0,4.0,4.0,4.0,4.0,0
23,1,1,5.0,8.0,2.0,1.0,4,4.0,7.66,2.0,2.0,4.0,4.0,5.0,4.0,7.0,5.0,4.0,4.0,2
18,0,2,9.0,12.0,2.0,1.0,2,1.0,6.63,1.0,6.0,6.0,7.0,5.0,8.0,9.0,2.0,7.0,3.0,0
24,1,1,6.0,9.0,4.0,1.0,3,5.0,5.75,3.0,6.0,5.0,4.0,6.0,6.0,6.0,4.0,6.0,3.0,0
21,0,1,4.0,6.0,4.0,1.0,4,3.0,5.13,1.0,8.0,5.0,5.0,4.0,4.0,5.0,4.0,6.0,2.0,0
19,2,2,3.0,6.0,2.0,2.0,3,1.0,6.92,1.0,7.0,4.0,3.0,6.0,5.0,7.0,4.0,5.0,4.0,2
22,1,1,5.0,8.0,3.0,3.0,4,0.0,4.42,1.0,8.0,5.0,4.0,7.0,4.0,5.0,2.0,6.0,3.0,0
20,1,1,5.0,8.0,5.0,1.0,4,5.0,5.46,3.0,7.0,7.0,7.0,5.0,5.0,5.0,6.0,5.0,3.0,0
23,0,2,5.0,6.0,3.0,1.0,2,2.0,8.61,1.0,4.0,5.0,3.0,6.0,3.0,9.0,7.0,5.0,6.0,2
25,0,2,6.0,8.0,2.0,3.0,0,2.0,7.69,0.0,3.0,5.0,4.0,6.0,5.0,8.0,5.0,5.0,5.0,2
24,1,2,3.0,4.0,1.0,3.0,3,4.0,4.77,1.0,7.0,4.0,4.0,7.0,4.0,5.0,4.0,4.0,4.0,2
20,0,2,4.0,8.0,3.0,2.0,4,1.0,8.05,2.0,6.0,6.0,8.0,4.0,4.0,7.0,2.0,8.0,2.0,0
25,1,1,4.0,7.0,4.0,0.0,4,2.0,6.49,2.0,7.0,4.0,6.0,4.0,3.0,7.0,4.0,8.0,3.0,0
19,1,1,5.0,7.0,4.0,3.0,1,2.0,7.42,2.0,8.0,8.0,7.0,3.0,4.0,7.0,4.0,7.0,2.0,0
26,2,2,3.0,7.0,5.0,3.0,0,3.0,6.98,1.0,6.0,4.0,5.0,5.0,3.0,7.0,5.0,4.0,4.0,2
21,0,1,5.0,7.0,3.0,3.0,1,4.0,6.27,2.0,5.0,7.0,6.0,5.0,5.0,6.0,5.0,5.0,3.0,0
18,0,1,1.0,4.0,3.0,1.0,0,4.0,6.72,1.0,6.0,4.0,4.0,6.0,2.0,7.0,6.0,4.0,5.0,2
25,1,1,4.0,6.0,3.0,4.0,2,4.0,7.96,2.0,5.0,5.0,3.0,6.0,4.0,8.0,5.0,5.0,5.0,2
24,1,1,7.0,11.0,4.0,0.0,2,5.0,8.48,1.0,10.0,5.0,3.0,4.0,7.0,10.0,7.0,5.0,6.0,2
22,0,1,3.0,8.0,2.0,3.0,1,2.0,6.83,0.0,10.0,4.0,4.0,4.0,5.0,7.0,5.0,8.0,4.0,0
22,1,1,4.0,7.0,3.0,3.0,1,3.0,5.49,0.0,6.0,4.0,4.0,7.0,7.0,6.0,5.0,5.0,4.0,2
24,1,2,6.0,8.0,2.0,3.0,0,2.0,6.45,2.0,6.0,5.0,5.0,6.0,6.0,7.0,6.0,7.0,5.0,2
22,1,1,5.0,8.0,0.0,0.0,0,3.0,9.07,1.0,7.0,3.0,2.0,8.0,4.0,8.0,7.0,4.0,7.0,2
25,0,2,1.0,4.0,3.0,0.0,1,3.0,7.38,2.0,8.0,2.0,2.0,6.0,3.0,8.0,6.0,2.0,6.0,2
23,1,2,4.0,5.0,4.0,2.0,1,1.0,7.45,2.0,7.0,4.0,4.0,6.0,5.0,8.0,6.0,6.0,5.0,2
22,1,1,5.0,8.0,1.0,3.0,4,3.0,6.82,2.0,4.0,5.0,6.0,5.0,5.0,6.0,6.0,6.0,4.0,0
26,0,1,6.0,8.0,4.0,1.0,3,3.0,7.46,2.0,5.0,7.0,6.0,3.0,5.0,7.0,4.0,5.0,3.0,0
19,0,1,6.0,8.0,4.0,1.0,1,3.0,6.13,2.0,6.0,8.0,5.0,3.0,5.0,6.0,4.0,6.0,3.0,0
18,1,1,4.0,5.0,2.0,1.0,0,2.0,6.96,0.0,6.0,5.0,6.0,3.0,5.0,7.0,3.0,6.0,2.0,0
25,0,2,5.0,9.0,5.0,1.0,4,0.0,5.38,0.0,3.0,8.0,7.0,3.0,6.0,5.0,3.0,8.0,1.0,0
20,1,1,4.0,8.0,2.0,5.0,2,3.0,4.95,0.0,8.0,6.0,6.0,5.0,4.0,4.0,4.0,7.0,2.0,0
24,1,1,3.0,7.0,1.0,3.0,2,4.0,5.33,1.0,9.0,3.0,4.0,6.0,5.0,5.0,6.0,4.0,4.0,2
25,0,1,6.0,9.0,4.0,0.0,2,6.0,8.0,2.0,7.0,6.0,6.0,5.0,5.0,8.0,6.0,3.0,5.0,2
23,1,2,6.0,7.0,4.0,3.0,4,4.0,5.0,0.0,8.0,6.0,5.0,4.0,4.0,6.0,5.0,6.0,3.0,0
26,1,1,4.0,7.0,5.0,0.0,1,7.0,8.97,2.0,6.0,8.0,5.0,4.0,5.0,9.0,6.0,5.0,5.0,2
24,0,2,3.0,7.0,3.0,1.0,3,3.0,7.6,1.0,5.0,4.0,3.0,6.0,5.0,8.0,6.0,5.0,5.0,2
22,2,2,4.0,6.0,4.0,0.0,2,3.0,7.69,1.0,6.0,7.0,7.0,4.0,4.0,8.0,5.0,6.0,3.0,0
25,0,1,4.0,7.0,2.0,0.0,1,3.0,4.94,2.0,4.0,6.0,7.0,3.0,3.0,5.0,4.0,7.0,2.0,0
19,1,1,5.0,7.0,4.0,2.0,2,2.0,5.89,2.0,8.0,6.0,5.0,6.0,4.0,6.0,5.0,6.0,4.0,0
24,1,1,4.0,6.0,5.0,1.0,2,4.0,6.88,2.0,10.0,7.0,5.0,5.0,4.0,6.0,7.0,5.0,4.0,2
21,1,1,4.0,7.0,6.0,2.0,2,5.0,6.56,2.0,4.0,5.0,4.0,5.0,4.0,7.0,6.0,5.0,4.0,2
26,1,1,4.0,8.0,2.0,0.0,0,4.0,8.12,1.0,7.0,5.0,3.0,6.0,6.0,9.0,7.0,4.0,6.0,2
18,1,1,4.0,5.0,5.0,5.0,4,3.0,6.01,3.0,10.0,7.0,5.0,4.0,5.0,7.0,6.0,5.0,4.0,0
24,0,1,4.0,6.0,2.0,1.0,4,2.0,7.64,2.0,6.0,6.0,6.0,4.0,4.0,8.0,4.0,5.0,3.0,0
23,1,2,4.0,8.0,2.0,3.0,0,3.0,7.76,4.0,9.0,5.0,4.0,5.0,5.0,7.0,6.0,5.0,4.0,2
25,1,0,3.0,7.0,2.0,1.0,2,3.0,6.76,2.0,9.0,3.0,3.0,5.0,4.0,7.0,5.0,4.0,4.0,2
22,0,2,3.0,6.0,4.0,1.0,4,3.0,6.44,2.0,5.0,4.0,3.0,7.0,3.0,7.0,5.0,3.0,6.0,2
18,1,1,2.0,6.0,3.0,0.0,4,3.0,4.71,1.0,2.0,3.0,4.0,4.0,3.0,6.0,4.0,4.0,4.0,0
18,2,0,3.0,6.0,1.0,5.0,4,2.0,6.82,2.0,7.0,4.0,3.0,5.0,3.0,6.0,6.0,7.0,4.0,2
26,1,1,6.0,10.0,4.0,5.0,2,5.0,7.57,0.0,7.0,5.0,4.0,5.0,7.0,8.0,7.0,5.0,5.0,2
23,0,1,5.0,8.0,5.0,1.0,2,6.0,5.69,1.0,5.0,5.0,6.0,5.0,7.0,7.0,7.0,5.0,4.0,2
22,0,1,3.0,6.0,3.0,2.0,4,3.0,5.04,0.0,9.0,5.0,5.0,5.0,3.0,3.0,4.0,6.0,2.0,0
18,0,1,4.0,6.0,4.0,2.0,3,3.0,5.79,1.0,9.0,5.0,6.0,2.0,3.0,6.0,5.0,5.0,2.0,0
23,1,1,3.0,7.0,2.0,3.0,1,4.0,6.23,1.0,10.0,4.0,2.0,6.0,1.0,6.0,8.0,4.0,5.0,2
23,2,2,5.0,8.0,4.0,4.0,1,2.0,7.22,1.0,6.0,4.0,3.0,8.0,6.0,8.0,5.0,6.0,5.0,2
20,1,1,4.0,7.0,2.0,0.0,2,4.0,6.65,1.0,6.0,5.0,6.0,5.0,4.0,7.0,4.0,5.0,4.0,0
25,1,1,5.0,6.0,3.0,0.0,3,2.0,5.54,2.0,7.0,8.0,9.0,2.0,3.0,6.0,4.0,8.0,1.0,0
18,1,1,4.0,6.0,2.0,1.0,3,2.0,3.88,3.0,8.0,5.0,6.0,4.0,3.0,5.0,2.0,5.0,2.0,0
18,1,2,6.0,10.0,2.0,0.0,3,1.0,8.19,0.0,7.0,7.0,7.0,5.0,6.0,8.0,4.0,9.0,3.0,0
23,1,0,2.0,7.0,2.0,1.0,0,2.0,4.73,2.0,7.0,6.0,5.0,4.0,3.0,4.0,3.0,5.0,2.0,0
18,1,2,3.0,6.0,2.0,2.0,0,3.0,6.16,2.0,4.0,4.0,4.0,5.0,3.0,6.0,4.0,4.0,4.0,0
23,1,1,3.0,6.0,3.0,3.0,4,6.0,6.35,1.0,8.0,4.0,4.0,5.0,4.0,6.0,7.0,4.0,5.0,2
18,0,2,5.0,7.0,2.0,1.0,3,3.0,4.24,2.0,5.0,4.0,4.0,6.0,2.0,5.0,4.0,5.0,3.0,0
23,1,1,3.0,7.0,6.0,3.0,1,2.0,4.62,0.0,8.0,8.0,7.0,4.0,4.0,5.0,3.0,6.0,2.0,0
20,0,0,3.0,6.0,3.0,1.0,0,4.0,3.75,2.0,4.0,6.0,7.0,5.0,3.0,4.0,2.0,6.0,2.0,0
25,2,2,4.0,8.0,1.0,3.0,2,5.0,7.54,0.0,9.0,5.0,3.0,6.0,6.0,7.0,5.0,4.0,5.0,2
23,1,1,8.0,9.0,0.0,0.0,2,5.0,6.12,3.0,6.0,4.0,4.0,6.0,7.0,6.0,7.0,6.0,5.0,2
18,0,2,3.0,7.0,5.0,2.0,3,1.0,6.29,0.0,6.0,3.0,3.0,6.0,2.0,5.0,6.0,5.0,4.0,2
22,2,1,6.0,9.0,4.0,0.0,4,3.0,6.48,2.0,6.0,6.0,7.0,3.0,6.0,5.0,6.0,7.0,2.0,0
25,1,1,4.0,8.0,2.0,2.0,3,6.0,4.36,3.0,4.0,5.0,6.0,3.0,6.0,5.0,5.0,6.0,2.0,0
20,1,2,4.0,7.0,3.0,2.0,2,1.0,4.24,0.0,4.0,4.0,6.0,4.0,3.0,4.0,4.0,6.0,2.0,0
23,0,1,3.0,8.0,2.0,0.0,2,3.0,6.79,1.0,3.0,4.0,5.0,4.0,4.0,6.0,5.0,7.0,3.0,0
22,2,0,5.0,9.0,4.0,2.0,4,3.0,6.13,4.0,7.0,6.0,6.0,3.0,5.0,6.0,6.0,8.0,3.0,0
23,0,1,6.0,8.0,5.0,2.0,0,1.0,4.28,1.0,8.0,6.0,7.0,3.0,5.0,4.0,5.0,7.0,2.0,0
18,1,2,6.0,10.0,2.0,3.0,4,4.0,6.66,2.0,6.0,5.0,7.0,6.0,5.0,5.0,6.0,8.0,3.0,0
24,2,2,4.0,8.0,4.0,4.0,1,4.0,6.76,1.0,7.0,6.0,4.0,4.0,4.0,6.0,7.0,5.0,4.0,2
26,1,2,3.0,6.0,3.0,2.0,2,2.0,7.24,1.0,4.0,5.0,6.0,4.0,4.0,7.0,6.0,6.0,4.0,0
19,1,1,7.0,9.0,2.0,2.0,1,1.0,6.99,0.0,6.0,6.0,3.0,3.0,6.0,8.0,7.0,7.0,4.0,2
22,1,1,3.0,7.0,3.0,0.0,2,5.0,6.93,2.0,6.0,5.0,6.0,4.0,4.0,7.0,6.0,4.0,4.0,0
21,1,2,3.0,7.0,2.0,2.0,2,1.0,6.29,0.0,7.0,5.0,5.0,6.0,5.0,5.0,3.0,8.0,3.0,0
23,0,2,4.0,6.0,3.0,2.0,3,5.0,7.59,2.0,3.0,4.0,4.0,5.0,5.0,7.0,7.0,4.0,5.0,2
23,0,1,3.0,6.0,3.0,1.0,2,4.0,7.31,2.0,5.0,5.0,4.0,4.0,2.0,9.0,5.0,3.0,5.0,2
19,0,1,3.0,6.0,4.0,2.0,2,3.0,6.0,2.0,6.0,7.0,7.0,3.0,4.0,5.0,5.0,7.0,2.0,0
19,1,0,5.0,10.0,3.0,2.0,2,5.0,3.69,1.0,3.0,3.0,5.0,5.0,3.0,5.0,4.0,5.0,3.0,0
21,0,2,8.0,11.0,2.0,0.0,2,3.0,5.66,1.0,8.0,6.0,6.0,5.0,7.0,5.0,3.0,7.0,2.0,0
18,0,2,5.0,8.0,4.0,2.0,3,3.0,5.09,0.0,7.0,5.0,6.0,7.0,5.0,4.0,6.0,9.0,3.0,0
26,1,2,6.0,9.0,2.0,2.0,3,4.0,9.77,2.0,1.0,5.0,4.0,3.0,6.0,9.0,8.0,5.0,5.0,2
24,2,1,3.0,6.0,3.0,1.0,1,2.0,5.13,2.0,4.0,6.0,6.0,4.0,4.0,7.0,4.0,7.0,3.0,0
24,0,0,4.0,9.0,2.0,3.0,1,3.0,7.62,3.0,6.0,4.0,3.0,6.0,4.0,7.0,5.0,4.0,5.0,2
20,0,1,1.0,4.0,4.0,1.0,1,1.0,4.57,1.0,10.0,6.0,6.0,5.0,1.0,5.0,3.0,6.0,2.0,0
20,1,1,2.0,4.0,2.0,4.0,4,4.0,4.58,1.0,7.0,4.0,5.0,6.0,3.0,4.0,5.0,5.0,3.0,0
18,0,1,4.0,9.0,6.0,3.0,3,2.0,7.73,0.0,1.0,6.0,5.0,4.0,6.0,10.0,5.0,5.0,4.0,2
20,2,1,5.0,7.0,2.0,1.0,3,3.0,5.75,1.0,4.0,5.0,4.0,5.0,5.0,6.0,5.0,5.0,4.0,0
20,1,1,5.0,8.0,4.0,3.0,0,7.0,9.27,2.0,7.0,6.0,5.0,5.0,3.0,8.0,7.0,3.0,6.0,2
21,0,2,4.0,7.0,4.0,3.0,0,2.0,8.36,2.0,3.0,3.0,3.0,7.0,4.0,9.0,5.0,4.0,5.0,2
21,1,2,6.0,8.0,1.0,0.0,0,5.0,5.97,1.0,8.0,5.0,5.0,6.0,6.0,6.0,4.0,6.0,4.0,0
20,0,0,5.0,7.0,1.0,1.0,1,3.0,4.69,2.0,6.0,5.0,6.0,6.0,5.0,5.0,5.0,6.0,3.0,0
25,0,1,1.0,3.0,2.0,1.0,2,4.0,7.33,2.0,9.0,5.0,4.0,6.0,3.0,8.0,6.0,1.0,5.0,2
25,0,2,1.0,5.0,3.0,5.0,4,5.0,6.18,1.0,4.0,4.0,4.0,5.0,1.0,6.0,4.0,4.0,4.0,0
18,0,2,4.0,8.0,2.0,0.0,3,4.0,7.79,1.0,7.0,3.0,2.0,7.0,5.0,7.0,7.0,4.0,6.0,2
24,1,1,4.0,7.0,2.0,2.0,1,3.0,8.47,3.0,7.0,4.0,4.0,8.0,5.0,9.0,6.0,5.0,6.0,2
19,1,1,4.0,8.0,5.0,1.0,4,0.0,5.8,0.0,10.0,6.0,6.0,6.0,4.0,5.0,3.0,5.0,3.0,0
18,0,1,4.0,6.0,2.0,0.0,3,4.0,7.11,1.0,8.0,5.0,4.0,4.0,4.0,6.0,7.0,5.0,4.0,2
20,1,1,3.0,6.0,4.0,2.0,4,3.0,5.71,1.0,6.0,5.0,6.0,5.0,5.0,6.0,3.0,7.0,2.0,0
21,0,1,3.0,6.0,3.0,2.0,4,2.0,7.75,0.0,3.0,3.0,4.0,8.0,6.0,8.0,5.0,4.0,6.0,2
23,1,2,4.0,7.0,3.0,3.0,3,2.0,5.32,1.0,4.0,5.0,6.0,6.0,4.0,5.0,5.0,6.0,4.0,0
22,1,2,5.0,7.0,2.0,2.0,4,1.0,7.53,0.0,7.0,6.0,4.0,5.0,5.0,8.0,6.0,5.0,5.0,2
21,0,2,2.0,7.0,3.0,0.0,0,3.0,6.89,2.0,6.0,5.0,6.0,4.0,4.0,7.0,5.0,6.0,3.0,0
25,0,2,4.0,6.0,1.0,3.0,0,2.0,4.74,1.0,8.0,3.0,4.0,6.0,4.0,4.0,6.0,4.0,4.0,2
21,1,1,6.0,9.0,2.0,2.0,4,2.0,4.88,4.0,4.0,4.0,6.0,4.0,5.0,6.0,3.0,8.0,2.0,0
19,1,1,1.0,4.0,2.0,0.0,1,4.0,6.28,2.0,5.0,4.0,3.0,6.0,2.0,7.0,5.0,5.0,5.0,2
20,1,1,5.0,8.0,4.0,0.0,2,3.0,5.72,2.0,9.0,6.0,5.0,5.0,5.0,5.0,6.0,6.0,4.0,0
23,1,1,4.0,6.0,5.0,1.0,3,3.0,3.53,1.0,7.0,7.0,6.0,4.0,4.0,4.0,3.0,8.0,1.0,0
25,1,0,3.0,6.0,5.0,4.0,1,2.0,4.42,2.0,6.0,6.0,8.0,3.0,4.0,5.0,3.0,7.0,1.0,0
25,1,2,3.0,4.0,3.0,0.0,2,3.0,4.9,0.0,2.0,3.0,7.0,6.0,4.0,5.0,4.0,7.0,3.0,0
26,0,1,6.0,8.0,2.0,2.0,3,2.0,7.22,2.0,5.0,6.0,4.0,5.0,5.0,8.0,6.0,7.0,4.0,2
24,0,1,4.0,8.0,3.0,2.0,2,1.0,6.32,1.0,5.0,5.0,7.0,5.0,5.0,6.0,4.0,9.0,3.0,0
19,1,2,2.0,7.0,3.0,3.0,3,2.0,5.27,0.0,9.0,5.0,4.0,7.0,5.0,4.0,4.0,6.0,3.0,0
25,0,2,3.0,5.0,3.0,1.0,0,2.0,5.84,0.0,9.0,7.0,7.0,4.0,5.0,7.0,2.0,4.0,3.0,0
24,2,2,3.0,9.0,4.0,1.0,1,2.0,7.58,3.0,6.0,7.0,4.0,4.0,3.0,8.0,5.0,5.0,4.0,2
25,1,1,5.0,9.0,2.0,4.0,2,3.0,8.25,2.0,6.0,4.0,3.0,6.0,5.0,7.0,5.0,5.0,5.0,2
20,1,1,3.0,8.0,3.0,0.0,0,5.0,4.7,4.0,7.0,4.0,7.0,4.0,5.0,4.0,3.0,5.0,2.0,0
24,0,1,4.0,7.0,3.0,0.0,1,1.0,5.68,1.0,7.0,7.0,5.0,6.0,2.0,6.0,4.0,7.0,3.0,0
26,1,2,3.0,6.0,3.0,0.0,4,4.0,6.97,1.0,6.0,5.0,4.0,5.0,3.0,9.0,7.0,4.0,6.0,2
20,0,1,3.0,7.0,2.0,1.0,1,5.0,6.06,1.0,7.0,4.0,5.0,5.0,4.0,7.0,5.0,6.0,4.0,0
23,0,1,4.0,8.0,1.0,5.0,1,4.0,7.94,0.0,6.0,4.0,4.0,5.0,5.0,8.0,7.0,4.0,5.0,2
19,0,2,3.0,5.0,1.0,0.0,0,3.0,5.14,1.0,3.0,5.0,7.0,4.0,4.0,6.0,3.0,7.0,2.0,0
19,0,1,3.0,6.0,5.0,2.0,0,4.0,5.89,2.0,4.0,5.0,7.0,4.0,4.0,8.0,4.0,6.0,3.0,0
22,0,2,3.0,3.0,1.0,1.0,2,4.0,6.71,1.0,6.0,2.0,2.0,7.0,2.0,9.0,6.0,2.0,7.0,2
22,1,1,6.0,9.0,2.0,1.0,2,0.0,6.45,3.0,9.0,6.0,4.0,5.0,5.0,6.0,5.0,6.0,4.0,0
24,1,1,4.0,9.0,2.0,0.0,4,0.0,6.03,1.0,9.0,4.0,5.0,4.0,4.0,8.0,5.0,9.0,3.0,0
19,0,2,3.0,5.0,2.0,1.0,0,3.0,6.75,1.0,2.0,4.0,4.0,6.0,3.0,6.0,7.0,5.0,5.0,2
24,2,1,5.0,8.0,6.0,0.0,0,3.0,7.26,0.0,5.0,5.0,4.0,7.0,4.0,6.0,5.0,4.0,5.0,2
22,0,1,5.0,8.0,4.0,4.0,1,5.0,5.81,1.0,4.0,4.0,2.0,9.0,6.0,6.0,5.0,5.0,5.0,2
23,2,1,3.0,5.0,2.0,1.0,1,3.0,6.31,0.0,7.0,4.0,4.0,6.0,5.0,6.0,5.0,4.0,4.0,2
25,1,2,6.0,9.0,3.0,0.0,4,2.0,4.97,1.0,6.0,6.0,7.0,4.0,6.0,5.0,4.0,7.0,2.0,0
21,1,2,5.0,7.0,4.0,4.0,1,1.0,5.38,2.0,6.0,6.0,5.0,5.0,6.0,6.0,4.0,6.0,3.0,0
24,1,0,5.0,7.0,4.0,0.0,1,2.0,5.38,2.0,7.0,5.0,5.0,7.0,3.0,6.0,4.0,7.0,4.0,0
23,1,2,5.0,7.0,4.0,3.0,2,2.0,6.52,2.0,7.0,6.0,5.0,2.0,4.0,7.0,4.0,6.0,3.0,0
19,0,2,5.0,6.0,5.0,1.0,4,3.0,6.33,1.0,5.0,8.0,8.0,2.0,5.0,6.0,5.0,8.0,2.0,0
25,2,1,4.0,7.0,2.0,3.0,2,4.0,7.81,1.0,7.0,4.0,4.0,7.0,4.0,9.0,7.0,4.0,6.0,2
26,0,2,5.0,8.0,3.0,0.0,4,1.0,5.41,1.0,9.0,4.0,6.0,4.0,4.0,5.0,5.0,8.0,2.0,0
22,0,1,4.0,8.0,3.0,3.0,2,4.0,5.73,0.0,9.0,6.0,6.0,4.0,3.0,6.0,4.0,8.0,2.0,0
21,1,2,6.0,9.0,3.0,2.0,2,0.0,5.7,1.0,5.0,5.0,3.0,6.0,5.0,7.0,5.0,6.0,4.0,2
23,1,2,1.0,5.0,2.0,2.0,4,5.0,9.82,0.0,9.0,6.0,3.0,6.0,2.0,10.0,8.0,2.0,7.0,1
25,1,2,3.0,4.0,4.0,2.0,1,2.0,7.63,1.0,9.0,6.0,6.0,4.0,2.0,7.0,5.0,6.0,3.0,0
20,0,1,5.0,10.0,4.0,0.0,3,5.0,5.42,0.0,5.0,6.0,6.0,3.0,6.0,5.0,4.0,7.0,2.0,0
18,1,2,4.0,7.0,2.0,6.0,0,2.0,5.35,2.0,8.0,4.0,5.0,4.0,4.0,3.0,3.0,6.0,2.0,0
21,2,1,3.0,6.0,3.0,2.0,4,3.0,4.94,3.0,6.0,5.0,5.0,6.0,4.0,4.0,3.0,7.0,2.0,0
21,0,1,4.0,8.0,4.0,1.0,3,2.0,7.25,0.0,9.0,5.0,4.0,5.0,5.0,7.0,6.0,6.0,4.0,2
18,1,0,2.0,5.0,2.0,1.0,2,4.0,8.59,1.0,6.0,5.0,2.0,8.0,4.0,9.0,7.0,5.0,7.0,1
26,1,1,2.0,5.0,2.0,2.0,1,2.0,7.01,1.0,9.0,4.0,6.0,5.0,3.0,8.0,4.0,6.0,4.0,0
20,0,1,4.0,6.0,2.0,2.0,2,1.0,6.25,1.0,7.0,6.0,7.0,4.0,6.0,5.0,4.0,6.0,2.0,0
22,1,2,5.0,8.0,1.0,2.0,4,4.0,5.33,3.0,5.0,3.0,6.0,5.0,4.0,4.0,3.0,5.0,2.0,0
23,0,2,3.0,7.0,2.0,1.0,3,2.0,7.79,0.0,4.0,3.0,4.0,6.0,5.0,8.0,7.0,5.0,6.0,2
25,0,2,1.0,2.0,0.0,2.0,2,6.0,6.0,1.0,4.0,4.0,5.0,5.0,4.0,4.0,4.0,4.0,3.0,0
23,1,2,4.0,10.0,2.0,3.0,1,4.0,7.46,3.0,5.0,6.0,4.0,4.0,6.0,7.0,5.0,7.0,4.0,0
20,0,1,5.0,7.0,6.0,4.0,4,5.0,8.51,0.0,5.0,6.0,4.0,4.0,4.0,8.0,5.0,6.0,4.0,0
23,1,1,2.0,6.0,2.0,2.0,4,5.0,5.28,3.0,7.0,4.0,4.0,6.0,5.0,6.0,7.0,6.0,4.0,2
18,0,1,3.0,6.0,4.0,3.0,2,2.0,8.1,1.0,6.0,6.0,5.0,4.0,3.0,9.0,5.0,5.0,4.0,2
21,1,1,5.0,8.0,3.0,0.0,1,3.0,6.68,0.0,9.0,6.0,7.0,4.0,5.0,7.0,4.0,5.0,3.0,0
23,0,2,2.0,6.0,5.0,1.0,4,3.0,6.91,3.0,7.0,6.0,6.0,4.0,3.0,7.0,6.0,7.0,4.0,0
24,0,1,4.0,7.0,2.0,0.0,4,2.0,7.65,3.0,7.0,4.0,4.0,7.0,4.0,8.0,5.0,4.0,5.0,2
20,0,1,3.0,6.0,3.0,0.0,2,2.0,4.14,0.0,6.0,7.0,7.0,4.0,3.0,5.0,4.0,7.0,2.0,0
26,1,2,7.0,10.0,3.0,2.0,3,3.0,7.32,3.0,9.0,5.0,6.0,4.0,5.0,8.0,4.0,8.0,3.0,0
24,0,1,2.0,6.0,3.0,2.0,0,5.0,6.77,2.0,5.0,4.0,3.0,7.0,3.0,8.0,5.0,5.0,5.0,2
18,0,1,1.0,5.0,2.0,2.0,1,3.0,7.51,2.0,1.0,4.0,4.0,8.0,2.0,8.0,5.0,4.0,6.0,2
19,0,1,5.0,6.0,2.0,0.0,4,3.0,6.74,1.0,5.0,4.0,4.0,4.0,6.0,8.0,7.0,5.0,5.0,2
18,0,1,4.0,6.0,1.0,3.0,4,4.0,5.89,2.0,6.0,5.0,4.0,6.0,4.0,6.0,6.0,5.0,4.0,2
26,0,1,2.0,7.0,2.0,0.0,4,5.0,5.95,2.0,5.0,6.0,5.0,6.0,1.0,6.0,7.0,5.0,5.0,2
26,0,2,3.0,7.0,3.0,1.0,3,4.0,6.06,1.0,5.0,6.0,6.0,6.0,6.0,7.0,4.0,5.0,4.0,0
24,1,0,6.0,8.0,5.0,1.0,0,3.0,7.23,3.0,5.0,7.0,6.0,5.0,3.0,7.0,5.0,7.0,3.0,0
20,0,1,4.0,7.0,4.0,0.0,2,3.0,8.4,0.0,6.0,4.0,4.0,6.0,5.0,10.0,5.0,6.0,5.0,2
22,1,1,6.0,9.0,3.0,0.0,1,0.0,4.64,2.0,11.0,6.0,5.0,4.0,6.0,4.0,3.0,8.0,1.0,0
21,0,2,2.0,5.0,2.0,2.0,3,2.0,5.34,1.0,5.0,3.0,4.0,7.0,3.0,5.0,5.0,5.0,4.0,2
24,2,1,6.0,8.0,1.0,1.0,4,4.0,5.81,3.0,7.0,4.0,4.0,7.0,4.0,7.0,6.0,5.0,5.0,2
26,1,1,3.0,5.0,1.0,1.0,0,2.0,4.11,2.0,8.0,2.0,5.0,3.0,6.0,5.0,3.0,5.0,2.0,0
19,0,1,6.0,8.0,3.0,4.0,0,2.0,5.1,1.0,7.0,5.0,5.0,6.0,5.0,5.0,5.0,7.0,3.0,0
25,0,2,6.0,11.0,5.0,3.0,0,4.0,5.69,2.0,7.0,7.0,5.0,5.0,5.0,7.0,7.0,5.0,5.0,2
26,1,2,3.0,6.0,4.0,2.0,2,1.0,6.71,0.0,6.0,5.0,5.0,4.0,4.0,6.0,5.0,5.0,3.0,0
26,0,0,5.0,7.0,3.0,1.0,1,2.0,6.83,3.0,7.0,6.0,4.0,6.0,4.0,5.0,4.0,6.0,3.0,0
24,1,2,4.0,8.0,6.0,3.0,4,2.0,5.52,0.0,5.0,4.0,4.0,4.0,5.0,6.0,4.0,6.0,3.0,0
26,0,1,5.0,7.0,3.0,0.0,3,1.0,8.92,1.0,3.0,6.0,5.0,5.0,6.0,8.0,6.0,8.0,4.0,2
26,0,2,2.0,6.0,4.0,1.0,3,2.0,5.96,1.0,7.0,7.0,6.0,5.0,3.0,6.0,3.0,7.0,2.0,0
20,0,1,3.0,5.0,6.0,2.0,3,0.0,6.99,3.0,10.0,5.0,3.0,5.0,4.0,7.0,4.0,7.0,4.0,0
21,0,0,4.0,7.0,4.0,1.0,3,7.0,6.7,1.0,5.0,5.0,5.0,5.0,4.0,8.0,4.0,5.0,4.0,2
19,0,0,6.0,8.0,4.0,0.0,4,3.0,7.02,3.0,5.0,4.0,5.0,4.0,7.0,8.0,5.0,7.0,4.0,0
20,1,0,4.0,8.0,0.0,2.0,1,3.0,7.68,3.0,10.0,4.0,4.0,7.0,6.0,8.0,5.0,5.0,5.0,2
22,1,2,3.0,8.0,5.0,3.0,4,0.0,6.4,0.0,7.0,7.0,5.0,5.0,3.0,7.0,4.0,8.0,3.0,0
22,0,1,4.0,8.0,1.0,2.0,3,2.0,7.53,3.0,3.0,4.0,2.0,6.0,4.0,7.0,4.0,6.0,5.0,2
23,2,2,2.0,4.0,1.0,3.0,1,3.0,7.41,0.0,11.0,4.0,2.0,5.0,2.0,7.0,8.0,3.0,6.0,2
24,0,0,1.0,4.0,3.0,1.0,2,1.0,7.25,1.0,6.0,5.0,5.0,7.0,2.0,7.0,5.0,7.0,5.0,2
24,0,1,4.0,7.0,4.0,3.0,1,4.0,6.77,2.0,5.0,6.0,4.0,4.0,4.0,7.0,6.0,4.0,4.0,2
18,0,2,4.0,9.0,2.0,0.0,2,3.0,5.17,2.0,2.0,4.0,5.0,5.0,7.0,5.0,6.0,6.0,4.0,0
19,1,0,4.0,6.0,1.0,4.0,4,2.0,5.42,2.0,6.0,4.0,4.0,8.0,6.0,6.0,4.0,5.0,4.0,2
26,0,1,4.0,9.0,0.0,4.0,2,3.0,4.37,2.0,7.0,3.0,5.0,4.0,5.0,4.0,5.0,8.0,2.0,0
19,1,1,7.0,10.0,2.0,3.0,2,2.0,7.75,1.0,8.0,5.0,5.0,7.0,6.0,6.0,5.0,5.0,5.0,2
23,1,1,6.0,9.0,3.0,2.0,1,0.0,6.56,2.0,6.0,5.0,5.0,7.0,4.0,6.0,4.0,7.0,3.0,0
18,0,1,3.0,7.0,1.0,0.0,4,3.0,7.82,1.0,7.0,5.0,4.0,5.0,3.0,8.0,4.0,5.0,4.0,2
20,0,1,5.0,7.0,5.0,0.0,1,1.0,4.97,2.0,6.0,6.0,6.0,5.0,6.0,3.0,4.0,9.0,1.0,0
19,0,1,7.0,9.0,2.0,2.0,0,3.0,6.52,0.0,6.0,6.0,6.0,4.0,6.0,6.0,4.0,6.0,3.0,0
20,0,2,7.0,8.0,2.0,0.0,2,5.0,5.74,4.0,1.0,6.0,6.0,4.0,5.0,7.0,5.0,4.0,4.0,0
22,0,1,6.0,11.0,4.0,3.0,1,3.0,5.45,2.0,6.0,6.0,5.0,6.0,5.0,5.0,4.0,6.0,3.0,0
23,0,0,4.0,7.0,2.0,1.0,4,3.0,5.47,2.0,7.0,6.0,5.0,5.0,5.0,6.0,5.0,5.0,4.0,0
26,0,1,2.0,5.0,5.0,1.0,1,1.0,9.86,2.0,4.0,6.0,2.0,7.0,4.0,9.0,6.0,4.0,6.0,2
21,1,2,3.0,7.0,4.0,2.0,0,1.0,7.52,2.0,7.0,4.0,4.0,7.0,3.0,8.0,6.0,5.0,5.0,2
24,2,1,5.0,6.0,3.0,0.0,2,4.0,5.75,2.0,6.0,6.0,6.0,5.0,5.0,5.0,6.0,6.0,3.0,0
23,0,2,4.0,7.0,5.0,0.0,0,4.0,5.15,2.0,4.0,5.0,5.0,4.0,5.0,5.0,5.0,6.0,3.0,0
19,0,2,4.0,7.0,5.0,1.0,0,5.0,5.84,2.0,6.0,7.0,5.0,5.0,4.0,6.0,5.0,6.0,3.0,0
25,0,2,5.0,10.0,2.0,1.0,2,6.0,8.49,1.0,8.0,6.0,5.0,6.0,4.0,8.0,8.0,4.0,6.0,2
24,1,1,6.0,10.0,2.0,1.0,0,2.0,5.67,0.0,5.0,4.0,5.0,5.0,6.0,6.0,3.0,8.0,2.0,0
24,1,1,6.0,9.0,2.0,1.0,2,4.0,5.08,1.0,3.0,7.0,6.0,5.0,5.0,6.0,4.0,5.0,3.0,0
25,0,1,5.0,8.0,4.0,0.0,2,5.0,5.12,2.0,4.0,7.0,7.0,4.0,6.0,6.0,4.0,7.0,2.0,0
18,0,1,5.0,9.0,2.0,2.0,3,6.0,7.74,3.0,5.0,3.0,3.0,6.0,5.0,7.0,7.0,3.0,6.0,2
18,0,1,3.0,5.0,3.0,3.0,4,5.0,5.33,2.0,7.0,4.0,6.0,4.0,4.0,5.0,6.0,4.0,3.0,0
25,0,1,4.0,7.0,2.0,0.0,1,2.0,8.05,1.0,7.0,5.0,2.0,8.0,2.0,7.0,5.0,4.0,6.0,2
21,1,2,5.0,8.0,2.0,2.0,1,6.0,6.68,2.0,7.0,5.0,6.0,4.0,3.0,7.0,5.0,7.0,3.0,0
22,1,2,4.0,7.0,3.0,3.0,4,4.0,7.54,0.0,4.0,6.0,6.0,5.0,5.0,9.0,4.0,4.0,5.0,2
25,0,0,2.0,4.0,2.0,1.0,0,3.0,8.15,2.0,7.0,3.0,2.0,5.0,1.0,9.0,9.0,3.0,7.0,2
22,1,1,4.0,6.0,5.0,0.0,4,2.0,5.75,1.0,5.0,6.0,7.0,6.0,6.0,6.0,3.0,6.0,3.0,0
21,0,1,4.0,6.0,3.0,3.0,2,5.0,7.42,0.0,6.0,7.0,6.0,5.0,3.0,8.0,9.0,6.0,5.0,2
23,1,2,4.0,4.0,2.0,0.0,2,7.0,6.46,1.0,8.0,4.0,6.0,5.0,4.0,7.0,6.0,4.0,4.0,2
22,0,1,5.0,9.0,3.0,1.0,1,3.0,6.87,2.0,4.0,6.0,5.0,4.0,5.0,8.0,5.0,7.0,4.0,0
24,1,1,5.0,8.0,4.0,0.0,3,3.0,9.37,2.0,4.0,4.0,1.0,6.0,6.0,9.0,8.0,4.0,7.0,2
24,1,1,6.0,9.0,3.0,0.0,0,4.0,6.44,1.0,5.0,7.0,7.0,6.0,6.0,7.0,3.0,7.0,3.0,0
21,0,2,5.0,8.0,2.0,0.0,4,1.0,7.66,0.0,7.0,6.0,5.0,4.0,4.0,7.0,6.0,6.0,4.0,2
22,0,2,3.0,7.0,2.0,2.0,2,3.0,8.66,1.0,5.0,4.0,3.0,6.0,5.0,9.0,6.0,4.0,6.0,2
20,1,0,6.0,9.0,3.0,3.0,2,4.0,5.8,1.0,4.0,5.0,5.0,4.0,6.0,6.0,4.0,8.0,3.0,0
21,2,0,6.0,8.0,3.0,3.0,3,6.0,5.44,1.0,9.0,6.0,7.0,2.0,5.0,5.0,5.0,5.0,2.0,0
21,1,2,4.0,7.0,4.0,2.0,2,3.0,6.31,1.0,4.0,5.0,6.0,4.0,6.0,5.0,8.0,6.0,4.0,0
20,1,2,6.0,8.0,2.0,0.0,4,4.0,5.37,3.0,5.0,6.0,7.0,4.0,5.0,5.0,4.0,6.0,2.0,0
22,1,1,4.0,8.0,3.0,0.0,1,2.0,5.95,2.0,6.0,5.0,6.0,6.0,1.0,8.0,5.0,7.0,4.0,0
22,1,2,6.0,10.0,2.0,1.0,1,4.0,5.97,3.0,10.0,4.0,4.0,5.0,5.0,6.0,6.0,5.0,4.0,0
24,0,1,6.0,11.0,3.0,3.0,0,3.0,6.27,2.0,5.0,6.0,5.0,6.0,6.0,5.0,6.0,6.0,4.0,0
21,1,2,3.0,6.0,1.0,2.0,4,4.0,5.34,1.0,8.0,3.0,6.0,4.0,5.0,5.0,4.0,6.0,3.0,0
21,0,1,6.0,9.0,4.0,2.0,2,2.0,6.8,2.0,5.0,6.0,5.0,5.0,5.0,7.0,5.0,8.0,4.0,0
26,1,1,4.0,7.0,1.0,2.0,2,1.0,5.96,1.0,2.0,5.0,4.0,4.0,3.0,5.0,4.0,7.0,2.0,0
23,0,1,5.0,8.0,2.0,0.0,4,2.0,6.14,1.0,7.0,3.0,4.0,6.0,5.0,6.0,5.0,6.0,4.0,0
21,1,1,6.0,7.0,3.0,5.0,1,5.0,7.27,0.0,7.0,4.0,3.0,6.0,5.0,8.0,5.0,4.0,5.0,2
19,1,1,4.0,6.0,2.0,0.0,2,3.0,6.86,1.0,7.0,4.0,5.0,4.0,5.0,6.0,5.0,5.0,3.0,0
23,1,1,5.0,8.0,2.0,1.0,2,3.0,7.88,3.0,5.0,5.0,2.0,6.0,7.0,7.0,7.0,4.0,6.0,2
19,0,2,4.0,8.0,4.0,0.0,4,3.0,8.0,0.0,5.0,6.0,5.0,5.0,2.0,9.0,6.0,4.0,5.0,2
22,0,2,3.0,6.0,0.0,0.0,0,3.0,6.05,2.0,7.0,5.0,5.0,4.0,4.0,6.0,5.0,4.0,4.0,0
23,0,2,5.0,8.0,1.0,1.0,4,4.0,6.68,0.0,4.0,3.0,5.0,5.0,4.0,6.0,6.0,6.0,4.0,0
21,0,2,6.0,9.0,2.0,2.0,2,3.0,6.91,1.0,6.0,5.0,4.0,6.0,5.0,7.0,5.0,7.0,4.0,0
20,0,2,4.0,7.0,2.0,2.0,4,7.0,5.79,2.0,5.0,3.0,5.0,4.0,5.0,6.0,7.0,4.0,4.0,0
24,0,0,2.0,6.0,4.0,0.0,4,5.0,5.36,1.0,4.0,6.0,7.0,6.0,5.0,6.0,3.0,7.0,3.0,0
19,1,1,4.0,7.0,4.0,0.0,0,4.0,7.42,2.0,7.0,5.0,4.0,6.0,4.0,8.0,6.0,6.0,5.0,2
23,1,1,3.0,7.0,3.0,0.0,1,4.0,7.89,1.0,7.0,5.0,4.0,7.0,4.0,8.0,5.0,5.0,5.0,2
21,0,2,7.0,10.0,4.0,3.0,4,4.0,5.53,2.0,7.0,7.0,6.0,6.0,5.0,5.0,3.0,7.0,3.0,0
23,0,1,3.0,7.0,0.0,3.0,4,3.0,6.79,1.0,6.0,4.0,3.0,5.0,3.0,7.0,6.0,5.0,5.0,2
21,1,1,1.0,5.0,3.0,2.0,0,4.0,5.74,1.0,3.0,4.0,3.0,5.0,3.0,5.0,6.0,3.0,4.0,2
21,0,2,3.0,6.0,5.0,2.0,2,1.0,5.82,2.0,6.0,4.0,3.0,6.0,6.0,6.0,5.0,5.0,4.0,2
21,0,1,4.0,8.0,3.0,0.0,3,1.0,6.05,2.0,2.0,4.0,3.0,9.0,6.0,6.0,6.0,5.0,6.0,2
26,0,1,4.0,6.0,2.0,2.0,3,2.0,7.4,0.0,2.0,5.0,3.0,5.0,5.0,9.0,6.0,6.0,5.0,2
24,1,1,4.0,8.0,4.0,1.0,2,4.0,7.04,2.0,5.0,6.0,3.0,6.0,3.0,6.0,5.0,4.0,5.0,2
20,0,2,2.0,5.0,3.0,0.0,2,2.0,7.59,3.0,8.0,3.0,3.0,7.0,3.0,8.0,6.0,4.0,6.0,2
20,1,0,4.0,7.0,3.0,0.0,2,4.0,6.6,1.0,1.0,3.0,4.0,5.0,4.0,8.0,6.0,5.0,5.0,2
23,1,1,3.0,5.0,2.0,4.0,1,1.0,4.85,1.0,8.0,6.0,4.0,8.0,3.0,5.0,5.0,6.0,4.0,2
23,0,1,5.0,8.0,5.0,3.0,1,3.0,8.01,1.0,4.0,6.0,4.0,7.0,6.0,8.0,5.0,6.0,5.0,2
21,1,1,2.0,5.0,5.0,1.0,0,1.0,7.59,1.0,6.0,4.0,4.0,6.0,3.0,7.0,6.0,4.0,5.0,2
26,1,2,4.0,8.0,3.0,2.0,2,3.0,3.86,1.0,10.0,4.0,5.0,5.0,4.0,4.0,3.0,9.0,2.0,0
21,1,1,3.0,6.0,2.0,1.0,4,6.0,6.17,2.0,8.0,4.0,3.0,5.0,3.0,5.0,6.0,3.0,4.0,2
26,1,1,5.0,8.0,4.0,1.0,2,3.0,6.37,2.0,6.0,5.0,5.0,4.0,6.0,5.0,5.0,5.0,3.0,0
21,1,1,3.0,8.0,2.0,1.0,2,5.0,7.21,2.0,5.0,4.0,4.0,5.0,4.0,8.0,6.0,6.0,5.0,2
19,1,1,2.0,5.0,2.0,0.0,4,5.0,7.55,2.0,8.0,5.0,5.0,6.0,4.0,8.0,5.0,5.0,5.0,2
19,0,1,6.0,7.0,4.0,2.0,0,3.0,7.1,2.0,4.0,6.0,5.0,6.0,6.0,8.0,7.0,9.0,5.0,2
22,0,2,1.0,3.0,3.0,3.0,2,4.0,6.42,3.0,6.0,5.0,3.0,4.0,2.0,6.0,7.0,3.0,5.0,2
21,2,1,5.0,7.0,5.0,2.0,4,1.0,4.96,1.0,8.0,6.0,8.0,3.0,4.0,5.0,3.0,6.0,1.0,0
24,1,2,5.0,8.0,2.0,3.0,3,3.0,9.04,3.0,8.0,4.0,5.0,6.0,6.0,10.0,8.0,6.0,6.0,2
22,1,1,8.0,11.0,2.0,1.0,3,3.0,8.39,0.0,2.0,7.0,4.0,7.0,7.0,9.0,8.0,7.0,6.0,2
23,0,1,5.0,7.0,4.0,0.0,4,2.0,7.84,1.0,7.0,6.0,7.0,5.0,5.0,7.0,5.0,7.0,4.0,0
21,1,1,5.0,6.0,1.0,2.0,2,3.0,8.33,2.0,5.0,5.0,3.0,7.0,5.0,8.0,7.0,4.0,6.0,2
19,0,2,3.0,5.0,4.0,3.0,1,2.0,5.3,1.0,5.0,5.0,6.0,3.0,3.0,5.0,4.0,7.0,2.0,0
26,0,1,4.0,5.0,3.0,3.0,1,4.0,7.37,2.0,6.0,6.0,4.0,6.0,4.0,7.0,5.0,3.0,5.0,2
24,1,2,4.0,4.0,2.0,3.0,2,1.0,7.47,0.0,11.0,5.0,6.0,5.0,4.0,8.0,4.0,6.0,4.0,0
21,0,1,6.0,7.0,2.0,2.0,4,2.0,4.26,1.0,6.0,5.0,7.0,4.0,6.0,3.0,3.0,6.0,1.0,0
20,1,1,3.0,6.0,2.0,4.0,0,3.0,7.12,1.0,5.0,5.0,5.0,6.0,3.0,7.0,5.0,5.0,4.0,2
20,2,1,1.0,4.0,1.0,2.0,1,1.0,5.56,0.0,4.0,4.0,3.0,6.0,3.0,4.0,4.0,4.0,3.0,0
26,0,1,4.0,8.0,5.0,0.0,3,6.0,7.11,0.0,6.0,6.0,5.0,5.0,5.0,7.0,6.0,5.0,5.0,2
22,0,1,2.0,4.0,3.0,1.0,0,0.0,7.47,3.0,2.0,6.0,2.0,6.0,3.0,7.0,5.0,3.0,5.0,2
20,1,1,5.0,8.0,3.0,2.0,3,2.0,6.5,1.0,8.0,4.0,4.0,5.0,5.0,7.0,4.0,5.0,4.0,0
22,1,1,6.0,8.0,1.0,0.0,2,3.0,7.72,0.0,6.0,6.0,5.0,5.0,4.0,7.0,4.0,5.0,4.0,0
19,1,2,6.0,8.0,2.0,1.0,0,6.0,7.73,2.0,5.0,5.0,3.0,7.0,4.0,7.0,8.0,3.0,6.0,2
21,1,2,3.0,5.0,4.0,3.0,2,1.0,5.33,0.0,7.0,4.0,5.0,6.0,3.0,5.0,3.0,7.0,2.0,0
19,0,1,6.0,11.0,2.0,3.0,1,1.0,4.43,2.0,5.0,6.0,8.0,3.0,5.0,4.0,4.0,10.0,1.0,0
19,2,1,3.0,6.0,2.0,2.0,2,2.0,4.94,2.0,7.0,5.0,5.0,4.0,3.0,4.0,5.0,7.0,3.0,0
25,1,2,3.0,5.0,3.0,1.0,1,5.0,8.79,1.0,3.0,5.0,1.0,6.0,2.0,9.0,9.0,3.0,7.0,1
18,0,1,6.0,10.0,2.0,2.0,1,4.0,5.14,2.0,3.0,5.0,7.0,4.0,5.0,5.0,3.0,7.0,2.0,0
24,0,2,3.0,6.0,2.0,2.0,4,2.0,6.16,4.0,1.0,5.0,5.0,4.0,4.0,6.0,4.0,7.0,3.0,0
22,0,0,4.0,8.0,1.0,0.0,2,5.0,6.61,2.0,7.0,5.0,4.0,5.0,4.0,9.0,4.0,4.0,5.0,2
25,1,2,6.0,9.0,4.0,1.0,0,3.0,5.29,4.0,8.0,5.0,5.0,6.0,5.0,5.0,4.0,4.0,4.0,0
18,1,1,2.0,5.0,5.0,2.0,0,3.0,6.2,2.0,7.0,4.0,3.0,8.0,4.0,6.0,6.0,6.0,5.0,2
24,0,1,3.0,6.0,5.0,0.0,4,4.0,3.99,2.0,8.0,6.0,8.0,2.0,3.0,5.0,5.0,7.0,2.0,0
22,0,2,3.0,6.0,3.0,1.0,2,2.0,7.9,0.0,7.0,4.0,7.0,4.0,5.0,8.0,6.0,7.0,4.0,0
21,2,1,4.0,5.0,3.0,1.0,4,4.0,7.26,1.0,7.0,6.0,4.0,6.0,2.0,8.0,6.0,3.0,5.0,2
24,0,2,3.0,6.0,4.0,3.0,1,3.0,8.3,2.0,6.0,5.0,5.0,3.0,4.0,8.0,6.0,4.0,4.0,0
19,1,1,5.0,8.0,3.0,0.0,2,7.0,6.06,3.0,8.0,5.0,4.0,3.0,6.0,6.0,7.0,5.0,4.0,0
18,0,2,5.0,8.0,4.0,2.0,0,5.0,6.09,2.0,5.0,4.0,5.0,4.0,6.0,7.0,4.0,5.0,3.0,0
18,1,1,4.0,7.0,4.0,0.0,1,3.0,6.82,2.0,7.0,5.0,4.0,6.0,5.0,7.0,5.0,5.0,4.0,2
18,0,1,4.0,9.0,4.0,1.0,4,4.0,5.97,1.0,8.0,5.0,5.0,6.0,5.0,5.0,5.0,6.0,4.0,0
22,0,2,3.0,6.0,2.0,2.0,4,1.0,5.68,3.0,5.0,2.0,3.0,7.0,4.0,5.0,5.0,5.0,4.0,2
24,0,1,4.0,7.0,1.0,0.0,4,4.0,4.2,3.0,7.0,3.0,4.0,5.0,4.0,4.0,5.0,7.0,3.0,0
19,2,1,1.0,5.0,4.0,1.0,2,1.0,8.74,1.0,6.0,4.0,4.0,6.0,2.0,9.0,4.0,6.0,5.0,2
25,0,1,5.0,10.0,3.0,2.0,4,2.0,5.48,1.0,4.0,5.0,7.0,4.0,5.0,6.0,4.0,9.0,2.0,0
21,1,1,3.0,5.0,3.0,3.0,1,4.0,6.34,1.0,8.0,5.0,4.0,6.0,4.0,7.0,5.0,5.0,4.0,2
20,1,2,3.0,5.0,1.0,3.0,2,1.0,6.0,1.0,5.0,3.0,3.0,6.0,3.0,5.0,4.0,5.0,4.0,0
25,0,1,3.0,6.0,5.0,0.0,2,2.0,6.32,0.0,7.0,3.0,5.0,4.0,3.0,7.0,5.0,6.0,4.0,0
19,1,1,4.0,8.0,3.0,0.0,1,2.0,5.55,3.0,4.0,4.0,4.0,4.0,5.0,6.0,4.0,7.0,3.0,0
20,1,1,3.0,6.0,0.0,1.0,0,3.0,6.07,2.0,5.0,5.0,8.0,3.0,3.0,5.0,3.0,7.0,1.0,0
20,1,1,5.0,8.0,5.0,1.0,2,5.0,8.77,1.0,5.0,8.0,6.0,4.0,5.0,9.0,6.0,5.0,5.0,2
18,0,2,2.0,6.0,3.0,1.0,1,5.0,7.38,0.0,5.0,5.0,5.0,7.0,3.0,7.0,7.0,5.0,5.0,2
23,1,1,4.0,6.0,4.0,0.0,2,2.0,5.01,2.0,4.0,5.0,5.0,5.0,5.0,5.0,6.0,4.0,4.0,0
19,2,2,5.0,5.0,7.0,4.0,0,5.0,5.9,2.0,4.0,8.0,4.0,6.0,3.0,5.0,6.0,3.0,4.0,2
18,2,1,5.0,8.0,2.0,0.0,0,3.0,5.02,1.0,6.0,4.0,2.0,8.0,5.0,4.0,7.0,4.0,5.0,2
19,2,1,5.0,8.0,3.0,3.0,3,3.0,4.69,0.0,5.0,6.0,5.0,6.0,5.0,6.0,3.0,6.0,3.0,0
23,1,2,3.0,7.0,2.0,3.0,2,3.0,7.65,0.0,6.0,4.0,3.0,8.0,4.0,9.0,5.0,3.0,6.0,2
21,2,1,4.0,8.0,4.0,0.0,2,4.0,6.27,1.0,7.0,5.0,4.0,5.0,4.0,6.0,5.0,6.0,4.0,0
23,2,1,4.0,9.0,1.0,4.0,1,2.0,8.09,0.0,3.0,5.0,4.0,6.0,4.0,8.0,7.0,7.0,5.0,2
26,2,1,2.0,6.0,5.0,4.0,1,2.0,5.44,2.0,7.0,5.0,6.0,3.0,2.0,5.0,5.0,6.0,2.0,0
25,0,1,4.0,9.0,4.0,1.0,3,5.0,7.83,2.0,7.0,4.0,4.0,5.0,6.0,7.0,7.0,7.0,4.0,2
18,0,1,2.0,6.0,2.0,2.0,1,2.0,6.53,3.0,4.0,6.0,5.0,5.0,5.0,6.0,4.0,5.0,3.0,0
25,1,2,4.0,7.0,3.0,0.0,0,2.0,6.45,0.0,8.0,5.0,5.0,6.0,5.0,7.0,3.0,6.0,4.0,0
26,0,1,6.0,10.0,5.0,4.0,4,1.0,7.71,1.0,5.0,8.0,5.0,4.0,6.0,7.0,4.0,7.0,3.0,0
23,1,1,6.0,8.0,1.0,0.0,2,4.0,6.84,2.0,8.0,4.0,4.0,7.0,5.0,8.0,5.0,4.0,5.0,2
22,1,0,5.0,7.0,3.0,0.0,3,1.0,6.8,2.0,1.0,7.0,6.0,4.0,7.0,7.0,5.0,7.0,3.0,0
23,2,2,4.0,7.0,2.0,3.0,2,5.0,7.3,2.0,8.0,5.0,5.0,6.0,4.0,8.0,6.0,4.0,5.0,2
23,1,1,4.0,7.0,2.0,3.0,3,4.0,3.58,3.0,9.0,6.0,8.0,3.0,5.0,5.0,4.0,6.0,2.0,0
26,1,1,7.0,11.0,0.0,2.0,4,1.0,7.24,4.0,6.0,4.0,5.0,5.0,7.0,7.0,4.0,9.0,3.0,0
21,2,1,4.0,8.0,3.0,3.0,3,3.0,5.86,1.0,8.0,4.0,4.0,5.0,6.0,5.0,5.0,4.0,4.0,0
19,2,1,2.0,6.0,1.0,0.0,3,2.0,5.13,2.0,5.0,6.0,5.0,7.0,3.0,6.0,3.0,6.0,3.0,0
26,1,1,5.0,8.0,3.0,3.0,4,4.0,5.79,1.0,5.0,3.0,2.0,6.0,5.0,5.0,4.0,6.0,4.0,2
19,0,1,5.0,8.0,3.0,2.0,1,3.0,5.57,3.0,9.0,4.0,3.0,6.0,4.0,5.0,6.0,5.0,4.0,2
26,1,1,2.0,7.0,5.0,3.0,0,6.0,8.39,1.0,5.0,7.0,6.0,5.0,3.0,8.0,6.0,6.0,4.0,2
19,1,1,3.0,7.0,5.0,1.0,3,6.0,5.47,1.0,8.0,7.0,6.0,1.0,4.0,5.0,5.0,4.0,2.0,0
25,1,1,4.0,6.0,3.0,3.0,0,2.0,7.13,2.0,4.0,6.0,5.0,5.0,6.0,6.0,5.0,6.0,4.0,0
26,1,1,3.0,5.0,4.0,3.0,3,3.0,7.18,1.0,6.0,5.0,5.0,5.0,4.0,7.0,5.0,6.0,3.0,0
26,1,1,5.0,9.0,4.0,1.0,4,4.0,6.01,3.0,2.0,6.0,5.0,4.0,5.0,5.0,4.0,7.0,2.0,0
26,1,1,3.0,7.0,3.0,1.0,0,2.0,5.7,1.0,6.0,5.0,8.0,3.0,4.0,5.0,3.0,8.0,1.0,0
19,2,2,4.0,6.0,3.0,2.0,2,2.0,6.46,2.0,9.0,4.0,6.0,4.0,3.0,5.0,6.0,6.0,3.0,0
21,0,0,3.0,6.0,5.0,0.0,0,1.0,5.47,1.0,6.0,5.0,5.0,5.0,4.0,6.0,3.0,6.0,3.0,0
24,0,0,5.0,8.0,3.0,1.0,4,1.0,5.56,0.0,8.0,5.0,5.0,6.0,7.0,6.0,4.0,7.0,3.0,0
19,0,1,5.0,7.0,1.0,3.0,1,4.0,7.73,1.0,5.0,4.0,4.0,6.0,7.0,8.0,6.0,5.0,5.0,2
18,1,2,5.0,8.0,3.0,0.0,1,3.0,8.59,2.0,7.0,5.0,4.0,5.0,4.0,8.0,5.0,5.0,4.0,2
20,2,1,1.0,5.0,2.0,0.0,0,2.0,6.52,3.0,7.0,6.0,7.0,5.0,4.0,9.0,5.0,5.0,4.0,2
21,0,1,4.0,7.0,6.0,4.0,4,4.0,4.88,3.0,5.0,6.0,6.0,2.0,5.0,4.0,6.0,5.0,2.0,0
25,1,2,5.0,9.0,2.0,2.0,1,0.0,7.94,2.0,6.0,7.0,7.0,3.0,6.0,8.0,3.0,8.0,2.0,0
23,1,1,5.0,8.0,3.0,2.0,1,3.0,7.11,0.0,8.0,5.0,4.0,5.0,4.0,7.0,7.0,5.0,5.0,2
19,0,1,4.0,7.0,4.0,2.0,1,3.0,7.78,2.0,6.0,6.0,6.0,5.0,6.0,6.0,5.0,8.0,3.0,0
26,0,1,4.0,7.0,7.0,0.0,0,1.0,6.02,1.0,4.0,6.0,4.0,5.0,4.0,6.0,5.0,6.0,4.0,0
19,0,1,3.0,7.0,3.0,4.0,1,4.0,7.73,1.0,4.0,4.0,3.0,6.0,4.0,8.0,5.0,5.0,5.0,2
22,1,2,6.0,8.0,2.0,1.0,4,4.0,6.15,0.0,6.0,6.0,6.0,4.0,6.0,6.0,6.0,6.0,3.0,0
21,1,0,2.0,6.0,2.0,0.0,4,3.0,5.45,1.0,6.0,4.0,4.0,8.0,3.0,6.0,6.0,7.0,5.0,2
24,0,1,5.0,9.0,1.0,1.0,2,2.0,5.1,1.0,9.0,4.0,7.0,5.0,4.0,5.0,2.0,8.0,2.0,0
25,0,0,3.0,6.0,3.0,4.0,1,2.0,6.48,2.0,7.0,3.0,4.0,6.0,1.0,7.0,5.0,4.0,5.0,2
22,1,1,3.0,8.0,3.0,1.0,2,3.0,8.81,2.0,7.0,5.0,4.0,6.0,3.0,10.0,6.0,5.0,6.0,2
22,1,0,4.0,7.0,1.0,3.0,2,2.0,7.38,0.0,4.0,5.0,4.0,6.0,5.0,6.0,4.0,6.0,4.0,0
19,0,2,1.0,6.0,3.0,2.0,1,3.0,5.58,0.0,6.0,5.0,5.0,5.0,3.0,4.0,6.0,4.0,4.0,0
25,0,1,2.0,5.0,3.0,1.0,2,5.0,6.22,0.0,4.0,3.0,5.0,5.0,3.0,6.0,5.0,5.0,4.0,0
19,1,1,2.0,4.0,2.0,0.0,1,4.0,8.42,0.0,9.0,4.0,2.0,7.0,5.0,7.0,7.0,5.0,6.0,2
23,0,1,5.0,9.0,4.0,3.0,3,3.0,7.08,2.0,5.0,5.0,3.0,8.0,4.0,7.0,5.0,8.0,5.0,2
25,0,0,6.0,9.0,2.0,2.0,4,4.0,7.07,2.0,5.0,4.0,4.0,5.0,8.0,7.0,8.0,8.0,5.0,2
23,2,1,2.0,6.0,5.0,0.0,3,3.0,6.27,2.0,6.0,5.0,4.0,5.0,2.0,7.0,6.0,4.0,5.0,2
21,1,2,4.0,5.0,1.0,3.0,0,4.0,5.49,0.0,7.0,3.0,5.0,6.0,4.0,5.0,5.0,4.0,4.0,0
21,1,1,4.0,8.0,3.0,1.0,0,3.0,9.24,1.0,1.0,4.0,3.0,7.0,6.0,8.0,6.0,5.0,6.0,2
23,2,0,4.0,8.0,1.0,1.0,2,6.0,5.83,1.0,5.0,3.0,3.0,5.0,2.0,7.0,5.0,6.0,4.0,2
21,1,1,7.0,11.0,4.0,4.0,3,4.0,8.18,2.0,10.0,7.0,4.0,5.0,6.0,7.0,7.0,7.0,5.0,2
25,0,1,4.0,8.0,3.0,5.0,3,5.0,6.44,2.0,7.0,4.0,5.0,4.0,4.0,6.0,4.0,3.0,3.0,0
26,0,1,3.0,5.0,3.0,0.0,1,1.0,4.75,2.0,7.0,5.0,5.0,4.0,5.0,3.0,5.0,6.0,2.0,0
18,1,1,5.0,11.0,2.0,0.0,2,4.0,7.07,1.0,7.0,4.0,4.0,5.0,5.0,5.0,8.0,6.0,4.0,2
21,0,1,6.0,9.0,4.0,2.0,4,3.0,8.61,5.0,3.0,7.0,4.0,6.0,7.0,9.0,7.0,8.0,5.0,2
21,0,1,2.0,5.0,4.0,3.0,3,4.0,6.16,2.0,11.0,4.0,4.0,5.0,2.0,7.0,2.0,6.0,3.0,0
19,0,1,5.0,9.0,3.0,1.0,3,3.0,5.93,1.0,8.0,5.0,5.0,6.0,4.0,6.0,4.0,4.0,3.0,0
23,1,1,4.0,6.0,2.0,1.0,1,0.0,6.58,1.0,5.0,5.0,1.0,7.0,3.0,6.0,4.0,6.0,5.0,2
20,2,1,3.0,6.0,3.0,0.0,1,6.0,5.03,2.0,8.0,5.0,6.0,4.0,4.0,3.0,5.0,5.0,2.0,0
24,1,1,3.0,7.0,3.0,2.0,4,1.0,5.81,1.0,8.0,6.0,4.0,7.0,4.0,7.0,4.0,5.0,4.0,2
22,0,1,6.0,9.0,3.0,0.0,2,1.0,8.22,1.0,4.0,5.0,4.0,5.0,5.0,7.0,5.0,4.0,4.0,2
21,0,2,5.0,7.0,6.0,1.0,1,2.0,6.12,1.0,11.0,7.0,5.0,4.0,5.0,5.0,4.0,6.0,3.0,0
22,1,1,5.0,8.0,2.0,1.0,0,2.0,4.87,2.0,6.0,3.0,5.0,5.0,6.0,4.0,5.0,7.0,3.0,0
25,0,1,2.0,5.0,3.0,2.0,3,2.0,6.12,2.0,5.0,6.0,6.0,6.0,3.0,7.0,5.0,5.0,4.0,2
20,2,2,5.0,7.0,2.0,3.0,0,3.0,6.36,0.0,9.0,4.0,6.0,3.0,3.0,6.0,6.0,7.0,3.0,0
24,1,1,6.0,9.0,5.0,1.0,0,3.0,6.43,1.0,4.0,6.0,6.0,5.0,6.0,7.0,6.0,8.0,3.0,0
23,1,1,2.0,5.0,2.0,0.0,3,3.0,8.34,3.0,3.0,3.0,3.0,6.0,2.0,8.0,7.0,5.0,6.0,2
18,2,1,4.0,8.0,4.0,0.0,3,3.0,9.37,4.0,3.0,6.0,3.0,7.0,6.0,8.0,8.0,4.0,7.0,2
24,1,1,6.0,8.0,2.0,3.0,1,3.0,6.78,1.0,2.0,4.0,3.0,5.0,5.0,8.0,5.0,4.0,4.0,2
24,1,2,5.0,7.0,3.0,4.0,2,3.0,8.04,2.0,5.0,4.0,3.0,6.0,5.0,8.0,7.0,5.0,6.0,2
18,2,1,5.0,8.0,5.0,0.0,3,4.0,6.74,1.0,7.0,5.0,6.0,3.0,5.0,7.0,3.0,7.0,2.0,0
26,0,1,4.0,7.0,1.0,4.0,2,6.0,4.43,3.0,7.0,4.0,5.0,6.0,5.0,4.0,6.0,6.0,4.0,0
23,2,2,6.0,10.0,2.0,4.0,3,4.0,4.21,1.0,5.0,3.0,4.0,6.0,6.0,4.0,5.0,6.0,3.0,0
19,1,1,4.0,7.0,6.0,0.0,0,7.0,5.97,3.0,4.0,7.0,7.0,5.0,4.0,4.0,7.0,4.0,3.0,0
22,1,1,5.0,8.0,4.0,1.0,0,0.0,5.23,3.0,6.0,8.0,7.0,4.0,6.0,5.0,4.0,8.0,2.0,0
21,1,0,5.0,9.0,1.0,3.0,4,2.0,5.34,3.0,5.0,6.0,7.0,3.0,4.0,5.0,2.0,6.0,1.0,0
24,0,1,2.0,5.0,2.0,1.0,1,2.0,4.51,1.0,6.0,3.0,3.0,6.0,2.0,5.0,4.0,6.0,3.0,0
25,0,1,3.0,7.0,3.0,1.0,1,5.0,8.68,2.0,2.0,3.0,3.0,4.0,4.0,9.0,7.0,6.0,5.0,2
18,1,1,2.0,5.0,4.0,3.0,3,4.0,8.59,3.0,10.0,4.0,3.0,6.0,4.0,8.0,8.0,5.0,6.0,2
22,1,1,3.0,4.0,4.0,3.0,3,3.0,7.02,2.0,3.0,6.0,6.0,3.0,2.0,7.0,6.0,5.0,4.0,0
20,0,1,5.0,8.0,3.0,0.0,1,4.0,5.47,0.0,4.0,5.0,6.0,5.0,4.0,6.0,3.0,7.0,2.0,0
18,0,2,5.0,6.0,1.0,2.0,4,5.0,7.26,2.0,6.0,5.0,5.0,5.0,6.0,8.0,6.0,2.0,5.0,2
20,1,1,4.0,6.0,5.0,2.0,3,2.0,6.84,1.0,9.0,5.0,4.0,4.0,5.0,7.0,7.0,4.0,5.0,2
23,2,1,6.0,8.0,4.0,1.0,2,2.0,7.31,2.0,8.0,6.0,6.0,6.0,7.0,7.0,3.0,6.0,3.0,0
24,1,1,4.0,6.0,2.0,1.0,3,3.0,6.02,2.0,4.0,4.0,6.0,5.0,3.0,6.0,4.0,6.0,3.0,0
25,0,0,5.0,7.0,6.0,0.0,2,3.0,4.71,1.0,3.0,5.0,5.0,6.0,4.0,5.0,4.0,5.0,3.0,0
21,0,1,3.0,8.0,3.0,1.0,2,4.0,6.13,2.0,8.0,5.0,4.0,5.0,5.0,5.0,5.0,6.0,4.0,0
20,0,1,2.0,6.0,4.0,1.0,0,3.0,6.26,1.0,5.0,6.0,6.0,4.0,3.0,6.0,4.0,5.0,3.0,0
22,1,1,3.0,8.0,6.0,2.0,0,3.0,6.58,1.0,7.0,5.0,5.0,3.0,5.0,5.0,4.0,7.0,2.0,0
26,1,1,3.0,6.0,3.0,3.0,4,4.0,5.24,1.0,6.0,5.0,5.0,5.0,3.0,6.0,4.0,3.0,4.0,2
23,0,1,2.0,4.0,2.0,1.0,0,4.0,6.14,1.0,4.0,3.0,5.0,6.0,2.0,6.0,7.0,5.0,5.0,2
26,1,0,4.0,7.0,4.0,2.0,2,3.0,7.21,2.0,6.0,6.0,5.0,6.0,4.0,7.0,5.0,7.0,4.0,2
23,0,1,3.0,7.0,3.0,0.0,4,4.0,6.45,2.0,8.0,6.0,4.0,4.0,5.0,6.0,5.0,5.0,4.0,0
19,2,1,6.0,11.0,5.0,1.0,0,2.0,7.39,1.0,6.0,6.0,5.0,5.0,5.0,7.0,6.0,6.0,4.0,0
22,2,1,4.0,6.0,4.0,3.0,0,3.0,4.67,2.0,4.0,5.0,7.0,5.0,4.0,6.0,4.0,5.0,3.0,0
26,0,2,3.0,7.0,4.0,1.0,2,6.0,7.72,2.0,6.0,6.0,4.0,6.0,4.0,8.0,5.0,5.0,5.0,2
25,0,1,2.0,6.0,2.0,1.0,3,1.0,5.33,3.0,7.0,4.0,5.0,6.0,3.0,5.0,5.0,7.0,3.0,0
24,2,2,2.0,8.0,4.0,1.0,4,4.0,6.99,1.0,6.0,6.0,4.0,7.0,6.0,7.0,7.0,5.0,5.0,2
18,1,0,5.0,10.0,2.0,2.0,0,3.0,6.64,1.0,6.0,5.0,6.0,5.0,6.0,8.0,7.0,6.0,4.0,2
21,1,1,5.0,10.0,4.0,1.0,2,5.0,5.04,0.0,6.0,6.0,5.0,6.0,6.0,5.0,5.0,6.0,4.0,0
24,1,0,1.0,6.0,4.0,0.0,0,7.0,5.17,1.0,3.0,5.0,7.0,2.0,2.0,5.0,5.0,4.0,2.0,0
24,1,1,7.0,10.0,0.0,3.0,3,5.0,5.84,2.0,5.0,4.0,4.0,4.0,6.0,6.0,4.0,6.0,3.0,0
23,0,1,4.0,6.0,4.0,1.0,1,3.0,7.04,0.0,6.0,3.0,3.0,6.0,4.0,7.0,7.0,6.0,5.0,2
25,0,2,6.0,10.0,3.0,3.0,4,4.0,7.58,1.0,5.0,5.0,5.0,7.0,6.0,8.0,6.0,6.0,5.0,2
23,0,2,3.0,5.0,2.0,0.0,4,2.0,7.4,1.0,5.0,3.0,5.0,6.0,3.0,6.0,4.0,6.0,3.0,0
20,0,2,3.0,6.0,3.0,5.0,2,4.0,7.01,1.0,5.0,6.0,6.0,5.0,2.0,7.0,5.0,6.0,4.0,0
21,0,1,4.0,7.0,1.0,3.0,2,5.0,7.47,2.0,7.0,3.0,4.0,6.0,3.0,8.0,7.0,5.0,6.0,2
20,0,0,5.0,8.0,5.0,0.0,0,5.0,5.92,0.0,7.0,6.0,6.0,4.0,3.0,8.0,6.0,6.0,4.0,0
18,1,2,4.0,8.0,4.0,2.0,4,2.0,5.32,2.0,9.0,4.0,6.0,5.0,3.0,5.0,5.0,5.0,3.0,0
22,0,1,6.0,9.0,6.0,2.0,0,4.0,6.68,3.0,6.0,4.0,4.0,4.0,5.0,6.0,6.0,4.0,4.0,2
18,1,0,1.0,3.0,3.0,0.0,1,1.0,8.84,2.0,9.0,4.0,1.0,8.0,4.0,9.0,8.0,3.0,7.0,1
18,0,0,5.0,7.0,3.0,3.0,4,3.0,6.29,1.0,1.0,6.0,6.0,5.0,5.0,7.0,5.0,5.0,4.0,0
19,1,1,5.0,8.0,4.0,3.0,1,3.0,6.66,0.0,7.0,5.0,4.0,4.0,4.0,6.0,5.0,7.0,3.0,0
21,2,2,4.0,8.0,4.0,3.0,0,5.0,7.04,2.0,4.0,6.0,4.0,5.0,4.0,7.0,6.0,5.0,5.0,2
23,2,2,2.0,7.0,5.0,3.0,3,0.0,6.4,2.0,9.0,5.0,4.0,6.0,1.0,5.0,3.0,5.0,3.0,0
25,0,2,3.0,6.0,4.0,1.0,1,6.0,7.75,2.0,2.0,6.0,3.0,6.0,3.0,6.0,5.0,5.0,4.0,2
20,0,1,5.0,8.0,5.0,2.0,3,1.0,5.66,3.0,5.0,6.0,6.0,4.0,5.0,6.0,5.0,8.0,3.0,0
18,0,2,0.0,3.0,4.0,2.0,4,3.0,9.45,0.0,5.0,4.0,2.0,9.0,2.0,9.0,6.0,4.0,7.0,2
20,1,0,1.0,5.0,4.0,0.0,3,6.0,6.06,2.0,3.0,5.0,5.0,5.0,4.0,7.0,7.0,3.0,5.0,2
20,1,1,5.0,7.0,5.0,1.0,3,0.0,8.16,2.0,4.0,6.0,4.0,7.0,4.0,7.0,5.0,4.0,5.0,2
22,0,2,5.0,7.0,2.0,2.0,0,1.0,8.83,2.0,6.0,5.0,2.0,7.0,6.0,10.0,8.0,5.0,7.0,1
21,1,1,3.0,7.0,4.0,0.0,0,4.0,4.84,1.0,5.0,5.0,6.0,4.0,3.0,5.0,4.0,6.0,3.0,0
21,0,1,3.0,5.0,2.0,2.0,0,0.0,6.41,1.0,5.0,4.0,4.0,7.0,5.0,7.0,5.0,5.0,4.0,2
26,0,1,5.0,8.0,3.0,1.0,0,7.0,7.68,3.0,6.0,6.0,3.0,7.0,6.0,7.0,6.0,4.0,6.0,2
24,1,2,5.0,7.0,4.0,0.0,4,3.0,7.39,1.0,2.0,7.0,7.0,4.0,5.0,6.0,3.0,6.0,2.0,0
21,1,1,3.0,7.0,2.0,3.0,0,3.0,6.17,2.0,8.0,4.0,5.0,6.0,4.0,6.0,3.0,4.0,3.0,0
20,1,1,2.0,7.0,3.0,4.0,4,3.0,6.98,1.0,6.0,4.0,4.0,5.0,3.0,6.0,4.0,4.0,4.0,0
23,1,1,6.0,8.0,3.0,1.0,4,2.0,4.5,0.0,3.0,5.0,5.0,6.0,6.0,5.0,4.0,6.0,3.0,0
20,0,1,2.0,3.0,3.0,1.0,3,5.0,6.85,2.0,6.0,5.0,4.0,5.0,4.0,7.0,5.0,4.0,5.0,2
23,0,1,5.0,8.0,4.0,2.0,4,1.0,6.69,1.0,7.0,6.0,4.0,6.0,6.0,7.0,6.0,5.0,5.0,2
26,2,2,6.0,9.0,4.0,2.0,0,2.0,6.44,1.0,6.0,4.0,5.0,6.0,5.0,8.0,4.0,8.0,4.0,2
23,1,2,4.0,7.0,3.0,0.0,2,3.0,5.84,1.0,7.0,4.0,6.0,5.0,4.0,6.0,6.0,6.0,4.0,0
21,0,1,3.0,6.0,3.0,2.0,3,2.0,6.46,1.0,8.0,5.0,4.0,5.0,3.0,7.0,4.0,5.0,4.0,2
22,1,1,2.0,5.0,3.0,2.0,4,0.0,5.24,0.0,3.0,6.0,7.0,3.0,2.0,5.0,1.0,6.0,1.0,0
23,0,2,4.0,5.0,3.0,0.0,3,4.0,7.24,1.0,5.0,3.0,3.0,6.0,5.0,7.0,6.0,5.0,5.0,2
20,0,1,2.0,4.0,2.0,1.0,4,2.0,6.98,1.0,10.0,5.0,5.0,5.0,4.0,7.0,5.0,6.0,4.0,0
25,0,2,4.0,6.0,3.0,1.0,4,2.0,6.45,1.0,5.0,3.0,5.0,4.0,5.0,6.0,5.0,6.0,3.0,0
21,0,1,1.0,4.0,3.0,1.0,3,6.0,5.3,1.0,7.0,4.0,6.0,4.0,1.0,6.0,6.0,4.0,3.0,0
25,1,1,1.0,4.0,1.0,2.0,3,4.0,7.72,3.0,9.0,5.0,4.0,6.0,3.0,9.0,6.0,5.0,6.0,2
20,1,1,4.0,5.0,4.0,2.0,1,2.0,5.12,0.0,6.0,4.0,4.0,6.0,6.0,5.0,4.0,5.0,4.0,0
24,0,1,5.0,7.0,3.0,0.0,1,3.0,5.29,0.0,5.0,4.0,3.0,5.0,5.0,5.0,4.0,4.0,4.0,0
26,1,1,4.0,7.0,3.0,4.0,0,2.0,10.0,2.0,7.0,6.0,4.0,5.0,6.0,10.0,5.0,7.0,5.0,2
21,1,1,6.0,9.0,3.0,0.0,4,2.0,6.72,1.0,7.0,6.0,6.0,6.0,4.0,7.0,4.0,7.0,4.0,0
25,1,1,3.0,7.0,2.0,0.0,3,2.0,4.81,1.0,5.0,4.0,6.0,4.0,3.0,4.0,3.0,7.0,2.0,0
20,1,1,7.0,11.0,3.0,3.0,2,3.0,6.97,3.0,6.0,6.0,4.0,6.0,8.0,7.0,6.0,7.0,5.0,2
24,0,1,2.0,5.0,2.0,2.0,3,2.0,6.57,2.0,5.0,6.0,7.0,3.0,4.0,5.0,5.0,7.0,2.0,0
20,0,2,3.0,5.0,4.0,1.0,1,1.0,5.7,1.0,4.0,7.0,6.0,4.0,5.0,5.0,3.0,7.0,2.0,0
24,1,1,6.0,8.0,4.0,4.0,3,0.0,7.08,2.0,6.0,7.0,6.0,3.0,5.0,7.0,5.0,7.0,3.0,0
23,1,2,4.0,6.0,2.0,0.0,2,3.0,6.63,0.0,10.0,3.0,3.0,8.0,6.0,7.0,8.0,5.0,6.0,2
19,0,2,5.0,9.0,3.0,3.0,3,4.0,5.06,0.0,8.0,6.0,5.0,5.0,3.0,6.0,5.0,6.0,3.0,0
20,0,1,2.0,6.0,2.0,0.0,3,2.0,6.68,1.0,10.0,4.0,4.0,6.0,3.0,5.0,7.0,6.0,5.0,2
23,2,2,3.0,5.0,2.0,1.0,2,4.0,6.15,1.0,7.0,5.0,3.0,7.0,4.0,7.0,8.0,4.0,6.0,2
21,2,1,5.0,8.0,3.0,2.0,1,0.0,6.35,2.0,8.0,5.0,3.0,7.0,5.0,7.0,6.0,5.0,5.0,2
23,2,1,2.0,5.0,4.0,2.0,3,0.0,6.48,0.0,6.0,4.0,6.0,3.0,2.0,7.0,5.0,7.0,3.0,0
18,0,1,2.0,6.0,3.0,1.0,1,3.0,6.08,1.0,5.0,4.0,4.0,6.0,2.0,7.0,5.0,6.0,4.0,2
18,0,2,4.0,8.0,3.0,0.0,2,4.0,6.96,2.0,5.0,6.0,5.0,6.0,4.0,6.0,6.0,6.0,4.0,2
20,1,1,6.0,9.0,4.0,4.0,3,2.0,6.67,1.0,8.0,4.0,3.0,5.0,5.0,6.0,5.0,6.0,4.0,0
25,0,1,5.0,7.0,4.0,1.0,3,4.0,5.16,0.0,8.0,6.0,7.0,4.0,5.0,5.0,3.0,7.0,1.0,0
25,1,1,4.0,7.0,1.0,0.0,4,4.0,7.06,0.0,7.0,5.0,4.0,5.0,5.0,6.0,6.0,4.0,4.0,2
21,0,1,4.0,8.0,3.0,1.0,0,6.0,7.23,3.0,7.0,5.0,5.0,6.0,4.0,7.0,7.0,6.0,5.0,2
23,0,1,1.0,5.0,3.0,3.0,2,2.0,3.5,0.0,9.0,4.0,4.0,5.0,2.0,4.0,5.0,5.0,3.0,0
25,0,0,3.0,6.0,2.0,3.0,1,2.0,3.0,2.0,3.0,5.0,8.0,5.0,4.0,4.0,2.0,8.0,1.0,0
24,1,1,5.0,9.0,2.0,1.0,2,3.0,6.46,1.0,6.0,5.0,5.0,5.0,7.0,7.0,5.0,8.0,4.0,0
24,0,1,4.0,9.0,4.0,4.0,4,4.0,6.18,1.0,9.0,4.0,5.0,6.0,5.0,5.0,6.0,7.0,4.0,0
21,1,1,5.0,10.0,2.0,1.0,2,0.0,7.29,0.0,8.0,5.0,6.0,3.0,5.0,7.0,4.0,9.0,2.0,0
26,1,1,5.0,11.0,4.0,1.0,0,3.0,5.6,0.0,3.0,5.0,4.0,7.0,5.0,6.0,5.0,7.0,4.0,2
23,1,1,4.0,11.0,3.0,0.0,2,3.0,6.75,2.0,7.0,6.0,6.0,4.0,4.0,5.0,4.0,7.0,2.0,0
20,1,2,0.0,5.0,3.0,0.0,1,2.0,7.3,1.0,6.0,5.0,4.0,6.0,3.0,6.0,5.0,5.0,4.0,2
22,0,2,4.0,5.0,5.0,2.0,1,6.0,7.07,2.0,8.0,5.0,5.0,4.0,7.0,7.0,7.0,3.0,5.0,2
22,0,0,3.0,6.0,4.0,1.0,0,3.0,5.54,2.0,5.0,5.0,7.0,3.0,4.0,5.0,3.0,6.0,2.0,0
22,0,2,3.0,5.0,2.0,0.0,4,2.0,6.42,3.0,8.0,5.0,4.0,5.0,3.0,7.0,6.0,4.0,5.0,2
25,1,2,3.0,8.0,3.0,1.0,3,5.0,5.76,2.0,3.0,7.0,5.0,5.0,4.0,6.0,6.0,7.0,4.0,0
26,1,0,4.0,7.0,2.0,3.0,3,3.0,6.64,2.0,11.0,3.0,3.0,6.0,5.0,6.0,5.0,6.0,4.0,2
26,2,0,2.0,5.0,3.0,0.0,0,3.0,6.91,1.0,10.0,6.0,5.0,5.0,2.0,6.0,4.0,4.0,4.0,0
23,0,2,1.0,4.0,2.0,2.0,0,3.0,8.01,0.0,6.0,3.0,3.0,6.0,4.0,8.0,5.0,4.0,5.0,2
23,0,2,2.0,7.0,3.0,0.0,1,5.0,6.13,2.0,4.0,5.0,6.0,4.0,4.0,6.0,5.0,6.0,3.0,0
26,0,2,5.0,7.0,3.0,4.0,0,2.0,7.64,1.0,8.0,6.0,5.0,5.0,6.0,7.0,6.0,7.0,4.0,2
21,0,1,3.0,7.0,3.0,4.0,1,2.0,7.65,0.0,8.0,5.0,3.0,6.0,4.0,7.0,6.0,6.0,5.0,2
23,1,1,5.0,7.0,2.0,1.0,2,1.0,6.36,1.0,10.0,5.0,6.0,4.0,5.0,7.0,6.0,6.0,4.0,0
21,1,2,5.0,6.0,5.0,4.0,1,3.0,5.69,0.0,5.0,5.0,5.0,6.0,4.0,6.0,6.0,4.0,4.0,2
18,0,1,5.0,8.0,3.0,0.0,1,3.0,6.4,1.0,6.0,3.0,3.0,6.0,6.0,6.0,5.0,6.0,4.0,2
24,1,2,5.0,7.0,2.0,0.0,2,3.0,7.36,2.0,5.0,4.0,4.0,6.0,4.0,8.0,6.0,6.0,5.0,2
23,0,2,3.0,5.0,3.0,0.0,1,2.0,6.59,1.0,6.0,6.0,5.0,5.0,3.0,7.0,4.0,6.0,3.0,0
26,1,1,5.0,6.0,3.0,0.0,3,2.0,5.15,2.0,3.0,5.0,4.0,6.0,6.0,6.0,5.0,6.0,4.0,2
24,0,1,5.0,7.0,4.0,2.0,1,5.0,6.63,2.0,9.0,4.0,4.0,6.0,6.0,6.0,7.0,4.0,5.0,2
24,0,1,2.0,6.0,3.0,0.0,0,1.0,5.37,3.0,5.0,4.0,4.0,7.0,2.0,6.0,2.0,7.0,3.0,0
19,1,1,4.0,6.0,3.0,5.0,1,0.0,6.33,2.0,5.0,4.0,4.0,5.0,2.0,7.0,4.0,6.0,4.0,0
26,0,1,4.0,8.0,3.0,1.0,2,3.0,8.67,1.0,2.0,3.0,3.0,6.0,6.0,8.0,6.0,7.0,5.0,2
26,2,2,5.0,7.0,6.0,0.0,0,6.0,7.98,1.0,4.0,6.0,4.0,6.0,5.0,9.0,4.0,5.0,5.0,2
23,0,1,4.0,6.0,2.0,1.0,2,4.0,6.0,1.0,7.0,4.0,4.0,7.0,7.0,5.0,4.0,3.0,4.0,2
20,2,1,4.0,8.0,2.0,2.0,2,4.0,6.68,1.0,4.0,4.0,6.0,7.0,4.0,7.0,4.0,7.0,4.0,0
18,1,1,6.0,10.0,5.0,2.0,3,4.0,7.62,0.0,3.0,6.0,4.0,4.0,5.0,9.0,5.0,6.0,4.0,2
21,0,2,5.0,9.0,2.0,3.0,4,2.0,5.65,1.0,7.0,5.0,6.0,6.0,5.0,5.0,4.0,7.0,3.0,0
20,1,1,4.0,7.0,2.0,2.0,3,2.0,9.95,1.0,9.0,5.0,4.0,4.0,3.0,10.0,7.0,4.0,6.0,2
18,1,2,2.0,4.0,4.0,4.0,2,3.0,4.66,1.0,6.0,4.0,5.0,4.0,4.0,3.0,3.0,5.0,2.0,0
20,1,1,4.0,8.0,2.0,2.0,2,4.0,6.99,2.0,9.0,4.0,4.0,6.0,5.0,7.0,7.0,7.0,5.0,2
21,1,1,3.0,6.0,4.0,2.0,2,2.0,6.18,3.0,6.0,4.0,5.0,6.0,4.0,6.0,5.0,4.0,4.0,2
25,1,1,2.0,5.0,2.0,2.0,2,2.0,6.64,2.0,7.0,4.0,4.0,5.0,3.0,7.0,5.0,5.0,4.0,2
26,2,0,3.0,7.0,2.0,1.0,2,3.0,6.91,2.0,6.0,5.0,5.0,7.0,2.0,7.0,6.0,6.0,4.0,2
20,0,1,3.0,7.0,5.0,2.0,3,4.0,6.64,1.0,9.0,6.0,7.0,4.0,3.0,7.0,6.0,7.0,4.0,0
23,1,2,6.0,7.0,3.0,0.0,4,4.0,5.07,2.0,7.0,5.0,6.0,5.0,5.0,5.0,4.0,6.0,3.0,0
22,1,2,5.0,8.0,2.0,0.0,2,3.0,5.95,2.0,5.0,4.0,2.0,8.0,4.0,6.0,7.0,5.0,6.0,2
23,0,2,5.0,8.0,6.0,3.0,4,1.0,4.29,2.0,5.0,7.0,8.0,3.0,5.0,5.0,2.0,7.0,1.0,0
21,1,1,4.0,8.0,3.0,1.0,0,2.0,5.89,0.0,4.0,5.0,4.0,7.0,4.0,6.0,5.0,7.0,4.0,0
23,1,2,4.0,9.0,3.0,0.0,1,1.0,6.75,4.0,5.0,5.0,6.0,5.0,3.0,7.0,4.0,7.0,3.0,0
24,0,0,5.0,8.0,2.0,2.0,2,1.0,7.28,0.0,10.0,5.0,5.0,4.0,4.0,8.0,4.0,8.0,3.0,0
26,1,2,5.0,7.0,3.0,3.0,2,1.0,5.58,2.0,6.0,5.0,4.0,7.0,4.0,6.0,6.0,7.0,4.0,2
24,1,2,5.0,7.0,3.0,3.0,2,4.0,6.62,1.0,3.0,6.0,5.0,5.0,5.0,6.0,7.0,4.0,5.0,2
23,0,1,5.0,5.0,5.0,3.0,1,4.0,5.95,0.0,6.0,6.0,6.0,5.0,7.0,7.0,5.0,6.0,3.0,0
18,0,1,4.0,8.0,3.0,0.0,4,3.0,7.06,1.0,6.0,4.0,6.0,5.0,5.0,7.0,7.0,6.0,4.0,2
19,1,2,4.0,6.0,4.0,0.0,3,2.0,6.18,2.0,6.0,4.0,4.0,7.0,4.0,6.0,5.0,8.0,4.0,2
18,2,1,1.0,5.0,7.0,1.0,2,2.0,7.06,1.0,5.0,5.0,4.0,6.0,2.0,8.0,4.0,4.0,5.0,2
26,0,2,3.0,6.0,4.0,2.0,1,3.0,6.35,1.0,8.0,4.0,4.0,7.0,5.0,5.0,7.0,5.0,5.0,2
26,1,0,3.0,6.0,3.0,2.0,0,2.0,7.7,1.0,10.0,5.0,2.0,6.0,4.0,8.0,7.0,3.0,6.0,2
24,1,2,4.0,7.0,3.0,2.0,1,3.0,7.98,0.0,6.0,6.0,6.0,5.0,6.0,8.0,5.0,7.0,4.0,0
19,1,0,3.0,4.0,3.0,4.0,2,3.0,4.51,1.0,5.0,6.0,8.0,3.0,4.0,5.0,4.0,6.0,2.0,0
23,1,1,4.0,6.0,3.0,2.0,4,5.0,6.48,2.0,10.0,5.0,5.0,5.0,5.0,5.0,6.0,5.0,4.0,0
21,1,2,1.0,6.0,1.0,3.0,4,4.0,5.82,1.0,1.0,2.0,5.0,6.0,3.0,6.0,6.0,5.0,4.0,2
18,1,1,3.0,5.0,4.0,0.0,0,6.0,7.05,3.0,1.0,6.0,3.0,6.0,6.0,7.0,7.0,4.0,5.0,2
18,1,1,3.0,7.0,3.0,2.0,2,2.0,5.02,0.0,4.0,4.0,6.0,4.0,3.0,4.0,4.0,6.0,2.0,0
22,0,2,2.0,8.0,3.0,5.0,0,4.0,5.83,1.0,11.0,5.0,6.0,7.0,4.0,6.0,6.0,7.0,4.0,0
19,0,1,9.0,11.0,4.0,2.0,0,3.0,7.1,2.0,9.0,6.0,6.0,5.0,9.0,7.0,4.0,6.0,4.0,0
21,0,0,1.0,4.0,3.0,1.0,2,5.0,6.94,2.0,6.0,5.0,6.0,5.0,3.0,6.0,4.0,6.0,3.0,0
18,0,1,5.0,8.0,5.0,2.0,4,6.0,6.27,3.0,6.0,6.0,5.0,5.0,5.0,6.0,5.0,2.0,4.0,2
21,2,0,5.0,9.0,2.0,2.0,4,1.0,5.41,1.0,3.0,3.0,4.0,5.0,5.0,6.0,4.0,7.0,3.0,0
23,0,1,3.0,7.0,3.0,0.0,4,2.0,6.72,1.0,7.0,5.0,6.0,4.0,5.0,6.0,6.0,7.0,3.0,0
21,1,2,4.0,6.0,2.0,2.0,4,1.0,7.54,0.0,10.0,4.0,2.0,8.0,5.0,8.0,4.0,4.0,6.0,2
18,1,2,5.0,6.0,2.0,1.0,4,4.0,6.08,1.0,5.0,6.0,6.0,4.0,7.0,6.0,5.0,5.0,3.0,0
24,0,2,4.0,7.0,2.0,1.0,0,2.0,6.85,1.0,5.0,5.0,5.0,6.0,6.0,8.0,4.0,6.0,4.0,2
19,1,1,1.0,6.0,4.0,0.0,3,2.0,6.13,2.0,8.0,4.0,6.0,3.0,3.0,4.0,5.0,3.0,3.0,0
26,1,2,5.0,9.0,4.0,3.0,2,4.0,5.51,0.0,8.0,5.0,5.0,6.0,3.0,6.0,6.0,6.0,4.0,2
20,0,1,5.0,7.0,4.0,0.0,3,1.0,5.37,1.0,6.0,6.0,6.0,4.0,5.0,6.0,4.0,7.0,2.0,0
25,0,2,7.0,11.0,1.0,1.0,0,1.0,7.08,3.0,5.0,6.0,6.0,5.0,5.0,7.0,4.0,7.0,3.0,0
25,0,1,2.0,5.0,2.0,3.0,2,2.0,7.54,2.0,6.0,4.0,4.0,6.0,2.0,7.0,6.0,5.0,5.0,2
20,1,1,4.0,7.0,3.0,3.0,0,3.0,4.75,0.0,6.0,5.0,4.0,6.0,3.0,5.0,4.0,3.0,4.0,0
21,1,1,4.0,7.0,5.0,1.0,2,2.0,6.15,2.0,6.0,6.0,5.0,7.0,4.0,6.0,4.0,8.0,4.0,0
19,2,1,4.0,7.0,1.0,0.0,1,3.0,6.62,2.0,7.0,3.0,5.0,5.0,6.0,7.0,5.0,7.0,4.0,0
21,1,0,1.0,4.0,3.0,4.0,0,5.0,4.86,3.0,8.0,5.0,6.0,6.0,1.0,6.0,4.0,7.0,3.0,0
26,1,1,6.0,8.0,3.0,1.0,0,4.0,6.86,2.0,8.0,5.0,4.0,7.0,6.0,7.0,6.0,6.0,5.0,2
19,0,2,6.0,8.0,1.0,1.0,1,2.0,6.26,2.0,8.0,7.0,7.0,4.0,4.0,7.0,5.0,7.0,3.0,0
20,0,1,5.0,6.0,4.0,2.0,4,2.0,5.55,3.0,8.0,5.0,7.0,2.0,4.0,7.0,4.0,6.0,2.0,0
21,0,0,3.0,7.0,2.0,2.0,1,4.0,7.71,1.0,9.0,4.0,2.0,8.0,6.0,7.0,6.0,3.0,6.0,2
22,2,1,4.0,7.0,4.0,1.0,1,3.0,6.48,2.0,7.0,4.0,6.0,3.0,4.0,7.0,5.0,8.0,3.0,0
18,1,1,4.0,8.0,2.0,2.0,3,5.0,6.4,1.0,6.0,3.0,3.0,5.0,3.0,5.0,4.0,5.0,3.0,0
24,1,2,2.0,6.0,2.0,2.0,3,3.0,7.28,1.0,3.0,5.0,6.0,6.0,1.0,7.0,5.0,4.0,4.0,2
24,1,2,5.0,8.0,4.0,0.0,4,1.0,5.97,3.0,5.0,7.0,5.0,3.0,6.0,6.0,6.0,6.0,3.0,0
26,0,1,4.0,8.0,2.0,1.0,3,3.0,5.51,1.0,4.0,4.0,3.0,5.0,2.0,4.0,6.0,3.0,4.0,0
21,0,1,5.0,8.0,4.0,3.0,4,3.0,5.43,2.0,5.0,5.0,5.0,6.0,5.0,5.0,5.0,6.0,4.0,0
23,1,1,4.0,7.0,1.0,3.0,1,3.0,3.85,2.0,6.0,5.0,4.0,5.0,4.0,4.0,5.0,5.0,3.0,0
19,0,1,2.0,3.0,3.0,3.0,3,1.0,8.11,1.0,8.0,4.0,5.0,4.0,3.0,8.0,6.0,5.0,5.0,2
21,1,2,3.0,6.0,4.0,1.0,4,1.0,8.1,2.0,4.0,5.0,5.0,3.0,4.0,8.0,4.0,6.0,3.0,0
19,0,1,6.0,9.0,4.0,3.0,4,5.0,4.67,2.0,8.0,6.0,5.0,5.0,7.0,4.0,5.0,7.0,2.0,0
22,0,1,5.0,9.0,3.0,0.0,3,2.0,6.79,1.0,6.0,5.0,5.0,4.0,5.0,6.0,4.0,8.0,3.0,0
24,1,1,3.0,8.0,2.0,1.0,2,2.0,5.13,2.0,4.0,5.0,4.0,5.0,3.0,8.0,4.0,6.0,4.0,2
18,1,1,5.0,8.0,2.0,0.0,3,0.0,4.35,1.0,1.0,6.0,6.0,5.0,6.0,5.0,4.0,7.0,3.0,0
24,1,2,3.0,4.0,1.0,1.0,4,3.0,5.44,2.0,6.0,4.0,2.0,7.0,1.0,6.0,7.0,3.0,6.0,2
23,1,2,6.0,7.0,2.0,1.0,2,0.0,6.99,1.0,6.0,5.0,4.0,7.0,7.0,8.0,4.0,6.0,5.0,2
23,1,1,2.0,5.0,3.0,3.0,3,3.0,5.53,2.0,6.0,5.0,6.0,3.0,3.0,6.0,5.0,7.0,3.0,0
25,0,1,4.0,8.0,3.0,0.0,1,3.0,5.34,0.0,8.0,6.0,7.0,4.0,4.0,6.0,4.0,6.0,3.0,0
25,1,1,4.0,8.0,2.0,2.0,0,2.0,8.45,1.0,8.0,5.0,4.0,7.0,3.0,7.0,5.0,5.0,5.0,2
23,2,0,4.0,7.0,4.0,4.0,3,4.0,6.64,2.0,8.0,4.0,5.0,6.0,4.0,6.0,5.0,6.0,4.0,2
20,1,1,5.0,6.0,3.0,1.0,3,3.0,7.07,0.0,5.0,6.0,4.0,6.0,5.0,6.0,5.0,5.0,4.0,2
22,1,1,6.0,7.0,4.0,4.0,0,4.0,7.31,4.0,5.0,5.0,5.0,4.0,4.0,8.0,6.0,5.0,4.0,2
19,1,1,3.0,4.0,5.0,0.0,2,3.0,5.5,1.0,6.0,5.0,5.0,5.0,4.0,4.0,5.0,3.0,3.0,0
22,0,0,1.0,4.0,2.0,3.0,0,3.0,7.46,1.0,6.0,3.0,5.0,5.0,3.0,9.0,7.0,4.0,6.0,2
26,1,2,1.0,4.0,3.0,0.0,2,6.0,5.46,1.0,6.0,4.0,4.0,6.0,1.0,6.0,5.0,2.0,5.0,2
18,0,1,3.0,6.0,2.0,2.0,4,3.0,6.6,2.0,6.0,5.0,5.0,8.0,6.0,7.0,4.0,6.0,4.0,2
22,0,1,4.0,8.0,2.0,0.0,2,1.0,5.86,1.0,5.0,6.0,2.0,6.0,3.0,5.0,5.0,6.0,4.0,0
23,2,2,5.0,7.0,2.0,2.0,1,3.0,6.64,3.0,3.0,7.0,4.0,6.0,5.0,7.0,5.0,7.0,4.0,2
24,0,1,4.0,9.0,3.0,5.0,0,4.0,6.13,1.0,10.0,4.0,3.0,5.0,5.0,6.0,7.0,4.0,5.0,2
26,1,1,5.0,8.0,3.0,1.0,1,2.0,6.61,2.0,5.0,4.0,3.0,6.0,5.0,6.0,5.0,4.0,4.0,2
23,0,0,7.0,8.0,4.0,0.0,1,0.0,7.1,1.0,4.0,6.0,4.0,6.0,7.0,6.0,5.0,8.0,4.0,0
22,2,0,4.0,5.0,2.0,1.0,0,0.0,5.7,1.0,8.0,5.0,4.0,5.0,5.0,5.0,5.0,6.0,3.0,0
24,2,0,5.0,8.0,3.0,3.0,2,3.0,7.32,2.0,6.0,5.0,3.0,4.0,3.0,7.0,8.0,5.0,5.0,2
18,1,1,3.0,6.0,4.0,2.0,1,2.0,6.08,0.0,6.0,7.0,6.0,6.0,3.0,6.0,5.0,7.0,4.0,0
22,0,1,4.0,8.0,4.0,6.0,1,4.0,6.58,1.0,8.0,3.0,4.0,6.0,4.0,6.0,6.0,5.0,4.0,2
19,1,1,4.0,6.0,1.0,2.0,2,3.0,5.39,2.0,8.0,5.0,7.0,4.0,6.0,4.0,4.0,6.0,2.0,0
21,1,2,4.0,6.0,4.0,4.0,1,5.0,6.32,1.0,7.0,5.0,5.0,4.0,4.0,7.0,6.0,4.0,4.0,2
24,0,2,3.0,8.0,2.0,0.0,3,1.0,7.38,1.0,6.0,3.0,3.0,6.0,3.0,6.0,6.0,5.0,5.0,2
22,2,2,4.0,7.0,3.0,4.0,0,3.0,6.68,3.0,8.0,5.0,5.0,5.0,7.0,6.0,5.0,5.0,4.0,0
23,0,0,4.0,7.0,3.0,1.0,2,4.0,6.43,2.0,6.0,4.0,5.0,6.0,4.0,7.0,5.0,5.0,4.0,2
19,0,2,4.0,9.0,3.0,1.0,3,3.0,8.57,1.0,6.0,6.0,4.0,5.0,4.0,7.0,6.0,5.0,5.0,2
20,1,1,3.0,5.0,4.0,0.0,3,4.0,5.71,1.0,5.0,7.0,7.0,3.0,2.0,5.0,5.0,5.0,3.0,0
24,1,1,4.0,7.0,2.0,1.0,2,3.0,8.54,0.0,7.0,7.0,3.0,6.0,4.0,7.0,6.0,5.0,5.0,2
19,0,1,7.0,12.0,3.0,1.0,4,1.0,7.16,1.0,5.0,6.0,4.0,6.0,7.0,7.0,5.0,8.0,4.0,0
23,1,1,4.0,8.0,4.0,2.0,1,1.0,8.63,2.0,8.0,6.0,7.0,5.0,5.0,9.0,5.0,9.0,4.0,0
22,0,1,6.0,10.0,2.0,1.0,1,3.0,5.5,3.0,1.0,6.0,5.0,6.0,6.0,6.0,5.0,7.0,4.0,0
18,1,2,6.0,10.0,2.0,5.0,4,6.0,5.78,1.0,4.0,5.0,4.0,6.0,6.0,5.0,6.0,6.0,4.0,0
21,1,1,2.0,7.0,1.0,0.0,4,2.0,7.69,2.0,9.0,4.0,5.0,5.0,2.0,9.0,6.0,7.0,5.0,2
19,0,2,4.0,8.0,3.0,2.0,4,4.0,5.77,1.0,3.0,6.0,7.0,4.0,3.0,5.0,5.0,5.0,3.0,0
21,1,2,4.0,7.0,4.0,0.0,1,3.0,6.19,2.0,4.0,5.0,5.0,5.0,4.0,6.0,6.0,7.0,4.0,0
18,2,1,7.0,10.0,3.0,1.0,0,4.0,9.29,2.0,8.0,5.0,3.0,7.0,5.0,8.0,7.0,4.0,6.0,2
19,0,1,7.0,10.0,3.0,2.0,1,3.0,4.01,2.0,4.0,5.0,6.0,5.0,6.0,4.0,3.0,5.0,2.0,0
25,1,1,2.0,4.0,3.0,1.0,0,2.0,6.46,0.0,3.0,6.0,6.0,6.0,3.0,7.0,5.0,5.0,4.0,2
23,0,1,2.0,3.0,5.0,4.0,1,4.0,5.12,1.0,7.0,5.0,5.0,7.0,3.0,5.0,5.0,4.0,4.0,2
19,1,1,6.0,10.0,0.0,3.0,0,3.0,7.61,0.0,10.0,3.0,4.0,6.0,6.0,7.0,7.0,6.0,5.0,2
23,0,2,3.0,6.0,4.0,2.0,0,5.0,5.75,2.0,7.0,5.0,5.0,4.0,5.0,6.0,4.0,4.0,3.0,0
26,1,2,5.0,7.0,3.0,2.0,3,4.0,6.18,2.0,2.0,4.0,4.0,5.0,5.0,7.0,6.0,6.0,4.0,2
24,1,1,4.0,9.0,4.0,1.0,1,1.0,8.01,2.0,6.0,5.0,4.0,5.0,5.0,8.0,7.0,4.0,5.0,2
26,2,1,2.0,7.0,4.0,1.0,0,4.0,5.57,0.0,8.0,5.0,2.0,7.0,4.0,6.0,7.0,3.0,6.0,2
22,0,2,6.0,9.0,2.0,5.0,3,4.0,6.36,2.0,5.0,3.0,4.0,5.0,6.0,7.0,6.0,5.0,5.0,2
24,1,1,3.0,6.0,5.0,1.0,1,4.0,5.13,0.0,2.0,6.0,5.0,4.0,4.0,4.0,5.0,6.0,3.0,0
24,0,1,4.0,7.0,5.0,0.0,0,5.0,4.43,2.0,5.0,5.0,6.0,4.0,4.0,6.0,3.0,5.0,3.0,0
20,2,2,2.0,5.0,4.0,4.0,3,0.0,4.28,3.0,5.0,3.0,2.0,6.0,4.0,6.0,5.0,4.0,5.0,2
24,1,1,2.0,7.0,5.0,3.0,4,5.0,3.99,2.0,4.0,6.0,6.0,3.0,3.0,5.0,4.0,4.0,2.0,0
18,1,2,4.0,7.0,3.0,1.0,0,3.0,4.11,1.0,7.0,6.0,7.0,5.0,5.0,4.0,3.0,5.0,2.0,0
26,0,1,3.0,4.0,2.0,0.0,3,4.0,5.2,3.0,3.0,4.0,4.0,6.0,4.0,6.0,6.0,5.0,4.0,2
23,1,1,6.0,10.0,4.0,4.0,0,2.0,6.97,1.0,8.0,5.0,4.0,6.0,7.0,8.0,5.0,6.0,5.0,2
22,1,1,5.0,9.0,3.0,1.0,1,0.0,5.38,1.0,4.0,5.0,3.0,4.0,5.0,4.0,3.0,6.0,2.0,0
24,0,2,5.0,10.0,4.0,3.0,3,3.0,5.62,2.0,6.0,5.0,5.0,4.0,6.0,4.0,4.0,5.0,3.0,0
22,1,2,4.0,7.0,2.0,3.0,1,3.0,6.74,2.0,4.0,5.0,4.0,4.0,7.0,7.0,5.0,7.0,4.0,0
22,0,1,4.0,7.0,5.0,1.0,3,1.0,7.05,1.0,6.0,5.0,4.0,2.0,4.0,7.0,5.0,6.0,3.0,0
24,0,0,5.0,8.0,3.0,3.0,0,4.0,7.18,1.0,3.0,6.0,5.0,6.0,5.0,8.0,4.0,4.0,4.0,2
24,0,1,0.0,2.0,2.0,1.0,1,4.0,6.91,0.0,6.0,5.0,5.0,4.0,3.0,7.0,6.0,4.0,4.0,2
20,0,1,3.0,9.0,3.0,0.0,2,5.0,7.83,2.0,4.0,5.0,4.0,5.0,3.0,10.0,6.0,5.0,5.0,2
20,1,1,1.0,6.0,4.0,0.0,2,3.0,7.04,2.0,5.0,6.0,3.0,7.0,3.0,6.0,5.0,4.0,5.0,2
20,1,1,4.0,8.0,2.0,3.0,2,5.0,5.82,0.0,9.0,4.0,5.0,5.0,4.0,7.0,4.0,5.0,4.0,0
23,1,1,2.0,6.0,4.0,1.0,2,3.0,8.74,1.0,4.0,5.0,5.0,5.0,4.0,10.0,7.0,6.0,5.0,2
23,0,1,4.0,5.0,3.0,2.0,3,3.0,8.64,4.0,5.0,5.0,3.0,8.0,5.0,10.0,6.0,6.0,7.0,2
20,1,0,3.0,6.0,2.0,2.0,1,4.0,5.23,2.0,5.0,5.0,5.0,5.0,3.0,6.0,3.0,6.0,3.0,0
20,1,2,6.0,10.0,2.0,2.0,3,3.0,6.89,1.0,5.0,6.0,7.0,4.0,6.0,6.0,2.0,5.0,2.0,0
25,2,2,7.0,9.0,3.0,1.0,1,2.0,6.1,1.0,7.0,8.0,7.0,4.0,6.0,6.0,3.0,7.0,2.0,0
25,2,1,5.0,8.0,3.0,1.0,2,1.0,7.57,3.0,6.0,5.0,4.0,5.0,5.0,7.0,6.0,6.0,4.0,2
24,1,2,5.0,8.0,1.0,2.0,4,2.0,7.38,1.0,5.0,5.0,5.0,5.0,6.0,7.0,6.0,6.0,4.0,2
21,1,1,4.0,6.0,4.0,0.0,0,4.0,4.1,2.0,7.0,3.0,6.0,4.0,3.0,4.0,4.0,7.0,2.0,0
21,0,2,3.0,8.0,3.0,0.0,2,4.0,7.95,2.0,2.0,4.0,5.0,4.0,5.0,8.0,5.0,5.0,4.0,2
20,0,0,1.0,4.0,4.0,3.0,2,5.0,7.07,3.0,11.0,5.0,5.0,4.0,2.0,7.0,7.0,3.0,5.0,2
22,1,2,4.0,9.0,4.0,4.0,4,3.0,7.56,1.0,6.0,5.0,5.0,8.0,4.0,8.0,6.0,6.0,5.0,2
20,1,1,4.0,6.0,3.0,2.0,3,4.0,7.83,0.0,6.0,6.0,4.0,7.0,3.0,8.0,5.0,5.0,5.0,2
25,0,1,4.0,7.0,3.0,4.0,3,4.0,6.59,2.0,7.0,5.0,3.0,7.0,4.0,7.0,6.0,5.0,5.0,2
24,2,0,3.0,6.0,6.0,3.0,1,1.0,6.92,2.0,6.0,7.0,10.0,4.0,6.0,7.0,4.0,8.0,2.0,0
20,0,1,2.0,5.0,2.0,2.0,0,1.0,6.76,2.0,6.0,3.0,4.0,5.0,4.0,8.0,7.0,4.0,5.0,2
26,1,2,2.0,4.0,3.0,0.0,1,5.0,6.66,1.0,4.0,5.0,5.0,4.0,5.0,7.0,6.0,3.0,4.0,2
22,1,1,6.0,10.0,2.0,2.0,2,2.0,5.84,0.0,8.0,6.0,4.0,5.0,6.0,8.0,4.0,5.0,4.0,2
26,0,1,7.0,9.0,2.0,0.0,3,2.0,6.34,0.0,9.0,3.0,4.0,6.0,4.0,6.0,4.0,5.0,4.0,2
24,1,2,2.0,6.0,3.0,0.0,2,4.0,6.13,2.0,6.0,4.0,2.0,7.0,3.0,5.0,7.0,5.0,5.0,2
24,1,1,3.0,5.0,3.0,2.0,2,1.0,8.91,0.0,4.0,6.0,6.0,6.0,3.0,10.0,5.0,4.0,5.0,2
23,1,1,1.0,5.0,2.0,2.0,3,1.0,5.84,2.0,7.0,5.0,4.0,7.0,2.0,5.0,3.0,4.0,4.0,0
19,0,1,4.0,7.0,6.0,2.0,2,3.0,6.65,1.0,4.0,7.0,9.0,4.0,4.0,6.0,4.0,9.0,2.0,0
26,0,2,4.0,8.0,3.0,1.0,2,2.0,6.46,3.0,7.0,4.0,4.0,5.0,7.0,6.0,5.0,5.0,4.0,2
23,0,1,4.0,6.0,2.0,4.0,0,1.0,7.15,2.0,4.0,4.0,4.0,6.0,4.0,7.0,6.0,7.0,5.0,2
25,0,1,3.0,6.0,4.0,3.0,1,3.0,6.61,4.0,8.0,5.0,3.0,7.0,3.0,6.0,5.0,5.0,5.0,2
18,2,2,4.0,7.0,2.0,0.0,0,4.0,8.36,2.0,2.0,6.0,4.0,5.0,6.0,8.0,6.0,5.0,5.0,2
22,0,1,5.0,8.0,3.0,1.0,4,1.0,6.94,0.0,12.0,6.0,3.0,6.0,6.0,7.0,4.0,6.0,4.0,2
18,1,1,5.0,7.0,1.0,0.0,0,3.0,7.67,1.0,8.0,4.0,4.0,3.0,5.0,7.0,6.0,5.0,4.0,0
25,1,1,6.0,8.0,4.0,0.0,1,5.0,6.48,0.0,8.0,6.0,5.0,5.0,6.0,6.0,6.0,5.0,4.0,0
25,0,1,3.0,7.0,4.0,1.0,0,4.0,4.07,2.0,7.0,6.0,4.0,5.0,4.0,6.0,5.0,5.0,4.0,0
18,1,1,3.0,7.0,4.0,2.0,4,1.0,5.69,3.0,8.0,6.0,5.0,6.0,4.0,5.0,5.0,7.0,3.0,0
26,2,0,5.0,7.0,4.0,2.0,2,5.0,7.52,1.0,4.0,6.0,5.0,5.0,5.0,7.0,6.0,5.0,4.0,2
19,1,2,3.0,6.0,3.0,1.0,2,4.0,7.33,1.0,6.0,5.0,4.0,5.0,5.0,8.0,7.0,4.0,5.0,2
26,1,1,4.0,7.0,4.0,0.0,0,3.0,7.64,3.0,5.0,6.0,5.0,7.0,3.0,8.0,5.0,6.0,5.0,2
18,0,1,3.0,6.0,6.0,0.0,4,4.0,7.45,3.0,3.0,5.0,3.0,6.0,2.0,8.0,8.0,4.0,6.0,2
26,0,1,7.0,10.0,3.0,1.0,1,2.0,6.55,2.0,8.0,5.0,4.0,5.0,7.0,6.0,6.0,6.0,4.0,2
21,0,1,5.0,9.0,3.0,2.0,4,3.0,7.34,2.0,4.0,7.0,5.0,5.0,4.0,6.0,6.0,5.0,4.0,0
26,0,0,2.0,6.0,1.0,1.0,0,2.0,7.9,0.0,7.0,6.0,4.0,6.0,3.0,8.0,4.0,5.0,5.0,2
24,1,1,4.0,6.0,3.0,2.0,3,5.0,8.43,0.0,7.0,5.0,3.0,6.0,2.0,9.0,7.0,2.0,6.0,2
23,1,2,5.0,8.0,2.0,1.0,3,1.0,8.4,0.0,7.0,4.0,3.0,6.0,6.0,8.0,7.0,5.0,5.0,2
22,2,1,2.0,6.0,3.0,4.0,4,4.0,9.36,1.0,6.0,4.0,4.0,6.0,1.0,9.0,8.0,5.0,6.0,2
26,1,1,5.0,6.0,2.0,2.0,0,3.0,4.87,0.0,6.0,8.0,7.0,4.0,4.0,6.0,3.0,6.0,2.0,0
19,1,1,4.0,7.0,2.0,1.0,4,2.0,6.01,2.0,7.0,4.0,5.0,3.0,4.0,5.0,4.0,4.0,3.0,0
19,1,1,2.0,6.0,3.0,4.0,0,1.0,5.07,2.0,6.0,6.0,5.0,5.0,3.0,5.0,2.0,8.0,2.0,0
26,1,2,2.0,4.0,5.0,1.0,1,5.0,5.36,2.0,9.0,5.0,5.0,4.0,3.0,5.0,4.0,5.0,3.0,0
20,0,1,6.0,10.0,2.0,1.0,3,4.0,7.81,3.0,5.0,6.0,4.0,4.0,5.0,8.0,5.0,7.0,4.0,0
25,0,1,3.0,5.0,2.0,0.0,2,0.0,6.47,4.0,8.0,3.0,4.0,5.0,3.0,6.0,4.0,5.0,4.0,0
26,0,2,6.0,8.0,6.0,3.0,3,4.0,7.82,3.0,6.0,6.0,5.0,6.0,5.0,8.0,5.0,5.0,5.0,2
25,0,2,5.0,7.0,2.0,1.0,2,1.0,6.1,2.0,4.0,5.0,7.0,5.0,5.0,8.0,2.0,7.0,3.0,0
21,1,2,3.0,7.0,3.0,2.0,0,4.0,8.09,1.0,4.0,6.0,4.0,6.0,4.0,8.0,6.0,5.0,5.0,2
18,0,1,5.0,9.0,3.0,4.0,2,0.0,6.78,1.0,4.0,5.0,4.0,7.0,5.0,6.0,7.0,8.0,5.0,2
21,1,2,4.0,8.0,4.0,4.0,1,0.0,6.76,4.0,8.0,5.0,6.0,4.0,3.0,6.0,2.0,10.0,1.0,0
26,1,1,5.0,9.0,2.0,1.0,0,4.0,7.4,2.0,4.0,6.0,4.0,5.0,4.0,9.0,5.0,5.0,5.0,2
19,1,2,4.0,8.0,3.0,2.0,3,5.0,6.43,1.0,7.0,6.0,5.0,7.0,5.0,7.0,5.0,3.0,5.0,2
20,1,2,4.0,8.0,3.0,2.0,3,5.0,5.42,1.0,8.0,5.0,4.0,6.0,3.0,5.0,6.0,5.0,4.0,2
25,0,1,6.0,8.0,3.0,2.0,4,3.0,4.75,1.0,2.0,5.0,5.0,5.0,5.0,5.0,5.0,6.0,3.0,0
23,0,1,5.0,6.0,2.0,1.0,2,4.0,8.49,2.0,7.0,6.0,4.0,6.0,6.0,9.0,6.0,5.0,5.0,2
25,0,0,3.0,6.0,2.0,3.0,0,3.0,6.31,1.0,10.0,3.0,3.0,6.0,5.0,7.0,6.0,4.0,5.0,2
24,0,1,4.0,6.0,4.0,1.0,2,3.0,5.58,2.0,6.0,7.0,6.0,3.0,6.0,6.0,4.0,5.0,3.0,0
22,1,2,6.0,10.0,3.0,4.0,1,2.0,6.28,1.0,8.0,4.0,3.0,6.0,6.0,6.0,6.0,4.0,4.0,2
26,1,1,6.0,7.0,5.0,1.0,1,4.0,5.23,1.0,7.0,6.0,6.0,6.0,7.0,3.0,3.0,8.0,2.0,0
21,1,2,4.0,7.0,3.0,0.0,4,4.0,7.04,1.0,5.0,4.0,4.0,6.0,5.0,6.0,7.0,4.0,5.0,2
23,1,2,5.0,9.0,4.0,0.0,0,4.0,6.84,1.0,5.0,6.0,6.0,4.0,5.0,7.0,4.0,8.0,3.0,0
19,1,1,5.0,8.0,4.0,1.0,0,1.0,7.11,1.0,7.0,6.0,5.0,5.0,6.0,6.0,5.0,7.0,4.0,0
19,1,1,2.0,6.0,4.0,1.0,2,4.0,6.15,2.0,5.0,5.0,6.0,4.0,2.0,5.0,4.0,5.0,2.0,0
19,0,1,5.0,7.0,2.0,0.0,4,3.0,8.35,0.0,5.0,6.0,4.0,5.0,3.0,8.0,5.0,6.0,4.0,2
24,0,1,1.0,4.0,4.0,0.0,3,3.0,7.22,1.0,7.0,4.0,6.0,6.0,3.0,7.0,5.0,3.0,4.0,2
19,0,1,5.0,8.0,4.0,0.0,0,0.0,8.22,3.0,4.0,4.0,3.0,7.0,5.0,9.0,4.0,4.0,5.0,2
19,0,2,5.0,7.0,2.0,2.0,0,0.0,5.48,0.0,7.0,4.0,5.0,5.0,7.0,6.0,5.0,6.0,3.0,0
26,0,0,0.0,4.0,2.0,2.0,0,4.0,7.98,0.0,5.0,4.0,4.0,7.0,3.0,8.0,5.0,3.0,6.0,2
24,0,2,3.0,6.0,3.0,1.0,4,6.0,5.86,0.0,5.0,4.0,5.0,5.0,5.0,6.0,7.0,2.0,5.0,2
20,0,2,1.0,4.0,4.0,2.0,1,2.0,6.55,1.0,6.0,4.0,4.0,6.0,4.0,5.0,5.0,6.0,4.0,2
20,1,2,2.0,5.0,3.0,1.0,3,3.0,6.74,1.0,7.0,4.0,4.0,6.0,5.0,6.0,5.0,5.0,4.0,2
24,0,2,4.0,7.0,3.0,1.0,1,0.0,6.28,3.0,6.0,3.0,4.0,5.0,5.0,8.0,2.0,5.0,4.0,0
22,0,2,7.0,10.0,2.0,3.0,2,2.0,7.73,2.0,9.0,6.0,4.0,5.0,7.0,7.0,6.0,6.0,4.0,2
23,1,1,5.0,8.0,3.0,2.0,0,3.0,7.08,3.0,4.0,5.0,6.0,3.0,6.0,7.0,5.0,6.0,3.0,0
25,1,1,3.0,7.0,3.0,2.0,2,2.0,4.17,2.0,11.0,5.0,6.0,4.0,5.0,3.0,4.0,7.0,2.0,0
26,1,1,5.0,7.0,6.0,1.0,2,5.0,8.6,1.0,8.0,5.0,3.0,8.0,5.0,9.0,8.0,6.0,7.0,2
18,0,2,5.0,8.0,4.0,2.0,0,3.0,7.61,3.0,6.0,6.0,5.0,3.0,5.0,8.0,6.0,6.0,4.0,0
20,0,1,6.0,10.0,3.0,2.0,4,2.0,8.39,1.0,7.0,7.0,3.0,7.0,6.0,8.0,7.0,6.0,6.0,2
24,1,1,5.0,9.0,3.0,4.0,2,4.0,6.4,1.0,3.0,6.0,6.0,4.0,6.0,5.0,5.0,7.0,3.0,0
23,1,1,4.0,8.0,2.0,1.0,4,5.0,6.22,1.0,3.0,3.0,4.0,4.0,3.0,6.0,6.0,5.0,4.0,0
24,2,0,2.0,5.0,3.0,1.0,1,1.0,5.88,2.0,5.0,6.0,6.0,6.0,3.0,5.0,3.0,7.0,2.0,0
25,1,2,6.0,9.0,3.0,4.0,3,2.0,6.52,1.0,6.0,6.0,4.0,5.0,6.0,5.0,4.0,8.0,3.0,0
23,1,1,4.0,8.0,2.0,1.0,3,0.0,7.26,2.0,10.0,4.0,3.0,4.0,4.0,6.0,4.0,6.0,4.0,0
20,1,2,3.0,5.0,4.0,1.0,3,3.0,6.42,1.0,7.0,4.0,5.0,8.0,5.0,6.0,7.0,5.0,5.0,2
19,0,0,1.0,4.0,4.0,1.0,3,3.0,5.75,4.0,8.0,5.0,6.0,6.0,2.0,5.0,5.0,3.0,4.0,0
24,0,1,2.0,7.0,6.0,3.0,4,2.0,7.46,3.0,6.0,5.0,4.0,4.0,5.0,6.0,5.0,6.0,4.0,0
18,1,1,5.0,9.0,0.0,1.0,1,5.0,6.3,1.0,5.0,4.0,5.0,4.0,7.0,7.0,4.0,5.0,4.0,0
20,2,1,3.0,6.0,3.0,0.0,4,4.0,6.94,0.0,7.0,7.0,3.0,6.0,4.0,7.0,7.0,5.0,5.0,2
21,0,1,5.0,8.0,2.0,1.0,2,2.0,4.93,1.0,6.0,3.0,6.0,3.0,5.0,3.0,3.0,7.0,1.0,0
18,1,0,6.0,8.0,0.0,3.0,0,1.0,5.27,5.0,7.0,5.0,5.0,6.0,5.0,6.0,3.0,6.0,3.0,0
22,0,2,1.0,3.0,3.0,2.0,2,1.0,5.58,2.0,6.0,6.0,5.0,3.0,3.0,5.0,4.0,6.0,2.0,0
20,1,2,2.0,6.0,3.0,2.0,4,2.0,6.38,0.0,3.0,4.0,5.0,4.0,3.0,7.0,4.0,8.0,3.0,0
19,0,1,4.0,5.0,4.0,2.0,2,5.0,5.58,1.0,10.0,6.0,5.0,3.0,3.0,5.0,4.0,4.0,2.0,0
20,1,0,6.0,10.0,4.0,0.0,2,2.0,6.45,1.0,5.0,6.0,6.0,4.0,5.0,7.0,5.0,7.0,3.0,0
25,0,1,3.0,6.0,2.0,2.0,2,4.0,5.72,3.0,6.0,5.0,6.0,5.0,5.0,6.0,5.0,5.0,4.0,0
23,1,1,4.0,6.0,2.0,4.0,1,3.0,8.92,0.0,7.0,5.0,5.0,4.0,4.0,9.0,6.0,6.0,4.0,2
24,0,1,2.0,5.0,5.0,3.0,1,0.0,7.34,3.0,2.0,6.0,5.0,5.0,4.0,6.0,3.0,6.0,3.0,0
23,1,2,4.0,6.0,1.0,1.0,0,4.0,6.22,0.0,9.0,5.0,6.0,3.0,4.0,7.0,5.0,7.0,3.0,0
23,0,2,4.0,6.0,2.0,1.0,3,2.0,7.92,1.0,4.0,6.0,5.0,6.0,6.0,7.0,4.0,6.0,4.0,0
20,1,1,4.0,7.0,3.0,0.0,4,2.0,6.93,1.0,8.0,5.0,6.0,5.0,3.0,6.0,5.0,7.0,3.0,0
25,2,2,6.0,10.0,2.0,1.0,4,3.0,6.45,0.0,3.0,4.0,5.0,5.0,5.0,7.0,6.0,6.0,4.0,2
24,0,1,6.0,10.0,3.0,0.0,1,3.0,5.37,1.0,7.0,4.0,4.0,6.0,7.0,6.0,4.0,7.0,3.0,0
24,1,1,4.0,5.0,5.0,0.0,1,4.0,6.61,2.0,2.0,6.0,6.0,5.0,2.0,6.0,5.0,6.0,3.0,0
23,2,1,4.0,6.0,4.0,1.0,0,2.0,6.33,0.0,9.0,5.0,6.0,4.0,3.0,5.0,4.0,6.0,3.0,0
22,1,1,5.0,9.0,1.0,0.0,4,3.0,8.28,2.0,7.0,4.0,4.0,6.0,6.0,9.0,6.0,5.0,6.0,2
25,0,2,4.0,8.0,4.0,2.0,4,4.0,4.66,0.0,6.0,6.0,5.0,6.0,4.0,4.0,2.0,7.0,2.0,0
22,0,2,4.0,7.0,3.0,4.0,0,1.0,6.36,1.0,8.0,4.0,4.0,6.0,4.0,7.0,5.0,6.0,4.0,2
26,1,1,3.0,7.0,4.0,2.0,0,3.0,5.61,2.0,4.0,5.0,6.0,5.0,4.0,6.0,5.0,7.0,3.0,0
26,2,1,5.0,8.0,4.0,3.0,2,2.0,6.03,1.0,5.0,7.0,6.0,3.0,5.0,7.0,3.0,7.0,2.0,0
18,1,2,3.0,7.0,3.0,1.0,0,4.0,5.51,4.0,4.0,5.0,5.0,4.0,5.0,4.0,6.0,6.0,3.0,0
23,1,1,3.0,5.0,5.0,2.0,2,0.0,6.4,1.0,4.0,5.0,5.0,3.0,3.0,6.0,4.0,6.0,3.0,0
24,0,1,4.0,8.0,5.0,1.0,4,5.0,4.85,0.0,7.0,6.0,5.0,5.0,4.0,5.0,3.0,4.0,3.0,0
20,0,1,4.0,6.0,5.0,3.0,2,2.0,6.22,2.0,6.0,7.0,4.0,5.0,6.0,7.0,5.0,7.0,4.0,0
24,1,1,4.0,6.0,3.0,4.0,3,3.0,7.56,1.0,3.0,4.0,3.0,7.0,5.0,8.0,6.0,3.0,6.0,2
24,1,1,1.0,4.0,3.0,3.0,1,3.0,6.71,0.0,6.0,6.0,4.0,6.0,3.0,5.0,5.0,4.0,4.0,2
19,0,1,4.0,9.0,3.0,0.0,2,2.0,6.8,0.0,7.0,5.0,6.0,3.0,5.0,8.0,4.0,8.0,3.0,0
24,1,1,1.0,4.0,2.0,0.0,3,2.0,7.47,2.0,7.0,5.0,3.0,6.0,4.0,10.0,6.0,5.0,6.0,2
18,2,1,6.0,9.0,4.0,2.0,0,3.0,7.35,2.0,9.0,6.0,6.0,5.0,5.0,6.0,6.0,6.0,4.0,0
22,0,1,3.0,7.0,4.0,2.0,0,5.0,5.4,3.0,5.0,6.0,8.0,4.0,4.0,5.0,6.0,7.0,2.0,0
26,1,2,4.0,8.0,2.0,3.0,0,4.0,7.28,2.0,7.0,6.0,6.0,4.0,5.0,7.0,8.0,7.0,4.0,2
24,1,2,3.0,5.0,3.0,1.0,0,2.0,6.03,2.0,6.0,4.0,4.0,6.0,2.0,8.0,5.0,4.0,5.0,2
24,0,1,4.0,8.0,1.0,0.0,3,5.0,7.79,2.0,7.0,5.0,3.0,6.0,2.0,8.0,6.0,4.0,5.0,2
19,1,1,2.0,4.0,0.0,1.0,1,6.0,7.4,2.0,9.0,4.0,3.0,5.0,3.0,6.0,8.0,3.0,5.0,2
25,0,1,7.0,8.0,3.0,1.0,2,3.0,5.87,2.0,4.0,5.0,7.0,1.0,6.0,7.0,4.0,8.0,2.0,0
20,2,1,3.0,8.0,5.0,2.0,1,3.0,4.82,2.0,9.0,6.0,5.0,5.0,5.0,5.0,3.0,6.0,2.0,0
25,0,2,5.0,8.0,2.0,2.0,2,4.0,7.3,1.0,8.0,6.0,5.0,5.0,4.0,6.0,6.0,6.0,4.0,0
20,1,1,2.0,5.0,3.0,3.0,1,5.0,6.62,0.0,5.0,4.0,2.0,7.0,3.0,7.0,6.0,5.0,5.0,2
24,1,1,3.0,7.0,2.0,0.0,3,4.0,7.69,2.0,7.0,5.0,5.0,4.0,2.0,7.0,4.0,5.0,4.0,0
19,0,1,3.0,7.0,3.0,1.0,3,4.0,6.53,1.0,6.0,5.0,4.0,7.0,4.0,6.0,7.0,3.0,5.0,2
21,0,1,3.0,6.0,3.0,3.0,0,6.0,5.98,2.0,3.0,4.0,6.0,6.0,3.0,6.0,4.0,7.0,3.0,0
23,0,1,5.0,8.0,3.0,2.0,4,3.0,5.28,2.0,5.0,5.0,4.0,5.0,4.0,5.0,7.0,7.0,4.0,0
26,1,0,5.0,8.0,2.0,3.0,3,4.0,5.61,2.0,6.0,4.0,3.0,8.0,5.0,6.0,7.0,3.0,6.0,2
22,0,2,5.0,6.0,3.0,3.0,3,3.0,8.09,3.0,7.0,5.0,3.0,6.0,4.0,9.0,5.0,5.0,5.0,2
26,1,1,3.0,5.0,2.0,0.0,0,3.0,6.33,2.0,3.0,2.0,4.0,4.0,3.0,7.0,5.0,6.0,4.0,0
22,0,2,4.0,7.0,0.0,4.0,4,1.0,7.46,1.0,5.0,3.0,4.0,6.0,5.0,8.0,6.0,6.0,5.0,2
25,0,1,3.0,6.0,4.0,0.0,3,1.0,5.32,1.0,4.0,5.0,7.0,3.0,6.0,5.0,4.0,6.0,2.0,0
18,0,1,6.0,11.0,3.0,2.0,3,1.0,4.82,0.0,6.0,5.0,4.0,4.0,7.0,6.0,4.0,7.0,3.0,0
24,1,0,3.0,5.0,3.0,4.0,1,4.0,6.93,3.0,10.0,5.0,4.0,6.0,5.0,7.0,5.0,4.0,4.0,2
21,0,1,3.0,8.0,3.0,0.0,2,4.0,7.53,0.0,1.0,5.0,3.0,6.0,2.0,8.0,8.0,5.0,6.0,2
22,1,0,4.0,8.0,1.0,2.0,2,1.0,9.66,1.0,6.0,4.0,2.0,8.0,4.0,10.0,7.0,6.0,7.0,2
23,0,2,2.0,4.0,5.0,0.0,1,2.0,4.47,1.0,7.0,5.0,7.0,5.0,2.0,5.0,4.0,6.0,2.0,0
22,1,0,5.0,8.0,3.0,3.0,2,3.0,5.43,0.0,6.0,5.0,6.0,5.0,4.0,6.0,4.0,6.0,3.0,0
18,1,2,6.0,10.0,4.0,0.0,0,5.0,7.68,2.0,9.0,6.0,6.0,2.0,3.0,8.0,6.0,8.0,3.0,0
26,1,1,3.0,6.0,1.0,0.0,4,2.0,5.21,3.0,7.0,6.0,5.0,5.0,2.0,3.0,6.0,4.0,3.0,0
19,0,2,3.0,5.0,3.0,2.0,3,5.0,6.98,1.0,6.0,5.0,4.0,4.0,5.0,7.0,6.0,4.0,4.0,2
26,0,1,6.0,8.0,5.0,3.0,2,0.0,6.74,2.0,4.0,5.0,4.0,6.0,6.0,7.0,4.0,8.0,4.0,0
19,0,2,4.0,8.0,4.0,2.0,3,4.0,7.9,0.0,8.0,5.0,4.0,6.0,6.0,8.0,7.0,5.0,5.0,2
26,0,1,4.0,5.0,1.0,2.0,1,1.0,8.03,2.0,4.0,5.0,4.0,6.0,4.0,7.0,5.0,5.0,5.0,2
23,0,2,3.0,8.0,4.0,3.0,1,3.0,6.98,1.0,7.0,5.0,4.0,5.0,5.0,6.0,7.0,7.0,4.0,0
26,1,2,3.0,8.0,2.0,2.0,2,2.0,8.05,1.0,3.0,6.0,4.0,5.0,5.0,7.0,7.0,6.0,5.0,2
23,0,2,4.0,8.0,2.0,1.0,1,3.0,7.07,1.0,10.0,4.0,5.0,6.0,3.0,6.0,5.0,6.0,4.0,0
23,0,2,5.0,7.0,2.0,0.0,2,3.0,5.79,3.0,6.0,5.0,6.0,6.0,5.0,7.0,4.0,6.0,4.0,0
19,1,2,4.0,9.0,3.0,0.0,0,2.0,4.94,3.0,8.0,4.0,5.0,5.0,4.0,5.0,5.0,8.0,3.0,0
25,1,1,3.0,7.0,3.0,3.0,2,3.0,5.61,0.0,8.0,6.0,5.0,5.0,4.0,6.0,5.0,6.0,4.0,0
20,1,2,3.0,8.0,2.0,2.0,1,3.0,5.58,1.0,6.0,5.0,5.0,4.0,5.0,6.0,6.0,6.0,3.0,0
24,1,2,2.0,6.0,3.0,1.0,0,1.0,9.61,2.0,8.0,3.0,3.0,6.0,3.0,10.0,5.0,5.0,6.0,2
22,1,2,4.0,7.0,2.0,1.0,0,2.0,7.08,0.0,6.0,4.0,3.0,6.0,2.0,8.0,5.0,4.0,5.0,2
20,1,0,7.0,11.0,3.0,0.0,2,5.0,5.63,0.0,1.0,6.0,8.0,3.0,4.0,6.0,5.0,7.0,2.0,0
18,0,1,8.0,11.0,3.0,3.0,3,3.0,6.4,2.0,4.0,4.0,5.0,4.0,7.0,7.0,5.0,8.0,3.0,0
25,1,1,4.0,9.0,1.0,1.0,3,3.0,4.13,1.0,8.0,3.0,5.0,3.0,4.0,5.0,3.0,6.0,2.0,0
20,1,2,2.0,3.0,2.0,1.0,1,2.0,5.91,3.0,5.0,2.0,5.0,4.0,2.0,6.0,3.0,5.0,3.0,0
19,2,1,5.0,9.0,2.0,3.0,2,3.0,4.4,0.0,6.0,5.0,5.0,5.0,4.0,5.0,3.0,7.0,2.0,0
18,0,1,5.0,9.0,4.0,0.0,3,2.0,6.35,2.0,7.0,6.0,6.0,6.0,6.0,5.0,5.0,5.0,3.0,0
21,1,2,8.0,12.0,2.0,2.0,2,4.0,4.51,3.0,6.0,4.0,6.0,4.0,7.0,6.0,3.0,6.0,2.0,0
25,0,1,4.0,7.0,4.0,1.0,3,2.0,5.9,1.0,3.0,5.0,4.0,6.0,4.0,7.0,5.0,3.0,5.0,2
20,1,0,3.0,7.0,2.0,1.0,0,3.0,5.56,2.0,3.0,5.0,4.0,4.0,4.0,7.0,6.0,6.0,4.0,2
18,1,0,2.0,6.0,2.0,0.0,2,6.0,5.8,1.0,6.0,3.0,4.0,3.0,4.0,5.0,6.0,3.0,3.0,0
21,1,1,5.0,9.0,2.0,2.0,3,4.0,5.05,2.0,8.0,4.0,4.0,3.0,6.0,6.0,4.0,6.0,3.0,0
26,2,2,4.0,6.0,2.0,2.0,4,3.0,6.48,2.0,10.0,4.0,3.0,8.0,4.0,7.0,5.0,6.0,5.0,2
18,0,1,4.0,7.0,2.0,3.0,1,3.0,8.05,1.0,10.0,5.0,4.0,6.0,3.0,7.0,6.0,5.0,5.0,2
19,0,2,3.0,7.0,1.0,2.0,1,5.0,8.57,2.0,7.0,5.0,4.0,4.0,4.0,9.0,5.0,4.0,5.0,2
26,2,1,7.0,9.0,1.0,0.0,2,1.0,4.33,0.0,8.0,6.0,6.0,4.0,7.0,4.0,1.0,6.0,1.0,0
19,2,2,3.0,5.0,4.0,1.0,4,3.0,5.67,1.0,7.0,3.0,5.0,5.0,4.0,4.0,5.0,5.0,3.0,0
20,0,1,5.0,8.0,3.0,0.0,0,3.0,7.67,2.0,4.0,6.0,5.0,7.0,6.0,7.0,5.0,7.0,4.0,2
24,0,2,5.0,11.0,5.0,4.0,1,3.0,5.77,2.0,4.0,5.0,6.0,5.0,4.0,7.0,5.0,7.0,4.0,0
20,1,2,1.0,4.0,3.0,1.0,2,2.0,7.4,1.0,6.0,5.0,4.0,6.0,3.0,8.0,6.0,3.0,5.0,2
26,1,1,7.0,9.0,3.0,2.0,1,3.0,6.82,0.0,8.0,6.0,6.0,6.0,8.0,9.0,5.0,7.0,4.0,2
23,0,2,1.0,4.0,5.0,2.0,2,0.0,6.83,2.0,4.0,5.0,5.0,6.0,2.0,6.0,5.0,6.0,4.0,0
20,0,0,3.0,6.0,4.0,1.0,4,4.0,4.39,2.0,6.0,4.0,4.0,7.0,4.0,6.0,6.0,5.0,5.0,2
26,2,2,3.0,8.0,3.0,3.0,3,2.0,7.84,1.0,8.0,3.0,3.0,4.0,4.0,7.0,5.0,5.0,4.0,2
18,1,2,3.0,5.0,2.0,2.0,3,6.0,8.02,0.0,6.0,4.0,4.0,5.0,3.0,9.0,6.0,3.0,6.0,2
20,0,1,4.0,7.0,3.0,0.0,3,3.0,6.08,2.0,6.0,5.0,6.0,7.0,5.0,7.0,5.0,6.0,4.0,2
18,0,1,3.0,5.0,4.0,1.0,3,1.0,6.78,1.0,8.0,6.0,7.0,3.0,4.0,6.0,4.0,7.0,2.0,0
19,1,1,6.0,10.0,3.0,2.0,0,1.0,6.17,2.0,13.0,6.0,5.0,5.0,5.0,6.0,4.0,7.0,3.0,0
25,0,1,5.0,8.0,3.0,1.0,2,3.0,6.54,2.0,4.0,5.0,4.0,5.0,6.0,7.0,6.0,6.0,4.0,0
24,0,1,3.0,7.0,2.0,1.0,0,4.0,7.62,2.0,6.0,8.0,5.0,5.0,5.0,8.0,4.0,6.0,4.0,0
19,0,2,3.0,3.0,4.0,2.0,3,4.0,5.59,0.0,10.0,4.0,4.0,8.0,3.0,6.0,6.0,1.0,6.0,2
19,0,1,3.0,7.0,3.0,1.0,3,2.0,7.27,2.0,6.0,5.0,5.0,5.0,4.0,6.0,6.0,6.0,4.0,2
26,1,1,3.0,6.0,1.0,2.0,4,7.0,7.39,1.0,4.0,6.0,5.0,8.0,3.0,8.0,7.0,7.0,6.0,2
23,0,2,2.0,6.0,2.0,2.0,1,4.0,7.7,2.0,7.0,5.0,3.0,7.0,3.0,8.0,4.0,6.0,5.0,2
22,0,1,5.0,8.0,2.0,1.0,3,5.0,6.51,1.0,6.0,5.0,5.0,3.0,4.0,6.0,4.0,7.0,2.0,0
23,0,1,3.0,5.0,3.0,1.0,0,4.0,5.27,0.0,3.0,5.0,4.0,4.0,3.0,6.0,5.0,5.0,3.0,0
26,0,1,5.0,8.0,2.0,0.0,0,1.0,6.17,1.0,5.0,5.0,3.0,3.0,4.0,7.0,6.0,6.0,4.0,0
24,1,1,4.0,8.0,6.0,3.0,0,3.0,6.72,1.0,8.0,5.0,5.0,4.0,5.0,7.0,4.0,6.0,3.0,0
26,1,0,6.0,9.0,4.0,2.0,4,3.0,7.82,2.0,5.0,7.0,6.0,4.0,7.0,8.0,6.0,5.0,4.0,2
21,1,2,5.0,7.0,5.0,1.0,0,4.0,7.19,2.0,7.0,7.0,6.0,4.0,4.0,6.0,6.0,7.0,3.0,0
19,1,1,5.0,8.0,5.0,0.0,2,2.0,5.06,1.0,11.0,6.0,7.0,4.0,5.0,5.0,5.0,7.0,2.0,0
25,0,1,7.0,11.0,3.0,0.0,2,3.0,4.65,3.0,4.0,5.0,6.0,6.0,8.0,5.0,4.0,8.0,3.0,0
21,0,0,3.0,6.0,4.0,0.0,4,0.0,5.51,1.0,6.0,5.0,7.0,2.0,4.0,5.0,3.0,5.0,1.0,0
26,1,2,4.0,4.0,3.0,4.0,2,3.0,5.79,0.0,7.0,6.0,8.0,4.0,4.0,5.0,3.0,5.0,2.0,0
21,1,1,5.0,7.0,4.0,0.0,4,2.0,5.46,2.0,7.0,7.0,5.0,5.0,5.0,4.0,3.0,7.0,2.0,0
25,1,2,5.0,7.0,1.0,1.0,4,3.0,3.01,0.0,7.0,4.0,6.0,6.0,6.0,3.0,3.0,6.0,2.0,0
26,1,1,3.0,6.0,3.0,3.0,4,3.0,5.42,2.0,6.0,4.0,5.0,5.0,4.0,6.0,5.0,5.0,4.0,0
26,0,1,4.0,6.0,3.0,0.0,2,1.0,6.61,0.0,7.0,5.0,5.0,7.0,5.0,8.0,3.0,6.0,4.0,2
21,0,1,4.0,6.0,5.0,2.0,3,2.0,7.96,0.0,5.0,6.0,6.0,4.0,6.0,9.0,6.0,5.0,5.0,2
18,0,0,8.0,11.0,2.0,1.0,2,2.0,8.06,2.0,5.0,6.0,4.0,6.0,6.0,9.0,6.0,8.0,5.0,2
20,1,2,5.0,8.0,3.0,1.0,4,3.0,7.64,1.0,6.0,5.0,4.0,6.0,6.0,9.0,6.0,5.0,5.0,2
26,2,1,6.0,9.0,3.0,2.0,1,2.0,6.73,2.0,9.0,5.0,5.0,4.0,6.0,7.0,4.0,7.0,3.0,0
21,1,2,3.0,6.0,4.0,0.0,2,4.0,8.71,1.0,5.0,5.0,4.0,5.0,5.0,9.0,5.0,5.0,5.0,2
22,0,1,3.0,5.0,5.0,1.0,1,4.0,6.27,1.0,9.0,6.0,4.0,5.0,4.0,7.0,5.0,3.0,4.0,2
24,0,1,3.0,6.0,3.0,1.0,2,2.0,7.2,3.0,3.0,3.0,4.0,7.0,4.0,7.0,5.0,7.0,4.0,2
22,0,1,5.0,7.0,4.0,0.0,4,3.0,6.24,1.0,8.0,6.0,6.0,4.0,5.0,7.0,7.0,6.0,4.0,2
21,1,2,6.0,9.0,4.0,4.0,2,3.0,6.46,1.0,8.0,5.0,5.0,6.0,4.0,6.0,4.0,6.0,4.0,0
19,1,1,2.0,4.0,3.0,4.0,0,2.0,7.41,0.0,6.0,3.0,3.0,4.0,4.0,7.0,6.0,5.0,4.0,2
19,0,1,7.0,9.0,2.0,0.0,0,4.0,5.45,1.0,10.0,6.0,6.0,7.0,5.0,5.0,5.0,7.0,4.0,0
21,1,1,5.0,9.0,2.0,0.0,4,4.0,7.43,1.0,6.0,5.0,4.0,6.0,4.0,8.0,5.0,7.0,5.0,2
26,1,2,6.0,8.0,4.0,4.0,3,5.0,5.68,2.0,7.0,4.0,5.0,4.0,4.0,6.0,5.0,6.0,3.0,0
25,0,1,5.0,9.0,3.0,2.0,1,5.0,6.78,1.0,4.0,5.0,4.0,6.0,6.0,6.0,8.0,4.0,5.0,2
20,0,1,3.0,5.0,2.0,2.0,2,3.0,7.0,1.0,6.0,6.0,3.0,6.0,4.0,7.0,6.0,5.0,5.0,2
26,0,1,4.0,7.0,2.0,3.0,4,2.0,7.33,1.0,4.0,4.0,3.0,6.0,5.0,8.0,6.0,6.0,5.0,2
22,1,1,5.0,8.0,3.0,2.0,1,5.0,6.34,0.0,1.0,5.0,6.0,5.0,8.0,6.0,5.0,7.0,3.0,0
20,0,2,4.0,7.0,4.0,2.0,2,3.0,4.9,1.0,8.0,7.0,7.0,2.0,3.0,5.0,5.0,6.0,2.0,0
22,1,0,4.0,8.0,4.0,0.0,2,4.0,8.03,1.0,7.0,6.0,5.0,4.0,5.0,9.0,8.0,5.0,5.0,2
21,0,1,3.0,5.0,3.0,1.0,3,0.0,6.7,1.0,8.0,6.0,6.0,5.0,4.0,8.0,2.0,7.0,3.0,0
25,1,2,5.0,8.0,1.0,4.0,1,6.0,5.01,0.0,6.0,5.0,4.0,7.0,7.0,6.0,6.0,4.0,5.0,2
22,0,1,4.0,6.0,2.0,4.0,2,5.0,9.73,3.0,3.0,4.0,2.0,5.0,3.0,10.0,7.0,3.0,7.0,2
25,0,1,3.0,6.0,1.0,1.0,3,1.0,7.59,0.0,7.0,4.0,5.0,5.0,2.0,8.0,6.0,7.0,4.0,2
26,1,1,3.0,7.0,5.0,0.0,0,2.0,8.13,2.0,7.0,6.0,4.0,6.0,3.0,6.0,7.0,5.0,5.0,2
21,1,2,3.0,5.0,1.0,1.0,3,2.0,6.3,1.0,5.0,3.0,4.0,6.0,4.0,7.0,5.0,5.0,4.0,2
24,1,2,2.0,5.0,3.0,0.0,1,1.0,8.49,1.0,6.0,4.0,3.0,7.0,2.0,9.0,6.0,4.0,6.0,2
19,1,2,5.0,7.0,4.0,2.0,3,2.0,5.09,1.0,7.0,6.0,7.0,3.0,4.0,5.0,4.0,7.0,2.0,0
23,0,1,3.0,6.0,4.0,1.0,0,6.0,6.79,3.0,5.0,4.0,6.0,4.0,4.0,6.0,5.0,6.0,3.0,0
25,1,2,4.0,8.0,5.0,0.0,0,4.0,7.08,2.0,7.0,6.0,5.0,4.0,5.0,6.0,7.0,6.0,4.0,2
24,0,2,6.0,8.0,2.0,0.0,1,5.0,5.36,3.0,6.0,5.0,4.0,5.0,5.0,6.0,5.0,6.0,4.0,0
24,0,1,4.0,7.0,2.0,1.0,4,3.0,5.95,2.0,6.0,3.0,4.0,6.0,4.0,7.0,7.0,5.0,5.0,2
25,1,0,4.0,7.0,1.0,0.0,3,0.0,6.41,2.0,5.0,3.0,5.0,6.0,4.0,7.0,3.0,8.0,3.0,0
24,0,1,4.0,6.0,3.0,2.0,1,3.0,4.63,1.0,3.0,5.0,4.0,5.0,5.0,5.0,5.0,5.0,3.0,0
22,1,2,4.0,8.0,2.0,0.0,2,3.0,6.95,1.0,4.0,6.0,4.0,4.0,4.0,7.0,5.0,5.0,4.0,0
24,1,1,3.0,7.0,4.0,2.0,3,2.0,5.87,3.0,5.0,4.0,5.0,6.0,3.0,6.0,4.0,6.0,3.0,0
20,1,2,5.0,7.0,2.0,3.0,0,0.0,6.41,2.0,3.0,5.0,4.0,5.0,6.0,5.0,4.0,6.0,3.0,0
22,0,2,4.0,8.0,3.0,2.0,3,4.0,7.59,2.0,4.0,5.0,2.0,6.0,3.0,8.0,8.0,3.0,6.0,2
24,1,1,3.0,7.0,5.0,0.0,1,2.0,7.32,0.0,7.0,8.0,5.0,5.0,4.0,7.0,7.0,6.0,5.0,2
26,0,0,3.0,6.0,2.0,1.0,4,2.0,5.49,2.0,5.0,5.0,7.0,2.0,5.0,5.0,3.0,6.0,1.0,0
19,1,1,6.0,10.0,5.0,1.0,4,4.0,6.08,2.0,7.0,6.0,6.0,4.0,7.0,6.0,5.0,7.0,3.0,0
21,2,1,3.0,6.0,1.0,0.0,2,2.0,5.92,2.0,8.0,4.0,6.0,6.0,3.0,6.0,4.0,6.0,3.0,0
24,0,2,5.0,8.0,4.0,0.0,1,3.0,5.79,0.0,3.0,5.0,4.0,5.0,3.0,5.0,5.0,6.0,3.0,0
18,1,1,5.0,9.0,4.0,2.0,3,4.0,6.06,0.0,10.0,5.0,5.0,5.0,5.0,7.0,5.0,8.0,3.0,0
19,0,1,2.0,6.0,3.0,0.0,0,6.0,5.97,1.0,6.0,5.0,5.0,4.0,4.0,5.0,5.0,6.0,3.0,0
26,0,2,2.0,4.0,4.0,4.0,3,3.0,5.62,0.0,3.0,6.0,5.0,4.0,3.0,6.0,4.0,5.0,3.0,0
24,1,2,4.0,6.0,3.0,2.0,3,4.0,4.83,2.0,8.0,5.0,5.0,3.0,4.0,6.0,4.0,5.0,3.0,0
24,1,0,5.0,9.0,3.0,0.0,0,2.0,6.72,0.0,6.0,8.0,7.0,4.0,4.0,7.0,5.0,6.0,3.0,0
23,1,2,2.0,5.0,2.0,3.0,2,5.0,5.75,0.0,1.0,4.0,7.0,6.0,1.0,6.0,7.0,5.0,4.0,2
20,0,2,3.0,6.0,3.0,1.0,4,0.0,5.43,1.0,4.0,5.0,6.0,5.0,1.0,6.0,2.0,8.0,2.0,0
20,0,0,5.0,7.0,4.0,3.0,4,1.0,5.51,1.0,5.0,5.0,4.0,5.0,4.0,5.0,3.0,7.0,2.0,0
19,1,1,2.0,5.0,2.0,2.0,3,3.0,6.57,3.0,8.0,3.0,3.0,8.0,3.0,6.0,6.0,6.0,5.0,2
23,1,1,6.0,9.0,2.0,3.0,1,2.0,4.86,1.0,5.0,5.0,4.0,6.0,5.0,6.0,5.0,7.0,4.0,0
21,0,2,8.0,9.0,1.0,2.0,4,4.0,8.58,1.0,5.0,6.0,3.0,5.0,8.0,9.0,6.0,4.0,6.0,2
22,0,1,3.0,6.0,3.0,1.0,2,4.0,7.11,3.0,7.0,4.0,4.0,5.0,5.0,7.0,7.0,6.0,5.0,2
20,0,1,6.0,9.0,5.0,1.0,2,0.0,5.93,2.0,5.0,8.0,5.0,5.0,5.0,5.0,5.0,8.0,3.0,0
23,2,2,4.0,7.0,4.0,2.0,0,5.0,4.94,1.0,5.0,7.0,7.0,5.0,4.0,4.0,4.0,6.0,2.0,0
20,1,0,3.0,6.0,2.0,2.0,1,3.0,7.48,3.0,9.0,5.0,5.0,6.0,3.0,8.0,5.0,5.0,5.0,2
25,1,1,6.0,8.0,5.0,3.0,4,6.0,5.88,2.0,7.0,7.0,6.0,4.0,4.0,6.0,5.0,7.0,3.0,0
26,1,1,5.0,8.0,2.0,3.0,1,2.0,4.91,2.0,5.0,4.0,4.0,5.0,6.0,5.0,4.0,6.0,3.0,0
21,0,1,6.0,10.0,4.0,2.0,4,4.0,5.57,2.0,9.0,6.0,7.0,4.0,6.0,6.0,6.0,9.0,3.0,0
26,1,1,8.0,11.0,3.0,0.0,0,4.0,5.47,1.0,9.0,7.0,5.0,5.0,6.0,5.0,7.0,6.0,4.0,0
24,1,1,4.0,7.0,4.0,3.0,1,5.0,6.81,2.0,7.0,5.0,5.0,5.0,4.0,8.0,5.0,5.0,4.0,2
20,0,2,5.0,8.0,4.0,2.0,1,0.0,5.94,2.0,7.0,5.0,4.0,7.0,6.0,7.0,4.0,7.0,4.0,2
24,1,1,2.0,6.0,1.0,1.0,4,1.0,7.39,2.0,8.0,4.0,4.0,4.0,2.0,7.0,4.0,7.0,4.0,0
18,1,1,3.0,6.0,3.0,1.0,3,5.0,6.14,2.0,6.0,5.0,7.0,4.0,4.0,5.0,4.0,6.0,2.0,0
20,0,2,4.0,7.0,4.0,0.0,4,5.0,6.72,2.0,9.0,4.0,3.0,6.0,5.0,7.0,6.0,3.0,5.0,2
23,1,2,4.0,8.0,3.0,4.0,1,4.0,5.1,3.0,5.0,6.0,5.0,5.0,5.0,6.0,6.0,6.0,4.0,2
21,1,1,1.0,4.0,2.0,2.0,0,1.0,6.29,1.0,5.0,4.0,3.0,5.0,2.0,7.0,4.0,3.0,4.0,2
24,0,1,6.0,11.0,3.0,4.0,0,3.0,6.13,1.0,3.0,5.0,6.0,4.0,4.0,7.0,5.0,6.0,3.0,0
20,1,1,5.0,9.0,2.0,5.0,3,5.0,6.48,1.0,4.0,3.0,6.0,5.0,5.0,7.0,5.0,8.0,3.0,0
18,1,0,5.0,7.0,3.0,0.0,3,3.0,5.94,2.0,5.0,6.0,5.0,4.0,6.0,5.0,4.0,4.0,3.0,0
26,2,1,7.0,9.0,5.0,0.0,1,3.0,5.63,0.0,5.0,5.0,5.0,7.0,7.0,6.0,3.0,6.0,4.0,0
23,1,0,6.0,8.0,3.0,1.0,3,5.0,5.86,2.0,5.0,8.0,7.0,4.0,7.0,7.0,5.0,7.0,3.0,0
25,0,2,4.0,5.0,5.0,2.0,0,4.0,5.11,2.0,10.0,6.0,6.0,5.0,6.0,6.0,4.0,6.0,3.0,0
20,1,1,3.0,4.0,4.0,0.0,1,3.0,6.84,3.0,5.0,7.0,6.0,4.0,3.0,8.0,5.0,5.0,4.0,0
25,0,1,5.0,6.0,4.0,3.0,3,4.0,6.13,2.0,6.0,6.0,4.0,4.0,5.0,6.0,4.0,4.0,3.0,0
19,1,2,6.0,9.0,2.0,4.0,0,4.0,4.16,1.0,2.0,6.0,5.0,7.0,5.0,3.0,3.0,8.0,2.0,0
21,1,1,4.0,8.0,3.0,0.0,3,3.0,6.75,3.0,4.0,5.0,4.0,5.0,4.0,8.0,3.0,7.0,3.0,0
20,1,1,5.0,9.0,3.0,3.0,0,4.0,5.28,1.0,4.0,6.0,5.0,4.0,6.0,6.0,5.0,6.0,4.0,0
18,0,1,7.0,10.0,2.0,0.0,1,2.0,5.53,1.0,8.0,4.0,7.0,2.0,5.0,6.0,5.0,8.0,2.0,0
24,0,1,5.0,9.0,3.0,2.0,0,4.0,10.0,0.0,7.0,3.0,2.0,5.0,5.0,10.0,9.0,6.0,7.0,2
19,1,1,2.0,5.0,2.0,0.0,2,2.0,7.16,2.0,5.0,4.0,5.0,5.0,1.0,7.0,4.0,4.0,4.0,0
21,2,0,2.0,6.0,5.0,3.0,4,2.0,5.83,2.0,8.0,4.0,4.0,5.0,2.0,5.0,5.0,2.0,4.0,2
26,1,1,7.0,10.0,2.0,3.0,0,5.0,6.55,2.0,7.0,5.0,6.0,4.0,7.0,7.0,5.0,8.0,3.0,0
23,0,2,4.0,7.0,4.0,2.0,2,4.0,6.13,3.0,9.0,5.0,6.0,5.0,5.0,6.0,5.0,6.0,3.0,0
25,1,1,4.0,7.0,3.0,4.0,3,3.0,10.0,1.0,7.0,5.0,4.0,6.0,3.0,10.0,7.0,7.0,6.0,2
19,0,1,5.0,7.0,4.0,1.0,4,4.0,6.86,1.0,10.0,5.0,6.0,5.0,5.0,6.0,6.0,5.0,4.0,0
24,0,1,6.0,9.0,4.0,2.0,0,1.0,7.14,3.0,3.0,7.0,5.0,5.0,5.0,6.0,6.0,7.0,4.0,0
23,0,0,3.0,5.0,4.0,2.0,0,4.0,4.64,2.0,6.0,4.0,4.0,4.0,2.0,4.0,4.0,4.0,2.0,0
26,1,1,3.0,7.0,3.0,1.0,1,3.0,6.36,1.0,7.0,6.0,3.0,6.0,3.0,6.0,6.0,4.0,5.0,2
24,1,2,2.0,6.0,1.0,3.0,0,5.0,5.3,1.0,4.0,4.0,5.0,5.0,3.0,5.0,5.0,4.0,4.0,0
18,0,1,1.0,5.0,6.0,3.0,4,7.0,7.71,1.0,7.0,4.0,3.0,6.0,3.0,8.0,7.0,2.0,6.0,2
25,1,2,5.0,7.0,3.0,1.0,3,4.0,8.12,1.0,4.0,4.0,3.0,6.0,5.0,9.0,7.0,4.0,6.0,2
20,1,1,3.0,4.0,1.0,2.0,1,4.0,5.26,3.0,3.0,3.0,3.0,5.0,3.0,5.0,3.0,3.0,4.0,0
19,1,1,5.0,7.0,3.0,1.0,4,3.0,5.14,2.0,9.0,4.0,6.0,3.0,4.0,5.0,4.0,8.0,2.0,0
20,1,2,3.0,8.0,3.0,2.0,0,0.0,5.25,0.0,6.0,4.0,6.0,5.0,6.0,5.0,3.0,6.0,3.0,0
23,1,1,2.0,5.0,4.0,4.0,4,1.0,8.83,2.0,5.0,5.0,4.0,7.0,3.0,8.0,6.0,5.0,5.0,2
20,0,1,6.0,7.0,3.0,0.0,4,1.0,5.68,1.0,5.0,7.0,4.0,4.0,6.0,5.0,4.0,6.0,2.0,0
22,0,1,5.0,8.0,5.0,3.0,3,4.0,6.13,3.0,3.0,6.0,6.0,5.0,3.0,6.0,4.0,5.0,3.0,0
23,0,2,4.0,6.0,3.0,1.0,0,5.0,7.18,2.0,10.0,5.0,6.0,3.0,3.0,8.0,5.0,3.0,4.0,0
25,1,1,4.0,6.0,2.0,1.0,2,4.0,3.98,0.0,3.0,4.0,5.0,7.0,4.0,5.0,6.0,5.0,4.0,2
24,0,1,5.0,9.0,4.0,1.0,1,1.0,7.45,1.0,6.0,3.0,2.0,6.0,5.0,8.0,7.0,6.0,5.0,2
25,0,2,7.0,9.0,2.0,1.0,3,0.0,6.94,1.0,6.0,4.0,2.0,7.0,5.0,7.0,6.0,7.0,5.0,2
20,0,1,5.0,8.0,3.0,2.0,1,2.0,5.08,3.0,6.0,5.0,5.0,4.0,6.0,4.0,4.0,8.0,2.0,0
21,1,1,5.0,8.0,4.0,0.0,0,2.0,5.69,2.0,3.0,6.0,5.0,5.0,6.0,5.0,4.0,7.0,3.0,0
23,2,2,3.0,9.0,2.0,0.0,1,4.0,5.65,2.0,10.0,5.0,6.0,4.0,4.0,6.0,6.0,6.0,3.0,0
24,0,0,4.0,6.0,4.0,2.0,4,5.0,7.15,3.0,3.0,5.0,4.0,6.0,4.0,7.0,7.0,5.0,5.0,2
26,2,1,0.0,2.0,3.0,1.0,4,3.0,7.87,1.0,5.0,5.0,4.0,6.0,2.0,9.0,5.0,4.0,5.0,2
18,1,2,3.0,5.0,2.0,0.0,4,1.0,6.36,4.0,5.0,7.0,4.0,6.0,5.0,7.0,5.0,6.0,4.0,2
25,1,1,2.0,6.0,5.0,1.0,2,3.0,7.47,1.0,8.0,7.0,5.0,5.0,2.0,8.0,5.0,7.0,4.0,2
25,1,1,2.0,6.0,4.0,1.0,4,0.0,5.57,1.0,5.0,7.0,6.0,4.0,3.0,7.0,3.0,7.0,2.0,0
23,0,1,3.0,6.0,5.0,5.0,4,3.0,6.51,2.0,6.0,5.0,5.0,4.0,2.0,6.0,6.0,5.0,4.0,0
21,1,1,4.0,7.0,2.0,2.0,0,5.0,5.96,1.0,9.0,3.0,4.0,4.0,4.0,6.0,5.0,3.0,4.0,0
20,0,1,2.0,7.0,3.0,3.0,4,3.0,6.33,2.0,6.0,4.0,5.0,4.0,5.0,7.0,7.0,6.0,4.0,2
20,0,2,6.0,11.0,4.0,2.0,2,5.0,5.22,0.0,5.0,6.0,6.0,4.0,5.0,6.0,6.0,8.0,3.0,0
23,0,1,5.0,8.0,3.0,2.0,2,2.0,4.4,1.0,8.0,7.0,7.0,3.0,7.0,4.0,2.0,9.0,1.0,0
25,0,1,4.0,8.0,5.0,2.0,3,4.0,6.83,2.0,6.0,6.0,5.0,6.0,6.0,6.0,7.0,6.0,5.0,2
24,0,1,5.0,7.0,2.0,0.0,2,1.0,6.19,0.0,10.0,5.0,4.0,6.0,4.0,6.0,5.0,6.0,4.0,0
18,0,1,1.0,5.0,3.0,1.0,4,4.0,5.98,0.0,4.0,6.0,6.0,2.0,2.0,6.0,5.0,5.0,3.0,0
23,1,1,1.0,4.0,4.0,1.0,1,3.0,6.31,2.0,1.0,5.0,5.0,5.0,2.0,7.0,4.0,5.0,4.0,0
24,0,1,6.0,8.0,4.0,1.0,3,2.0,7.65,3.0,5.0,6.0,5.0,5.0,5.0,7.0,6.0,6.0,4.0,2
24,0,1,8.0,10.0,3.0,0.0,2,5.0,3.87,1.0,7.0,6.0,8.0,4.0,5.0,5.0,4.0,9.0,1.0,0
26,1,2,4.0,6.0,3.0,1.0,3,4.0,9.71,1.0,6.0,6.0,3.0,6.0,6.0,9.0,7.0,6.0,6.0,2
22,2,1,7.0,11.0,1.0,3.0,0,2.0,5.39,2.0,6.0,4.0,5.0,6.0,7.0,4.0,6.0,8.0,3.0,0
18,1,2,4.0,6.0,3.0,0.0,4,5.0,5.86,1.0,8.0,5.0,5.0,5.0,5.0,5.0,6.0,5.0,4.0,0
19,1,0,3.0,7.0,3.0,2.0,4,6.0,8.0,2.0,4.0,5.0,3.0,6.0,4.0,9.0,8.0,4.0,6.0,2
21,1,1,5.0,9.0,4.0,5.0,3,1.0,8.13,2.0,5.0,7.0,5.0,5.0,4.0,10.0,5.0,8.0,4.0,2
22,1,1,1.0,4.0,2.0,5.0,2,3.0,4.4,0.0,7.0,4.0,4.0,5.0,2.0,5.0,4.0,5.0,3.0,0
26,0,1,3.0,6.0,3.0,1.0,1,3.0,5.43,0.0,6.0,7.0,6.0,5.0,5.0,6.0,4.0,4.0,4.0,0
18,2,1,3.0,6.0,4.0,2.0,2,7.0,6.75,1.0,8.0,5.0,2.0,8.0,3.0,8.0,6.0,1.0,7.0,2
20,0,2,2.0,5.0,3.0,4.0,3,2.0,5.18,1.0,6.0,5.0,6.0,3.0,4.0,5.0,3.0,5.0,2.0,0
22,2,1,3.0,8.0,3.0,0.0,2,3.0,7.04,2.0,9.0,3.0,3.0,5.0,5.0,8.0,5.0,4.0,5.0,2
20,1,1,4.0,5.0,2.0,4.0,3,5.0,6.32,1.0,6.0,5.0,5.0,5.0,5.0,6.0,6.0,5.0,4.0,0
21,1,1,6.0,9.0,2.0,1.0,4,5.0,4.25,0.0,8.0,3.0,6.0,7.0,6.0,3.0,6.0,5.0,3.0,0
20,0,1,6.0,7.0,3.0,4.0,4,1.0,7.91,2.0,5.0,7.0,4.0,6.0,5.0,9.0,4.0,5.0,5.0,2
21,0,1,2.0,5.0,1.0,0.0,4,3.0,7.41,0.0,7.0,5.0,4.0,8.0,3.0,7.0,8.0,5.0,6.0,2
18,1,1,7.0,11.0,4.0,2.0,3,3.0,6.7,1.0,6.0,6.0,4.0,4.0,7.0,6.0,5.0,6.0,4.0,0
25,2,1,6.0,10.0,3.0,3.0,4,0.0,8.67,3.0,5.0,4.0,5.0,6.0,7.0,9.0,5.0,8.0,5.0,2
21,0,1,4.0,7.0,3.0,2.0,0,2.0,7.11,0.0,8.0,4.0,4.0,5.0,3.0,7.0,5.0,6.0,4.0,0
24,2,1,6.0,9.0,4.0,0.0,1,4.0,5.36,2.0,7.0,5.0,4.0,6.0,7.0,6.0,5.0,6.0,4.0,0
19,1,2,3.0,5.0,2.0,3.0,3,2.0,4.85,1.0,5.0,4.0,6.0,4.0,2.0,4.0,6.0,5.0,3.0,0
19,0,1,5.0,8.0,4.0,3.0,4,5.0,3.7,0.0,6.0,5.0,6.0,3.0,6.0,4.0,4.0,6.0,1.0,0
23,0,1,1.0,3.0,3.0,0.0,0,4.0,5.23,0.0,7.0,4.0,7.0,5.0,3.0,6.0,5.0,6.0,3.0,0
19,0,1,4.0,7.0,1.0,2.0,2,3.0,6.83,1.0,6.0,5.0,6.0,5.0,4.0,6.0,8.0,4.0,5.0,2
23,1,2,6.0,8.0,5.0,2.0,1,2.0,6.26,2.0,2.0,6.0,4.0,6.0,5.0,7.0,5.0,8.0,4.0,0
19,2,1,3.0,6.0,2.0,0.0,1,3.0,6.03,1.0,5.0,5.0,6.0,7.0,4.0,6.0,6.0,6.0,4.0,2
21,0,1,3.0,6.0,4.0,0.0,4,5.0,6.77,2.0,5.0,5.0,5.0,5.0,5.0,7.0,4.0,6.0,4.0,0
24,1,1,3.0,8.0,2.0,0.0,3,0.0,6.78,4.0,9.0,4.0,5.0,5.0,4.0,6.0,3.0,7.0,3.0,0
25,1,0,4.0,7.0,1.0,3.0,3,1.0,7.81,1.0,5.0,4.0,3.0,7.0,4.0,9.0,5.0,4.0,6.0,2
20,0,2,2.0,8.0,2.0,1.0,0,5.0,7.38,2.0,7.0,3.0,3.0,5.0,4.0,7.0,7.0,7.0,5.0,2
26,0,1,6.0,11.0,2.0,2.0,3,0.0,6.34,2.0,4.0,6.0,5.0,4.0,6.0,7.0,2.0,8.0,2.0,0
19,0,1,2.0,5.0,2.0,3.0,4,1.0,6.19,1.0,6.0,4.0,6.0,6.0,3.0,6.0,3.0,7.0,3.0,0
25,1,1,4.0,8.0,4.0,0.0,1,4.0,7.59,1.0,8.0,6.0,5.0,4.0,4.0,7.0,6.0,6.0,4.0,0
25,0,1,5.0,9.0,6.0,1.0,1,3.0,6.75,1.0,8.0,7.0,6.0,5.0,4.0,7.0,5.0,8.0,3.0,0
21,0,2,3.0,3.0,5.0,0.0,1,2.0,5.87,0.0,8.0,5.0,5.0,6.0,3.0,5.0,5.0,7.0,3.0,0
18,1,2,2.0,3.0,3.0,3.0,4,4.0,4.77,1.0,5.0,4.0,7.0,3.0,3.0,4.0,2.0,7.0,1.0,0
18,0,1,3.0,7.0,3.0,0.0,2,1.0,8.32,2.0,7.0,4.0,3.0,6.0,5.0,8.0,5.0,6.0,5.0,2
19,1,2,3.0,7.0,3.0,2.0,4,7.0,7.85,2.0,3.0,7.0,6.0,4.0,5.0,9.0,7.0,5.0,5.0,2
26,1,1,5.0,9.0,0.0,1.0,1,4.0,5.69,2.0,7.0,5.0,5.0,5.0,4.0,6.0,6.0,6.0,4.0,0
19,0,1,4.0,6.0,3.0,3.0,1,3.0,6.71,3.0,4.0,4.0,5.0,3.0,5.0,6.0,6.0,6.0,4.0,0
19,2,1,4.0,9.0,4.0,1.0,3,5.0,7.42,0.0,5.0,6.0,5.0,6.0,5.0,6.0,5.0,6.0,4.0,0
23,1,1,2.0,5.0,2.0,4.0,1,4.0,7.89,1.0,4.0,5.0,5.0,6.0,2.0,7.0,7.0,5.0,5.0,2
24,1,1,4.0,8.0,1.0,1.0,0,5.0,6.48,3.0,8.0,6.0,6.0,3.0,4.0,8.0,4.0,6.0,3.0,0
24,1,1,6.0,10.0,3.0,2.0,4,3.0,4.71,1.0,9.0,6.0,7.0,4.0,7.0,5.0,3.0,7.0,2.0,0
26,1,1,6.0,9.0,4.0,3.0,3,1.0,7.52,2.0,2.0,6.0,6.0,6.0,5.0,7.0,4.0,10.0,3.0,0
23,1,1,3.0,6.0,2.0,2.0,3,5.0,5.17,1.0,4.0,5.0,5.0,5.0,3.0,6.0,4.0,5.0,3.0,0
25,0,2,5.0,9.0,2.0,0.0,2,4.0,5.83,2.0,5.0,5.0,5.0,5.0,5.0,7.0,6.0,6.0,4.0,0
23,1,0,4.0,6.0,2.0,2.0,2,4.0,6.4,2.0,1.0,3.0,4.0,7.0,4.0,6.0,5.0,6.0,4.0,2
19,2,1,5.0,9.0,4.0,1.0,1,2.0,6.72,1.0,8.0,4.0,4.0,5.0,4.0,8.0,5.0,4.0,4.0,2
18,1,2,4.0,7.0,2.0,4.0,0,4.0,6.61,2.0,5.0,5.0,4.0,6.0,5.0,6.0,7.0,6.0,5.0,2
22,0,2,3.0,6.0,5.0,0.0,0,2.0,8.93,1.0,2.0,6.0,5.0,5.0,2.0,9.0,6.0,7.0,5.0,2
26,0,2,2.0,6.0,2.0,3.0,3,5.0,6.67,3.0,6.0,4.0,4.0,6.0,3.0,7.0,5.0,2.0,5.0,2
25,0,1,5.0,7.0,2.0,1.0,4,3.0,5.35,2.0,2.0,4.0,2.0,7.0,7.0,7.0,5.0,7.0,5.0,2
21,1,1,0.0,3.0,3.0,0.0,2,1.0,3.12,1.0,5.0,3.0,6.0,3.0,2.0,4.0,3.0,6.0,1.0,0
22,0,1,6.0,10.0,4.0,0.0,3,2.0,6.21,2.0,8.0,6.0,5.0,4.0,7.0,8.0,5.0,7.0,4.0,0
22,0,1,4.0,7.0,4.0,2.0,2,2.0,6.73,2.0,4.0,4.0,6.0,5.0,3.0,7.0,4.0,6.0,3.0,0
23,0,1,3.0,7.0,1.0,0.0,2,5.0,8.83,2.0,7.0,6.0,5.0,4.0,2.0,8.0,6.0,4.0,4.0,2
20,0,2,6.0,9.0,4.0,2.0,0,3.0,3.88,1.0,8.0,5.0,6.0,5.0,7.0,4.0,4.0,7.0,2.0,0
22,1,1,0.0,3.0,4.0,1.0,3,2.0,8.32,2.0,10.0,6.0,5.0,5.0,3.0,9.0,6.0,4.0,5.0,2
19,0,1,5.0,6.0,4.0,2.0,0,7.0,7.5,1.0,7.0,7.0,6.0,6.0,6.0,6.0,6.0,5.0,4.0,2
18,2,1,6.0,10.0,5.0,0.0,0,3.0,7.72,1.0,6.0,6.0,4.0,6.0,5.0,8.0,7.0,7.0,5.0,2
18,0,1,2.0,5.0,6.0,0.0,3,1.0,6.96,1.0,5.0,6.0,5.0,5.0,3.0,6.0,7.0,5.0,4.0,2
24,0,2,3.0,7.0,3.0,0.0,4,6.0,4.46,2.0,4.0,6.0,7.0,5.0,5.0,4.0,6.0,5.0,3.0,0
19,0,2,5.0,9.0,3.0,4.0,2,2.0,4.55,2.0,3.0,4.0,5.0,5.0,4.0,4.0,5.0,7.0,3.0,0
21,0,2,2.0,4.0,2.0,3.0,0,1.0,5.49,0.0,6.0,5.0,5.0,7.0,3.0,7.0,4.0,5.0,4.0,2
22,0,1,4.0,7.0,2.0,3.0,4,5.0,7.7,1.0,6.0,2.0,4.0,7.0,6.0,6.0,7.0,4.0,5.0,2
24,0,1,8.0,10.0,2.0,3.0,1,2.0,6.57,2.0,7.0,5.0,6.0,4.0,6.0,6.0,3.0,8.0,2.0,0
19,1,2,4.0,7.0,2.0,2.0,3,3.0,6.46,1.0,7.0,6.0,5.0,4.0,6.0,8.0,4.0,5.0,4.0,0
23,0,1,4.0,6.0,2.0,5.0,1,3.0,6.95,1.0,3.0,3.0,2.0,7.0,4.0,7.0,5.0,3.0,6.0,2
18,0,1,2.0,6.0,3.0,1.0,1,3.0,7.39,2.0,5.0,5.0,4.0,7.0,4.0,8.0,7.0,4.0,6.0,2
24,1,1,6.0,9.0,3.0,3.0,3,3.0,5.92,1.0,5.0,4.0,4.0,6.0,5.0,6.0,6.0,7.0,4.0,2
26,1,0,0.0,4.0,3.0,1.0,2,4.0,6.11,1.0,7.0,4.0,5.0,4.0,1.0,6.0,7.0,6.0,4.0,0
22,0,2,4.0,5.0,2.0,2.0,4,3.0,5.97,0.0,6.0,7.0,7.0,5.0,6.0,6.0,4.0,6.0,3.0,0
22,0,1,5.0,10.0,4.0,4.0,1,2.0,5.92,0.0,4.0,7.0,6.0,4.0,6.0,5.0,3.0,8.0,2.0,0
21,1,1,0.0,4.0,2.0,1.0,1,3.0,5.79,2.0,5.0,4.0,4.0,4.0,3.0,6.0,3.0,2.0,3.0,0
20,0,2,1.0,4.0,5.0,0.0,4,5.0,7.71,2.0,4.0,5.0,5.0,5.0,3.0,7.0,7.0,5.0,5.0,2
26,0,1,2.0,5.0,0.0,1.0,1,2.0,7.83,2.0,1.0,3.0,2.0,7.0,4.0,8.0,5.0,4.0,5.0,2
22,0,1,6.0,10.0,2.0,0.0,3,4.0,7.38,1.0,9.0,4.0,6.0,5.0,6.0,8.0,6.0,7.0,4.0,2
25,1,1,3.0,5.0,4.0,2.0,4,3.0,4.79,2.0,7.0,5.0,7.0,5.0,4.0,6.0,3.0,5.0,3.0,0
26,2,1,5.0,8.0,1.0,1.0,0,2.0,6.1,2.0,4.0,4.0,4.0,5.0,5.0,5.0,6.0,6.0,3.0,0
22,0,1,5.0,8.0,5.0,0.0,0,2.0,5.17,2.0,8.0,8.0,6.0,4.0,7.0,5.0,4.0,4.0,3.0,0
26,1,1,2.0,4.0,4.0,0.0,2,3.0,6.41,3.0,7.0,5.0,6.0,4.0,2.0,6.0,6.0,5.0,4.0,0
19,1,0,3.0,7.0,5.0,2.0,1,5.0,7.1,1.0,6.0,5.0,5.0,4.0,3.0,7.0,6.0,4.0,4.0,2
26,1,1,4.0,6.0,5.0,6.0,3,3.0,7.12,1.0,5.0,5.0,4.0,5.0,4.0,8.0,5.0,6.0,4.0,2
21,0,1,5.0,8.0,4.0,1.0,4,1.0,5.01,2.0,4.0,6.0,6.0,5.0,5.0,6.0,2.0,8.0,2.0,0
23,1,1,4.0,6.0,3.0,1.0,1,2.0,8.31,1.0,9.0,5.0,5.0,5.0,5.0,8.0,4.0,7.0,4.0,0
23,0,1,4.0,8.0,2.0,0.0,3,4.0,4.86,0.0,7.0,5.0,6.0,4.0,3.0,5.0,6.0,5.0,3.0,0
23,1,0,6.0,8.0,5.0,3.0,3,2.0,6.48,2.0,7.0,8.0,7.0,4.0,7.0,6.0,5.0,8.0,2.0,0
19,0,1,6.0,11.0,2.0,0.0,0,5.0,7.63,3.0,4.0,5.0,4.0,5.0,5.0,7.0,6.0,5.0,4.0,2
24,1,0,2.0,6.0,3.0,0.0,0,5.0,7.09,1.0,5.0,5.0,5.0,4.0,1.0,7.0,5.0,5.0,4.0,0
23,0,1,3.0,6.0,3.0,3.0,3,2.0,6.65,0.0,6.0,4.0,4.0,5.0,5.0,5.0,5.0,4.0,4.0,0
18,2,2,4.0,6.0,2.0,1.0,1,3.0,6.57,0.0,9.0,4.0,6.0,2.0,4.0,8.0,3.0,6.0,3.0,0
19,1,2,4.0,8.0,4.0,2.0,4,5.0,5.52,1.0,8.0,5.0,8.0,3.0,5.0,6.0,5.0,7.0,2.0,0
24,1,0,5.0,9.0,4.0,2.0,2,2.0,7.9,1.0,7.0,7.0,5.0,4.0,6.0,9.0,5.0,6.0,4.0,2
18,0,2,5.0,8.0,4.0,0.0,1,3.0,6.02,3.0,6.0,6.0,5.0,6.0,5.0,6.0,6.0,8.0,4.0,0
18,1,1,5.0,7.0,3.0,0.0,3,4.0,4.49,2.0,8.0,6.0,7.0,2.0,3.0,4.0,4.0,7.0,1.0,0
18,0,2,5.0,10.0,1.0,4.0,4,5.0,5.87,3.0,9.0,4.0,6.0,4.0,3.0,5.0,8.0,6.0,4.0,2
25,1,2,4.0,7.0,3.0,0.0,2,4.0,6.43,3.0,8.0,6.0,4.0,6.0,4.0,7.0,6.0,6.0,4.0,2
21,1,2,3.0,6.0,5.0,1.0,3,3.0,6.61,2.0,8.0,7.0,6.0,4.0,6.0,6.0,5.0,6.0,3.0,0
21,2,1,6.0,11.0,2.0,1.0,4,2.0,7.2,1.0,7.0,5.0,2.0,6.0,5.0,10.0,5.0,7.0,5.0,2
19,0,1,3.0,7.0,2.0,3.0,4,1.0,7.5,0.0,6.0,5.0,5.0,6.0,3.0,8.0,4.0,5.0,4.0,2
18,0,1,5.0,9.0,4.0,4.0,2,3.0,4.87,0.0,5.0,6.0,7.0,3.0,7.0,5.0,4.0,8.0,2.0,0
26,1,1,3.0,5.0,3.0,2.0,3,3.0,5.89,1.0,9.0,5.0,3.0,6.0,4.0,5.0,5.0,5.0,4.0,0
24,1,2,4.0,7.0,4.0,2.0,0,4.0,5.43,0.0,6.0,6.0,7.0,4.0,6.0,3.0,5.0,6.0,2.0,0
21,0,1,5.0,7.0,2.0,1.0,1,3.0,6.88,3.0,4.0,4.0,4.0,5.0,6.0,7.0,7.0,5.0,4.0,2
23,1,1,5.0,8.0,3.0,3.0,2,3.0,5.86,1.0,6.0,6.0,7.0,4.0,6.0,7.0,3.0,8.0,2.0,0
19,0,2,6.0,10.0,3.0,1.0,1,5.0,7.27,2.0,7.0,5.0,5.0,5.0,5.0,7.0,7.0,7.0,4.0,2
24,1,2,2.0,4.0,3.0,1.0,2,3.0,5.56,2.0,6.0,6.0,5.0,6.0,3.0,7.0,4.0,6.0,4.0,0
19,1,1,4.0,6.0,5.0,4.0,0,2.0,6.94,2.0,4.0,5.0,4.0,7.0,4.0,8.0,4.0,5.0,5.0,2
25,0,1,5.0,7.0,3.0,2.0,1,1.0,5.88,0.0,8.0,5.0,7.0,4.0,4.0,7.0,4.0,7.0,3.0,0
25,0,0,5.0,6.0,4.0,2.0,4,2.0,7.99,1.0,8.0,6.0,6.0,4.0,4.0,8.0,6.0,5.0,4.0,2
18,0,1,4.0,6.0,3.0,1.0,4,2.0,6.56,0.0,2.0,4.0,3.0,7.0,3.0,6.0,4.0,5.0,4.0,2
25,0,2,5.0,9.0,3.0,1.0,1,2.0,4.52,2.0,7.0,4.0,5.0,5.0,5.0,3.0,6.0,7.0,3.0,0
19,0,1,4.0,8.0,3.0,0.0,3,7.0,6.65,2.0,7.0,6.0,5.0,6.0,5.0,7.0,4.0,3.0,4.0,2
23,0,1,5.0,7.0,2.0,3.0,4,3.0,5.1,1.0,8.0,5.0,5.0,5.0,5.0,5.0,4.0,7.0,2.0,0
18,0,2,4.0,7.0,2.0,1.0,2,4.0,7.77,1.0,3.0,5.0,4.0,6.0,5.0,9.0,4.0,4.0,5.0,2
22,1,2,4.0,6.0,3.0,1.0,3,6.0,6.38,1.0,5.0,5.0,6.0,6.0,4.0,7.0,4.0,4.0,4.0,0
24,1,1,4.0,9.0,3.0,3.0,2,2.0,6.56,1.0,8.0,5.0,3.0,6.0,6.0,6.0,5.0,7.0,4.0,2
18,2,2,3.0,6.0,3.0,3.0,0,4.0,4.48,1.0,7.0,6.0,6.0,6.0,4.0,4.0,4.0,7.0,2.0,0
19,1,1,3.0,4.0,1.0,1.0,4,5.0,6.32,1.0,6.0,5.0,5.0,6.0,3.0,7.0,4.0,3.0,4.0,2
24,1,1,2.0,7.0,4.0,1.0,0,4.0,4.48,2.0,11.0,6.0,7.0,6.0,2.0,5.0,3.0,5.0,2.0,0
23,0,2,4.0,6.0,3.0,0.0,3,2.0,6.98,2.0,9.0,6.0,4.0,6.0,5.0,6.0,4.0,6.0,3.0,0
20,0,2,3.0,8.0,1.0,2.0,2,4.0,6.14,0.0,5.0,4.0,5.0,5.0,5.0,6.0,6.0,7.0,4.0,0
19,0,2,4.0,7.0,3.0,2.0,4,2.0,6.5,3.0,7.0,6.0,5.0,3.0,5.0,8.0,3.0,6.0,3.0,0
21,1,1,6.0,9.0,5.0,0.0,1,3.0,6.75,3.0,4.0,6.0,5.0,5.0,6.0,6.0,5.0,5.0,4.0,0
20,2,2,4.0,5.0,2.0,2.0,0,1.0,7.18,0.0,7.0,4.0,4.0,3.0,4.0,8.0,4.0,5.0,4.0,0
24,0,1,6.0,9.0,5.0,3.0,4,4.0,7.6,1.0,9.0,7.0,7.0,4.0,6.0,8.0,5.0,6.0,4.0,0
25,0,1,5.0,6.0,2.0,0.0,1,5.0,6.2,1.0,6.0,5.0,5.0,6.0,5.0,6.0,6.0,5.0,4.0,2
19,1,1,4.0,6.0,5.0,1.0,3,4.0,6.21,1.0,7.0,6.0,5.0,6.0,3.0,7.0,6.0,4.0,5.0,2
24,1,0,2.0,6.0,5.0,2.0,1,4.0,7.81,0.0,2.0,6.0,2.0,6.0,2.0,8.0,8.0,3.0,6.0,2
25,1,1,4.0,8.0,3.0,2.0,3,3.0,7.59,0.0,6.0,4.0,4.0,5.0,3.0,7.0,5.0,6.0,4.0,2
23,1,1,3.0,6.0,2.0,2.0,0,2.0,7.22,1.0,6.0,4.0,2.0,8.0,2.0,9.0,5.0,4.0,6.0,2
23,1,2,6.0,11.0,2.0,1.0,1,1.0,6.8,2.0,7.0,5.0,6.0,5.0,4.0,7.0,5.0,9.0,3.0,0
18,1,1,7.0,8.0,3.0,0.0,2,2.0,8.16,1.0,5.0,5.0,4.0,6.0,6.0,7.0,5.0,5.0,5.0,2
21,0,2,6.0,8.0,3.0,0.0,2,2.0,5.76,1.0,4.0,5.0,4.0,7.0,3.0,5.0,4.0,6.0,4.0,0
18,0,1,3.0,6.0,2.0,1.0,2,4.0,7.64,2.0,8.0,2.0,3.0,7.0,3.0,8.0,5.0,5.0,6.0,2
21,0,2,4.0,5.0,1.0,2.0,3,5.0,5.51,3.0,4.0,5.0,4.0,5.0,4.0,7.0,6.0,2.0,5.0,2
19,1,1,4.0,5.0,3.0,4.0,1,3.0,5.27,2.0,4.0,7.0,5.0,4.0,5.0,5.0,4.0,5.0,3.0,0
22,1,1,3.0,7.0,2.0,3.0,4,3.0,9.23,2.0,6.0,4.0,3.0,5.0,6.0,10.0,6.0,3.0,6.0,2
26,1,2,4.0,8.0,2.0,2.0,1,6.0,7.86,1.0,11.0,6.0,4.0,8.0,4.0,8.0,6.0,3.0,6.0,2
20,1,2,4.0,6.0,2.0,2.0,1,4.0,6.26,2.0,6.0,2.0,3.0,7.0,3.0,8.0,7.0,5.0,6.0,2
25,1,1,7.0,9.0,3.0,1.0,0,1.0,4.09,0.0,5.0,6.0,6.0,5.0,6.0,4.0,4.0,7.0,2.0,0
20,0,1,4.0,8.0,4.0,0.0,4,3.0,4.53,2.0,5.0,6.0,5.0,4.0,6.0,4.0,3.0,7.0,2.0,0
23,0,1,5.0,7.0,5.0,3.0,2,2.0,7.18,3.0,7.0,7.0,5.0,5.0,6.0,9.0,5.0,6.0,5.0,2
21,0,1,6.0,8.0,1.0,3.0,3,0.0,7.35,1.0,7.0,4.0,4.0,7.0,7.0,7.0,4.0,7.0,4.0,2
25,0,1,5.0,8.0,2.0,0.0,4,5.0,6.73,1.0,5.0,6.0,5.0,4.0,6.0,7.0,6.0,7.0,4.0,0
23,0,1,6.0,11.0,4.0,3.0,2,3.0,7.05,1.0,2.0,5.0,7.0,3.0,5.0,7.0,6.0,8.0,3.0,0
25,0,1,3.0,7.0,3.0,2.0,3,6.0,3.0,1.0,5.0,3.0,5.0,5.0,3.0,3.0,5.0,5.0,3.0,0
18,0,1,5.0,8.0,2.0,3.0,4,5.0,6.45,3.0,9.0,5.0,4.0,4.0,4.0,6.0,5.0,7.0,3.0,0
23,0,1,7.0,11.0,4.0,4.0,3,2.0,7.88,1.0,5.0,7.0,5.0,5.0,6.0,8.0,4.0,8.0,3.0,0
18,0,1,3.0,6.0,3.0,0.0,3,4.0,6.3,1.0,6.0,5.0,6.0,5.0,3.0,6.0,5.0,3.0,4.0,2
18,0,2,3.0,6.0,5.0,0.0,2,4.0,7.7,0.0,3.0,7.0,5.0,5.0,5.0,9.0,7.0,5.0,5.0,2
25,1,2,3.0,7.0,3.0,1.0,0,3.0,8.81,1.0,7.0,5.0,4.0,6.0,4.0,8.0,5.0,4.0,5.0,2
24,0,1,7.0,11.0,2.0,0.0,2,0.0,5.96,0.0,5.0,7.0,8.0,3.0,5.0,6.0,4.0,10.0,1.0,0
20,2,1,2.0,5.0,2.0,0.0,4,4.0,7.41,2.0,6.0,4.0,5.0,7.0,4.0,7.0,7.0,3.0,6.0,2
23,0,1,4.0,7.0,1.0,3.0,2,0.0,6.08,2.0,5.0,3.0,5.0,8.0,4.0,6.0,4.0,7.0,4.0,2
26,1,1,5.0,10.0,5.0,2.0,2,1.0,6.25,3.0,3.0,6.0,5.0,6.0,6.0,6.0,4.0,7.0,4.0,0
24,1,1,3.0,6.0,3.0,2.0,2,3.0,7.2,3.0,5.0,6.0,5.0,7.0,4.0,8.0,5.0,5.0,5.0,2
20,0,1,3.0,5.0,1.0,2.0,4,1.0,6.45,2.0,10.0,4.0,5.0,3.0,4.0,7.0,3.0,3.0,3.0,0
23,2,0,3.0,5.0,4.0,1.0,4,2.0,9.06,2.0,8.0,4.0,5.0,4.0,4.0,10.0,6.0,6.0,5.0,2
21,1,1,4.0,6.0,2.0,2.0,3,3.0,5.05,1.0,6.0,4.0,7.0,5.0,3.0,6.0,3.0,6.0,2.0,0
20,0,2,3.0,6.0,4.0,1.0,3,4.0,6.88,1.0,5.0,6.0,5.0,5.0,4.0,5.0,5.0,5.0,4.0,0
26,0,1,6.0,9.0,2.0,3.0,4,3.0,6.58,1.0,5.0,5.0,3.0,6.0,6.0,7.0,7.0,4.0,6.0,2
19,1,1,3.0,7.0,4.0,3.0,3,5.0,8.5,2.0,8.0,5.0,5.0,5.0,4.0,8.0,7.0,4.0,5.0,2
18,0,1,3.0,6.0,1.0,2.0,2,2.0,6.63,3.0,6.0,4.0,5.0,4.0,5.0,6.0,5.0,4.0,4.0,0
19,1,1,5.0,10.0,3.0,2.0,1,5.0,6.33,1.0,5.0,5.0,6.0,5.0,5.0,5.0,6.0,6.0,3.0,0
24,0,1,4.0,8.0,2.0,1.0,1,2.0,6.85,2.0,5.0,4.0,5.0,7.0,5.0,8.0,6.0,5.0,6.0,2
18,0,2,0.0,2.0,1.0,0.0,3,6.0,8.1,2.0,6.0,3.0,6.0,6.0,3.0,8.0,7.0,5.0,5.0,2
23,0,2,3.0,6.0,4.0,6.0,3,5.0,6.41,2.0,11.0,6.0,6.0,6.0,2.0,6.0,4.0,5.0,4.0,0
24,0,1,3.0,6.0,3.0,2.0,0,4.0,5.75,0.0,4.0,6.0,7.0,4.0,3.0,5.0,5.0,7.0,2.0,0
26,1,2,2.0,6.0,2.0,3.0,2,4.0,4.95,3.0,6.0,5.0,5.0,4.0,4.0,5.0,6.0,4.0,3.0,0
25,0,1,5.0,8.0,2.0,3.0,2,5.0,6.08,1.0,6.0,4.0,4.0,4.0,4.0,6.0,6.0,5.0,4.0,0
23,0,1,2.0,5.0,4.0,2.0,0,3.0,6.56,2.0,8.0,5.0,4.0,3.0,3.0,8.0,5.0,4.0,4.0,2
20,0,2,6.0,11.0,3.0,1.0,0,3.0,3.79,2.0,11.0,7.0,6.0,7.0,6.0,4.0,5.0,9.0,3.0,0
25,0,2,1.0,4.0,4.0,1.0,1,1.0,5.12,0.0,8.0,5.0,5.0,5.0,1.0,5.0,4.0,3.0,3.0,0
24,1,1,4.0,8.0,3.0,0.0,2,1.0,6.69,2.0,4.0,5.0,5.0,6.0,6.0,6.0,4.0,7.0,3.0,0
20,0,1,6.0,10.0,4.0,4.0,2,5.0,4.66,0.0,7.0,6.0,5.0,4.0,6.0,6.0,6.0,6.0,4.0,0
26,0,1,3.0,6.0,1.0,1.0,4,3.0,7.15,0.0,8.0,3.0,2.0,7.0,4.0,7.0,8.0,4.0,6.0,2
19,1,1,4.0,5.0,1.0,0.0,2,5.0,5.93,2.0,5.0,3.0,5.0,5.0,4.0,6.0,6.0,6.0,4.0,0
20,2,0,6.0,9.0,4.0,4.0,1,4.0,5.36,2.0,4.0,4.0,5.0,5.0,7.0,6.0,6.0,6.0,4.0,0
19,0,1,6.0,7.0,4.0,1.0,1,3.0,6.97,1.0,7.0,6.0,6.0,4.0,4.0,7.0,5.0,5.0,3.0,0
18,0,0,4.0,9.0,4.0,2.0,0,5.0,6.64,0.0,7.0,4.0,5.0,4.0,5.0,8.0,6.0,6.0,4.0,2
21,0,0,4.0,5.0,4.0,1.0,1,5.0,6.77,1.0,6.0,6.0,7.0,4.0,3.0,6.0,5.0,4.0,3.0,0
22,0,1,4.0,9.0,4.0,0.0,1,2.0,6.74,1.0,3.0,5.0,4.0,6.0,6.0,8.0,3.0,5.0,4.0,0
23,0,1,2.0,5.0,3.0,2.0,4,1.0,6.26,2.0,7.0,4.0,6.0,4.0,3.0,6.0,4.0,5.0,3.0,0
22,1,2,2.0,6.0,1.0,1.0,1,2.0,4.72,2.0,8.0,4.0,6.0,3.0,4.0,5.0,3.0,7.0,2.0,0
18,0,1,4.0,8.0,3.0,1.0,3,5.0,4.47,2.0,7.0,6.0,5.0,4.0,4.0,5.0,6.0,5.0,3.0,0
20,0,1,4.0,8.0,3.0,3.0,3,4.0,3.76,2.0,5.0,5.0,7.0,5.0,4.0,5.0,6.0,7.0,3.0,0
18,0,1,8.0,9.0,4.0,3.0,0,1.0,7.05,2.0,7.0,7.0,6.0,4.0,8.0,6.0,2.0,9.0,2.0,0
22,0,1,5.0,8.0,4.0,4.0,2,3.0,6.02,2.0,8.0,6.0,6.0,7.0,5.0,6.0,3.0,7.0,3.0,0
22,1,1,3.0,7.0,1.0,0.0,2,5.0,6.12,0.0,6.0,3.0,5.0,2.0,3.0,6.0,7.0,5.0,3.0,0
23,1,1,5.0,8.0,1.0,2.0,4,2.0,4.04,1.0,6.0,5.0,7.0,3.0,7.0,3.0,2.0,6.0,1.0,0
25,0,2,1.0,4.0,0.0,5.0,1,3.0,4.82,2.0,6.0,4.0,5.0,6.0,4.0,6.0,3.0,5.0,3.0,0
18,1,0,4.0,7.0,5.0,2.0,1,5.0,4.99,1.0,7.0,5.0,4.0,5.0,5.0,4.0,5.0,4.0,3.0,0
21,0,1,5.0,8.0,4.0,2.0,1,4.0,4.91,1.0,4.0,5.0,7.0,3.0,3.0,4.0,5.0,6.0,2.0,0
18,1,1,5.0,10.0,2.0,2.0,1,1.0,6.16,3.0,8.0,5.0,4.0,6.0,6.0,7.0,7.0,8.0,4.0,2
26,1,1,4.0,8.0,3.0,3.0,1,4.0,5.51,2.0,7.0,4.0,6.0,5.0,5.0,5.0,4.0,5.0,3.0,0
24,1,1,5.0,9.0,3.0,0.0,3,3.0,8.14,2.0,8.0,5.0,5.0,5.0,6.0,9.0,8.0,7.0,5.0,2
24,0,2,4.0,8.0,4.0,1.0,4,4.0,7.33,1.0,5.0,5.0,5.0,4.0,5.0,7.0,5.0,5.0,4.0,0
22,0,2,5.0,8.0,1.0,0.0,0,2.0,8.91,3.0,7.0,4.0,3.0,6.0,3.0,8.0,5.0,5.0,5.0,2
24,0,1,3.0,5.0,2.0,1.0,0,4.0,6.65,2.0,7.0,4.0,5.0,4.0,2.0,6.0,6.0,5.0,3.0,0
19,2,2,2.0,5.0,3.0,1.0,3,4.0,4.0,2.0,8.0,5.0,8.0,3.0,6.0,4.0,4.0,7.0,1.0,0
21,1,2,6.0,9.0,3.0,4.0,1,5.0,10.0,0.0,5.0,6.0,5.0,5.0,4.0,10.0,5.0,5.0,5.0,2
24,1,1,4.0,7.0,4.0,3.0,1,3.0,5.79,2.0,5.0,7.0,5.0,7.0,5.0,5.0,6.0,5.0,5.0,2
20,0,2,5.0,6.0,1.0,0.0,2,2.0,7.05,1.0,5.0,6.0,6.0,5.0,5.0,8.0,5.0,6.0,4.0,0
19,0,1,3.0,6.0,3.0,0.0,0,1.0,7.4,1.0,6.0,5.0,5.0,6.0,4.0,8.0,5.0,7.0,4.0,2
19,1,2,2.0,4.0,3.0,1.0,2,5.0,6.9,2.0,7.0,7.0,4.0,4.0,3.0,8.0,7.0,4.0,5.0,2
18,2,1,3.0,8.0,4.0,1.0,0,0.0,5.03,2.0,6.0,8.0,7.0,4.0,3.0,5.0,4.0,10.0,2.0,0
22,2,1,5.0,8.0,3.0,3.0,2,1.0,6.14,2.0,8.0,6.0,5.0,6.0,5.0,8.0,4.0,7.0,4.0,0
23,1,2,1.0,4.0,2.0,4.0,1,3.0,5.02,2.0,7.0,4.0,4.0,5.0,2.0,6.0,6.0,5.0,4.0,0
23,1,1,4.0,7.0,4.0,0.0,1,2.0,6.41,1.0,6.0,7.0,5.0,5.0,5.0,7.0,5.0,6.0,4.0,0
26,0,2,5.0,10.0,2.0,2.0,1,1.0,4.93,1.0,9.0,7.0,4.0,7.0,4.0,5.0,5.0,7.0,4.0,0
21,1,1,3.0,4.0,2.0,1.0,4,4.0,6.48,4.0,4.0,4.0,4.0,4.0,3.0,7.0,5.0,3.0,4.0,2
18,1,2,4.0,7.0,3.0,0.0,2,4.0,6.4,3.0,8.0,6.0,3.0,7.0,4.0,7.0,6.0,5.0,5.0,2
23,0,1,4.0,8.0,2.0,0.0,4,3.0,8.37,2.0,9.0,5.0,4.0,6.0,5.0,9.0,5.0,6.0,5.0,2
22,0,2,3.0,4.0,4.0,1.0,4,4.0,7.06,0.0,5.0,5.0,2.0,6.0,4.0,7.0,6.0,3.0,6.0,2
23,0,1,4.0,7.0,5.0,0.0,2,3.0,6.54,2.0,8.0,5.0,6.0,5.0,4.0,8.0,2.0,7.0,3.0,0
20,1,1,4.0,7.0,2.0,1.0,1,0.0,5.68,2.0,7.0,5.0,6.0,5.0,6.0,6.0,2.0,9.0,2.0,0
19,0,1,3.0,8.0,2.0,3.0,3,2.0,6.19,2.0,3.0,5.0,6.0,4.0,4.0,6.0,4.0,7.0,2.0,0
23,0,2,3.0,6.0,4.0,2.0,0,3.0,5.04,2.0,6.0,4.0,4.0,7.0,4.0,3.0,4.0,7.0,3.0,0
18,1,1,4.0,6.0,3.0,3.0,2,4.0,7.35,3.0,7.0,5.0,4.0,4.0,6.0,7.0,6.0,5.0,4.0,2
24,1,0,4.0,7.0,2.0,0.0,1,3.0,6.96,1.0,8.0,5.0,4.0,4.0,5.0,8.0,5.0,4.0,4.0,2
24,0,1,7.0,7.0,3.0,0.0,4,4.0,3.0,1.0,12.0,5.0,6.0,5.0,6.0,3.0,5.0,7.0,2.0,0
24,2,2,3.0,7.0,3.0,2.0,1,2.0,7.4,3.0,7.0,4.0,4.0,6.0,4.0,6.0,5.0,5.0,4.0,0
18,2,2,6.0,9.0,1.0,3.0,2,3.0,6.53,0.0,6.0,5.0,5.0,4.0,4.0,5.0,5.0,9.0,3.0,0
21,1,2,3.0,5.0,4.0,0.0,2,4.0,8.66,2.0,6.0,6.0,4.0,6.0,3.0,8.0,7.0,6.0,5.0,2
24,0,2,4.0,8.0,2.0,1.0,0,6.0,4.97,2.0,8.0,5.0,5.0,7.0,3.0,5.0,4.0,4.0,4.0,0
26,0,1,5.0,9.0,2.0,3.0,0,2.0,9.19,2.0,8.0,5.0,4.0,6.0,4.0,9.0,6.0,7.0,5.0,2
22,0,1,5.0,8.0,3.0,2.0,2,4.0,7.34,2.0,5.0,3.0,4.0,6.0,6.0,6.0,6.0,7.0,4.0,2
19,0,1,0.0,2.0,4.0,0.0,0,1.0,7.06,2.0,6.0,5.0,5.0,3.0,2.0,7.0,4.0,4.0,3.0,0
24,1,1,6.0,8.0,5.0,0.0,4,2.0,5.8,2.0,8.0,8.0,7.0,7.0,8.0,6.0,5.0,6.0,4.0,0
18,0,1,4.0,8.0,3.0,2.0,1,5.0,3.0,0.0,7.0,7.0,8.0,2.0,4.0,2.0,3.0,9.0,1.0,0
24,1,1,3.0,7.0,4.0,2.0,3,4.0,6.64,3.0,3.0,6.0,6.0,5.0,4.0,7.0,5.0,6.0,4.0,0
23,1,1,4.0,5.0,2.0,4.0,1,3.0,7.44,0.0,2.0,3.0,3.0,5.0,5.0,8.0,6.0,4.0,5.0,2
24,0,1,5.0,8.0,4.0,0.0,1,6.0,7.08,0.0,7.0,6.0,4.0,6.0,5.0,7.0,5.0,5.0,4.0,2
20,2,2,5.0,9.0,2.0,0.0,2,2.0,6.47,1.0,4.0,6.0,4.0,4.0,5.0,7.0,5.0,6.0,4.0,0
20,1,1,5.0,7.0,1.0,3.0,3,4.0,6.71,2.0,7.0,6.0,6.0,3.0,4.0,7.0,6.0,7.0,3.0,0
24,0,1,3.0,7.0,4.0,0.0,0,4.0,5.76,1.0,9.0,5.0,4.0,5.0,5.0,6.0,5.0,5.0,4.0,2
19,1,2,4.0,6.0,2.0,0.0,0,1.0,6.44,1.0,8.0,3.0,4.0,6.0,6.0,6.0,5.0,6.0,4.0,2
18,0,1,3.0,5.0,3.0,1.0,1,3.0,5.98,1.0,7.0,6.0,5.0,5.0,2.0,6.0,5.0,5.0,3.0,0
26,0,1,5.0,6.0,1.0,0.0,2,1.0,5.67,2.0,6.0,5.0,3.0,7.0,4.0,6.0,5.0,5.0,4.0,2
26,1,1,4.0,7.0,1.0,3.0,3,0.0,4.27,1.0,7.0,6.0,6.0,4.0,4.0,4.0,3.0,8.0,1.0,0
24,1,2,5.0,7.0,1.0,1.0,2,4.0,6.53,1.0,7.0,5.0,4.0,6.0,3.0,7.0,5.0,5.0,5.0,2
24,1,1,3.0,4.0,3.0,2.0,3,4.0,7.61,2.0,8.0,7.0,5.0,6.0,4.0,8.0,5.0,1.0,5.0,2
20,1,1,4.0,7.0,2.0,3.0,3,2.0,4.38,0.0,5.0,4.0,6.0,3.0,4.0,6.0,2.0,8.0,1.0,0
19,1,1,4.0,8.0,5.0,2.0,0,2.0,7.54,1.0,5.0,6.0,4.0,6.0,3.0,8.0,5.0,7.0,4.0,2
24,0,1,2.0,6.0,1.0,6.0,1,5.0,6.97,2.0,6.0,3.0,2.0,7.0,2.0,8.0,7.0,3.0,6.0,2
26,1,2,6.0,9.0,3.0,2.0,0,6.0,7.34,2.0,5.0,4.0,3.0,7.0,6.0,8.0,7.0,5.0,6.0,2
18,0,2,5.0,9.0,1.0,4.0,2,4.0,5.27,2.0,5.0,6.0,4.0,9.0,6.0,6.0,4.0,6.0,5.0,2
21,1,2,2.0,4.0,6.0,0.0,0,3.0,6.26,2.0,4.0,6.0,5.0,5.0,3.0,6.0,4.0,4.0,4.0,0
23,0,1,3.0,6.0,2.0,2.0,1,2.0,6.59,1.0,7.0,4.0,5.0,4.0,5.0,6.0,3.0,6.0,3.0,0
24,1,2,3.0,8.0,4.0,3.0,4,3.0,7.56,0.0,4.0,5.0,4.0,5.0,4.0,8.0,6.0,6.0,5.0,2
24,1,1,6.0,9.0,2.0,1.0,0,3.0,5.39,2.0,5.0,5.0,5.0,4.0,5.0,5.0,5.0,7.0,3.0,0
19,0,1,5.0,7.0,4.0,2.0,2,4.0,6.67,2.0,5.0,6.0,4.0,7.0,5.0,7.0,5.0,6.0,5.0,2
21,1,1,4.0,8.0,2.0,3.0,1,5.0,6.8,2.0,6.0,3.0,3.0,6.0,5.0,6.0,4.0,4.0,4.0,2
22,0,2,2.0,4.0,3.0,2.0,2,3.0,8.2,1.0,9.0,5.0,6.0,4.0,4.0,8.0,6.0,6.0,4.0,2
18,0,2,5.0,8.0,2.0,0.0,3,3.0,5.63,1.0,5.0,4.0,5.0,6.0,5.0,6.0,5.0,4.0,4.0,0
18,0,1,4.0,8.0,6.0,2.0,1,1.0,5.86,1.0,4.0,7.0,7.0,3.0,5.0,6.0,4.0,8.0,2.0,0
20,1,2,3.0,6.0,2.0,3.0,3,4.0,7.69,0.0,6.0,3.0,3.0,6.0,5.0,8.0,5.0,5.0,5.0,2
20,1,2,6.0,6.0,2.0,2.0,1,4.0,6.87,2.0,8.0,6.0,4.0,6.0,5.0,7.0,4.0,6.0,4.0,2
25,0,1,4.0,7.0,5.0,1.0,4,5.0,7.86,2.0,9.0,5.0,4.0,6.0,3.0,7.0,7.0,6.0,5.0,2
26,0,2,6.0,9.0,4.0,0.0,4,0.0,6.6,3.0,4.0,5.0,6.0,5.0,6.0,7.0,6.0,8.0,3.0,0
18,1,1,3.0,8.0,2.0,0.0,1,4.0,6.77,4.0,5.0,4.0,3.0,7.0,3.0,5.0,7.0,4.0,5.0,2
19,1,2,3.0,7.0,3.0,3.0,3,2.0,4.9,1.0,7.0,6.0,7.0,3.0,5.0,6.0,5.0,9.0,2.0,0
19,1,2,2.0,5.0,3.0,2.0,3,4.0,4.24,2.0,4.0,5.0,5.0,6.0,4.0,4.0,4.0,5.0,3.0,0
21,0,1,4.0,7.0,3.0,2.0,2,3.0,5.75,2.0,6.0,4.0,6.0,7.0,5.0,7.0,5.0,6.0,4.0,2
19,1,2,4.0,7.0,4.0,2.0,1,2.0,6.38,1.0,4.0,3.0,5.0,5.0,3.0,7.0,4.0,4.0,4.0,0
24,0,1,3.0,6.0,2.0,1.0,3,6.0,6.33,1.0,6.0,6.0,6.0,4.0,3.0,8.0,5.0,4.0,4.0,0
26,1,2,3.0,5.0,3.0,3.0,1,2.0,6.15,1.0,7.0,3.0,3.0,7.0,3.0,7.0,5.0,4.0,5.0,2
24,0,1,6.0,10.0,3.0,0.0,4,2.0,7.49,1.0,9.0,5.0,5.0,5.0,4.0,8.0,6.0,5.0,4.0,2
23,1,2,5.0,10.0,0.0,3.0,3,2.0,6.85,1.0,3.0,3.0,3.0,5.0,5.0,7.0,4.0,4.0,4.0,2
18,0,1,7.0,12.0,2.0,3.0,3,0.0,6.9,2.0,7.0,6.0,5.0,2.0,5.0,8.0,3.0,8.0,2.0,0
26,1,2,2.0,3.0,2.0,5.0,4,1.0,6.24,1.0,9.0,4.0,5.0,4.0,2.0,6.0,4.0,5.0,3.0,0
22,1,1,7.0,8.0,4.0,2.0,2,5.0,4.19,1.0,7.0,8.0,7.0,3.0,5.0,4.0,3.0,6.0,1.0,0
22,1,2,3.0,5.0,4.0,0.0,1,3.0,7.63,0.0,7.0,5.0,5.0,4.0,5.0,8.0,6.0,6.0,4.0,2
23,1,1,2.0,5.0,4.0,6.0,1,4.0,6.37,2.0,6.0,4.0,4.0,7.0,4.0,7.0,6.0,3.0,5.0,2
26,1,1,4.0,7.0,0.0,4.0,1,3.0,5.17,1.0,3.0,4.0,3.0,7.0,3.0,6.0,6.0,5.0,5.0,2
25,0,1,1.0,5.0,6.0,4.0,1,3.0,8.94,3.0,3.0,5.0,4.0,5.0,4.0,9.0,5.0,4.0,5.0,2
25,0,2,6.0,8.0,4.0,1.0,0,3.0,7.98,2.0,8.0,6.0,4.0,5.0,4.0,8.0,6.0,4.0,5.0,2
25,1,1,4.0,6.0,3.0,2.0,4,2.0,6.58,1.0,6.0,6.0,5.0,5.0,5.0,6.0,5.0,6.0,3.0,0
18,0,1,3.0,7.0,3.0,2.0,2,4.0,5.6,0.0,8.0,4.0,4.0,4.0,4.0,6.0,6.0,5.0,4.0,0
18,0,2,6.0,9.0,4.0,1.0,4,3.0,4.45,0.0,3.0,5.0,5.0,5.0,8.0,5.0,3.0,7.0,2.0,0
25,1,2,4.0,7.0,3.0,0.0,1,1.0,6.73,0.0,8.0,6.0,5.0,3.0,5.0,7.0,6.0,7.0,4.0,0
22,2,1,4.0,6.0,4.0,3.0,0,4.0,5.24,2.0,5.0,5.0,4.0,8.0,4.0,5.0,6.0,5.0,5.0,2
26,0,1,5.0,9.0,5.0,4.0,0,5.0,6.42,2.0,6.0,8.0,7.0,4.0,5.0,6.0,5.0,5.0,3.0,0
19,2,1,3.0,6.0,1.0,3.0,4,4.0,6.73,3.0,6.0,3.0,4.0,6.0,6.0,6.0,7.0,3.0,5.0,2
26,1,2,2.0,6.0,3.0,1.0,3,2.0,7.3,3.0,9.0,3.0,4.0,6.0,3.0,7.0,4.0,4.0,4.0,2
25,1,2,4.0,7.0,3.0,1.0,2,3.0,7.47,2.0,7.0,5.0,6.0,5.0,5.0,8.0,6.0,6.0,4.0,2
26,0,2,2.0,6.0,1.0,3.0,0,4.0,5.61,2.0,3.0,3.0,6.0,6.0,2.0,4.0,5.0,5.0,3.0,0
21,0,2,3.0,7.0,6.0,3.0,1,1.0,7.92,3.0,4.0,7.0,6.0,3.0,4.0,7.0,7.0,5.0,4.0,0
18,1,1,2.0,5.0,0.0,2.0,3,2.0,6.55,1.0,10.0,4.0,5.0,7.0,4.0,5.0,5.0,5.0,4.0,2
18,0,1,4.0,7.0,2.0,1.0,2,3.0,5.56,2.0,7.0,4.0,6.0,5.0,4.0,4.0,5.0,6.0,2.0,0
22,0,1,3.0,6.0,4.0,3.0,1,3.0,7.5,4.0,7.0,4.0,4.0,5.0,3.0,7.0,4.0,5.0,4.0,0
19,1,1,3.0,8.0,6.0,4.0,4,3.0,8.49,0.0,5.0,7.0,5.0,5.0,4.0,7.0,5.0,6.0,4.0,2
25,0,0,6.0,8.0,3.0,3.0,0,5.0,7.04,0.0,5.0,4.0,3.0,6.0,6.0,7.0,7.0,3.0,5.0,2
22,0,1,3.0,5.0,4.0,1.0,4,1.0,6.63,1.0,8.0,4.0,4.0,5.0,4.0,6.0,5.0,7.0,4.0,0
22,1,0,5.0,8.0,2.0,0.0,3,1.0,7.59,1.0,7.0,5.0,4.0,5.0,5.0,7.0,4.0,7.0,4.0,0
19,2,2,1.0,3.0,5.0,4.0,0,2.0,4.7,0.0,6.0,6.0,5.0,7.0,4.0,6.0,4.0,3.0,4.0,2
24,1,2,4.0,6.0,5.0,1.0,1,3.0,4.8,1.0,2.0,6.0,8.0,3.0,4.0,5.0,4.0,5.0,2.0,0
25,1,1,3.0,6.0,4.0,1.0,3,1.0,7.46,0.0,7.0,5.0,4.0,6.0,4.0,8.0,6.0,4.0,5.0,2
18,0,1,4.0,8.0,0.0,2.0,2,6.0,7.78,3.0,5.0,4.0,2.0,8.0,4.0,8.0,7.0,3.0,7.0,2
19,2,1,3.0,7.0,3.0,1.0,1,4.0,5.45,3.0,3.0,5.0,8.0,3.0,5.0,5.0,3.0,6.0,2.0,0
21,0,2,5.0,8.0,2.0,3.0,2,1.0,5.21,2.0,4.0,4.0,5.0,8.0,6.0,6.0,4.0,7.0,4.0,0
22,0,1,3.0,7.0,3.0,2.0,0,3.0,5.61,3.0,6.0,6.0,5.0,5.0,4.0,6.0,4.0,7.0,3.0,0
19,0,1,6.0,9.0,2.0,1.0,2,4.0,7.56,3.0,9.0,6.0,5.0,6.0,6.0,7.0,3.0,6.0,4.0,0
18,2,2,1.0,2.0,3.0,2.0,0,2.0,5.92,4.0,2.0,5.0,5.0,4.0,1.0,8.0,4.0,4.0,4.0,2
26,1,2,4.0,7.0,2.0,0.0,2,0.0,5.72,2.0,7.0,4.0,4.0,5.0,4.0,4.0,6.0,5.0,3.0,0
18,0,2,4.0,9.0,3.0,1.0,4,2.0,5.54,2.0,6.0,6.0,6.0,5.0,5.0,5.0,3.0,8.0,2.0,0
21,0,1,3.0,6.0,3.0,1.0,4,4.0,6.85,2.0,9.0,4.0,3.0,7.0,1.0,8.0,5.0,3.0,6.0,2
19,1,0,4.0,7.0,3.0,3.0,3,1.0,5.1,0.0,10.0,7.0,5.0,3.0,2.0,4.0,5.0,6.0,2.0,0
21,0,2,5.0,8.0,1.0,2.0,2,5.0,6.53,2.0,6.0,4.0,6.0,4.0,4.0,6.0,6.0,9.0,3.0,0
25,0,2,6.0,7.0,1.0,0.0,0,2.0,3.67,1.0,6.0,5.0,6.0,3.0,7.0,4.0,3.0,6.0,1.0,0
25,0,1,4.0,7.0,4.0,1.0,1,0.0,5.89,2.0,6.0,5.0,5.0,5.0,3.0,6.0,4.0,5.0,3.0,0
26,1,2,3.0,6.0,2.0,0.0,0,5.0,6.16,1.0,1.0,5.0,6.0,4.0,4.0,6.0,6.0,5.0,4.0,0
22,0,2,3.0,6.0,4.0,1.0,4,2.0,8.89,0.0,6.0,7.0,4.0,4.0,3.0,10.0,6.0,5.0,5.0,2
24,1,1,4.0,7.0,4.0,1.0,1,3.0,4.15,3.0,10.0,6.0,5.0,5.0,6.0,4.0,4.0,6.0,3.0,0
20,1,1,3.0,7.0,2.0,2.0,2,3.0,7.47,1.0,3.0,4.0,3.0,6.0,4.0,7.0,6.0,6.0,5.0,2
21,0,2,5.0,8.0,2.0,2.0,4,1.0,6.66,0.0,9.0,6.0,4.0,6.0,5.0,7.0,5.0,7.0,4.0,2
26,0,0,2.0,4.0,2.0,0.0,2,1.0,7.75,2.0,6.0,5.0,4.0,5.0,4.0,8.0,6.0,6.0,5.0,2
18,1,2,4.0,5.0,1.0,0.0,4,2.0,8.36,2.0,5.0,5.0,4.0,8.0,5.0,10.0,8.0,4.0,7.0,1
19,1,1,2.0,3.0,1.0,1.0,2,5.0,6.56,3.0,3.0,4.0,4.0,6.0,3.0,7.0,6.0,2.0,5.0,2
22,0,1,4.0,7.0,3.0,2.0,4,3.0,5.47,2.0,8.0,4.0,5.0,6.0,5.0,6.0,4.0,6.0,3.0,0
20,2,1,5.0,7.0,1.0,2.0,3,3.0,9.01,2.0,9.0,5.0,4.0,6.0,6.0,9.0,6.0,5.0,6.0,2
19,2,2,4.0,6.0,3.0,0.0,0,4.0,7.52,1.0,9.0,6.0,4.0,5.0,6.0,7.0,7.0,6.0,5.0,2
18,0,2,3.0,6.0,2.0,2.0,0,4.0,4.27,1.0,9.0,3.0,4.0,6.0,5.0,3.0,5.0,2.0,4.0,0
20,1,1,5.0,9.0,2.0,0.0,2,2.0,8.43,2.0,4.0,4.0,2.0,7.0,5.0,6.0,7.0,3.0,6.0,2
18,1,0,0.0,3.0,3.0,2.0,2,2.0,5.42,1.0,4.0,5.0,6.0,3.0,2.0,7.0,3.0,5.0,2.0,0
18,1,2,4.0,7.0,5.0,3.0,1,4.0,7.0,1.0,6.0,5.0,3.0,6.0,5.0,7.0,6.0,5.0,5.0,2
18,1,1,3.0,7.0,5.0,5.0,1,3.0,8.53,1.0,8.0,6.0,4.0,7.0,4.0,7.0,7.0,6.0,5.0,2
25,1,1,5.0,9.0,4.0,2.0,0,3.0,5.91,1.0,6.0,6.0,5.0,7.0,7.0,6.0,4.0,5.0,4.0,0
20,1,1,0.0,4.0,3.0,5.0,0,0.0,6.4,2.0,5.0,5.0,5.0,5.0,2.0,7.0,5.0,6.0,3.0,0
18,0,1,3.0,5.0,1.0,4.0,3,3.0,7.32,2.0,7.0,4.0,4.0,7.0,4.0,6.0,7.0,6.0,5.0,2
24,1,1,3.0,5.0,4.0,1.0,2,4.0,5.26,0.0,4.0,5.0,5.0,6.0,4.0,6.0,6.0,5.0,4.0,0
20,0,2,5.0,8.0,2.0,1.0,2,2.0,8.84,1.0,5.0,6.0,4.0,5.0,6.0,9.0,7.0,6.0,6.0,2
25,2,2,3.0,7.0,5.0,5.0,0,3.0,7.01,2.0,7.0,6.0,3.0,6.0,4.0,8.0,5.0,4.0,5.0,2
21,0,1,4.0,7.0,2.0,3.0,2,5.0,10.0,2.0,9.0,5.0,3.0,5.0,6.0,10.0,9.0,5.0,7.0,2
21,0,1,4.0,6.0,5.0,4.0,1,2.0,7.73,1.0,10.0,4.0,4.0,5.0,6.0,7.0,6.0,7.0,5.0,2
22,0,2,4.0,7.0,4.0,2.0,2,6.0,8.08,1.0,7.0,5.0,3.0,7.0,4.0,8.0,7.0,6.0,6.0,2
23,1,1,4.0,9.0,0.0,0.0,1,1.0,5.75,3.0,2.0,2.0,5.0,4.0,6.0,5.0,2.0,9.0,2.0,0
24,1,0,4.0,7.0,4.0,1.0,4,4.0,7.08,1.0,8.0,6.0,4.0,3.0,3.0,7.0,7.0,6.0,4.0,2
21,1,1,4.0,8.0,3.0,2.0,2,0.0,7.29,3.0,6.0,4.0,4.0,4.0,6.0,6.0,4.0,6.0,3.0,0
25,1,1,8.0,10.0,1.0,1.0,4,4.0,7.17,0.0,8.0,5.0,5.0,5.0,7.0,8.0,4.0,6.0,4.0,0
23,0,2,1.0,4.0,3.0,0.0,0,2.0,4.74,2.0,5.0,4.0,7.0,5.0,3.0,5.0,2.0,6.0,2.0,0
18,2,2,3.0,4.0,6.0,1.0,2,1.0,6.7,3.0,7.0,6.0,5.0,5.0,3.0,9.0,4.0,6.0,4.0,0
18,2,1,4.0,7.0,1.0,2.0,3,2.0,5.84,1.0,8.0,2.0,4.0,5.0,4.0,5.0,4.0,5.0,3.0,0
26,1,1,6.0,6.0,3.0,0.0,3,2.0,6.34,1.0,5.0,4.0,3.0,6.0,5.0,7.0,5.0,5.0,5.0,2
23,2,2,5.0,7.0,2.0,2.0,4,3.0,7.55,1.0,8.0,4.0,3.0,8.0,4.0,7.0,7.0,3.0,6.0,2
25,1,1,6.0,9.0,4.0,1.0,3,4.0,6.06,1.0,4.0,5.0,7.0,5.0,5.0,7.0,5.0,7.0,3.0,0
24,0,1,4.0,6.0,4.0,2.0,1,5.0,8.88,2.0,9.0,5.0,4.0,4.0,5.0,9.0,6.0,5.0,5.0,2
23,1,2,6.0,7.0,3.0,4.0,0,6.0,7.55,1.0,6.0,6.0,4.0,7.0,7.0,8.0,8.0,4.0,6.0,2
21,1,2,3.0,6.0,4.0,0.0,1,3.0,6.98,3.0,4.0,4.0,5.0,3.0,4.0,6.0,5.0,6.0,3.0,0
24,1,2,5.0,7.0,2.0,0.0,0,3.0,6.93,2.0,8.0,5.0,5.0,4.0,6.0,7.0,4.0,5.0,3.0,0
26,0,1,4.0,8.0,3.0,2.0,3,3.0,6.7,2.0,5.0,5.0,4.0,4.0,4.0,6.0,5.0,6.0,3.0,0
24,1,1,4.0,8.0,5.0,1.0,0,2.0,8.44,2.0,4.0,6.0,3.0,6.0,6.0,8.0,6.0,4.0,6.0,2
18,1,1,2.0,7.0,2.0,2.0,1,0.0,4.54,1.0,4.0,4.0,4.0,4.0,4.0,2.0,2.0,6.0,1.0,0
26,2,2,1.0,5.0,2.0,0.0,4,3.0,7.54,2.0,3.0,3.0,3.0,6.0,3.0,6.0,6.0,4.0,5.0,2
21,2,2,4.0,8.0,2.0,3.0,4,1.0,5.41,3.0,6.0,5.0,7.0,5.0,4.0,5.0,4.0,8.0,2.0,0
20,1,1,4.0,6.0,4.0,0.0,2,3.0,6.25,2.0,5.0,4.0,6.0,4.0,2.0,6.0,4.0,5.0,3.0,0
21,0,1,2.0,5.0,3.0,1.0,1,2.0,6.67,1.0,4.0,5.0,3.0,7.0,3.0,8.0,5.0,4.0,6.0,2
21,1,2,5.0,9.0,4.0,2.0,1,1.0,5.64,1.0,9.0,5.0,5.0,5.0,5.0,7.0,4.0,8.0,3.0,0
19,1,1,3.0,6.0,2.0,1.0,4,2.0,7.06,0.0,8.0,5.0,5.0,4.0,3.0,7.0,5.0,5.0,4.0,0
18,0,1,5.0,8.0,1.0,3.0,3,1.0,9.28,1.0,8.0,4.0,2.0,7.0,4.0,9.0,7.0,4.0,7.0,2
18,1,1,4.0,7.0,2.0,3.0,4,3.0,7.24,1.0,6.0,6.0,5.0,5.0,3.0,7.0,6.0,5.0,5.0,2
25,0,2,5.0,8.0,1.0,3.0,2,2.0,6.24,2.0,4.0,5.0,5.0,6.0,5.0,6.0,5.0,7.0,4.0,0
19,0,0,2.0,4.0,3.0,3.0,2,3.0,4.94,2.0,4.0,3.0,4.0,5.0,3.0,4.0,5.0,5.0,3.0,0
22,0,1,2.0,4.0,3.0,2.0,1,1.0,5.21,1.0,7.0,6.0,8.0,4.0,4.0,5.0,3.0,10.0,1.0,0
21,0,1,5.0,7.0,3.0,0.0,1,4.0,4.46,1.0,11.0,5.0,6.0,3.0,6.0,4.0,5.0,5.0,2.0,0
25,0,1,5.0,7.0,3.0,3.0,2,5.0,6.3,1.0,9.0,6.0,5.0,4.0,4.0,5.0,3.0,5.0,3.0,0
19,1,1,4.0,8.0,2.0,0.0,1,3.0,6.83,0.0,7.0,5.0,6.0,5.0,4.0,7.0,5.0,7.0,3.0,0
26,1,1,3.0,5.0,4.0,0.0,0,5.0,6.09,0.0,7.0,6.0,7.0,4.0,4.0,6.0,4.0,5.0,3.0,0
24,0,1,5.0,7.0,3.0,2.0,2,3.0,5.86,0.0,5.0,5.0,6.0,5.0,5.0,7.0,4.0,7.0,4.0,0
24,0,2,5.0,9.0,2.0,1.0,2,3.0,6.87,3.0,8.0,4.0,2.0,6.0,4.0,7.0,4.0,7.0,4.0,2
18,0,1,2.0,6.0,4.0,2.0,1,4.0,7.06,1.0,5.0,5.0,5.0,4.0,2.0,10.0,5.0,5.0,5.0,2
19,0,2,5.0,8.0,3.0,0.0,0,3.0,6.84,2.0,2.0,5.0,4.0,6.0,5.0,6.0,6.0,6.0,4.0,2
21,1,2,4.0,8.0,6.0,2.0,2,5.0,6.35,2.0,4.0,7.0,7.0,5.0,4.0,7.0,6.0,6.0,4.0,0
21,0,1,4.0,9.0,4.0,1.0,0,3.0,5.76,0.0,6.0,5.0,5.0,6.0,6.0,6.0,5.0,5.0,4.0,0
20,1,1,2.0,5.0,4.0,1.0,2,3.0,8.02,0.0,3.0,7.0,4.0,6.0,4.0,6.0,5.0,2.0,5.0,2
24,2,2,5.0,9.0,2.0,1.0,0,2.0,6.05,1.0,8.0,6.0,6.0,4.0,5.0,6.0,3.0,6.0,2.0,0
25,0,2,3.0,6.0,2.0,4.0,4,1.0,7.75,2.0,4.0,5.0,4.0,5.0,2.0,8.0,6.0,7.0,4.0,2
19,1,1,3.0,5.0,4.0,0.0,2,3.0,6.09,1.0,8.0,5.0,4.0,5.0,3.0,6.0,4.0,4.0,4.0,0
21,0,1,5.0,6.0,2.0,4.0,0,3.0,6.53,1.0,7.0,5.0,5.0,4.0,5.0,7.0,6.0,6.0,4.0,0
20,0,2,4.0,6.0,2.0,0.0,4,2.0,6.86,2.0,6.0,5.0,5.0,7.0,4.0,7.0,5.0,6.0,4.0,2
19,1,1,2.0,4.0,1.0,0.0,1,4.0,6.0,3.0,7.0,3.0,3.0,8.0,5.0,8.0,6.0,4.0,6.0,2
23,0,1,6.0,9.0,3.0,1.0,3,5.0,5.23,1.0,7.0,6.0,5.0,4.0,6.0,5.0,4.0,5.0,2.0,0
21,0,0,4.0,6.0,3.0,1.0,0,5.0,3.44,2.0,6.0,5.0,5.0,5.0,5.0,2.0,5.0,8.0,2.0,0
23,0,2,4.0,6.0,3.0,2.0,4,3.0,6.0,2.0,10.0,5.0,4.0,5.0,4.0,6.0,6.0,6.0,4.0,0
19,1,2,4.0,5.0,4.0,0.0,2,2.0,6.58,1.0,3.0,5.0,4.0,5.0,4.0,7.0,4.0,5.0,4.0,0
21,0,1,4.0,6.0,2.0,0.0,4,2.0,7.29,2.0,5.0,3.0,2.0,7.0,4.0,6.0,4.0,5.0,5.0,2
23,2,1,4.0,7.0,3.0,3.0,3,6.0,8.7,3.0,6.0,7.0,7.0,4.0,4.0,8.0,8.0,4.0,5.0,2
22,2,2,6.0,9.0,2.0,1.0,3,5.0,7.16,1.0,10.0,5.0,5.0,7.0,3.0,9.0,7.0,6.0,6.0,2
20,0,2,6.0,9.0,1.0,0.0,3,3.0,6.7,2.0,4.0,5.0,4.0,6.0,5.0,6.0,5.0,7.0,4.0,2
25,2,1,4.0,6.0,3.0,4.0,1,0.0,6.3,0.0,9.0,5.0,4.0,6.0,4.0,8.0,5.0,6.0,5.0,2
24,0,0,5.0,8.0,4.0,1.0,0,3.0,6.93,1.0,5.0,6.0,5.0,4.0,7.0,7.0,5.0,7.0,4.0,0
20,1,1,5.0,9.0,4.0,0.0,2,4.0,7.41,1.0,8.0,5.0,4.0,6.0,5.0,7.0,5.0,5.0,4.0,2
23,0,1,5.0,8.0,4.0,0.0,0,2.0,8.82,1.0,6.0,5.0,1.0,9.0,5.0,8.0,6.0,6.0,6.0,2
21,1,1,6.0,9.0,2.0,2.0,0,1.0,6.74,2.0,4.0,6.0,4.0,6.0,5.0,7.0,6.0,5.0,5.0,2
22,1,2,5.0,7.0,5.0,3.0,1,4.0,5.78,0.0,9.0,5.0,6.0,4.0,5.0,6.0,4.0,8.0,2.0,0
22,0,2,5.0,8.0,3.0,0.0,2,3.0,6.1,1.0,6.0,6.0,8.0,3.0,5.0,5.0,4.0,7.0,1.0,0
24,0,2,3.0,6.0,3.0,1.0,1,3.0,5.37,2.0,4.0,7.0,7.0,4.0,3.0,6.0,4.0,6.0,3.0,0
22,0,1,4.0,7.0,2.0,4.0,2,3.0,9.88,3.0,5.0,5.0,4.0,7.0,5.0,10.0,7.0,6.0,6.0,2
20,0,2,2.0,4.0,2.0,1.0,4,1.0,4.94,2.0,3.0,6.0,6.0,5.0,5.0,4.0,4.0,6.0,3.0,0
22,1,1,5.0,8.0,4.0,2.0,2,2.0,6.13,1.0,5.0,4.0,5.0,4.0,5.0,5.0,3.0,7.0,2.0,0
24,1,1,4.0,6.0,4.0,1.0,1,3.0,6.36,1.0,6.0,5.0,5.0,6.0,5.0,6.0,5.0,5.0,4.0,2
22,1,2,2.0,5.0,2.0,3.0,4,1.0,6.74,1.0,7.0,4.0,4.0,5.0,2.0,7.0,5.0,5.0,4.0,2
22,0,1,3.0,8.0,2.0,3.0,2,2.0,6.29,1.0,8.0,7.0,8.0,3.0,4.0,7.0,3.0,9.0,2.0,0
26,1,1,3.0,7.0,4.0,2.0,3,5.0,5.98,3.0,7.0,4.0,5.0,5.0,3.0,7.0,4.0,6.0,3.0,0
20,1,1,5.0,8.0,2.0,0.0,1,3.0,5.97,2.0,1.0,4.0,4.0,6.0,6.0,5.0,5.0,5.0,4.0,0
23,1,1,4.0,7.0,5.0,5.0,4,3.0,7.16,1.0,7.0,7.0,5.0,3.0,5.0,6.0,6.0,4.0,4.0,0
18,0,1,2.0,4.0,7.0,0.0,3,4.0,6.72,2.0,4.0,7.0,6.0,5.0,4.0,7.0,4.0,5.0,4.0,0
22,0,1,5.0,6.0,3.0,2.0,4,4.0,6.53,4.0,7.0,6.0,4.0,5.0,5.0,5.0,6.0,5.0,4.0,2
25,0,1,4.0,7.0,4.0,2.0,2,3.0,6.18,0.0,7.0,6.0,5.0,5.0,6.0,7.0,2.0,7.0,3.0,0
22,1,1,4.0,7.0,4.0,2.0,2,2.0,6.1,0.0,8.0,5.0,4.0,5.0,2.0,6.0,6.0,6.0,4.0,0
26,1,2,2.0,4.0,2.0,3.0,4,2.0,8.12,0.0,8.0,5.0,2.0,7.0,6.0,9.0,7.0,5.0,7.0,2
23,1,1,5.0,6.0,2.0,0.0,4,4.0,7.01,1.0,5.0,4.0,4.0,5.0,5.0,8.0,7.0,4.0,5.0,2
25,1,2,4.0,7.0,1.0,2.0,2,5.0,7.37,2.0,9.0,5.0,5.0,5.0,7.0,7.0,5.0,4.0,4.0,2
25,1,2,4.0,8.0,4.0,1.0,0,0.0,8.48,1.0,5.0,5.0,4.0,4.0,4.0,10.0,5.0,7.0,4.0,2
20,1,2,2.0,5.0,3.0,2.0,4,4.0,8.2,1.0,4.0,3.0,5.0,6.0,4.0,7.0,8.0,5.0,6.0,2
24,1,2,2.0,5.0,2.0,1.0,0,1.0,6.09,0.0,8.0,5.0,7.0,6.0,5.0,6.0,5.0,6.0,3.0,0
24,1,1,10.0,13.0,2.0,1.0,2,4.0,6.01,4.0,7.0,6.0,6.0,5.0,8.0,7.0,3.0,8.0,3.0,0
23,1,1,2.0,4.0,3.0,1.0,3,3.0,5.8,1.0,6.0,4.0,5.0,6.0,2.0,5.0,4.0,4.0,4.0,0
24,0,2,1.0,3.0,2.0,0.0,3,2.0,5.68,3.0,8.0,4.0,6.0,4.0,2.0,5.0,6.0,7.0,3.0,0
19,2,2,3.0,8.0,2.0,1.0,1,3.0,7.58,1.0,6.0,4.0,3.0,4.0,4.0,9.0,6.0,6.0,5.0,2
26,0,1,4.0,8.0,3.0,0.0,1,4.0,6.59,2.0,6.0,6.0,5.0,7.0,3.0,5.0,5.0,7.0,4.0,0
18,1,1,3.0,7.0,2.0,0.0,2,5.0,6.4,2.0,9.0,5.0,3.0,6.0,3.0,7.0,5.0,5.0,5.0,2
18,1,2,3.0,7.0,2.0,2.0,4,2.0,7.28,2.0,7.0,5.0,5.0,4.0,3.0,7.0,4.0,7.0,3.0,0
20,0,2,4.0,8.0,2.0,0.0,3,4.0,8.01,3.0,5.0,6.0,5.0,5.0,3.0,7.0,7.0,7.0,5.0,2
20,1,2,5.0,6.0,0.0,4.0,4,3.0,8.05,0.0,5.0,1.0,3.0,5.0,5.0,8.0,5.0,3.0,5.0,2
18,0,1,2.0,8.0,1.0,0.0,0,4.0,7.97,1.0,10.0,4.0,4.0,5.0,3.0,9.0,6.0,5.0,5.0,2
24,0,1,3.0,4.0,2.0,3.0,2,3.0,5.41,2.0,5.0,5.0,5.0,5.0,4.0,7.0,4.0,4.0,4.0,0
21,2,1,4.0,7.0,5.0,4.0,1,4.0,7.86,3.0,6.0,6.0,3.0,6.0,5.0,8.0,7.0,4.0,6.0,2
19,0,1,4.0,3.0,4.0,2.0,2,6.0,6.02,1.0,4.0,6.0,7.0,4.0,5.0,8.0,4.0,4.0,3.0,0
22,0,0,3.0,7.0,3.0,0.0,1,3.0,7.23,1.0,2.0,4.0,4.0,5.0,4.0,8.0,5.0,4.0,5.0,2
23,0,1,2.0,4.0,4.0,4.0,2,3.0,6.88,2.0,5.0,4.0,4.0,5.0,2.0,7.0,5.0,4.0,4.0,2
26,1,1,7.0,9.0,4.0,3.0,2,3.0,3.35,2.0,5.0,6.0,6.0,4.0,5.0,3.0,2.0,7.0,1.0,0
21,1,1,0.0,5.0,1.0,3.0,1,3.0,6.15,1.0,6.0,4.0,4.0,7.0,1.0,7.0,5.0,5.0,5.0,2
19,1,2,6.0,8.0,1.0,0.0,0,3.0,8.1,3.0,2.0,6.0,5.0,5.0,5.0,10.0,6.0,7.0,5.0,2
22,1,1,2.0,6.0,2.0,1.0,2,5.0,7.92,1.0,6.0,5.0,4.0,4.0,3.0,7.0,6.0,3.0,5.0,2
20,1,2,4.0,7.0,3.0,0.0,3,1.0,6.53,2.0,4.0,4.0,6.0,4.0,6.0,7.0,3.0,6.0,3.0,0
19,1,2,4.0,6.0,1.0,0.0,2,5.0,5.72,0.0,6.0,3.0,4.0,6.0,5.0,5.0,7.0,4.0,5.0,2
18,0,1,2.0,6.0,4.0,4.0,4,2.0,6.1,1.0,2.0,5.0,4.0,5.0,4.0,7.0,6.0,5.0,5.0,2
19,1,1,4.0,7.0,3.0,3.0,3,3.0,7.8,1.0,8.0,4.0,6.0,5.0,1.0,8.0,4.0,6.0,4.0,0
23,1,2,3.0,7.0,4.0,1.0,4,4.0,7.86,1.0,6.0,7.0,7.0,4.0,4.0,7.0,6.0,6.0,4.0,0
25,1,2,4.0,6.0,2.0,1.0,1,2.0,8.64,2.0,8.0,6.0,4.0,6.0,3.0,10.0,4.0,5.0,5.0,2
20,0,1,6.0,9.0,2.0,4.0,1,2.0,6.39,0.0,5.0,6.0,5.0,4.0,6.0,6.0,5.0,8.0,3.0,0
26,1,1,6.0,9.0,6.0,3.0,1,2.0,9.79,2.0,6.0,8.0,4.0,7.0,6.0,10.0,6.0,7.0,6.0,2
26,2,2,3.0,7.0,2.0,0.0,4,2.0,5.73,1.0,3.0,5.0,4.0,7.0,1.0,6.0,5.0,5.0,5.0,2
19,0,1,5.0,8.0,2.0,0.0,1,3.0,9.38,2.0,4.0,5.0,5.0,5.0,5.0,8.0,8.0,5.0,5.0,2
25,0,1,6.0,9.0,2.0,2.0,3,6.0,8.6,1.0,4.0,5.0,5.0,5.0,5.0,10.0,5.0,6.0,5.0,2
22,1,2,3.0,6.0,4.0,3.0,1,4.0,6.22,2.0,4.0,6.0,4.0,6.0,6.0,6.0,6.0,4.0,4.0,2
21,0,1,5.0,10.0,4.0,0.0,2,4.0,7.24,2.0,4.0,5.0,4.0,5.0,4.0,8.0,6.0,7.0,4.0,2
22,0,2,8.0,10.0,3.0,0.0,4,1.0,5.83,1.0,9.0,5.0,5.0,5.0,7.0,6.0,4.0,8.0,3.0,0
21,1,1,2.0,6.0,4.0,1.0,4,1.0,6.69,3.0,3.0,5.0,3.0,5.0,4.0,8.0,5.0,3.0,5.0,2
25,1,1,5.0,8.0,6.0,0.0,4,4.0,8.13,1.0,5.0,7.0,5.0,6.0,3.0,8.0,6.0,7.0,5.0,2
21,1,2,2.0,5.0,2.0,2.0,4,0.0,6.44,1.0,6.0,5.0,5.0,4.0,5.0,7.0,4.0,6.0,3.0,0
23,2,1,3.0,6.0,1.0,0.0,0,3.0,5.24,1.0,9.0,4.0,4.0,6.0,2.0,4.0,4.0,5.0,3.0,0
19,1,2,3.0,7.0,3.0,4.0,1,5.0,4.83,2.0,6.0,5.0,5.0,5.0,3.0,5.0,4.0,5.0,3.0,0
22,0,1,5.0,6.0,3.0,0.0,2,3.0,5.79,0.0,8.0,5.0,5.0,5.0,5.0,5.0,5.0,5.0,3.0,0
23,1,1,7.0,10.0,3.0,0.0,2,3.0,6.74,3.0,9.0,5.0,5.0,6.0,6.0,6.0,5.0,8.0,3.0,0
22,0,1,3.0,5.0,2.0,3.0,4,4.0,8.06,2.0,6.0,6.0,5.0,4.0,4.0,9.0,7.0,4.0,5.0,2
19,0,2,6.0,7.0,3.0,2.0,2,3.0,5.85,3.0,4.0,5.0,6.0,4.0,5.0,7.0,4.0,9.0,2.0,0
24,1,1,3.0,5.0,4.0,0.0,1,4.0,7.13,2.0,8.0,5.0,4.0,5.0,3.0,6.0,7.0,6.0,4.0,2
21,1,1,3.0,7.0,2.0,2.0,3,2.0,8.88,2.0,4.0,5.0,4.0,6.0,5.0,9.0,8.0,7.0,6.0,2
25,1,1,6.0,12.0,4.0,4.0,2,5.0,4.67,1.0,6.0,5.0,5.0,4.0,4.0,5.0,4.0,7.0,2.0,0
24,1,2,5.0,7.0,2.0,2.0,0,3.0,7.14,2.0,5.0,7.0,5.0,5.0,6.0,7.0,5.0,7.0,4.0,0
24,0,1,3.0,6.0,4.0,3.0,4,1.0,5.87,2.0,6.0,4.0,3.0,4.0,5.0,4.0,5.0,6.0,3.0,0
26,1,2,3.0,7.0,3.0,0.0,3,3.0,5.38,1.0,4.0,5.0,6.0,4.0,4.0,6.0,4.0,5.0,3.0,0
18,0,0,5.0,8.0,5.0,2.0,3,1.0,6.88,2.0,6.0,5.0,4.0,5.0,3.0,9.0,4.0,7.0,4.0,2
23,1,1,3.0,5.0,3.0,1.0,4,3.0,8.68,0.0,5.0,6.0,4.0,7.0,3.0,8.0,6.0,6.0,6.0,2
23,1,1,3.0,7.0,4.0,2.0,4,2.0,6.51,0.0,3.0,5.0,4.0,4.0,4.0,6.0,6.0,5.0,4.0,2
23,0,2,3.0,6.0,3.0,1.0,2,0.0,5.67,1.0,9.0,6.0,6.0,5.0,6.0,6.0,3.0,6.0,3.0,0
23,0,1,4.0,7.0,4.0,0.0,4,0.0,5.28,2.0,6.0,4.0,4.0,4.0,6.0,4.0,4.0,6.0,2.0,0
24,1,2,3.0,5.0,5.0,2.0,0,4.0,6.82,2.0,7.0,6.0,5.0,6.0,5.0,6.0,6.0,4.0,4.0,2
23,0,1,2.0,6.0,3.0,3.0,1,1.0,6.31,2.0,8.0,6.0,6.0,4.0,3.0,6.0,5.0,7.0,3.0,0
18,1,1,6.0,10.0,3.0,1.0,3,4.0,5.53,2.0,5.0,6.0,6.0,3.0,7.0,6.0,3.0,7.0,2.0,0
20,0,0,5.0,8.0,4.0,3.0,4,4.0,5.8,1.0,7.0,4.0,6.0,6.0,6.0,6.0,6.0,7.0,4.0,0
19,1,1,4.0,7.0,4.0,1.0,2,5.0,7.08,1.0,5.0,4.0,3.0,6.0,4.0,8.0,7.0,5.0,6.0,2
23,1,1,3.0,6.0,1.0,4.0,4,4.0,5.86,2.0,5.0,4.0,4.0,5.0,5.0,5.0,4.0,2.0,4.0,0
25,0,2,6.0,9.0,4.0,2.0,0,0.0,6.09,2.0,7.0,7.0,5.0,6.0,5.0,6.0,5.0,7.0,4.0,0
20,1,0,5.0,8.0,5.0,2.0,4,4.0,6.23,0.0,5.0,5.0,4.0,5.0,4.0,5.0,6.0,3.0,4.0,2
25,1,1,3.0,6.0,4.0,1.0,0,3.0,7.45,1.0,10.0,5.0,4.0,5.0,4.0,7.0,5.0,5.0,4.0,2
25,1,0,5.0,7.0,2.0,2.0,4,5.0,7.03,1.0,10.0,4.0,5.0,6.0,4.0,6.0,6.0,4.0,4.0,2
22,0,2,4.0,5.0,1.0,1.0,1,3.0,6.41,2.0,9.0,3.0,3.0,7.0,4.0,6.0,5.0,6.0,4.0,2
25,2,0,4.0,8.0,2.0,0.0,2,4.0,7.12,1.0,7.0,5.0,6.0,3.0,4.0,8.0,3.0,5.0,3.0,0
23,0,2,5.0,8.0,4.0,2.0,0,4.0,6.81,2.0,5.0,5.0,5.0,5.0,3.0,7.0,5.0,6.0,4.0,2
22,0,2,5.0,9.0,1.0,2.0,4,2.0,7.53,2.0,6.0,6.0,3.0,6.0,5.0,8.0,6.0,6.0,5.0,2
26,0,2,5.0,7.0,4.0,4.0,3,4.0,4.6,2.0,7.0,6.0,5.0,6.0,6.0,5.0,5.0,6.0,3.0,0
24,1,1,7.0,9.0,5.0,0.0,0,4.0,8.87,1.0,7.0,6.0,4.0,5.0,6.0,9.0,6.0,4.0,5.0,2
25,1,0,5.0,8.0,3.0,0.0,1,4.0,6.31,2.0,5.0,4.0,5.0,4.0,6.0,7.0,6.0,5.0,4.0,0
18,2,1,8.0,11.0,4.0,4.0,1,3.0,6.02,2.0,10.0,4.0,6.0,5.0,6.0,6.0,6.0,8.0,3.0,0
19,1,1,6.0,10.0,3.0,0.0,3,2.0,6.1,1.0,5.0,7.0,6.0,6.0,4.0,6.0,5.0,7.0,3.0,0
25,1,2,4.0,8.0,3.0,2.0,4,1.0,6.69,1.0,3.0,6.0,5.0,5.0,3.0,6.0,5.0,8.0,3.0,0
26,0,1,2.0,5.0,3.0,0.0,4,3.0,5.43,2.0,6.0,5.0,7.0,4.0,3.0,6.0,3.0,5.0,3.0,0
21,0,2,6.0,10.0,2.0,1.0,4,4.0,6.73,1.0,3.0,5.0,5.0,5.0,6.0,7.0,6.0,6.0,4.0,0
26,1,2,2.0,3.0,4.0,2.0,4,3.0,6.78,1.0,6.0,3.0,4.0,4.0,3.0,7.0,4.0,4.0,4.0,0
21,1,1,4.0,7.0,4.0,0.0,4,4.0,8.18,3.0,6.0,5.0,6.0,5.0,5.0,8.0,4.0,7.0,4.0,0
26,0,1,5.0,9.0,2.0,0.0,3,0.0,5.55,1.0,8.0,4.0,5.0,4.0,5.0,5.0,6.0,7.0,3.0,0
24,0,1,2.0,5.0,3.0,0.0,1,5.0,8.89,1.0,8.0,4.0,2.0,6.0,3.0,9.0,7.0,4.0,6.0,2
19,1,2,3.0,8.0,3.0,4.0,3,4.0,5.92,1.0,5.0,4.0,4.0,6.0,3.0,6.0,4.0,7.0,4.0,0
26,1,2,2.0,4.0,3.0,0.0,2,4.0,5.66,3.0,4.0,5.0,5.0,4.0,2.0,6.0,5.0,6.0,3.0,0
21,2,1,7.0,11.0,3.0,0.0,2,5.0,5.96,1.0,6.0,5.0,3.0,5.0,5.0,6.0,7.0,7.0,5.0,2
25,1,0,5.0,8.0,2.0,0.0,0,3.0,6.75,2.0,5.0,4.0,6.0,4.0,7.0,6.0,4.0,5.0,3.0,0
24,0,1,3.0,6.0,3.0,0.0,4,5.0,6.98,1.0,5.0,5.0,4.0,5.0,5.0,6.0,5.0,5.0,4.0,0
24,1,1,2.0,4.0,3.0,3.0,1,3.0,7.4,3.0,5.0,5.0,6.0,6.0,3.0,6.0,6.0,5.0,4.0,2
25,1,1,3.0,6.0,3.0,3.0,0,2.0,5.29,3.0,9.0,5.0,6.0,3.0,5.0,3.0,3.0,6.0,1.0,0
18,1,1,3.0,7.0,4.0,1.0,2,3.0,4.47,2.0,3.0,7.0,7.0,2.0,4.0,4.0,3.0,5.0,1.0,0
22,2,2,3.0,7.0,3.0,0.0,0,1.0,7.05,1.0,5.0,7.0,4.0,6.0,6.0,7.0,6.0,4.0,5.0,2
19,0,1,5.0,8.0,2.0,1.0,2,5.0,6.92,1.0,4.0,4.0,2.0,7.0,6.0,7.0,6.0,3.0,6.0,2
19,1,2,2.0,6.0,4.0,1.0,2,5.0,7.05,1.0,8.0,5.0,4.0,5.0,4.0,8.0,6.0,4.0,5.0,2
18,0,2,6.0,9.0,4.0,2.0,3,6.0,6.73,0.0,7.0,5.0,5.0,6.0,7.0,6.0,6.0,8.0,4.0,0
22,1,1,1.0,4.0,3.0,2.0,0,3.0,5.25,0.0,6.0,2.0,4.0,7.0,4.0,3.0,3.0,5.0,3.0,0
19,0,1,4.0,7.0,5.0,4.0,2,3.0,5.78,1.0,7.0,7.0,8.0,4.0,5.0,4.0,5.0,6.0,2.0,0
21,1,1,3.0,7.0,1.0,0.0,1,3.0,7.07,3.0,3.0,5.0,3.0,6.0,4.0,7.0,7.0,6.0,5.0,2
20,0,1,5.0,10.0,2.0,0.0,2,2.0,6.67,0.0,8.0,4.0,4.0,4.0,6.0,7.0,6.0,8.0,4.0,0
20,1,1,6.0,10.0,1.0,1.0,3,3.0,7.84,1.0,4.0,6.0,3.0,7.0,6.0,8.0,5.0,4.0,5.0,2
19,0,1,5.0,7.0,5.0,1.0,0,3.0,7.56,0.0,5.0,6.0,6.0,5.0,6.0,8.0,6.0,7.0,4.0,2
23,0,1,5.0,8.0,5.0,3.0,2,0.0,5.9,2.0,7.0,7.0,4.0,4.0,4.0,7.0,3.0,7.0,3.0,0
19,1,2,4.0,8.0,3.0,1.0,4,2.0,9.08,3.0,1.0,5.0,3.0,9.0,2.0,8.0,6.0,6.0,6.0,2
25,1,1,6.0,8.0,3.0,1.0,4,5.0,4.85,2.0,6.0,5.0,5.0,6.0,6.0,5.0,4.0,5.0,3.0,0
25,1,0,2.0,4.0,2.0,4.0,2,3.0,5.71,2.0,6.0,5.0,6.0,4.0,3.0,6.0,6.0,5.0,4.0,0
22,0,1,5.0,8.0,3.0,0.0,0,0.0,6.64,2.0,6.0,6.0,5.0,5.0,5.0,7.0,3.0,7.0,3.0,0
24,1,0,6.0,9.0,2.0,5.0,3,2.0,4.98,1.0,7.0,4.0,5.0,5.0,5.0,5.0,4.0,7.0,3.0,0
21,0,1,5.0,8.0,5.0,2.0,1,3.0,5.04,2.0,7.0,7.0,7.0,4.0,4.0,4.0,4.0,8.0,1.0,0
18,2,2,5.0,8.0,4.0,0.0,0,2.0,4.32,0.0,6.0,5.0,5.0,3.0,4.0,5.0,5.0,7.0,2.0,0
19,1,1,5.0,7.0,5.0,1.0,3,4.0,7.37,2.0,2.0,5.0,4.0,6.0,5.0,7.0,6.0,5.0,5.0,2
21,1,1,5.0,8.0,2.0,0.0,2,4.0,3.0,2.0,4.0,4.0,5.0,4.0,6.0,3.0,4.0,5.0,2.0,0
18,0,2,4.0,7.0,3.0,0.0,1,4.0,6.99,1.0,5.0,7.0,5.0,5.0,5.0,8.0,6.0,6.0,4.0,2
25,0,2,6.0,10.0,2.0,1.0,0,3.0,7.64,0.0,3.0,4.0,4.0,3.0,6.0,8.0,7.0,8.0,4.0,2
26,2,2,7.0,10.0,2.0,5.0,2,3.0,7.0,1.0,2.0,3.0,4.0,6.0,4.0,6.0,7.0,7.0,5.0,2
21,1,1,1.0,6.0,5.0,1.0,1,6.0,5.74,1.0,9.0,7.0,5.0,6.0,4.0,5.0,6.0,5.0,4.0,0
20,1,2,3.0,6.0,3.0,1.0,2,2.0,5.0,3.0,7.0,5.0,6.0,4.0,5.0,5.0,3.0,7.0,2.0,0
19,0,1,2.0,6.0,2.0,0.0,4,0.0,8.45,2.0,5.0,2.0,3.0,8.0,3.0,8.0,6.0,3.0,7.0,2
22,0,1,3.0,6.0,4.0,5.0,4,0.0,6.96,2.0,7.0,6.0,5.0,6.0,4.0,9.0,4.0,7.0,4.0,2
20,0,2,4.0,7.0,5.0,2.0,3,2.0,4.77,3.0,3.0,7.0,6.0,4.0,5.0,4.0,3.0,6.0,2.0,0
24,1,1,5.0,8.0,4.0,0.0,1,6.0,5.64,2.0,7.0,6.0,5.0,4.0,7.0,5.0,6.0,5.0,3.0,0
23,1,0,4.0,7.0,4.0,0.0,4,4.0,7.9,1.0,6.0,6.0,4.0,4.0,5.0,9.0,6.0,5.0,5.0,2
18,1,1,5.0,7.0,3.0,0.0,2,1.0,8.0,3.0,9.0,6.0,4.0,5.0,4.0,7.0,5.0,7.0,4.0,0
25,2,0,3.0,7.0,3.0,2.0,3,2.0,6.48,0.0,8.0,5.0,5.0,6.0,5.0,7.0,5.0,6.0,4.0,2
19,1,2,3.0,6.0,0.0,0.0,4,4.0,8.46,2.0,5.0,4.0,3.0,8.0,6.0,10.0,8.0,5.0,7.0,1
22,0,1,5.0,6.0,1.0,1.0,3,3.0,6.68,1.0,10.0,5.0,4.0,5.0,5.0,6.0,5.0,7.0,4.0,0
26,0,1,4.0,6.0,5.0,3.0,1,1.0,5.61,2.0,8.0,6.0,6.0,4.0,6.0,4.0,3.0,6.0,2.0,0
25,1,2,2.0,7.0,4.0,0.0,4,1.0,4.74,2.0,8.0,3.0,4.0,4.0,3.0,5.0,5.0,6.0,3.0,0
19,1,2,7.0,12.0,4.0,2.0,4,2.0,8.98,2.0,6.0,5.0,4.0,6.0,7.0,10.0,5.0,7.0,5.0,2
26,0,1,5.0,9.0,3.0,1.0,0,1.0,4.0,1.0,9.0,5.0,4.0,5.0,7.0,3.0,5.0,8.0,3.0,0
22,1,2,4.0,8.0,3.0,1.0,0,2.0,6.4,2.0,6.0,3.0,5.0,5.0,5.0,6.0,4.0,7.0,3.0,0
23,1,1,5.0,10.0,4.0,1.0,1,3.0,8.82,2.0,6.0,5.0,4.0,6.0,4.0,8.0,7.0,7.0,5.0,2
20,1,2,5.0,8.0,5.0,1.0,1,3.0,6.28,2.0,8.0,6.0,6.0,4.0,5.0,6.0,6.0,8.0,3.0,0
20,0,0,2.0,6.0,4.0,3.0,0,0.0,7.9,1.0,6.0,4.0,6.0,6.0,2.0,6.0,4.0,5.0,4.0,0
25,2,1,4.0,6.0,3.0,3.0,4,3.0,7.49,1.0,6.0,6.0,6.0,6.0,5.0,8.0,6.0,6.0,5.0,2
19,0,2,3.0,5.0,4.0,0.0,3,2.0,7.08,3.0,9.0,4.0,5.0,3.0,4.0,9.0,6.0,6.0,4.0,2
19,0,1,4.0,7.0,3.0,0.0,1,3.0,6.65,0.0,6.0,4.0,2.0,7.0,5.0,7.0,6.0,5.0,6.0,2
22,0,1,5.0,8.0,4.0,3.0,0,4.0,6.01,0.0,10.0,6.0,7.0,4.0,4.0,6.0,4.0,6.0,2.0,0
23,0,2,5.0,10.0,4.0,1.0,3,4.0,5.9,1.0,6.0,5.0,6.0,3.0,5.0,6.0,4.0,8.0,2.0,0
19,2,1,3.0,5.0,4.0,2.0,0,1.0,5.61,2.0,5.0,5.0,6.0,3.0,4.0,6.0,3.0,7.0,2.0,0
22,1,1,3.0,5.0,2.0,4.0,2,3.0,5.95,1.0,7.0,4.0,5.0,5.0,4.0,6.0,4.0,6.0,3.0,0
24,1,2,3.0,8.0,4.0,0.0,4,5.0,6.69,1.0,7.0,7.0,5.0,6.0,4.0,7.0,6.0,5.0,5.0,2
25,2,1,6.0,9.0,5.0,2.0,3,2.0,5.53,2.0,4.0,6.0,7.0,4.0,7.0,5.0,6.0,7.0,2.0,0
24,0,1,3.0,5.0,1.0,2.0,0,0.0,6.78,0.0,3.0,3.0,3.0,6.0,5.0,6.0,6.0,6.0,5.0,2
25,1,1,5.0,8.0,3.0,3.0,3,4.0,6.25,2.0,4.0,6.0,6.0,3.0,5.0,7.0,3.0,5.0,3.0,0
26,2,1,4.0,10.0,2.0,2.0,2,1.0,9.33,2.0,7.0,4.0,3.0,7.0,4.0,10.0,5.0,6.0,6.0,2
22,1,1,3.0,6.0,3.0,1.0,2,5.0,8.91,1.0,6.0,3.0,3.0,8.0,4.0,7.0,7.0,5.0,6.0,2
22,1,2,4.0,7.0,4.0,1.0,4,2.0,6.65,1.0,7.0,6.0,5.0,6.0,5.0,6.0,5.0,5.0,4.0,2
21,0,1,5.0,9.0,2.0,2.0,0,5.0,4.38,2.0,4.0,6.0,7.0,4.0,6.0,4.0,4.0,6.0,2.0,0
26,1,1,5.0,9.0,2.0,1.0,0,1.0,7.25,1.0,8.0,7.0,5.0,5.0,4.0,8.0,5.0,7.0,4.0,2
22,0,1,2.0,4.0,5.0,0.0,0,2.0,8.32,0.0,8.0,6.0,5.0,5.0,3.0,8.0,5.0,4.0,5.0,2
19,1,1,4.0,9.0,4.0,2.0,1,4.0,3.9,2.0,9.0,4.0,6.0,4.0,8.0,4.0,4.0,6.0,2.0,0
25,1,1,6.0,9.0,4.0,0.0,4,5.0,7.21,2.0,6.0,8.0,7.0,3.0,7.0,7.0,6.0,7.0,3.0,0
24,0,2,4.0,8.0,4.0,3.0,2,4.0,7.68,3.0,6.0,6.0,5.0,4.0,4.0,8.0,5.0,7.0,4.0,0
25,0,1,6.0,8.0,2.0,0.0,4,3.0,6.93,2.0,6.0,3.0,5.0,6.0,7.0,8.0,5.0,6.0,5.0,2
20,1,0,7.0,9.0,4.0,2.0,1,4.0,7.08,1.0,7.0,7.0,5.0,4.0,5.0,6.0,5.0,5.0,3.0,0
21,2,1,4.0,9.0,2.0,3.0,0,1.0,5.95,0.0,4.0,5.0,5.0,5.0,4.0,7.0,7.0,7.0,4.0,2
22,0,1,4.0,8.0,2.0,3.0,2,4.0,6.99,1.0,5.0,5.0,6.0,6.0,3.0,8.0,5.0,5.0,4.0,2
23,1,1,5.0,8.0,4.0,4.0,0,0.0,6.48,1.0,9.0,6.0,6.0,4.0,6.0,6.0,3.0,7.0,2.0,0
18,1,1,6.0,6.0,1.0,1.0,1,4.0,5.96,1.0,6.0,5.0,5.0,4.0,4.0,5.0,4.0,5.0,3.0,0
21,0,2,4.0,6.0,2.0,2.0,1,0.0,6.18,0.0,6.0,5.0,5.0,6.0,4.0,6.0,6.0,6.0,4.0,0
22,0,2,2.0,6.0,2.0,2.0,0,3.0,4.78,2.0,6.0,4.0,6.0,5.0,4.0,5.0,4.0,5.0,3.0,0
24,1,1,5.0,7.0,1.0,1.0,0,2.0,5.21,1.0,6.0,5.0,6.0,4.0,5.0,4.0,6.0,7.0,2.0,0
22,1,2,5.0,9.0,3.0,2.0,3,2.0,5.25,1.0,7.0,3.0,6.0,4.0,5.0,5.0,1.0,7.0,1.0,0
18,1,2,5.0,8.0,2.0,0.0,2,4.0,7.01,1.0,4.0,4.0,4.0,5.0,6.0,8.0,5.0,6.0,4.0,2
24,1,0,5.0,9.0,3.0,2.0,2,3.0,5.58,2.0,4.0,6.0,5.0,4.0,5.0,4.0,6.0,6.0,3.0,0
25,0,1,4.0,5.0,5.0,1.0,4,4.0,7.85,2.0,6.0,5.0,4.0,6.0,5.0,8.0,7.0,6.0,5.0,2
24,2,1,4.0,6.0,2.0,3.0,4,4.0,6.3,3.0,5.0,5.0,5.0,5.0,5.0,7.0,5.0,4.0,4.0,0
21,1,1,6.0,8.0,1.0,2.0,1,0.0,6.74,2.0,5.0,4.0,4.0,4.0,5.0,8.0,3.0,5.0,4.0,0
25,0,1,1.0,4.0,2.0,2.0,2,5.0,5.84,0.0,6.0,4.0,4.0,5.0,3.0,6.0,6.0,5.0,5.0,2
22,2,2,4.0,7.0,2.0,2.0,1,1.0,7.13,1.0,5.0,5.0,5.0,4.0,4.0,7.0,7.0,7.0,4.0,0
26,2,0,3.0,6.0,3.0,1.0,0,4.0,6.67,1.0,5.0,5.0,4.0,5.0,3.0,6.0,6.0,4.0,4.0,2
22,2,1,4.0,8.0,5.0,0.0,2,4.0,8.11,1.0,4.0,7.0,5.0,5.0,4.0,8.0,6.0,5.0,5.0,2
18,0,2,4.0,7.0,5.0,4.0,1,4.0,7.82,3.0,8.0,7.0,4.0,5.0,7.0,7.0,4.0,6.0,4.0,0
26,0,0,5.0,7.0,2.0,3.0,3,4.0,4.83,3.0,6.0,5.0,4.0,5.0,3.0,5.0,5.0,5.0,3.0,0
22,1,0,4.0,7.0,2.0,1.0,3,1.0,7.88,1.0,8.0,4.0,5.0,6.0,4.0,8.0,5.0,8.0,4.0,2
23,0,2,6.0,9.0,2.0,1.0,2,3.0,5.97,3.0,5.0,6.0,5.0,4.0,4.0,6.0,5.0,8.0,3.0,0
21,0,2,4.0,7.0,3.0,0.0,2,4.0,6.24,1.0,10.0,4.0,5.0,5.0,6.0,7.0,6.0,5.0,4.0,2
23,1,1,2.0,5.0,3.0,2.0,4,2.0,8.48,0.0,8.0,4.0,5.0,4.0,3.0,8.0,6.0,6.0,4.0,2
25,1,0,6.0,8.0,3.0,0.0,2,4.0,6.51,0.0,4.0,5.0,4.0,7.0,6.0,7.0,5.0,5.0,5.0,2
20,1,1,4.0,6.0,2.0,2.0,4,4.0,6.15,0.0,5.0,6.0,4.0,6.0,4.0,6.0,7.0,4.0,5.0,2
22,0,1,3.0,4.0,3.0,1.0,3,3.0,8.15,2.0,9.0,5.0,5.0,5.0,4.0,9.0,6.0,6.0,5.0,2
19,0,1,5.0,8.0,5.0,1.0,3,5.0,4.45,0.0,5.0,5.0,4.0,5.0,6.0,4.0,4.0,5.0,3.0,0
19,0,2,3.0,6.0,5.0,1.0,3,0.0,7.06,1.0,11.0,8.0,8.0,3.0,4.0,8.0,3.0,10.0,1.0,0
24,1,1,5.0,10.0,6.0,2.0,0,0.0,5.35,0.0,8.0,5.0,6.0,5.0,6.0,6.0,3.0,7.0,3.0,0
23,0,2,2.0,4.0,3.0,0.0,2,4.0,5.95,2.0,6.0,4.0,4.0,5.0,1.0,5.0,5.0,5.0,4.0,0
21,1,1,4.0,7.0,2.0,3.0,3,3.0,7.05,1.0,6.0,5.0,3.0,5.0,4.0,7.0,6.0,5.0,5.0,2
22,0,1,5.0,9.0,0.0,1.0,4,3.0,4.03,1.0,9.0,4.0,5.0,6.0,4.0,4.0,2.0,7.0,2.0,0
18,1,1,2.0,6.0,4.0,1.0,4,3.0,8.91,0.0,10.0,6.0,4.0,7.0,2.0,9.0,7.0,6.0,6.0,2
24,2,1,5.0,7.0,1.0,0.0,1,5.0,7.22,1.0,7.0,4.0,3.0,5.0,5.0,9.0,9.0,5.0,6.0,2
25,0,1,6.0,8.0,5.0,2.0,1,2.0,7.44,2.0,6.0,6.0,5.0,3.0,6.0,8.0,5.0,5.0,4.0,0
26,0,1,4.0,9.0,3.0,2.0,0,3.0,5.38,3.0,6.0,5.0,6.0,6.0,4.0,7.0,3.0,7.0,3.0,0
25,0,1,5.0,9.0,3.0,0.0,4,3.0,4.81,1.0,6.0,5.0,5.0,7.0,7.0,4.0,4.0,5.0,3.0,0
22,0,2,3.0,5.0,3.0,2.0,1,5.0,6.62,2.0,6.0,4.0,3.0,6.0,4.0,6.0,6.0,3.0,5.0,2
20,1,1,8.0,11.0,3.0,4.0,2,3.0,5.69,3.0,6.0,5.0,8.0,4.0,5.0,7.0,2.0,8.0,2.0,0
26,0,2,4.0,7.0,4.0,1.0,2,4.0,5.94,2.0,6.0,5.0,5.0,5.0,5.0,7.0,4.0,5.0,4.0,0
23,2,1,4.0,8.0,3.0,0.0,2,1.0,8.29,3.0,6.0,4.0,4.0,5.0,5.0,8.0,5.0,5.0,4.0,2
22,1,1,4.0,8.0,3.0,1.0,2,1.0,6.19,2.0,3.0,6.0,4.0,6.0,4.0,7.0,6.0,5.0,5.0,2
20,0,2,3.0,6.0,4.0,0.0,1,2.0,7.15,2.0,3.0,6.0,5.0,5.0,4.0,8.0,5.0,6.0,4.0,2
23,2,2,5.0,7.0,3.0,2.0,0,3.0,6.75,4.0,9.0,4.0,6.0,4.0,4.0,7.0,4.0,7.0,3.0,0
20,0,1,0.0,3.0,1.0,1.0,1,2.0,8.5,3.0,6.0,5.0,4.0,8.0,3.0,9.0,5.0,4.0,6.0,2
23,0,1,1.0,4.0,2.0,2.0,2,3.0,4.76,2.0,4.0,5.0,6.0,5.0,4.0,5.0,3.0,6.0,2.0,0
21,0,0,4.0,5.0,4.0,4.0,3,3.0,5.74,2.0,6.0,7.0,7.0,5.0,5.0,5.0,3.0,6.0,2.0,0
19,2,1,3.0,6.0,5.0,2.0,2,0.0,5.13,1.0,7.0,9.0,7.0,5.0,4.0,6.0,2.0,9.0,2.0,0
25,2,1,5.0,9.0,5.0,0.0,0,2.0,9.12,1.0,8.0,4.0,1.0,9.0,5.0,10.0,7.0,5.0,8.0,1
21,2,1,3.0,7.0,4.0,1.0,4,2.0,3.0,2.0,7.0,4.0,6.0,5.0,4.0,2.0,4.0,5.0,2.0,0
26,0,2,1.0,4.0,2.0,1.0,4,4.0,7.14,1.0,9.0,4.0,4.0,7.0,2.0,8.0,7.0,6.0,6.0,2
24,1,2,4.0,6.0,5.0,0.0,2,4.0,7.26,1.0,4.0,6.0,5.0,5.0,5.0,7.0,7.0,7.0,4.0,2
19,1,1,4.0,6.0,3.0,3.0,0,5.0,6.76,2.0,5.0,5.0,6.0,4.0,4.0,6.0,6.0,5.0,4.0,0
21,1,1,2.0,5.0,2.0,3.0,1,5.0,5.41,2.0,4.0,4.0,6.0,6.0,3.0,6.0,6.0,4.0,4.0,0
22,2,1,5.0,9.0,4.0,0.0,0,7.0,5.5,1.0,4.0,6.0,7.0,4.0,5.0,5.0,7.0,8.0,3.0,0
20,0,1,5.0,9.0,0.0,1.0,2,2.0,6.97,1.0,8.0,2.0,2.0,8.0,5.0,8.0,6.0,6.0,6.0,2
26,0,1,3.0,6.0,3.0,2.0,1,4.0,6.58,2.0,7.0,4.0,6.0,6.0,3.0,6.0,5.0,6.0,4.0,0
22,0,1,2.0,4.0,3.0,2.0,4,2.0,5.32,2.0,7.0,5.0,6.0,4.0,4.0,7.0,3.0,4.0,3.0,0
19,1,1,5.0,7.0,3.0,2.0,2,3.0,6.66,0.0,8.0,6.0,8.0,2.0,5.0,7.0,5.0,8.0,2.0,0
20,0,2,3.0,7.0,3.0,0.0,4,1.0,6.98,2.0,5.0,5.0,5.0,6.0,4.0,6.0,4.0,7.0,4.0,0
26,0,2,3.0,6.0,5.0,0.0,2,2.0,7.21,1.0,2.0,4.0,3.0,5.0,3.0,7.0,5.0,7.0,4.0,2
24,1,2,4.0,6.0,1.0,0.0,1,6.0,7.28,3.0,5.0,5.0,4.0,6.0,5.0,7.0,4.0,4.0,4.0,0
19,1,1,4.0,7.0,4.0,1.0,0,3.0,4.92,6.0,1.0,5.0,7.0,4.0,5.0,3.0,2.0,6.0,1.0,0
26,0,0,5.0,6.0,4.0,0.0,4,1.0,6.03,0.0,7.0,5.0,3.0,6.0,4.0,6.0,4.0,6.0,4.0,0
21,1,0,6.0,7.0,5.0,5.0,1,2.0,4.77,3.0,6.0,5.0,4.0,5.0,7.0,5.0,4.0,5.0,3.0,0
26,2,1,3.0,6.0,3.0,3.0,4,3.0,7.13,1.0,4.0,4.0,2.0,6.0,4.0,7.0,6.0,4.0,5.0,2
19,1,1,5.0,9.0,4.0,3.0,3,1.0,4.79,3.0,3.0,5.0,6.0,6.0,3.0,5.0,2.0,7.0,2.0,0
21,2,2,4.0,6.0,3.0,3.0,1,4.0,5.45,2.0,5.0,3.0,4.0,5.0,7.0,6.0,6.0,5.0,4.0,2
22,1,2,6.0,9.0,3.0,3.0,1,3.0,5.88,2.0,7.0,6.0,7.0,4.0,5.0,7.0,4.0,8.0,2.0,0
19,1,0,3.0,6.0,3.0,0.0,0,4.0,6.7,1.0,3.0,4.0,5.0,4.0,4.0,6.0,4.0,4.0,3.0,0
18,0,2,5.0,6.0,2.0,3.0,0,0.0,5.83,0.0,7.0,4.0,4.0,5.0,4.0,6.0,5.0,5.0,4.0,2
24,0,1,3.0,7.0,3.0,1.0,2,1.0,4.97,1.0,6.0,5.0,6.0,3.0,4.0,5.0,3.0,7.0,1.0,0
18,0,1,3.0,4.0,3.0,0.0,0,1.0,6.98,1.0,6.0,4.0,5.0,5.0,5.0,7.0,6.0,4.0,4.0,2
25,1,1,3.0,6.0,2.0,2.0,2,4.0,6.77,3.0,6.0,5.0,4.0,6.0,5.0,7.0,6.0,6.0,5.0,2
20,1,2,1.0,3.0,3.0,2.0,0,3.0,4.19,1.0,4.0,5.0,4.0,5.0,4.0,4.0,3.0,6.0,2.0,0
23,0,0,5.0,9.0,5.0,1.0,0,4.0,6.23,2.0,6.0,6.0,4.0,7.0,5.0,6.0,5.0,7.0,4.0,2
24,1,1,3.0,5.0,3.0,2.0,2,6.0,6.86,1.0,6.0,4.0,4.0,4.0,4.0,7.0,6.0,4.0,4.0,2
18,1,1,3.0,5.0,5.0,2.0,3,2.0,7.12,3.0,6.0,4.0,4.0,5.0,3.0,8.0,7.0,4.0,5.0,2
23,0,1,3.0,6.0,5.0,2.0,1,3.0,5.99,0.0,5.0,6.0,7.0,3.0,2.0,5.0,3.0,7.0,1.0,0
24,1,1,5.0,8.0,2.0,4.0,2,3.0,8.85,1.0,4.0,5.0,4.0,5.0,5.0,8.0,6.0,5.0,5.0,2
23,1,2,4.0,8.0,2.0,3.0,3,1.0,6.6,1.0,7.0,6.0,5.0,3.0,4.0,7.0,6.0,7.0,3.0,0
21,1,1,5.0,10.0,3.0,0.0,0,4.0,7.69,1.0,5.0,4.0,3.0,6.0,5.0,8.0,6.0,6.0,5.0,2
18,2,1,4.0,7.0,1.0,0.0,2,2.0,5.96,3.0,7.0,5.0,6.0,4.0,4.0,6.0,4.0,7.0,3.0,0
26,1,1,4.0,8.0,2.0,1.0,3,1.0,7.59,3.0,5.0,1.0,1.0,9.0,4.0,9.0,6.0,5.0,7.0,2
21,2,1,4.0,6.0,0.0,4.0,3,0.0,6.36,3.0,5.0,7.0,6.0,6.0,5.0,5.0,4.0,6.0,3.0,0
24,1,1,5.0,8.0,4.0,0.0,1,3.0,8.0,0.0,6.0,7.0,4.0,5.0,6.0,8.0,7.0,6.0,5.0,2
24,0,1,2.0,6.0,4.0,1.0,0,3.0,6.02,1.0,9.0,3.0,5.0,5.0,4.0,7.0,6.0,5.0,4.0,2
19,1,1,3.0,8.0,1.0,2.0,4,4.0,6.68,1.0,6.0,3.0,3.0,7.0,4.0,7.0,6.0,4.0,5.0,2
18,0,2,2.0,4.0,1.0,1.0,3,5.0,6.06,1.0,8.0,3.0,5.0,5.0,2.0,7.0,5.0,5.0,4.0,2
25,0,2,5.0,8.0,3.0,0.0,2,3.0,6.44,0.0,4.0,4.0,5.0,7.0,5.0,7.0,5.0,6.0,4.0,2
25,0,2,5.0,7.0,3.0,0.0,0,3.0,6.65,2.0,1.0,5.0,3.0,8.0,4.0,7.0,5.0,8.0,5.0,2
24,0,2,5.0,8.0,5.0,0.0,4,0.0,4.06,3.0,1.0,6.0,9.0,1.0,6.0,5.0,2.0,8.0,1.0,0
25,0,0,0.0,3.0,2.0,3.0,4,6.0,8.03,2.0,5.0,3.0,3.0,7.0,2.0,9.0,6.0,2.0,7.0,2
20,1,2,3.0,6.0,2.0,1.0,4,0.0,4.61,0.0,3.0,3.0,6.0,3.0,6.0,4.0,4.0,7.0,2.0,0
19,0,1,0.0,4.0,3.0,4.0,3,3.0,7.97,2.0,1.0,6.0,5.0,6.0,3.0,8.0,8.0,4.0,6.0,2
24,0,1,7.0,9.0,4.0,2.0,1,5.0,7.28,1.0,6.0,7.0,6.0,5.0,7.0,6.0,6.0,5.0,4.0,2
25,0,1,4.0,4.0,5.0,0.0,4,2.0,7.66,2.0,8.0,5.0,6.0,4.0,4.0,6.0,6.0,6.0,4.0,0
18,1,1,3.0,5.0,2.0,0.0,4,1.0,5.68,2.0,5.0,4.0,5.0,7.0,4.0,6.0,3.0,5.0,3.0,0
26,2,2,4.0,6.0,4.0,4.0,2,4.0,6.21,0.0,6.0,5.0,8.0,2.0,4.0,6.0,4.0,7.0,2.0,0
21,0,2,4.0,7.0,2.0,4.0,4,6.0,7.45,1.0,8.0,4.0,4.0,5.0,5.0,9.0,6.0,4.0,6.0,2
21,0,1,7.0,9.0,1.0,3.0,0,7.0,4.66,3.0,5.0,4.0,5.0,4.0,6.0,4.0,4.0,6.0,2.0,0
20,1,2,4.0,7.0,3.0,1.0,1,1.0,5.3,1.0,8.0,4.0,4.0,4.0,2.0,5.0,4.0,7.0,3.0,0
23,1,1,4.0,8.0,5.0,0.0,1,4.0,4.42,1.0,4.0,5.0,5.0,4.0,4.0,4.0,3.0,5.0,2.0,0
18,0,0,3.0,5.0,3.0,4.0,4,5.0,7.7,3.0,6.0,4.0,3.0,7.0,4.0,8.0,5.0,2.0,6.0,2
23,0,2,7.0,11.0,4.0,2.0,3,4.0,6.23,2.0,5.0,5.0,5.0,5.0,6.0,7.0,7.0,8.0,4.0,2
19,2,2,6.0,10.0,2.0,0.0,3,4.0,7.53,3.0,6.0,6.0,6.0,4.0,6.0,8.0,4.0,7.0,3.0,0
26,0,1,1.0,4.0,3.0,1.0,4,2.0,7.37,2.0,10.0,5.0,4.0,5.0,2.0,8.0,5.0,6.0,4.0,2
19,0,1,5.0,8.0,4.0,0.0,4,2.0,7.9,2.0,5.0,5.0,2.0,6.0,6.0,7.0,4.0,5.0,5.0,2
24,0,1,5.0,9.0,3.0,1.0,3,2.0,5.94,2.0,3.0,6.0,5.0,6.0,5.0,7.0,4.0,6.0,4.0,2
18,0,1,3.0,5.0,3.0,2.0,4,1.0,5.01,2.0,10.0,6.0,7.0,3.0,4.0,4.0,5.0,8.0,1.0,0
24,0,1,3.0,6.0,2.0,2.0,2,1.0,6.77,1.0,6.0,5.0,4.0,3.0,3.0,5.0,3.0,6.0,2.0,0
22,1,0,1.0,4.0,3.0,0.0,2,2.0,6.24,1.0,5.0,4.0,5.0,5.0,4.0,7.0,4.0,5.0,3.0,0
25,1,1,5.0,9.0,4.0,2.0,4,4.0,7.58,3.0,4.0,4.0,4.0,7.0,5.0,8.0,6.0,6.0,6.0,2
21,0,1,2.0,6.0,3.0,3.0,3,4.0,6.71,3.0,6.0,3.0,3.0,7.0,4.0,7.0,5.0,4.0,5.0,2
24,0,1,4.0,7.0,1.0,1.0,2,3.0,7.58,1.0,9.0,5.0,3.0,5.0,4.0,7.0,6.0,5.0,5.0,2
23,1,1,2.0,6.0,3.0,2.0,3,2.0,7.9,2.0,3.0,5.0,6.0,5.0,3.0,8.0,5.0,5.0,4.0,2
22,1,0,2.0,6.0,3.0,0.0,4,0.0,4.75,2.0,3.0,6.0,5.0,5.0,4.0,4.0,5.0,7.0,3.0,0
21,0,1,4.0,8.0,3.0,0.0,4,2.0,4.19,0.0,5.0,4.0,5.0,4.0,4.0,4.0,4.0,6.0,2.0,0
24,1,0,6.0,10.0,3.0,3.0,4,3.0,4.87,2.0,3.0,4.0,4.0,6.0,5.0,4.0,5.0,9.0,3.0,0
22,0,1,3.0,6.0,3.0,0.0,2,6.0,5.27,0.0,6.0,4.0,7.0,4.0,2.0,6.0,5.0,6.0,3.0,0
22,0,0,4.0,8.0,4.0,4.0,1,5.0,6.26,0.0,6.0,3.0,3.0,5.0,5.0,6.0,6.0,5.0,5.0,2
18,1,1,4.0,7.0,6.0,2.0,1,3.0,5.35,1.0,4.0,5.0,7.0,4.0,4.0,6.0,4.0,7.0,2.0,0
19,0,2,4.0,9.0,3.0,1.0,1,3.0,7.27,1.0,1.0,8.0,6.0,5.0,4.0,8.0,5.0,8.0,4.0,0
22,0,1,4.0,6.0,4.0,3.0,2,1.0,7.05,1.0,7.0,6.0,6.0,4.0,4.0,7.0,4.0,5.0,3.0,0
20,0,2,4.0,7.0,1.0,1.0,3,3.0,6.42,2.0,10.0,3.0,5.0,4.0,5.0,6.0,5.0,6.0,3.0,0
19,1,2,1.0,4.0,3.0,1.0,1,3.0,6.91,0.0,5.0,4.0,4.0,7.0,2.0,7.0,6.0,3.0,6.0,2
21,1,1,6.0,10.0,3.0,2.0,1,3.0,7.35,0.0,7.0,7.0,6.0,5.0,7.0,7.0,6.0,7.0,4.0,0
21,0,1,5.0,7.0,2.0,0.0,0,2.0,5.83,1.0,5.0,3.0,5.0,5.0,5.0,5.0,8.0,6.0,4.0,0
21,1,0,4.0,6.0,4.0,4.0,4,6.0,7.36,1.0,6.0,6.0,6.0,6.0,5.0,7.0,6.0,5.0,4.0,2
21,1,1,2.0,6.0,4.0,3.0,1,6.0,4.36,3.0,8.0,2.0,4.0,4.0,4.0,3.0,6.0,5.0,3.0,0
20,1,0,3.0,6.0,4.0,3.0,1,3.0,6.04,3.0,6.0,6.0,6.0,6.0,3.0,7.0,4.0,7.0,4.0,0
24,1,2,5.0,9.0,3.0,0.0,3,4.0,7.52,2.0,10.0,5.0,6.0,4.0,6.0,7.0,3.0,8.0,2.0,0
26,1,1,2.0,4.0,2.0,3.0,4,1.0,5.16,3.0,7.0,4.0,4.0,5.0,2.0,4.0,3.0,6.0,3.0,0
22,1,1,3.0,6.0,5.0,3.0,2,1.0,5.12,0.0,2.0,6.0,6.0,3.0,4.0,6.0,2.0,7.0,2.0,0
21,2,0,4.0,8.0,3.0,1.0,2,4.0,5.74,2.0,8.0,5.0,5.0,6.0,4.0,4.0,5.0,5.0,3.0,0
19,0,1,2.0,6.0,2.0,3.0,0,4.0,6.46,2.0,4.0,5.0,5.0,5.0,3.0,5.0,6.0,4.0,4.0,0
19,1,1,3.0,5.0,5.0,2.0,3,4.0,6.32,0.0,6.0,6.0,7.0,4.0,3.0,6.0,5.0,6.0,3.0,0
22,0,2,4.0,5.0,0.0,0.0,3,3.0,7.23,2.0,9.0,4.0,3.0,6.0,4.0,6.0,4.0,6.0,4.0,0
24,1,1,0.0,3.0,3.0,1.0,4,4.0,8.06,1.0,4.0,4.0,4.0,5.0,2.0,9.0,8.0,2.0,6.0,2
26,0,2,4.0,8.0,3.0,3.0,3,1.0,6.7,2.0,9.0,5.0,4.0,6.0,2.0,6.0,3.0,6.0,4.0,0
24,1,1,2.0,4.0,6.0,2.0,0,3.0,7.59,2.0,7.0,5.0,3.0,7.0,4.0,9.0,7.0,4.0,6.0,2
22,1,1,6.0,8.0,3.0,0.0,4,6.0,6.4,1.0,4.0,4.0,3.0,7.0,6.0,6.0,5.0,6.0,5.0,2
23,0,1,3.0,6.0,2.0,2.0,3,3.0,5.79,1.0,6.0,6.0,4.0,5.0,3.0,5.0,4.0,5.0,4.0,0
20,1,1,5.0,8.0,4.0,1.0,3,5.0,7.85,2.0,7.0,6.0,5.0,4.0,5.0,6.0,5.0,5.0,3.0,0
22,0,1,5.0,8.0,0.0,0.0,1,3.0,6.19,1.0,5.0,5.0,5.0,6.0,5.0,8.0,6.0,6.0,5.0,2
25,1,2,3.0,5.0,1.0,1.0,1,3.0,4.99,3.0,4.0,5.0,2.0,8.0,6.0,5.0,6.0,3.0,5.0,2
18,1,2,5.0,7.0,1.0,3.0,0,5.0,7.51,1.0,3.0,2.0,3.0,6.0,5.0,6.0,5.0,4.0,5.0,2
18,0,2,7.0,9.0,3.0,0.0,1,1.0,7.53,1.0,5.0,5.0,3.0,8.0,6.0,7.0,6.0,7.0,5.0,2
24,0,1,4.0,6.0,3.0,2.0,3,5.0,7.13,1.0,7.0,6.0,5.0,6.0,4.0,6.0,7.0,5.0,5.0,2
22,1,1,3.0,5.0,5.0,1.0,1,3.0,6.61,2.0,6.0,5.0,4.0,5.0,3.0,7.0,5.0,6.0,4.0,0
22,1,0,5.0,8.0,4.0,4.0,3,4.0,6.29,2.0,6.0,4.0,4.0,7.0,5.0,6.0,5.0,5.0,5.0,2
18,1,1,5.0,7.0,3.0,3.0,4,2.0,5.83,3.0,5.0,5.0,5.0,7.0,6.0,7.0,4.0,7.0,4.0,0
26,2,1,3.0,6.0,3.0,0.0,1,2.0,7.92,1.0,4.0,5.0,5.0,4.0,5.0,7.0,7.0,6.0,5.0,2
18,0,1,0.0,3.0,4.0,5.0,0,1.0,5.7,1.0,7.0,4.0,4.0,5.0,2.0,6.0,2.0,7.0,3.0,0
22,1,1,3.0,6.0,4.0,0.0,2,2.0,4.73,0.0,8.0,6.0,5.0,6.0,4.0,4.0,4.0,5.0,3.0,0
26,0,1,2.0,5.0,2.0,3.0,3,3.0,7.5,1.0,5.0,5.0,4.0,5.0,4.0,7.0,5.0,5.0,4.0,2
21,1,2,4.0,6.0,4.0,1.0,0,3.0,6.34,1.0,7.0,5.0,7.0,5.0,5.0,7.0,5.0,7.0,3.0,0
25,1,2,6.0,9.0,3.0,3.0,3,4.0,7.39,3.0,5.0,4.0,3.0,6.0,6.0,7.0,7.0,4.0,5.0,2
23,1,1,5.0,8.0,2.0,1.0,3,3.0,6.57,3.0,4.0,5.0,5.0,5.0,4.0,5.0,3.0,4.0,3.0,0
20,0,2,3.0,8.0,3.0,1.0,4,5.0,7.07,3.0,9.0,5.0,6.0,5.0,4.0,7.0,4.0,6.0,3.0,0
21,1,1,4.0,7.0,4.0,3.0,3,5.0,5.67,1.0,6.0,5.0,4.0,6.0,5.0,5.0,5.0,4.0,4.0,2
19,0,1,4.0,6.0,2.0,1.0,2,2.0,7.91,0.0,8.0,4.0,4.0,7.0,3.0,8.0,4.0,5.0,5.0,2
18,0,2,5.0,6.0,2.0,1.0,2,0.0,5.09,1.0,7.0,4.0,4.0,5.0,2.0,6.0,4.0,5.0,4.0,0
25,1,1,5.0,9.0,3.0,3.0,2,4.0,4.39,1.0,5.0,4.0,5.0,5.0,4.0,5.0,5.0,8.0,3.0,0
18,1,1,6.0,9.0,4.0,1.0,0,3.0,5.73,2.0,6.0,6.0,5.0,4.0,5.0,6.0,4.0,6.0,3.0,0
18,1,2,4.0,7.0,2.0,0.0,4,1.0,6.11,2.0,9.0,6.0,5.0,4.0,5.0,6.0,3.0,4.0,3.0,0
21,0,2,1.0,5.0,4.0,1.0,0,5.0,7.75,1.0,6.0,4.0,4.0,5.0,2.0,7.0,6.0,2.0,5.0,2
23,2,2,2.0,4.0,4.0,1.0,0,2.0,5.84,2.0,4.0,5.0,6.0,4.0,4.0,6.0,5.0,5.0,3.0,0
26,1,1,4.0,6.0,3.0,0.0,2,1.0,5.98,1.0,6.0,6.0,5.0,4.0,4.0,6.0,4.0,7.0,3.0,0
18,1,1,4.0,7.0,4.0,2.0,0,6.0,6.61,3.0,8.0,6.0,6.0,5.0,2.0,7.0,8.0,4.0,5.0,2
24,1,1,5.0,10.0,2.0,0.0,3,2.0,4.92,2.0,8.0,6.0,7.0,4.0,3.0,5.0,3.0,9.0,1.0,0
22,1,1,6.0,8.0,5.0,3.0,1,3.0,8.69,2.0,5.0,6.0,6.0,6.0,6.0,9.0,5.0,6.0,5.0,2
25,0,2,4.0,7.0,5.0,2.0,3,4.0,5.97,1.0,8.0,7.0,4.0,7.0,5.0,7.0,4.0,4.0,5.0,2
24,1,2,2.0,6.0,5.0,1.0,0,1.0,7.26,1.0,8.0,5.0,5.0,3.0,3.0,7.0,5.0,7.0,3.0,0
21,1,1,5.0,8.0,4.0,4.0,4,2.0,6.86,3.0,8.0,5.0,3.0,7.0,5.0,7.0,7.0,6.0,5.0,2
21,0,2,4.0,7.0,1.0,0.0,3,3.0,4.68,2.0,3.0,4.0,5.0,5.0,4.0,5.0,3.0,5.0,3.0,0
23,1,1,5.0,6.0,4.0,1.0,0,5.0,6.54,0.0,2.0,7.0,5.0,5.0,7.0,7.0,5.0,5.0,4.0,0
23,0,2,3.0,6.0,5.0,0.0,4,2.0,5.99,3.0,11.0,6.0,5.0,5.0,4.0,7.0,5.0,7.0,4.0,0
26,1,1,8.0,13.0,0.0,5.0,2,4.0,6.93,3.0,6.0,6.0,6.0,5.0,6.0,7.0,6.0,8.0,4.0,0
22,2,1,1.0,4.0,4.0,3.0,1,4.0,7.95,1.0,4.0,6.0,5.0,4.0,4.0,8.0,6.0,5.0,5.0,2
25,1,1,4.0,8.0,3.0,1.0,0,3.0,7.76,2.0,5.0,5.0,4.0,7.0,5.0,8.0,5.0,6.0,5.0,2
22,2,0,5.0,7.0,2.0,2.0,3,2.0,7.15,2.0,6.0,5.0,4.0,6.0,6.0,7.0,7.0,5.0,5.0,2
19,1,1,5.0,9.0,1.0,4.0,1,1.0,5.81,0.0,3.0,5.0,6.0,5.0,6.0,6.0,5.0,5.0,3.0,0
23,0,1,4.0,8.0,2.0,2.0,2,7.0,5.88,2.0,7.0,6.0,5.0,4.0,5.0,5.0,6.0,5.0,3.0,0
26,1,1,5.0,8.0,4.0,0.0,2,5.0,7.37,1.0,7.0,5.0,3.0,5.0,4.0,8.0,6.0,6.0,5.0,2
20,0,1,5.0,10.0,2.0,2.0,1,3.0,5.67,2.0,6.0,6.0,3.0,8.0,4.0,5.0,6.0,5.0,5.0,2
18,1,1,4.0,7.0,5.0,0.0,0,3.0,6.54,3.0,8.0,4.0,3.0,6.0,3.0,7.0,7.0,5.0,5.0,2
18,0,2,4.0,9.0,3.0,2.0,0,2.0,6.85,2.0,5.0,5.0,5.0,5.0,3.0,7.0,5.0,6.0,4.0,2
20,0,1,5.0,8.0,3.0,0.0,4,1.0,4.9,0.0,7.0,5.0,5.0,6.0,5.0,5.0,2.0,7.0,2.0,0
22,0,0,4.0,7.0,3.0,2.0,4,2.0,6.18,3.0,3.0,5.0,5.0,5.0,2.0,7.0,6.0,4.0,5.0,2
20,0,1,6.0,9.0,3.0,2.0,0,2.0,6.97,0.0,5.0,7.0,5.0,4.0,5.0,6.0,5.0,5.0,3.0,0
26,1,1,6.0,7.0,3.0,0.0,3,5.0,6.02,1.0,7.0,6.0,6.0,5.0,5.0,6.0,5.0,5.0,4.0,0
25,1,1,4.0,7.0,3.0,1.0,2,3.0,8.22,1.0,4.0,5.0,3.0,6.0,4.0,8.0,6.0,5.0,5.0,2
20,0,2,3.0,5.0,3.0,2.0,4,2.0,5.36,3.0,7.0,3.0,4.0,6.0,3.0,6.0,5.0,5.0,4.0,2
26,1,1,5.0,9.0,2.0,3.0,1,6.0,8.13,1.0,3.0,7.0,5.0,5.0,6.0,10.0,3.0,6.0,4.0,2
23,1,1,4.0,8.0,4.0,0.0,1,2.0,8.49,3.0,4.0,5.0,3.0,5.0,6.0,8.0,6.0,4.0,5.0,2
24,1,2,3.0,5.0,3.0,2.0,0,3.0,7.8,1.0,3.0,3.0,4.0,5.0,3.0,8.0,4.0,2.0,5.0,2
21,1,2,3.0,6.0,4.0,2.0,1,5.0,7.91,2.0,8.0,5.0,5.0,5.0,3.0,7.0,6.0,4.0,5.0,2
21,0,2,5.0,9.0,3.0,0.0,1,1.0,5.78,2.0,4.0,6.0,6.0,4.0,4.0,5.0,5.0,7.0,2.0,0
19,0,2,3.0,8.0,2.0,5.0,0,2.0,4.92,2.0,6.0,3.0,5.0,6.0,6.0,5.0,5.0,5.0,3.0,0
22,2,1,6.0,9.0,2.0,0.0,3,2.0,6.76,3.0,5.0,4.0,4.0,5.0,6.0,5.0,8.0,6.0,4.0,2
25,1,1,2.0,6.0,3.0,1.0,0,4.0,5.68,1.0,9.0,4.0,5.0,3.0,4.0,6.0,5.0,4.0,3.0,0
24,2,2,3.0,7.0,4.0,2.0,2,0.0,6.22,2.0,8.0,6.0,5.0,5.0,4.0,6.0,5.0,8.0,3.0,0
24,0,1,3.0,6.0,5.0,2.0,4,3.0,5.47,4.0,7.0,5.0,5.0,5.0,5.0,4.0,5.0,7.0,3.0,0
23,2,1,2.0,3.0,5.0,4.0,3,1.0,5.7,4.0,10.0,7.0,5.0,6.0,3.0,6.0,4.0,4.0,4.0,0
20,0,2,3.0,5.0,4.0,1.0,3,3.0,7.52,0.0,6.0,7.0,6.0,4.0,4.0,9.0,7.0,5.0,5.0,2
22,0,1,3.0,8.0,5.0,3.0,1,4.0,5.74,2.0,4.0,6.0,5.0,4.0,5.0,5.0,6.0,7.0,3.0,0
18,1,1,3.0,6.0,2.0,1.0,4,1.0,6.76,2.0,8.0,5.0,4.0,7.0,5.0,5.0,6.0,6.0,5.0,2
24,1,2,1.0,4.0,4.0,2.0,4,1.0,5.68,1.0,3.0,6.0,6.0,5.0,3.0,5.0,4.0,6.0,3.0,0
26,1,2,2.0,7.0,2.0,2.0,3,2.0,6.21,1.0,6.0,3.0,4.0,7.0,4.0,6.0,4.0,6.0,4.0,2
18,2,1,4.0,7.0,4.0,0.0,2,2.0,3.86,3.0,7.0,5.0,7.0,2.0,4.0,4.0,1.0,6.0,1.0,0
19,2,1,3.0,6.0,4.0,1.0,2,4.0,5.19,3.0,7.0,4.0,4.0,6.0,3.0,5.0,6.0,7.0,4.0,0
20,0,1,6.0,9.0,2.0,0.0,1,0.0,7.22,1.0,9.0,5.0,4.0,8.0,4.0,8.0,6.0,7.0,5.0,2
20,0,1,4.0,8.0,3.0,2.0,1,3.0,5.04,3.0,10.0,6.0,6.0,5.0,4.0,5.0,4.0,7.0,3.0,0
25,2,1,5.0,8.0,3.0,2.0,2,2.0,6.46,0.0,5.0,5.0,4.0,5.0,6.0,8.0,5.0,5.0,4.0,2
24,0,1,3.0,6.0,3.0,3.0,4,1.0,6.42,1.0,7.0,7.0,5.0,7.0,5.0,6.0,5.0,7.0,4.0,2
23,0,2,5.0,8.0,3.0,4.0,2,1.0,7.56,2.0,7.0,5.0,3.0,7.0,5.0,8.0,6.0,4.0,6.0,2
21,1,1,0.0,3.0,1.0,0.0,3,2.0,4.8,1.0,7.0,3.0,6.0,5.0,1.0,4.0,4.0,6.0,2.0,0
26,1,0,4.0,8.0,5.0,0.0,0,1.0,6.49,3.0,7.0,5.0,4.0,6.0,4.0,8.0,5.0,6.0,4.0,2
18,1,1,6.0,9.0,4.0,1.0,0,2.0,5.79,2.0,5.0,6.0,5.0,5.0,5.0,7.0,4.0,6.0,4.0,0
19,1,0,2.0,5.0,4.0,3.0,0,3.0,8.53,0.0,5.0,3.0,2.0,7.0,2.0,8.0,6.0,4.0,6.0,2
21,0,1,5.0,8.0,5.0,0.0,4,1.0,8.91,2.0,3.0,4.0,3.0,5.0,3.0,10.0,8.0,5.0,6.0,2
20,1,1,5.0,10.0,4.0,4.0,2,3.0,7.82,2.0,4.0,6.0,5.0,5.0,4.0,6.0,5.0,4.0,4.0,0
18,0,1,2.0,4.0,1.0,3.0,3,4.0,7.49,2.0,4.0,4.0,4.0,7.0,2.0,7.0,7.0,5.0,5.0,2
22,1,2,5.0,10.0,4.0,2.0,3,3.0,6.19,2.0,5.0,5.0,4.0,8.0,3.0,6.0,4.0,6.0,4.0,2
24,1,2,5.0,7.0,3.0,3.0,1,2.0,6.33,2.0,8.0,6.0,5.0,6.0,5.0,7.0,4.0,7.0,4.0,0
19,0,2,4.0,8.0,3.0,1.0,4,3.0,6.06,1.0,5.0,4.0,5.0,5.0,4.0,5.0,5.0,3.0,4.0,0
22,0,2,6.0,9.0,4.0,0.0,3,1.0,6.89,3.0,9.0,6.0,6.0,3.0,7.0,6.0,4.0,8.0,2.0,0
23,1,1,6.0,7.0,3.0,3.0,1,1.0,5.67,0.0,2.0,4.0,5.0,6.0,7.0,4.0,4.0,5.0,3.0,0
24,0,1,5.0,8.0,2.0,3.0,4,3.0,5.19,0.0,5.0,5.0,7.0,4.0,6.0,5.0,4.0,7.0,2.0,0
18,1,1,6.0,10.0,2.0,2.0,3,2.0,5.87,0.0,6.0,5.0,6.0,4.0,7.0,5.0,4.0,6.0,2.0,0
24,2,1,3.0,5.0,0.0,2.0,2,3.0,5.87,2.0,9.0,4.0,5.0,4.0,4.0,5.0,4.0,6.0,3.0,0
21,0,2,3.0,4.0,4.0,1.0,3,2.0,5.02,0.0,8.0,5.0,6.0,3.0,4.0,6.0,3.0,6.0,2.0,0
25,1,2,3.0,4.0,6.0,0.0,4,4.0,8.51,0.0,8.0,5.0,3.0,5.0,4.0,10.0,8.0,4.0,6.0,2
21,0,1,3.0,6.0,2.0,0.0,1,5.0,7.56,0.0,6.0,5.0,6.0,5.0,5.0,7.0,6.0,5.0,4.0,2
23,0,2,3.0,5.0,4.0,0.0,4,2.0,7.13,1.0,6.0,7.0,5.0,3.0,3.0,8.0,5.0,4.0,4.0,0
26,0,1,4.0,7.0,2.0,1.0,0,3.0,6.13,0.0,9.0,4.0,5.0,5.0,4.0,6.0,5.0,5.0,3.0,0
22,0,1,3.0,7.0,2.0,0.0,3,4.0,6.45,3.0,6.0,5.0,3.0,7.0,5.0,7.0,7.0,4.0,6.0,2
21,1,1,2.0,6.0,5.0,0.0,0,4.0,7.75,1.0,6.0,7.0,6.0,5.0,2.0,7.0,7.0,5.0,5.0,2
25,0,1,5.0,9.0,2.0,0.0,2,2.0,7.44,1.0,5.0,5.0,4.0,6.0,5.0,8.0,5.0,8.0,5.0,2
26,0,1,3.0,8.0,3.0,2.0,1,0.0,7.93,2.0,7.0,6.0,6.0,3.0,5.0,6.0,5.0,8.0,3.0,0
21,0,1,6.0,11.0,3.0,3.0,2,6.0,6.77,1.0,5.0,6.0,5.0,4.0,6.0,6.0,6.0,5.0,4.0,0
20,1,1,5.0,7.0,3.0,5.0,4,1.0,8.04,1.0,7.0,5.0,4.0,8.0,5.0,8.0,3.0,5.0,5.0,2
25,0,1,2.0,6.0,4.0,4.0,3,5.0,5.42,1.0,6.0,6.0,8.0,2.0,4.0,5.0,5.0,6.0,2.0,0
22,0,1,4.0,8.0,2.0,1.0,1,6.0,4.35,2.0,8.0,5.0,3.0,8.0,5.0,5.0,7.0,5.0,5.0,2
19,0,1,2.0,4.0,3.0,0.0,0,4.0,5.99,2.0,5.0,4.0,6.0,3.0,3.0,5.0,4.0,5.0,2.0,0
26,1,0,6.0,8.0,2.0,3.0,0,4.0,5.63,2.0,6.0,6.0,8.0,3.0,4.0,5.0,3.0,6.0,2.0,0
20,1,2,4.0,5.0,1.0,1.0,4,3.0,6.41,0.0,7.0,4.0,4.0,6.0,5.0,6.0,5.0,3.0,4.0,2
19,1,0,4.0,6.0,3.0,1.0,0,3.0,7.06,1.0,7.0,4.0,5.0,4.0,5.0,7.0,7.0,5.0,4.0,2
18,0,1,4.0,8.0,3.0,1.0,4,2.0,5.31,1.0,7.0,4.0,2.0,7.0,4.0,4.0,6.0,5.0,4.0,2
25,0,2,4.0,8.0,0.0,1.0,1,5.0,7.85,3.0,7.0,3.0,1.0,6.0,2.0,8.0,7.0,4.0,6.0,2
20,0,1,3.0,8.0,4.0,3.0,2,6.0,6.27,1.0,7.0,6.0,5.0,6.0,5.0,7.0,7.0,4.0,5.0,2
24,0,2,4.0,8.0,4.0,3.0,3,5.0,8.66,3.0,6.0,4.0,4.0,5.0,3.0,8.0,6.0,6.0,4.0,2
18,0,1,6.0,9.0,2.0,1.0,2,2.0,5.95,1.0,9.0,5.0,3.0,7.0,6.0,6.0,6.0,5.0,5.0,2
18,1,1,3.0,8.0,2.0,2.0,2,1.0,8.09,3.0,5.0,4.0,4.0,6.0,5.0,9.0,7.0,7.0,6.0,2
26,1,1,6.0,11.0,3.0,0.0,3,6.0,4.99,1.0,7.0,4.0,5.0,5.0,5.0,7.0,6.0,8.0,4.0,0
25,0,1,3.0,6.0,6.0,1.0,1,1.0,6.52,0.0,7.0,6.0,5.0,5.0,3.0,6.0,4.0,7.0,3.0,0
20,0,1,4.0,7.0,3.0,1.0,4,3.0,6.67,1.0,3.0,6.0,3.0,7.0,6.0,7.0,4.0,5.0,4.0,2
23,0,0,7.0,11.0,2.0,2.0,0,4.0,4.44,0.0,5.0,6.0,7.0,4.0,3.0,5.0,4.0,9.0,2.0,0
20,0,1,5.0,6.0,2.0,1.0,3,5.0,6.03,2.0,9.0,5.0,6.0,5.0,4.0,5.0,4.0,5.0,3.0,0
21,0,2,5.0,8.0,1.0,2.0,2,5.0,7.71,1.0,7.0,5.0,7.0,4.0,3.0,8.0,7.0,6.0,4.0,2
18,1,1,5.0,8.0,5.0,0.0,3,3.0,6.29,3.0,10.0,6.0,3.0,7.0,3.0,7.0,5.0,5.0,5.0,2
22,0,2,6.0,9.0,2.0,5.0,1,2.0,8.71,2.0,5.0,6.0,2.0,7.0,6.0,7.0,6.0,3.0,6.0,2
18,2,2,3.0,7.0,1.0,1.0,3,1.0,5.47,1.0,6.0,4.0,3.0,6.0,5.0,6.0,5.0,5.0,4.0,2
18,0,1,5.0,7.0,2.0,0.0,0,0.0,7.56,0.0,8.0,5.0,3.0,7.0,4.0,8.0,5.0,6.0,5.0,2
24,1,1,4.0,8.0,5.0,3.0,2,3.0,6.56,0.0,5.0,6.0,5.0,3.0,5.0,5.0,6.0,6.0,3.0,0
23,0,2,1.0,3.0,4.0,0.0,0,5.0,5.38,3.0,5.0,5.0,6.0,3.0,2.0,6.0,5.0,3.0,3.0,0
19,1,1,4.0,8.0,3.0,0.0,0,2.0,7.08,0.0,4.0,5.0,2.0,7.0,4.0,6.0,6.0,5.0,5.0,2
19,1,1,3.0,6.0,2.0,2.0,0,4.0,6.68,0.0,5.0,4.0,3.0,6.0,4.0,8.0,7.0,4.0,6.0,2
24,0,1,4.0,8.0,2.0,1.0,0,4.0,7.03,0.0,6.0,3.0,4.0,5.0,4.0,6.0,8.0,4.0,5.0,2
18,1,1,5.0,7.0,2.0,1.0,3,2.0,6.89,1.0,10.0,4.0,4.0,6.0,6.0,6.0,5.0,5.0,4.0,0
19,2,1,3.0,4.0,3.0,1.0,3,4.0,7.47,2.0,7.0,4.0,3.0,7.0,2.0,8.0,5.0,4.0,6.0,2
25,1,1,4.0,7.0,4.0,1.0,2,7.0,8.02,2.0,3.0,5.0,4.0,5.0,4.0,8.0,5.0,6.0,4.0,2
23,0,2,3.0,5.0,2.0,0.0,4,3.0,5.17,3.0,6.0,3.0,3.0,6.0,4.0,5.0,4.0,4.0,4.0,2
19,0,2,6.0,10.0,5.0,3.0,4,3.0,5.53,1.0,4.0,8.0,7.0,3.0,4.0,6.0,5.0,7.0,3.0,0
24,1,1,3.0,7.0,4.0,2.0,0,3.0,5.57,2.0,4.0,5.0,6.0,4.0,4.0,7.0,4.0,5.0,3.0,0
21,0,1,4.0,8.0,6.0,2.0,1,0.0,5.35,3.0,8.0,7.0,6.0,5.0,5.0,5.0,4.0,6.0,3.0,0
19,2,1,5.0,8.0,1.0,1.0,0,0.0,4.89,2.0,6.0,4.0,4.0,4.0,6.0,5.0,2.0,6.0,2.0,0
23,0,1,5.0,8.0,2.0,1.0,1,3.0,6.51,3.0,5.0,6.0,4.0,4.0,5.0,5.0,4.0,7.0,3.0,0
26,0,2,3.0,6.0,3.0,2.0,1,3.0,5.84,2.0,9.0,6.0,6.0,3.0,3.0,6.0,4.0,6.0,2.0,0
26,2,2,4.0,7.0,3.0,3.0,0,2.0,7.44,1.0,4.0,7.0,6.0,4.0,4.0,6.0,4.0,7.0,3.0,0
25,1,2,6.0,9.0,4.0,2.0,2,3.0,8.03,2.0,5.0,7.0,4.0,5.0,5.0,8.0,7.0,6.0,5.0,2
20,1,0,4.0,7.0,4.0,4.0,1,4.0,6.52,1.0,10.0,5.0,4.0,6.0,5.0,8.0,6.0,8.0,5.0,2
20,1,1,6.0,10.0,2.0,1.0,0,1.0,7.68,1.0,8.0,6.0,5.0,5.0,6.0,8.0,4.0,7.0,3.0,0
19,0,2,7.0,11.0,2.0,1.0,0,2.0,6.52,1.0,7.0,4.0,3.0,6.0,7.0,7.0,5.0,7.0,4.0,2
22,0,2,4.0,7.0,3.0,3.0,0,0.0,7.83,2.0,8.0,5.0,5.0,6.0,7.0,8.0,5.0,7.0,5.0,2
21,0,2,5.0,8.0,1.0,0.0,1,4.0,8.37,0.0,6.0,5.0,4.0,4.0,7.0,8.0,5.0,5.0,5.0,2
24,2,2,5.0,8.0,3.0,2.0,3,5.0,5.57,0.0,3.0,4.0,5.0,5.0,5.0,5.0,5.0,5.0,3.0,0
21,0,2,2.0,5.0,4.0,3.0,1,3.0,7.35,2.0,6.0,4.0,5.0,5.0,3.0,8.0,4.0,5.0,4.0,2
26,1,1,5.0,6.0,5.0,4.0,3,1.0,6.91,2.0,4.0,7.0,6.0,4.0,5.0,7.0,5.0,7.0,3.0,0
19,1,0,6.0,9.0,3.0,0.0,3,4.0,6.11,0.0,7.0,5.0,4.0,5.0,5.0,4.0,5.0,6.0,3.0,0
23,2,2,2.0,3.0,0.0,2.0,2,4.0,4.97,1.0,10.0,3.0,4.0,4.0,3.0,5.0,5.0,3.0,3.0,0
24,1,1,4.0,8.0,3.0,2.0,4,2.0,6.64,1.0,6.0,3.0,5.0,5.0,4.0,6.0,7.0,5.0,4.0,2
21,0,2,4.0,7.0,4.0,0.0,0,4.0,6.5,1.0,6.0,6.0,4.0,7.0,6.0,7.0,5.0,4.0,5.0,2
23,1,1,4.0,8.0,1.0,0.0,0,4.0,5.9,3.0,7.0,4.0,5.0,7.0,5.0,4.0,5.0,6.0,3.0,0
24,1,2,4.0,6.0,3.0,2.0,1,2.0,5.63,2.0,8.0,2.0,4.0,4.0,4.0,7.0,5.0,5.0,4.0,0
21,0,0,2.0,5.0,4.0,4.0,4,1.0,9.36,1.0,9.0,5.0,4.0,6.0,3.0,10.0,6.0,4.0,6.0,2
25,1,1,5.0,8.0,3.0,2.0,2,2.0,5.67,3.0,7.0,6.0,7.0,2.0,5.0,7.0,4.0,8.0,2.0,0
26,2,2,3.0,5.0,3.0,0.0,0,3.0,7.37,0.0,11.0,4.0,4.0,7.0,4.0,7.0,5.0,5.0,5.0,2
18,1,2,3.0,6.0,5.0,0.0,1,4.0,6.64,1.0,5.0,5.0,6.0,4.0,5.0,8.0,6.0,5.0,4.0,2
24,0,2,1.0,3.0,3.0,0.0,2,2.0,7.46,1.0,6.0,5.0,5.0,8.0,3.0,6.0,5.0,4.0,5.0,2
26,0,1,2.0,5.0,3.0,3.0,4,2.0,3.59,1.0,5.0,4.0,4.0,7.0,4.0,4.0,3.0,5.0,3.0,0
22,0,1,6.0,11.0,3.0,3.0,1,2.0,8.49,0.0,7.0,4.0,2.0,6.0,7.0,8.0,6.0,7.0,5.0,2
19,2,1,4.0,8.0,4.0,0.0,2,4.0,5.66,1.0,10.0,5.0,5.0,6.0,6.0,5.0,5.0,6.0,4.0,0
23,1,1,5.0,8.0,3.0,4.0,4,4.0,5.4,3.0,5.0,6.0,6.0,5.0,5.0,5.0,5.0,7.0,2.0,0
24,1,1,3.0,7.0,3.0,3.0,0,2.0,8.47,2.0,7.0,5.0,4.0,5.0,2.0,7.0,5.0,7.0,4.0,2
19,1,2,1.0,6.0,3.0,1.0,4,1.0,6.93,2.0,5.0,4.0,5.0,6.0,4.0,8.0,4.0,6.0,4.0,0
19,0,0,3.0,6.0,1.0,0.0,1,3.0,6.59,3.0,4.0,3.0,5.0,5.0,4.0,6.0,5.0,6.0,4.0,0
18,2,1,1.0,3.0,4.0,1.0,0,1.0,5.13,0.0,6.0,5.0,5.0,4.0,3.0,5.0,5.0,7.0,3.0,0
21,1,1,3.0,6.0,3.0,2.0,3,1.0,5.74,3.0,7.0,5.0,5.0,5.0,5.0,7.0,4.0,7.0,3.0,0
24,0,2,6.0,8.0,3.0,0.0,1,4.0,7.53,1.0,4.0,5.0,5.0,4.0,5.0,7.0,5.0,6.0,3.0,0
26,1,1,4.0,8.0,2.0,0.0,3,6.0,6.81,2.0,8.0,3.0,4.0,5.0,5.0,7.0,5.0,6.0,4.0,0
20,1,0,6.0,9.0,2.0,0.0,4,0.0,4.34,2.0,6.0,6.0,8.0,3.0,6.0,4.0,3.0,9.0,1.0,0
24,0,2,5.0,7.0,2.0,1.0,2,4.0,7.76,1.0,8.0,5.0,5.0,5.0,4.0,7.0,6.0,4.0,5.0,2
24,1,2,6.0,9.0,1.0,0.0,0,0.0,6.02,1.0,9.0,4.0,4.0,7.0,6.0,7.0,4.0,7.0,4.0,2
24,0,1,4.0,6.0,2.0,1.0,1,3.0,7.87,1.0,6.0,6.0,4.0,4.0,4.0,9.0,6.0,5.0,5.0,2
19,0,1,2.0,5.0,6.0,2.0,0,2.0,6.32,0.0,10.0,6.0,6.0,4.0,3.0,6.0,3.0,6.0,2.0,0
23,0,1,2.0,5.0,4.0,2.0,4,4.0,6.66,1.0,7.0,3.0,4.0,6.0,2.0,8.0,6.0,5.0,5.0,2
19,0,1,6.0,11.0,3.0,4.0,4,4.0,7.66,2.0,6.0,6.0,5.0,5.0,5.0,8.0,7.0,9.0,4.0,0
23,0,2,4.0,6.0,2.0,2.0,2,4.0,6.1,0.0,5.0,6.0,5.0,7.0,5.0,6.0,6.0,4.0,5.0,2
20,0,1,2.0,6.0,2.0,1.0,2,1.0,5.81,1.0,4.0,4.0,6.0,5.0,4.0,6.0,6.0,5.0,4.0,0
19,1,1,5.0,7.0,3.0,4.0,1,4.0,5.0,1.0,6.0,6.0,6.0,4.0,4.0,6.0,6.0,9.0,3.0,0
23,0,2,2.0,6.0,0.0,2.0,0,3.0,6.71,1.0,6.0,6.0,4.0,6.0,2.0,7.0,6.0,4.0,5.0,2
19,1,1,5.0,7.0,3.0,1.0,1,3.0,6.07,3.0,4.0,6.0,5.0,3.0,6.0,6.0,6.0,7.0,3.0,0
22,1,1,4.0,6.0,2.0,1.0,3,4.0,7.17,2.0,3.0,4.0,6.0,4.0,5.0,7.0,4.0,5.0,3.0,0
19,0,2,5.0,9.0,6.0,4.0,4,5.0,6.21,2.0,4.0,7.0,6.0,3.0,3.0,6.0,6.0,6.0,3.0,0
20,0,1,4.0,7.0,5.0,1.0,3,3.0,7.06,3.0,6.0,6.0,5.0,4.0,5.0,8.0,6.0,4.0,4.0,2
20,1,1,5.0,9.0,4.0,1.0,3,0.0,7.0,2.0,3.0,7.0,4.0,7.0,3.0,8.0,6.0,7.0,5.0,2
23,1,1,2.0,6.0,2.0,2.0,0,5.0,5.76,1.0,5.0,4.0,4.0,6.0,2.0,6.0,8.0,6.0,5.0,2
23,1,1,4.0,8.0,5.0,1.0,3,3.0,7.81,1.0,6.0,7.0,6.0,6.0,5.0,7.0,5.0,8.0,3.0,0
20,1,1,3.0,7.0,2.0,2.0,3,4.0,5.67,1.0,2.0,5.0,3.0,6.0,4.0,7.0,5.0,3.0,5.0,2
20,0,1,5.0,6.0,4.0,1.0,2,3.0,4.55,1.0,7.0,6.0,6.0,6.0,5.0,5.0,4.0,6.0,3.0,0
18,1,1,4.0,7.0,2.0,1.0,1,1.0,6.23,2.0,7.0,4.0,3.0,6.0,4.0,6.0,4.0,8.0,3.0,0
24,0,1,3.0,5.0,4.0,2.0,2,2.0,4.48,3.0,5.0,6.0,6.0,5.0,4.0,5.0,4.0,7.0,2.0,0
25,0,1,4.0,8.0,3.0,1.0,0,4.0,6.72,3.0,4.0,6.0,5.0,4.0,4.0,7.0,4.0,6.0,3.0,0
19,0,2,6.0,7.0,2.0,3.0,1,1.0,5.75,1.0,6.0,4.0,5.0,5.0,6.0,6.0,3.0,6.0,3.0,0
21,0,2,3.0,5.0,3.0,3.0,1,3.0,7.74,2.0,6.0,5.0,4.0,5.0,4.0,8.0,5.0,4.0,5.0,2
24,1,2,4.0,6.0,4.0,4.0,4,5.0,6.77,1.0,6.0,5.0,4.0,6.0,6.0,6.0,6.0,4.0,5.0,2
25,1,1,3.0,6.0,6.0,0.0,4,4.0,4.47,3.0,9.0,5.0,6.0,3.0,4.0,5.0,4.0,5.0,2.0,0
18,0,1,1.0,4.0,5.0,0.0,3,6.0,6.63,2.0,5.0,4.0,6.0,4.0,2.0,7.0,4.0,6.0,3.0,0
21,1,2,4.0,7.0,3.0,2.0,1,3.0,9.24,1.0,5.0,6.0,3.0,5.0,4.0,10.0,6.0,5.0,6.0,2
23,0,2,10.0,14.0,2.0,2.0,1,4.0,7.77,3.0,5.0,6.0,7.0,3.0,8.0,8.0,6.0,9.0,3.0,0
20,1,2,2.0,6.0,3.0,4.0,4,3.0,7.9,2.0,4.0,4.0,3.0,6.0,4.0,8.0,6.0,3.0,6.0,2
22,1,1,5.0,9.0,6.0,0.0,3,0.0,8.65,1.0,3.0,6.0,3.0,7.0,7.0,8.0,5.0,7.0,5.0,2
26,1,1,0.0,2.0,1.0,3.0,4,5.0,7.38,3.0,6.0,6.0,6.0,3.0,1.0,8.0,5.0,5.0,4.0,0
20,1,2,4.0,6.0,3.0,0.0,1,3.0,5.96,1.0,6.0,4.0,5.0,6.0,5.0,6.0,3.0,5.0,3.0,0
22,2,0,2.0,6.0,2.0,0.0,0,3.0,7.75,1.0,6.0,4.0,4.0,7.0,3.0,7.0,6.0,5.0,5.0,2
25,1,0,5.0,8.0,0.0,2.0,4,4.0,7.43,2.0,2.0,4.0,3.0,6.0,5.0,8.0,7.0,2.0,6.0,2
23,0,0,3.0,6.0,6.0,1.0,2,3.0,6.0,0.0,7.0,7.0,7.0,6.0,3.0,6.0,5.0,6.0,4.0,0
21,0,2,3.0,7.0,3.0,6.0,4,1.0,5.78,2.0,8.0,5.0,7.0,4.0,4.0,6.0,3.0,9.0,2.0,0
25,0,2,2.0,6.0,4.0,3.0,1,1.0,6.68,3.0,8.0,4.0,3.0,6.0,1.0,8.0,6.0,4.0,5.0,2
20,0,1,1.0,5.0,3.0,3.0,3,3.0,4.6,3.0,4.0,5.0,5.0,4.0,2.0,6.0,3.0,6.0,3.0,0
20,2,2,4.0,7.0,4.0,1.0,1,2.0,5.77,3.0,5.0,5.0,3.0,5.0,6.0,6.0,5.0,4.0,4.0,2
21,1,1,3.0,5.0,4.0,1.0,3,3.0,6.81,2.0,4.0,5.0,5.0,6.0,3.0,6.0,6.0,4.0,5.0,2
26,0,1,3.0,8.0,2.0,0.0,1,1.0,4.85,3.0,2.0,4.0,7.0,5.0,4.0,6.0,4.0,7.0,3.0,0
22,1,2,3.0,7.0,5.0,2.0,2,2.0,6.47,1.0,6.0,6.0,7.0,4.0,5.0,7.0,2.0,8.0,2.0,0
25,1,2,3.0,6.0,5.0,0.0,2,2.0,4.56,2.0,8.0,5.0,3.0,8.0,3.0,4.0,5.0,5.0,5.0,2
23,0,2,4.0,8.0,4.0,0.0,3,2.0,4.87,2.0,9.0,5.0,5.0,5.0,3.0,6.0,3.0,6.0,3.0,0
20,0,1,4.0,6.0,2.0,2.0,2,3.0,4.02,3.0,7.0,5.0,8.0,3.0,4.0,3.0,3.0,7.0,1.0,0
25,1,1,5.0,9.0,2.0,1.0,0,4.0,7.29,0.0,8.0,5.0,5.0,7.0,4.0,7.0,6.0,5.0,5.0,2
26,1,0,8.0,10.0,1.0,0.0,0,5.0,5.75,2.0,9.0,4.0,3.0,7.0,5.0,6.0,4.0,5.0,4.0,2
25,0,2,4.0,7.0,3.0,1.0,2,5.0,9.05,2.0,7.0,5.0,3.0,7.0,5.0,8.0,6.0,2.0,6.0,2
21,0,1,6.0,7.0,4.0,2.0,4,3.0,5.9,3.0,6.0,5.0,3.0,5.0,5.0,7.0,5.0,4.0,5.0,2
23,1,1,4.0,5.0,4.0,2.0,2,2.0,6.29,0.0,4.0,4.0,6.0,4.0,5.0,6.0,5.0,7.0,3.0,0
18,2,0,5.0,8.0,2.0,0.0,3,1.0,6.32,1.0,5.0,6.0,6.0,5.0,4.0,6.0,3.0,7.0,3.0,0
21,2,1,4.0,6.0,1.0,2.0,2,3.0,4.97,1.0,8.0,5.0,7.0,3.0,3.0,5.0,4.0,7.0,2.0,0
25,0,1,4.0,6.0,5.0,3.0,2,3.0,6.79,1.0,7.0,7.0,4.0,6.0,4.0,7.0,5.0,5.0,4.0,2
18,0,1,3.0,5.0,2.0,5.0,3,3.0,6.58,3.0,9.0,3.0,3.0,7.0,4.0,7.0,6.0,4.0,5.0,2
20,1,1,6.0,8.0,1.0,2.0,0,3.0,6.5,4.0,5.0,4.0,4.0,6.0,5.0,6.0,6.0,6.0,4.0,2
18,2,1,5.0,10.0,3.0,0.0,4,5.0,6.0,3.0,3.0,5.0,6.0,5.0,5.0,5.0,5.0,7.0,3.0,0
26,1,1,4.0,9.0,3.0,3.0,1,4.0,6.44,2.0,7.0,7.0,5.0,4.0,5.0,6.0,6.0,4.0,4.0,0
19,1,1,2.0,4.0,4.0,3.0,4,3.0,4.88,0.0,8.0,4.0,6.0,3.0,3.0,4.0,3.0,7.0,1.0,0
26,0,1,4.0,7.0,2.0,3.0,1,2.0,7.4,2.0,8.0,4.0,4.0,5.0,4.0,7.0,6.0,7.0,4.0,2
21,1,1,5.0,7.0,3.0,4.0,2,5.0,6.29,3.0,9.0,7.0,7.0,7.0,4.0,6.0,5.0,6.0,4.0,0
19,0,0,8.0,11.0,3.0,4.0,0,3.0,8.29,2.0,8.0,7.0,5.0,6.0,5.0,8.0,4.0,7.0,4.0,2
21,1,2,4.0,9.0,3.0,2.0,2,3.0,7.01,3.0,4.0,3.0,3.0,6.0,3.0,6.0,5.0,5.0,4.0,2
23,0,1,6.0,10.0,2.0,2.0,1,4.0,6.36,0.0,5.0,5.0,6.0,5.0,5.0,5.0,6.0,5.0,4.0,0
24,0,1,4.0,6.0,4.0,0.0,0,2.0,6.67,2.0,2.0,5.0,5.0,6.0,2.0,6.0,7.0,6.0,4.0,2
20,1,1,6.0,8.0,3.0,0.0,1,4.0,7.23,2.0,8.0,7.0,5.0,5.0,5.0,7.0,6.0,4.0,5.0,2
20,1,2,1.0,3.0,3.0,0.0,2,5.0,7.45,3.0,4.0,5.0,4.0,6.0,2.0,7.0,7.0,4.0,5.0,2
25,0,1,3.0,6.0,3.0,3.0,1,2.0,6.17,2.0,5.0,4.0,6.0,5.0,3.0,7.0,5.0,5.0,4.0,0
22,0,0,4.0,7.0,3.0,0.0,0,3.0,7.09,1.0,3.0,4.0,5.0,4.0,5.0,8.0,5.0,6.0,4.0,0
21,1,2,2.0,6.0,2.0,2.0,4,2.0,6.31,3.0,4.0,4.0,4.0,6.0,5.0,7.0,5.0,4.0,5.0,2
24,2,0,5.0,8.0,2.0,2.0,2,4.0,8.56,0.0,6.0,5.0,6.0,5.0,4.0,8.0,6.0,8.0,4.0,0
24,1,1,4.0,7.0,3.0,2.0,1,4.0,6.64,0.0,7.0,4.0,3.0,5.0,6.0,7.0,8.0,5.0,5.0,2
26,0,2,2.0,5.0,4.0,4.0,1,4.0,8.12,1.0,5.0,4.0,2.0,8.0,3.0,9.0,8.0,4.0,7.0,1
26,1,2,1.0,4.0,4.0,2.0,4,4.0,7.45,2.0,6.0,5.0,4.0,7.0,2.0,8.0,7.0,6.0,5.0,2
22,1,1,4.0,6.0,4.0,2.0,0,1.0,7.04,3.0,7.0,5.0,5.0,6.0,5.0,8.0,3.0,7.0,4.0,0
25,1,1,2.0,4.0,4.0,4.0,3,4.0,7.84,3.0,7.0,5.0,5.0,6.0,4.0,6.0,6.0,4.0,4.0,2
18,1,1,3.0,8.0,3.0,0.0,3,3.0,6.93,1.0,9.0,4.0,3.0,5.0,5.0,7.0,6.0,3.0,5.0,2
26,1,1,5.0,8.0,6.0,2.0,3,6.0,4.82,0.0,6.0,6.0,7.0,3.0,4.0,6.0,5.0,6.0,2.0,0
25,1,2,4.0,9.0,5.0,1.0,2,3.0,6.1,1.0,6.0,6.0,5.0,4.0,6.0,6.0,4.0,7.0,3.0,0
23,1,2,3.0,5.0,2.0,2.0,3,6.0,6.45,1.0,4.0,5.0,5.0,6.0,4.0,4.0,5.0,2.0,4.0,0
20,1,1,2.0,5.0,3.0,2.0,3,5.0,6.77,1.0,7.0,5.0,5.0,6.0,4.0,6.0,6.0,6.0,4.0,2
20,0,1,6.0,9.0,2.0,0.0,4,4.0,7.53,1.0,3.0,4.0,4.0,5.0,6.0,8.0,7.0,4.0,5.0,2
25,2,0,5.0,7.0,2.0,0.0,3,3.0,5.67,2.0,10.0,6.0,5.0,6.0,6.0,5.0,3.0,6.0,3.0,0
22,1,1,3.0,4.0,3.0,0.0,1,5.0,4.21,1.0,10.0,3.0,6.0,6.0,3.0,4.0,7.0,3.0,4.0,2
24,0,1,3.0,5.0,4.0,2.0,4,2.0,5.95,2.0,3.0,5.0,5.0,5.0,4.0,6.0,4.0,6.0,3.0,0
22,0,1,3.0,7.0,2.0,0.0,1,4.0,7.1,0.0,5.0,3.0,3.0,6.0,2.0,8.0,5.0,4.0,5.0,2
25,0,0,3.0,5.0,6.0,0.0,2,6.0,6.46,2.0,6.0,6.0,5.0,5.0,4.0,6.0,7.0,3.0,4.0,2
21,0,2,4.0,6.0,4.0,0.0,4,3.0,5.37,2.0,5.0,5.0,5.0,4.0,4.0,6.0,4.0,5.0,3.0,0
19,2,1,6.0,9.0,1.0,1.0,1,4.0,7.12,3.0,7.0,4.0,3.0,8.0,5.0,6.0,7.0,3.0,6.0,2
20,1,1,6.0,9.0,4.0,0.0,1,2.0,6.88,3.0,2.0,5.0,6.0,5.0,6.0,7.0,6.0,7.0,4.0,0
25,0,1,6.0,8.0,2.0,2.0,0,6.0,6.31,1.0,4.0,4.0,3.0,7.0,7.0,7.0,6.0,4.0,6.0,2
24,0,1,2.0,5.0,2.0,2.0,0,3.0,9.88,3.0,2.0,3.0,1.0,9.0,1.0,10.0,7.0,3.0,8.0,1
19,1,2,2.0,6.0,4.0,4.0,0,3.0,4.65,0.0,9.0,7.0,8.0,3.0,3.0,4.0,4.0,7.0,1.0,0
23,1,1,5.0,10.0,3.0,2.0,0,2.0,5.46,0.0,8.0,6.0,4.0,6.0,7.0,6.0,5.0,8.0,4.0,0
26,2,1,5.0,7.0,3.0,0.0,3,2.0,7.23,1.0,5.0,5.0,6.0,6.0,5.0,7.0,5.0,4.0,4.0,2
21,0,1,3.0,5.0,3.0,2.0,2,3.0,6.52,3.0,3.0,6.0,5.0,5.0,3.0,7.0,7.0,6.0,4.0,2
26,1,1,5.0,7.0,2.0,2.0,3,4.0,5.96,0.0,8.0,5.0,4.0,6.0,5.0,6.0,5.0,5.0,4.0,0
19,1,0,5.0,8.0,3.0,3.0,2,3.0,5.4,1.0,5.0,5.0,7.0,5.0,6.0,5.0,3.0,6.0,2.0,0
19,2,1,2.0,3.0,5.0,2.0,4,0.0,4.87,1.0,7.0,4.0,5.0,5.0,5.0,3.0,4.0,4.0,3.0,0
26,1,1,1.0,4.0,1.0,2.0,2,4.0,7.51,3.0,6.0,2.0,4.0,6.0,3.0,7.0,6.0,5.0,5.0,2
24,0,2,4.0,8.0,3.0,3.0,3,6.0,6.36,3.0,6.0,6.0,5.0,6.0,4.0,7.0,6.0,6.0,4.0,2
24,1,1,1.0,3.0,3.0,4.0,4,1.0,7.45,2.0,5.0,3.0,3.0,4.0,3.0,7.0,6.0,3.0,5.0,2
18,1,1,6.0,8.0,3.0,0.0,4,4.0,4.61,0.0,8.0,4.0,5.0,5.0,4.0,6.0,5.0,8.0,3.0,0
23,1,1,5.0,8.0,0.0,0.0,4,7.0,7.94,1.0,7.0,3.0,1.0,7.0,6.0,8.0,9.0,5.0,7.0,1
24,1,1,3.0,6.0,2.0,0.0,0,2.0,7.23,3.0,6.0,5.0,5.0,7.0,4.0,8.0,5.0,5.0,5.0,2
23,1,0,2.0,5.0,4.0,2.0,3,3.0,5.78,2.0,2.0,5.0,5.0,4.0,3.0,7.0,4.0,5.0,3.0,0
23,0,1,3.0,5.0,5.0,0.0,0,2.0,7.18,1.0,7.0,5.0,5.0,5.0,3.0,7.0,5.0,5.0,5.0,2
19,0,1,0.0,4.0,2.0,1.0,1,5.0,7.13,2.0,7.0,2.0,3.0,6.0,4.0,7.0,7.0,4.0,6.0,2
23,1,2,6.0,11.0,2.0,3.0,4,4.0,7.56,1.0,8.0,5.0,5.0,4.0,7.0,8.0,6.0,6.0,4.0,2
21,0,1,4.0,8.0,4.0,4.0,4,2.0,5.99,3.0,6.0,6.0,4.0,5.0,3.0,7.0,4.0,6.0,4.0,0
26,0,0,4.0,5.0,4.0,1.0,4,3.0,5.21,2.0,12.0,6.0,4.0,6.0,4.0,6.0,6.0,5.0,4.0,2
18,1,1,7.0,10.0,2.0,4.0,3,2.0,4.81,1.0,3.0,4.0,5.0,5.0,6.0,6.0,6.0,8.0,3.0,0
25,1,1,3.0,7.0,4.0,1.0,4,2.0,5.77,1.0,2.0,6.0,7.0,4.0,5.0,6.0,4.0,9.0,2.0,0
22,1,1,4.0,7.0,2.0,4.0,3,2.0,4.4,1.0,8.0,5.0,5.0,6.0,4.0,4.0,3.0,5.0,3.0,0
18,2,1,3.0,4.0,3.0,0.0,1,2.0,7.27,1.0,8.0,5.0,5.0,3.0,2.0,8.0,6.0,6.0,4.0,0
21,0,1,7.0,9.0,3.0,2.0,1,2.0,5.96,2.0,4.0,7.0,5.0,6.0,5.0,5.0,4.0,6.0,3.0,0
18,1,1,4.0,6.0,2.0,1.0,1,3.0,5.2,1.0,6.0,4.0,4.0,6.0,4.0,6.0,3.0,6.0,3.0,0
23,0,1,4.0,6.0,3.0,3.0,0,5.0,7.56,0.0,4.0,6.0,4.0,5.0,6.0,7.0,5.0,4.0,4.0,2
19,1,1,6.0,11.0,3.0,1.0,4,2.0,6.93,2.0,4.0,5.0,6.0,7.0,7.0,7.0,6.0,7.0,5.0,2
22,1,1,6.0,8.0,1.0,3.0,1,2.0,6.37,2.0,3.0,3.0,4.0,5.0,6.0,6.0,5.0,5.0,4.0,0
24,0,1,2.0,5.0,2.0,2.0,2,4.0,8.45,1.0,3.0,4.0,3.0,6.0,3.0,10.0,8.0,4.0,7.0,2
19,0,1,4.0,7.0,3.0,4.0,3,2.0,7.45,1.0,6.0,6.0,4.0,5.0,5.0,9.0,4.0,5.0,4.0,2
23,1,1,4.0,8.0,4.0,0.0,2,2.0,6.56,2.0,9.0,5.0,5.0,4.0,5.0,5.0,5.0,8.0,3.0,0
23,0,1,4.0,7.0,3.0,2.0,1,3.0,6.67,1.0,6.0,5.0,5.0,6.0,3.0,7.0,4.0,6.0,4.0,0
22,1,2,4.0,9.0,4.0,4.0,0,3.0,4.52,1.0,7.0,5.0,6.0,5.0,5.0,4.0,3.0,8.0,2.0,0
22,1,1,3.0,5.0,4.0,3.0,0,2.0,4.81,1.0,5.0,4.0,5.0,6.0,3.0,5.0,5.0,7.0,3.0,0
20,2,1,6.0,9.0,3.0,3.0,2,4.0,5.03,2.0,9.0,5.0,7.0,6.0,6.0,5.0,6.0,6.0,3.0,0
19,0,1,5.0,7.0,6.0,0.0,1,2.0,4.28,1.0,5.0,6.0,5.0,6.0,5.0,4.0,2.0,4.0,3.0,0
24,0,1,5.0,6.0,4.0,0.0,4,5.0,5.88,0.0,4.0,6.0,5.0,6.0,5.0,5.0,4.0,5.0,3.0,0
18,0,2,6.0,10.0,3.0,3.0,3,3.0,8.97,2.0,9.0,5.0,3.0,8.0,5.0,10.0,6.0,5.0,7.0,2
23,2,1,4.0,8.0,2.0,3.0,3,1.0,5.89,2.0,5.0,6.0,6.0,3.0,5.0,6.0,4.0,9.0,2.0,0
23,1,1,4.0,7.0,4.0,0.0,0,4.0,6.84,3.0,7.0,6.0,4.0,5.0,4.0,7.0,5.0,4.0,4.0,2
20,1,1,3.0,6.0,3.0,1.0,2,2.0,7.25,1.0,9.0,4.0,4.0,8.0,4.0,7.0,2.0,6.0,4.0,2
19,0,0,4.0,5.0,2.0,1.0,1,1.0,6.16,1.0,3.0,6.0,4.0,5.0,6.0,5.0,4.0,5.0,3.0,0
19,0,1,4.0,6.0,2.0,2.0,1,3.0,6.65,1.0,6.0,5.0,5.0,7.0,3.0,6.0,5.0,4.0,5.0,2
26,0,2,1.0,4.0,3.0,1.0,4,2.0,6.07,1.0,8.0,6.0,7.0,5.0,1.0,6.0,7.0,6.0,4.0,2
22,1,1,3.0,6.0,1.0,2.0,4,6.0,5.67,2.0,5.0,4.0,5.0,5.0,3.0,6.0,4.0,4.0,4.0,0
24,1,1,2.0,6.0,5.0,4.0,1,2.0,6.6,0.0,4.0,5.0,4.0,6.0,2.0,6.0,5.0,5.0,4.0,2
22,0,1,1.0,3.0,3.0,3.0,1,3.0,6.02,1.0,8.0,5.0,6.0,6.0,2.0,8.0,6.0,5.0,5.0,2
24,1,1,4.0,6.0,2.0,1.0,3,2.0,5.67,1.0,7.0,5.0,3.0,7.0,3.0,6.0,5.0,5.0,5.0,2
21,1,1,5.0,8.0,3.0,4.0,2,3.0,6.19,3.0,5.0,5.0,5.0,6.0,4.0,7.0,5.0,8.0,3.0,0
25,1,1,3.0,5.0,3.0,1.0,3,4.0,5.54,3.0,8.0,4.0,4.0,5.0,5.0,5.0,6.0,3.0,4.0,2
24,1,1,4.0,7.0,5.0,2.0,4,7.0,7.94,2.0,3.0,5.0,2.0,8.0,5.0,7.0,7.0,4.0,6.0,2
22,0,1,5.0,6.0,4.0,2.0,0,3.0,7.55,1.0,6.0,6.0,4.0,8.0,4.0,7.0,6.0,5.0,6.0,2
23,0,1,4.0,7.0,2.0,1.0,1,1.0,7.54,2.0,5.0,4.0,5.0,3.0,4.0,8.0,7.0,7.0,4.0,0
22,1,1,4.0,7.0,2.0,1.0,1,5.0,6.14,3.0,4.0,3.0,5.0,6.0,5.0,5.0,6.0,4.0,4.0,2
24,1,1,4.0,6.0,4.0,0.0,2,4.0,5.08,0.0,8.0,6.0,5.0,5.0,3.0,4.0,6.0,6.0,3.0,0
19,0,1,5.0,8.0,3.0,1.0,4,0.0,7.56,1.0,9.0,6.0,6.0,3.0,5.0,8.0,6.0,6.0,4.0,0
22,1,1,4.0,8.0,1.0,5.0,1,1.0,4.43,1.0,7.0,4.0,4.0,7.0,3.0,5.0,3.0,5.0,3.0,0
20,0,1,4.0,5.0,3.0,2.0,3,2.0,8.07,3.0,7.0,5.0,4.0,5.0,4.0,9.0,6.0,4.0,5.0,2
26,0,2,3.0,8.0,3.0,1.0,2,2.0,8.85,1.0,6.0,4.0,5.0,6.0,5.0,7.0,6.0,7.0,4.0,2
23,0,1,3.0,6.0,4.0,3.0,1,3.0,7.76,0.0,5.0,6.0,5.0,5.0,2.0,8.0,5.0,6.0,4.0,2
20,0,0,5.0,8.0,3.0,1.0,0,2.0,6.51,2.0,3.0,6.0,6.0,5.0,7.0,6.0,5.0,6.0,3.0,0
24,1,2,5.0,8.0,2.0,2.0,4,4.0,5.06,3.0,5.0,6.0,6.0,5.0,5.0,5.0,4.0,7.0,2.0,0
21,0,2,4.0,7.0,4.0,4.0,2,5.0,6.04,0.0,4.0,5.0,5.0,5.0,3.0,7.0,4.0,5.0,3.0,0
20,1,1,5.0,8.0,3.0,2.0,3,1.0,6.02,2.0,3.0,6.0,5.0,3.0,6.0,6.0,4.0,7.0,3.0,0
25,1,2,4.0,7.0,0.0,0.0,4,6.0,6.91,0.0,8.0,6.0,4.0,5.0,4.0,6.0,6.0,4.0,4.0,2
21,1,2,4.0,7.0,4.0,1.0,1,5.0,6.74,1.0,5.0,5.0,3.0,7.0,4.0,7.0,7.0,7.0,5.0,2
18,1,2,3.0,6.0,2.0,2.0,0,0.0,8.38,2.0,7.0,4.0,3.0,7.0,4.0,9.0,4.0,7.0,5.0,2
23,1,1,6.0,10.0,3.0,2.0,3,2.0,6.07,2.0,6.0,5.0,5.0,5.0,4.0,5.0,7.0,8.0,4.0,0
18,1,2,4.0,7.0,2.0,3.0,4,1.0,7.71,3.0,4.0,6.0,4.0,6.0,4.0,7.0,4.0,6.0,4.0,0
22,0,2,5.0,7.0,0.0,0.0,1,2.0,6.74,1.0,10.0,3.0,2.0,7.0,6.0,7.0,7.0,4.0,6.0,2
24,2,1,4.0,7.0,3.0,2.0,2,0.0,6.34,2.0,7.0,8.0,7.0,5.0,4.0,6.0,5.0,8.0,3.0,0
23,1,2,4.0,6.0,1.0,1.0,1,3.0,6.77,2.0,6.0,5.0,5.0,5.0,2.0,7.0,4.0,7.0,3.0,0
19,0,1,4.0,6.0,3.0,1.0,2,2.0,7.31,1.0,8.0,5.0,3.0,7.0,4.0,7.0,6.0,6.0,5.0,2
21,1,2,1.0,3.0,3.0,0.0,2,4.0,4.53,1.0,9.0,6.0,6.0,5.0,2.0,6.0,4.0,5.0,3.0,0
19,2,2,5.0,6.0,1.0,3.0,1,7.0,5.1,1.0,5.0,3.0,5.0,5.0,4.0,5.0,5.0,4.0,3.0,0
18,1,1,3.0,5.0,4.0,2.0,0,5.0,5.07,2.0,3.0,4.0,4.0,6.0,3.0,5.0,6.0,5.0,4.0,2
20,0,2,4.0,8.0,3.0,2.0,2,2.0,6.96,2.0,6.0,5.0,4.0,6.0,3.0,6.0,5.0,5.0,4.0,0
20,1,2,3.0,7.0,3.0,3.0,2,3.0,7.2,2.0,5.0,5.0,2.0,8.0,4.0,8.0,6.0,4.0,6.0,2
24,0,1,5.0,8.0,3.0,0.0,1,4.0,5.2,2.0,9.0,5.0,6.0,3.0,4.0,5.0,5.0,6.0,2.0,0
18,1,1,3.0,5.0,3.0,3.0,2,6.0,7.13,0.0,7.0,5.0,3.0,6.0,5.0,7.0,6.0,2.0,5.0,2
26,1,2,4.0,5.0,2.0,3.0,3,3.0,6.18,2.0,5.0,4.0,4.0,4.0,6.0,5.0,6.0,5.0,3.0,0
23,1,1,3.0,6.0,2.0,1.0,4,1.0,6.52,2.0,8.0,5.0,4.0,4.0,5.0,4.0,4.0,7.0,2.0,0
21,1,1,3.0,7.0,5.0,3.0,1,4.0,7.22,2.0,3.0,6.0,4.0,5.0,4.0,6.0,7.0,5.0,5.0,2
20,0,2,3.0,6.0,3.0,1.0,3,1.0,5.81,2.0,7.0,6.0,6.0,5.0,3.0,6.0,5.0,8.0,3.0,0
20,0,0,2.0,6.0,2.0,0.0,2,1.0,7.24,0.0,7.0,5.0,3.0,5.0,2.0,9.0,6.0,4.0,5.0,2
19,1,1,3.0,6.0,3.0,2.0,2,5.0,8.94,1.0,3.0,4.0,1.0,8.0,4.0,10.0,8.0,3.0,8.0,1
19,2,1,4.0,7.0,4.0,0.0,2,5.0,6.26,2.0,4.0,7.0,4.0,5.0,6.0,6.0,6.0,4.0,5.0,2
22,0,1,3.0,6.0,6.0,1.0,4,5.0,7.92,2.0,7.0,6.0,5.0,6.0,3.0,8.0,7.0,6.0,5.0,2
26,2,2,4.0,6.0,3.0,4.0,0,5.0,7.43,3.0,4.0,4.0,6.0,4.0,6.0,8.0,7.0,5.0,5.0,2
19,1,2,5.0,8.0,2.0,1.0,1,4.0,5.9,3.0,6.0,6.0,7.0,4.0,5.0,6.0,5.0,5.0,3.0,0
19,2,1,4.0,7.0,0.0,4.0,3,2.0,7.45,3.0,7.0,2.0,1.0,9.0,5.0,7.0,8.0,5.0,7.0,2
23,1,1,2.0,5.0,3.0,1.0,0,1.0,5.97,2.0,9.0,3.0,4.0,7.0,4.0,7.0,4.0,5.0,5.0,2
19,0,1,1.0,6.0,2.0,2.0,1,3.0,7.9,0.0,9.0,4.0,3.0,6.0,2.0,7.0,6.0,5.0,5.0,2
21,1,2,5.0,9.0,3.0,2.0,2,3.0,8.24,0.0,7.0,5.0,5.0,7.0,5.0,9.0,6.0,6.0,6.0,2
23,0,1,6.0,8.0,3.0,1.0,2,3.0,6.45,1.0,5.0,7.0,4.0,5.0,5.0,6.0,5.0,7.0,4.0,0
22,0,2,6.0,9.0,4.0,1.0,3,3.0,5.51,1.0,5.0,6.0,5.0,6.0,5.0,6.0,6.0,7.0,4.0,0
18,1,1,4.0,7.0,3.0,0.0,0,2.0,7.28,3.0,7.0,5.0,5.0,7.0,4.0,7.0,3.0,5.0,4.0,2
23,2,2,4.0,7.0,3.0,2.0,2,3.0,6.27,1.0,3.0,5.0,6.0,6.0,6.0,6.0,5.0,7.0,3.0,0
18,2,1,4.0,6.0,3.0,3.0,4,1.0,6.53,3.0,6.0,6.0,5.0,6.0,4.0,7.0,4.0,5.0,4.0,2
20,2,2,4.0,6.0,3.0,0.0,1,4.0,6.36,2.0,9.0,5.0,7.0,5.0,4.0,7.0,6.0,7.0,4.0,0
22,2,0,3.0,6.0,5.0,3.0,3,1.0,8.06,1.0,3.0,6.0,3.0,6.0,4.0,10.0,4.0,6.0,5.0,2
22,0,0,3.0,6.0,3.0,0.0,4,4.0,6.05,2.0,7.0,5.0,5.0,5.0,1.0,6.0,5.0,6.0,3.0,0
23,2,0,1.0,3.0,4.0,3.0,3,2.0,6.34,2.0,5.0,6.0,6.0,4.0,2.0,7.0,5.0,6.0,3.0,0
25,0,1,5.0,7.0,3.0,0.0,1,4.0,8.0,3.0,5.0,6.0,5.0,6.0,5.0,8.0,7.0,5.0,5.0,2
22,1,1,5.0,6.0,2.0,2.0,0,5.0,5.99,2.0,3.0,4.0,3.0,4.0,5.0,5.0,5.0,4.0,4.0,0
18,0,1,3.0,7.0,2.0,0.0,4,0.0,5.92,0.0,6.0,4.0,5.0,7.0,4.0,6.0,3.0,7.0,4.0,0
22,2,1,6.0,8.0,5.0,0.0,2,3.0,7.47,1.0,3.0,6.0,4.0,7.0,6.0,7.0,5.0,4.0,5.0,2
20,0,1,7.0,10.0,5.0,3.0,3,4.0,7.17,1.0,5.0,7.0,6.0,4.0,7.0,8.0,5.0,7.0,4.0,0
21,1,2,2.0,6.0,2.0,2.0,0,2.0,4.82,0.0,5.0,3.0,4.0,5.0,4.0,5.0,4.0,4.0,3.0,0
25,1,2,5.0,5.0,2.0,2.0,1,3.0,4.83,0.0,4.0,4.0,5.0,4.0,5.0,4.0,2.0,4.0,2.0,0
24,0,1,4.0,7.0,4.0,1.0,2,3.0,7.07,2.0,4.0,7.0,5.0,4.0,5.0,7.0,7.0,5.0,5.0,2
22,2,2,6.0,11.0,2.0,2.0,3,5.0,5.3,2.0,3.0,5.0,5.0,5.0,6.0,6.0,5.0,7.0,3.0,0
19,1,1,3.0,4.0,1.0,4.0,0,1.0,6.94,0.0,4.0,3.0,5.0,3.0,5.0,6.0,4.0,5.0,3.0,0
23,1,2,6.0,7.0,2.0,1.0,1,0.0,5.68,1.0,3.0,6.0,4.0,8.0,5.0,7.0,4.0,6.0,5.0,2
23,1,1,5.0,7.0,3.0,2.0,0,3.0,8.0,3.0,4.0,5.0,3.0,6.0,3.0,7.0,9.0,3.0,6.0,2
23,0,1,6.0,8.0,6.0,3.0,1,5.0,6.97,2.0,7.0,7.0,5.0,6.0,6.0,6.0,5.0,6.0,4.0,0
26,1,1,3.0,7.0,5.0,1.0,2,5.0,4.92,0.0,4.0,8.0,7.0,3.0,2.0,5.0,4.0,6.0,2.0,0
25,0,2,3.0,6.0,2.0,1.0,4,2.0,7.03,1.0,5.0,4.0,3.0,7.0,4.0,6.0,5.0,4.0,5.0,2
25,2,0,5.0,10.0,1.0,1.0,3,1.0,7.53,2.0,7.0,5.0,6.0,4.0,6.0,7.0,4.0,8.0,3.0,0
18,0,1,6.0,8.0,2.0,1.0,4,4.0,6.7,1.0,7.0,4.0,4.0,5.0,6.0,8.0,7.0,5.0,5.0,2
22,1,1,4.0,7.0,3.0,0.0,2,4.0,5.86,1.0,5.0,5.0,5.0,6.0,3.0,7.0,7.0,5.0,5.0,2
24,2,2,1.0,5.0,3.0,0.0,4,1.0,7.07,1.0,6.0,4.0,4.0,5.0,3.0,7.0,4.0,6.0,4.0,0
23,0,1,6.0,6.0,2.0,1.0,3,2.0,7.36,3.0,2.0,3.0,5.0,4.0,6.0,7.0,5.0,8.0,3.0,0
22,1,1,6.0,9.0,2.0,2.0,2,4.0,7.14,0.0,3.0,6.0,5.0,4.0,6.0,7.0,7.0,9.0,4.0,0
25,0,1,3.0,7.0,4.0,3.0,3,3.0,6.41,0.0,7.0,6.0,5.0,5.0,1.0,7.0,6.0,7.0,4.0,2
20,0,2,5.0,9.0,3.0,0.0,4,5.0,7.62,2.0,7.0,5.0,5.0,5.0,6.0,7.0,6.0,5.0,4.0,2
23,0,1,5.0,9.0,3.0,4.0,0,3.0,5.0,1.0,5.0,6.0,7.0,4.0,5.0,7.0,4.0,7.0,3.0,0
22,2,1,3.0,6.0,3.0,0.0,0,1.0,4.98,4.0,7.0,3.0,6.0,3.0,7.0,4.0,3.0,6.0,2.0,0
25,1,1,5.0,10.0,4.0,3.0,3,4.0,6.16,2.0,6.0,6.0,5.0,5.0,5.0,6.0,5.0,6.0,4.0,0
21,1,0,4.0,8.0,3.0,2.0,0,1.0,8.58,2.0,4.0,4.0,4.0,6.0,5.0,9.0,6.0,6.0,5.0,2
25,1,1,2.0,6.0,4.0,1.0,3,4.0,8.52,2.0,8.0,4.0,4.0,5.0,4.0,9.0,6.0,4.0,5.0,2
19,0,2,5.0,7.0,5.0,0.0,4,3.0,8.19,1.0,8.0,7.0,4.0,5.0,5.0,9.0,5.0,7.0,5.0,2
26,0,1,7.0,10.0,3.0,1.0,1,6.0,6.56,1.0,5.0,4.0,6.0,6.0,7.0,7.0,8.0,5.0,5.0,2
26,1,1,1.0,4.0,4.0,1.0,2,4.0,4.42,1.0,7.0,5.0,6.0,3.0,1.0,4.0,4.0,6.0,2.0,0
23,1,0,4.0,7.0,2.0,3.0,4,5.0,7.09,2.0,4.0,7.0,4.0,5.0,3.0,6.0,6.0,6.0,4.0,0
21,2,1,4.0,8.0,3.0,0.0,1,3.0,5.78,1.0,1.0,5.0,4.0,7.0,7.0,8.0,5.0,5.0,5.0,2
21,2,2,2.0,5.0,2.0,1.0,4,2.0,7.41,3.0,7.0,5.0,5.0,6.0,4.0,7.0,6.0,6.0,4.0,2
23,1,0,6.0,8.0,3.0,2.0,1,4.0,7.03,2.0,3.0,3.0,2.0,7.0,4.0,8.0,4.0,5.0,5.0,2
22,0,2,2.0,6.0,4.0,1.0,3,2.0,8.98,0.0,7.0,7.0,3.0,6.0,4.0,9.0,6.0,4.0,6.0,2
23,0,1,4.0,6.0,2.0,0.0,2,3.0,8.74,2.0,4.0,4.0,2.0,7.0,4.0,8.0,6.0,4.0,6.0,2
24,1,2,3.0,6.0,4.0,0.0,3,2.0,5.65,0.0,6.0,5.0,5.0,5.0,3.0,7.0,6.0,3.0,4.0,2
24,1,2,2.0,5.0,3.0,4.0,2,6.0,6.66,1.0,4.0,4.0,3.0,7.0,3.0,8.0,7.0,4.0,6.0,2
26,1,0,5.0,8.0,3.0,2.0,1,3.0,6.22,2.0,5.0,3.0,4.0,7.0,5.0,6.0,5.0,5.0,4.0,2
25,1,2,3.0,5.0,2.0,4.0,0,2.0,5.96,1.0,3.0,5.0,5.0,6.0,2.0,5.0,5.0,6.0,4.0,0
23,0,1,6.0,11.0,1.0,2.0,0,2.0,6.55,2.0,6.0,3.0,6.0,5.0,5.0,7.0,6.0,7.0,3.0,0
23,1,2,4.0,6.0,2.0,3.0,0,4.0,4.36,0.0,8.0,3.0,5.0,6.0,4.0,4.0,3.0,5.0,3.0,0
22,1,1,5.0,9.0,4.0,4.0,0,3.0,5.77,0.0,4.0,5.0,6.0,4.0,6.0,7.0,5.0,7.0,3.0,0
18,0,1,5.0,8.0,2.0,3.0,4,2.0,7.85,3.0,4.0,5.0,4.0,7.0,4.0,7.0,6.0,6.0,5.0,2
26,1,2,6.0,9.0,4.0,4.0,4,5.0,3.0,2.0,9.0,4.0,7.0,4.0,4.0,3.0,3.0,8.0,1.0,0
26,0,2,4.0,7.0,2.0,4.0,0,3.0,4.59,1.0,8.0,3.0,4.0,4.0,4.0,4.0,4.0,7.0,2.0,0
26,1,2,4.0,7.0,1.0,0.0,3,3.0,7.89,1.0,6.0,6.0,5.0,5.0,4.0,9.0,6.0,5.0,5.0,2
25,0,2,3.0,6.0,2.0,1.0,1,2.0,8.1,2.0,5.0,4.0,3.0,6.0,3.0,8.0,5.0,7.0,5.0,2
20,2,1,4.0,7.0,2.0,3.0,0,3.0,4.94,1.0,2.0,6.0,5.0,7.0,4.0,6.0,5.0,6.0,4.0,2
18,1,1,3.0,4.0,4.0,1.0,3,3.0,7.9,1.0,3.0,5.0,4.0,8.0,5.0,8.0,5.0,6.0,5.0,2
25,0,1,6.0,10.0,4.0,2.0,3,2.0,7.69,2.0,9.0,6.0,4.0,7.0,7.0,7.0,5.0,9.0,4.0,2
24,1,1,3.0,6.0,2.0,1.0,3,0.0,6.75,3.0,5.0,5.0,5.0,4.0,4.0,7.0,4.0,4.0,3.0,0
22,0,1,3.0,6.0,4.0,1.0,4,5.0,6.24,1.0,4.0,6.0,6.0,4.0,4.0,7.0,5.0,6.0,3.0,0
24,0,0,5.0,8.0,3.0,2.0,2,1.0,7.57,1.0,8.0,6.0,4.0,4.0,6.0,8.0,7.0,6.0,5.0,2
21,1,1,5.0,7.0,2.0,1.0,4,2.0,6.27,2.0,2.0,3.0,4.0,6.0,5.0,6.0,6.0,5.0,4.0,2
26,0,1,2.0,3.0,3.0,1.0,0,2.0,6.75,2.0,6.0,5.0,4.0,4.0,5.0,6.0,4.0,3.0,4.0,0
19,1,1,3.0,6.0,2.0,2.0,0,6.0,7.68,3.0,9.0,5.0,3.0,7.0,4.0,7.0,6.0,3.0,5.0,2
26,2,2,4.0,7.0,4.0,1.0,0,2.0,5.81,3.0,5.0,4.0,5.0,6.0,3.0,6.0,5.0,6.0,4.0,0
26,1,1,4.0,6.0,2.0,3.0,1,3.0,6.1,0.0,6.0,4.0,6.0,5.0,5.0,5.0,4.0,6.0,3.0,0
22,0,1,4.0,7.0,3.0,1.0,1,4.0,8.22,1.0,5.0,5.0,2.0,8.0,5.0,9.0,8.0,2.0,7.0,1
18,1,1,5.0,9.0,3.0,2.0,2,5.0,5.24,1.0,4.0,5.0,5.0,6.0,6.0,6.0,6.0,7.0,4.0,0
24,0,1,4.0,6.0,3.0,1.0,4,2.0,7.44,2.0,5.0,5.0,4.0,6.0,5.0,8.0,5.0,6.0,5.0,2
21,2,2,4.0,6.0,4.0,0.0,3,4.0,6.69,2.0,7.0,6.0,6.0,3.0,3.0,6.0,4.0,8.0,2.0,0
26,0,1,3.0,6.0,3.0,2.0,4,2.0,7.18,2.0,7.0,7.0,6.0,5.0,4.0,9.0,7.0,6.0,5.0,2
23,1,1,6.0,10.0,2.0,4.0,0,0.0,6.71,0.0,8.0,5.0,3.0,6.0,7.0,7.0,4.0,5.0,4.0,2
20,0,0,5.0,9.0,4.0,2.0,2,3.0,5.7,4.0,8.0,4.0,5.0,6.0,6.0,6.0,6.0,5.0,4.0,2
23,1,1,4.0,6.0,5.0,2.0,1,2.0,4.27,0.0,3.0,6.0,6.0,4.0,6.0,4.0,2.0,6.0,1.0,0
23,1,1,6.0,9.0,3.0,2.0,2,6.0,4.84,1.0,8.0,7.0,7.0,3.0,6.0,5.0,6.0,6.0,2.0,0
22,1,2,5.0,9.0,3.0,2.0,3,5.0,6.0,3.0,8.0,4.0,4.0,7.0,5.0,5.0,6.0,5.0,4.0,2
19,1,2,4.0,6.0,2.0,4.0,2,5.0,7.52,1.0,4.0,4.0,5.0,6.0,4.0,8.0,6.0,6.0,5.0,2
19,0,1,4.0,8.0,2.0,3.0,2,3.0,6.98,0.0,6.0,4.0,3.0,8.0,4.0,7.0,6.0,5.0,5.0,2
24,1,2,6.0,9.0,5.0,1.0,2,3.0,7.81,2.0,6.0,4.0,4.0,5.0,6.0,9.0,8.0,6.0,6.0,2
19,0,1,6.0,10.0,4.0,0.0,0,4.0,7.16,2.0,6.0,7.0,6.0,5.0,6.0,8.0,6.0,8.0,4.0,0
23,1,0,6.0,8.0,3.0,4.0,3,3.0,6.48,2.0,4.0,5.0,7.0,4.0,6.0,6.0,4.0,6.0,2.0,0
22,1,2,4.0,6.0,3.0,2.0,1,2.0,7.92,2.0,6.0,5.0,3.0,6.0,5.0,8.0,5.0,3.0,5.0,2
21,0,1,6.0,9.0,4.0,3.0,4,2.0,6.85,2.0,5.0,7.0,6.0,4.0,5.0,6.0,6.0,7.0,3.0,0
24,1,1,4.0,7.0,2.0,0.0,1,4.0,7.93,2.0,9.0,3.0,5.0,5.0,3.0,7.0,8.0,6.0,5.0,2
25,1,1,3.0,4.0,4.0,0.0,2,6.0,6.76,2.0,4.0,5.0,3.0,7.0,4.0,7.0,7.0,2.0,6.0,2
21,1,2,5.0,9.0,4.0,0.0,2,3.0,5.46,1.0,4.0,5.0,6.0,4.0,6.0,5.0,5.0,6.0,3.0,0
18,0,2,6.0,10.0,3.0,2.0,4,3.0,7.06,1.0,6.0,3.0,3.0,6.0,6.0,6.0,7.0,6.0,5.0,2
18,0,0,4.0,6.0,3.0,1.0,3,2.0,6.45,0.0,5.0,4.0,3.0,5.0,4.0,5.0,5.0,6.0,4.0,0
18,1,1,6.0,10.0,3.0,0.0,2,0.0,5.28,1.0,4.0,4.0,5.0,8.0,6.0,5.0,4.0,7.0,4.0,0
18,1,2,2.0,4.0,2.0,2.0,0,4.0,8.44,1.0,7.0,5.0,5.0,5.0,3.0,9.0,6.0,3.0,5.0,2
22,0,1,4.0,6.0,3.0,1.0,0,2.0,6.51,0.0,5.0,5.0,4.0,5.0,5.0,8.0,5.0,4.0,5.0,2
21,2,1,3.0,6.0,4.0,3.0,1,0.0,6.3,1.0,5.0,4.0,4.0,6.0,3.0,6.0,4.0,4.0,4.0,2
26,1,2,3.0,6.0,3.0,1.0,0,5.0,5.6,0.0,2.0,7.0,7.0,4.0,2.0,7.0,4.0,4.0,3.0,0
20,0,1,4.0,8.0,3.0,4.0,1,5.0,5.32,1.0,8.0,6.0,7.0,4.0,5.0,4.0,3.0,8.0,1.0,0
24,1,1,7.0,10.0,4.0,3.0,2,0.0,6.61,1.0,6.0,6.0,4.0,5.0,6.0,6.0,5.0,7.0,3.0,0
25,1,2,6.0,9.0,4.0,0.0,0,7.0,8.0,1.0,9.0,5.0,4.0,6.0,7.0,8.0,6.0,5.0,5.0,2
23,1,1,6.0,8.0,2.0,4.0,0,1.0,7.48,2.0,7.0,5.0,4.0,4.0,5.0,8.0,5.0,8.0,4.0,0
18,0,0,5.0,7.0,5.0,4.0,4,1.0,5.75,1.0,6.0,8.0,6.0,3.0,4.0,5.0,5.0,7.0,2.0,0
25,1,1,4.0,6.0,4.0,1.0,1,0.0,6.75,2.0,6.0,6.0,6.0,4.0,5.0,6.0,3.0,6.0,2.0,0
20,2,1,4.0,7.0,5.0,3.0,4,2.0,9.88,0.0,5.0,5.0,4.0,5.0,3.0,9.0,7.0,6.0,5.0,2
25,0,1,2.0,7.0,7.0,4.0,3,5.0,5.98,0.0,5.0,5.0,6.0,5.0,2.0,5.0,5.0,6.0,3.0,0
21,1,1,6.0,9.0,4.0,3.0,4,0.0,6.65,1.0,10.0,5.0,3.0,5.0,5.0,7.0,6.0,7.0,4.0,2
25,0,0,1.0,5.0,1.0,2.0,0,2.0,7.55,1.0,3.0,2.0,3.0,7.0,1.0,10.0,6.0,5.0,7.0,2
18,1,1,4.0,6.0,2.0,2.0,0,4.0,6.09,1.0,5.0,5.0,6.0,5.0,5.0,6.0,5.0,7.0,3.0,0
20,1,1,4.0,6.0,1.0,0.0,3,2.0,4.56,3.0,4.0,3.0,5.0,6.0,3.0,5.0,5.0,6.0,4.0,0
23,1,1,5.0,8.0,5.0,3.0,1,3.0,8.9,1.0,2.0,7.0,3.0,5.0,4.0,9.0,7.0,5.0,6.0,2
26,1,2,5.0,8.0,5.0,3.0,1,4.0,6.3,1.0,6.0,7.0,6.0,4.0,5.0,7.0,6.0,6.0,3.0,0
19,1,1,5.0,9.0,5.0,1.0,1,2.0,7.7,3.0,6.0,9.0,6.0,5.0,5.0,6.0,5.0,6.0,4.0,0
18,1,2,0.0,3.0,4.0,0.0,3,2.0,5.98,2.0,6.0,5.0,4.0,8.0,3.0,5.0,3.0,5.0,4.0,0
20,1,2,4.0,6.0,5.0,0.0,2,4.0,9.27,1.0,9.0,3.0,2.0,7.0,4.0,8.0,5.0,3.0,6.0,2
21,1,1,3.0,5.0,1.0,0.0,2,3.0,8.67,4.0,3.0,5.0,5.0,6.0,3.0,10.0,5.0,5.0,5.0,2
22,2,0,4.0,7.0,3.0,2.0,3,4.0,6.24,1.0,11.0,5.0,5.0,4.0,4.0,6.0,5.0,6.0,3.0,0
20,1,2,4.0,8.0,2.0,3.0,4,4.0,6.66,3.0,4.0,4.0,4.0,6.0,2.0,7.0,8.0,6.0,5.0,2
19,1,1,4.0,8.0,1.0,3.0,3,0.0,6.34,2.0,4.0,4.0,5.0,5.0,5.0,6.0,3.0,6.0,3.0,0
19,2,2,2.0,7.0,5.0,3.0,2,2.0,6.71,0.0,5.0,5.0,5.0,6.0,4.0,8.0,6.0,6.0,5.0,2
24,0,2,4.0,6.0,2.0,3.0,2,2.0,5.71,0.0,7.0,6.0,5.0,6.0,3.0,7.0,3.0,5.0,3.0,0
26,0,2,7.0,10.0,3.0,2.0,4,2.0,6.18,4.0,5.0,5.0,4.0,6.0,6.0,7.0,5.0,6.0,4.0,2
19,1,1,7.0,11.0,4.0,1.0,0,6.0,4.01,2.0,5.0,6.0,8.0,3.0,4.0,5.0,4.0,9.0,1.0,0
24,0,2,6.0,8.0,2.0,2.0,0,0.0,6.05,1.0,7.0,5.0,6.0,4.0,5.0,6.0,2.0,8.0,2.0,0
24,1,1,1.0,5.0,1.0,0.0,0,2.0,5.8,2.0,9.0,4.0,4.0,7.0,2.0,6.0,5.0,5.0,4.0,2
24,0,1,4.0,4.0,3.0,3.0,1,1.0,5.89,2.0,8.0,5.0,4.0,6.0,5.0,6.0,5.0,5.0,4.0,2
20,2,2,3.0,6.0,2.0,1.0,2,5.0,7.41,1.0,11.0,4.0,3.0,7.0,5.0,7.0,8.0,2.0,7.0,2
24,0,2,4.0,6.0,5.0,1.0,3,2.0,6.29,1.0,7.0,7.0,5.0,5.0,4.0,4.0,5.0,6.0,3.0,0
18,1,1,6.0,12.0,3.0,1.0,4,5.0,8.13,2.0,9.0,7.0,4.0,4.0,5.0,9.0,7.0,7.0,4.0,2
18,0,1,4.0,7.0,4.0,4.0,2,3.0,5.91,0.0,4.0,5.0,6.0,2.0,5.0,6.0,2.0,6.0,2.0,0
22,0,2,3.0,7.0,0.0,0.0,0,3.0,5.48,2.0,5.0,5.0,5.0,4.0,4.0,7.0,5.0,5.0,3.0,0
19,0,0,6.0,9.0,4.0,2.0,4,2.0,7.1,1.0,7.0,7.0,5.0,4.0,3.0,7.0,4.0,5.0,3.0,0
26,0,1,5.0,7.0,3.0,1.0,3,2.0,5.25,2.0,5.0,5.0,6.0,4.0,5.0,5.0,4.0,7.0,2.0,0
24,0,1,5.0,9.0,5.0,1.0,2,0.0,6.39,2.0,7.0,8.0,6.0,4.0,5.0,7.0,3.0,6.0,3.0,0
21,0,2,6.0,8.0,2.0,3.0,3,1.0,4.6,1.0,5.0,4.0,6.0,5.0,5.0,5.0,3.0,7.0,2.0,0
21,2,1,3.0,5.0,4.0,0.0,2,2.0,5.68,2.0,8.0,7.0,7.0,2.0,4.0,6.0,4.0,7.0,2.0,0
19,0,1,2.0,5.0,2.0,3.0,2,4.0,8.19,3.0,7.0,4.0,4.0,7.0,3.0,9.0,6.0,4.0,6.0,2
22,1,2,4.0,6.0,1.0,2.0,0,4.0,7.31,2.0,5.0,1.0,4.0,7.0,3.0,7.0,6.0,6.0,5.0,2
21,0,1,3.0,6.0,2.0,2.0,4,0.0,5.81,0.0,11.0,5.0,5.0,5.0,5.0,6.0,4.0,6.0,3.0,0
18,1,1,4.0,7.0,3.0,3.0,0,4.0,6.95,1.0,3.0,5.0,5.0,4.0,7.0,7.0,6.0,5.0,4.0,2
25,0,2,6.0,9.0,2.0,3.0,2,3.0,6.93,2.0,5.0,5.0,4.0,6.0,4.0,6.0,6.0,7.0,4.0,0
20,1,1,4.0,8.0,3.0,1.0,0,4.0,7.56,2.0,8.0,4.0,5.0,7.0,3.0,8.0,5.0,5.0,5.0,2
23,0,1,7.0,12.0,3.0,0.0,2,3.0,4.67,1.0,5.0,5.0,7.0,5.0,6.0,4.0,3.0,9.0,2.0,0
21,0,1,4.0,8.0,4.0,2.0,0,4.0,3.0,2.0,3.0,4.0,7.0,5.0,4.0,3.0,4.0,5.0,2.0,0
26,1,1,4.0,6.0,1.0,1.0,2,2.0,6.39,3.0,3.0,3.0,4.0,5.0,5.0,6.0,5.0,6.0,4.0,0
24,0,1,2.0,7.0,3.0,1.0,1,3.0,5.87,1.0,7.0,6.0,5.0,5.0,3.0,6.0,5.0,6.0,3.0,0
26,0,1,4.0,9.0,1.0,2.0,1,1.0,6.75,2.0,7.0,5.0,5.0,4.0,5.0,7.0,6.0,7.0,4.0,0
20,1,2,3.0,6.0,5.0,2.0,3,1.0,7.88,3.0,6.0,6.0,5.0,4.0,5.0,8.0,4.0,6.0,3.0,0
18,1,2,5.0,8.0,4.0,1.0,2,0.0,6.98,2.0,6.0,5.0,7.0,4.0,6.0,7.0,3.0,7.0,2.0,0
22,2,1,4.0,7.0,3.0,2.0,0,2.0,7.68,3.0,8.0,4.0,4.0,5.0,5.0,9.0,6.0,3.0,5.0,2
20,1,1,4.0,4.0,2.0,3.0,2,3.0,6.53,2.0,2.0,5.0,5.0,3.0,4.0,6.0,5.0,7.0,3.0,0
23,0,1,4.0,6.0,3.0,4.0,0,4.0,6.54,0.0,10.0,5.0,6.0,5.0,5.0,8.0,6.0,4.0,5.0,2
25,0,2,4.0,8.0,1.0,0.0,3,5.0,7.63,1.0,4.0,5.0,2.0,6.0,5.0,8.0,7.0,3.0,6.0,2
21,2,1,4.0,8.0,5.0,3.0,2,7.0,7.54,0.0,5.0,6.0,5.0,6.0,4.0,8.0,5.0,5.0,4.0,2
22,0,2,7.0,8.0,2.0,1.0,3,2.0,7.88,1.0,8.0,6.0,4.0,6.0,6.0,8.0,6.0,6.0,5.0,2
22,0,1,3.0,5.0,4.0,0.0,0,2.0,6.76,1.0,5.0,5.0,5.0,4.0,4.0,7.0,6.0,6.0,4.0,2
21,2,0,6.0,8.0,2.0,3.0,4,7.0,5.61,3.0,6.0,3.0,5.0,4.0,6.0,5.0,6.0,4.0,4.0,0
21,0,1,6.0,8.0,4.0,0.0,0,3.0,6.43,1.0,3.0,6.0,6.0,5.0,7.0,7.0,6.0,8.0,3.0,0
21,0,2,2.0,6.0,3.0,0.0,3,1.0,7.51,2.0,3.0,4.0,4.0,4.0,4.0,8.0,6.0,6.0,4.0,2
21,1,2,4.0,8.0,4.0,1.0,2,2.0,7.56,3.0,3.0,4.0,6.0,4.0,5.0,8.0,4.0,7.0,3.0,0
21,1,1,5.0,7.0,4.0,1.0,2,2.0,6.02,0.0,6.0,6.0,6.0,4.0,4.0,4.0,5.0,6.0,2.0,0
22,0,2,4.0,6.0,3.0,2.0,3,4.0,5.81,3.0,7.0,6.0,6.0,5.0,4.0,7.0,5.0,5.0,4.0,0
19,0,2,4.0,6.0,3.0,2.0,2,3.0,7.14,2.0,6.0,5.0,3.0,6.0,3.0,6.0,5.0,4.0,5.0,2
19,1,2,5.0,7.0,5.0,3.0,1,3.0,4.73,1.0,6.0,6.0,6.0,7.0,5.0,4.0,4.0,7.0,3.0,0
26,1,2,1.0,5.0,3.0,0.0,4,4.0,5.29,1.0,7.0,4.0,5.0,6.0,5.0,5.0,4.0,5.0,3.0,0
19,0,1,4.0,7.0,4.0,1.0,3,3.0,6.69,1.0,9.0,4.0,4.0,5.0,6.0,8.0,5.0,5.0,4.0,2
23,1,1,3.0,8.0,4.0,0.0,4,2.0,6.01,3.0,1.0,6.0,5.0,5.0,2.0,7.0,4.0,5.0,4.0,0
19,1,1,3.0,7.0,2.0,2.0,3,2.0,6.44,1.0,9.0,5.0,6.0,3.0,2.0,5.0,4.0,6.0,2.0,0
22,1,2,5.0,8.0,1.0,3.0,4,5.0,5.62,1.0,6.0,4.0,3.0,6.0,5.0,6.0,6.0,5.0,5.0,2
21,0,1,6.0,9.0,3.0,1.0,0,4.0,6.49,1.0,8.0,5.0,7.0,3.0,4.0,7.0,5.0,6.0,3.0,0
24,0,2,6.0,8.0,3.0,1.0,3,4.0,6.66,2.0,3.0,4.0,5.0,4.0,5.0,8.0,4.0,6.0,4.0,0
24,1,1,5.0,7.0,2.0,0.0,2,3.0,7.09,1.0,5.0,4.0,4.0,5.0,6.0,6.0,5.0,6.0,4.0,0
23,1,1,2.0,5.0,1.0,3.0,4,5.0,5.95,1.0,5.0,3.0,7.0,6.0,4.0,5.0,6.0,6.0,4.0,0
22,0,1,4.0,8.0,3.0,3.0,0,1.0,8.21,2.0,6.0,4.0,4.0,7.0,4.0,10.0,4.0,6.0,5.0,2
18,0,1,6.0,8.0,3.0,3.0,0,5.0,5.62,2.0,6.0,6.0,6.0,4.0,5.0,6.0,5.0,6.0,3.0,0
20,0,1,0.0,3.0,4.0,3.0,0,4.0,6.06,0.0,3.0,5.0,5.0,3.0,2.0,7.0,4.0,3.0,3.0,0
26,1,1,6.0,9.0,3.0,2.0,2,1.0,9.19,2.0,6.0,6.0,4.0,5.0,7.0,9.0,7.0,6.0,5.0,2
18,1,1,2.0,6.0,1.0,5.0,0,0.0,4.36,1.0,2.0,3.0,4.0,4.0,5.0,6.0,5.0,6.0,3.0,0
22,0,2,3.0,5.0,3.0,3.0,4,2.0,7.34,2.0,7.0,3.0,3.0,6.0,4.0,9.0,5.0,4.0,5.0,2
19,1,1,5.0,8.0,2.0,1.0,2,3.0,6.56,3.0,5.0,4.0,3.0,5.0,8.0,6.0,4.0,4.0,4.0,2
21,0,1,7.0,10.0,4.0,0.0,3,4.0,6.09,3.0,6.0,6.0,7.0,5.0,6.0,6.0,4.0,9.0,2.0,0
18,1,2,3.0,6.0,5.0,0.0,2,4.0,8.78,3.0,5.0,7.0,4.0,6.0,1.0,10.0,7.0,5.0,6.0,2
20,1,1,3.0,6.0,3.0,1.0,3,4.0,5.37,1.0,1.0,6.0,5.0,5.0,5.0,5.0,4.0,6.0,3.0,0
24,1,1,6.0,10.0,3.0,2.0,3,4.0,8.07,1.0,3.0,6.0,5.0,5.0,6.0,8.0,5.0,6.0,4.0,2
20,0,1,4.0,7.0,3.0,3.0,3,5.0,6.83,2.0,8.0,4.0,4.0,6.0,6.0,8.0,7.0,4.0,5.0,2
21,1,1,4.0,8.0,5.0,1.0,3,6.0,6.76,2.0,8.0,7.0,5.0,4.0,3.0,7.0,8.0,4.0,5.0,2
19,1,1,4.0,7.0,0.0,0.0,2,2.0,5.52,2.0,8.0,3.0,4.0,3.0,5.0,5.0,6.0,5.0,3.0,0
20,1,1,7.0,10.0,2.0,0.0,1,3.0,5.88,0.0,9.0,4.0,4.0,6.0,6.0,6.0,6.0,6.0,4.0,2
26,1,1,5.0,9.0,2.0,1.0,1,1.0,5.06,1.0,2.0,4.0,8.0,4.0,4.0,5.0,3.0,6.0,2.0,0
20,1,1,5.0,8.0,3.0,2.0,0,3.0,7.48,2.0,2.0,6.0,6.0,5.0,4.0,7.0,4.0,7.0,3.0,0
22,1,1,5.0,8.0,3.0,0.0,4,2.0,8.27,2.0,7.0,6.0,5.0,6.0,3.0,7.0,5.0,6.0,4.0,0
19,1,1,5.0,7.0,3.0,2.0,4,5.0,6.27,2.0,6.0,6.0,5.0,4.0,4.0,7.0,6.0,4.0,4.0,2
21,0,1,5.0,9.0,3.0,3.0,4,3.0,6.88,2.0,8.0,3.0,3.0,6.0,5.0,8.0,7.0,6.0,5.0,2
24,0,1,3.0,6.0,3.0,2.0,0,1.0,7.78,1.0,5.0,5.0,2.0,5.0,4.0,6.0,7.0,6.0,5.0,2
24,1,2,4.0,7.0,2.0,2.0,4,2.0,5.64,2.0,3.0,4.0,4.0,6.0,4.0,6.0,5.0,7.0,3.0,0
20,1,2,4.0,5.0,3.0,2.0,2,2.0,6.4,2.0,10.0,6.0,7.0,4.0,3.0,6.0,3.0,7.0,2.0,0
22,0,2,3.0,6.0,0.0,2.0,1,1.0,7.57,3.0,5.0,5.0,4.0,6.0,6.0,8.0,4.0,6.0,4.0,2
18,1,2,2.0,6.0,2.0,0.0,3,3.0,7.71,0.0,5.0,5.0,5.0,5.0,3.0,8.0,5.0,6.0,4.0,2
18,1,2,6.0,6.0,3.0,4.0,4,5.0,7.44,2.0,7.0,6.0,5.0,4.0,7.0,7.0,6.0,5.0,4.0,0
22,0,1,5.0,9.0,1.0,2.0,0,1.0,5.42,3.0,5.0,3.0,5.0,4.0,4.0,5.0,5.0,7.0,3.0,0
26,2,1,7.0,9.0,1.0,2.0,0,4.0,7.37,1.0,7.0,6.0,5.0,4.0,6.0,8.0,3.0,7.0,3.0,0
18,0,1,5.0,6.0,3.0,2.0,2,0.0,5.16,2.0,5.0,6.0,6.0,5.0,5.0,5.0,2.0,6.0,2.0,0
18,1,1,4.0,7.0,5.0,1.0,3,4.0,8.4,0.0,7.0,4.0,2.0,5.0,4.0,9.0,7.0,4.0,6.0,2
21,0,1,4.0,5.0,3.0,4.0,3,1.0,4.62,2.0,5.0,4.0,6.0,4.0,6.0,5.0,3.0,6.0,2.0,0
21,1,0,6.0,8.0,1.0,3.0,0,5.0,7.04,2.0,10.0,4.0,4.0,7.0,6.0,7.0,5.0,4.0,5.0,2
19,0,0,2.0,6.0,3.0,2.0,4,4.0,6.05,1.0,8.0,5.0,5.0,5.0,2.0,5.0,6.0,6.0,4.0,0
26,1,1,4.0,8.0,4.0,2.0,2,4.0,6.71,1.0,7.0,7.0,4.0,7.0,4.0,7.0,5.0,5.0,5.0,2
26,1,1,5.0,9.0,3.0,5.0,2,3.0,4.79,3.0,7.0,6.0,7.0,4.0,5.0,4.0,3.0,7.0,1.0,0
19,0,1,4.0,7.0,2.0,2.0,3,2.0,5.35,1.0,8.0,5.0,5.0,6.0,5.0,5.0,4.0,7.0,3.0,0
26,2,2,5.0,10.0,3.0,0.0,2,3.0,7.18,2.0,5.0,6.0,5.0,5.0,5.0,6.0,7.0,6.0,4.0,2
23,0,2,6.0,7.0,3.0,3.0,1,3.0,6.81,0.0,5.0,5.0,4.0,6.0,4.0,7.0,4.0,5.0,4.0,2
25,0,1,4.0,6.0,4.0,0.0,3,4.0,7.62,1.0,5.0,3.0,2.0,6.0,5.0,7.0,6.0,3.0,5.0,2
21,0,2,5.0,8.0,3.0,0.0,0,2.0,6.54,3.0,4.0,6.0,5.0,4.0,4.0,7.0,7.0,7.0,4.0,2
19,0,2,6.0,8.0,2.0,1.0,2,5.0,3.0,2.0,7.0,5.0,6.0,4.0,7.0,2.0,4.0,8.0,1.0,0
19,0,1,4.0,6.0,3.0,2.0,3,6.0,7.49,3.0,5.0,6.0,4.0,6.0,5.0,9.0,7.0,4.0,6.0,2
26,0,1,2.0,5.0,3.0,3.0,4,2.0,7.44,1.0,10.0,6.0,3.0,6.0,4.0,8.0,6.0,7.0,5.0,2
18,1,0,5.0,8.0,3.0,5.0,4,3.0,8.7,1.0,5.0,3.0,5.0,5.0,4.0,9.0,6.0,6.0,5.0,2
24,1,2,4.0,6.0,5.0,2.0,1,3.0,6.45,2.0,7.0,6.0,6.0,3.0,7.0,6.0,5.0,5.0,3.0,0
20,2,1,4.0,8.0,4.0,2.0,0,3.0,4.35,3.0,6.0,5.0,5.0,5.0,3.0,4.0,3.0,6.0,2.0,0
20,2,1,4.0,8.0,3.0,3.0,4,2.0,5.64,2.0,7.0,7.0,6.0,4.0,4.0,6.0,4.0,6.0,3.0,0
19,1,1,2.0,7.0,3.0,0.0,3,4.0,7.63,2.0,6.0,5.0,3.0,7.0,3.0,6.0,7.0,5.0,5.0,2
23,1,2,4.0,5.0,1.0,0.0,2,1.0,6.7,2.0,7.0,4.0,4.0,7.0,3.0,8.0,7.0,4.0,6.0,2
19,2,1,5.0,9.0,4.0,1.0,4,3.0,8.16,2.0,4.0,5.0,5.0,6.0,6.0,8.0,6.0,6.0,5.0,2
21,0,1,4.0,6.0,3.0,1.0,4,0.0,8.02,1.0,4.0,7.0,4.0,4.0,6.0,9.0,5.0,6.0,5.0,2
26,0,1,3.0,6.0,4.0,0.0,1,4.0,5.19,2.0,6.0,5.0,7.0,3.0,4.0,6.0,5.0,5.0,3.0,0
26,1,1,3.0,5.0,2.0,1.0,2,3.0,5.6,1.0,4.0,5.0,5.0,5.0,3.0,6.0,4.0,4.0,3.0,0
23,0,1,4.0,6.0,3.0,2.0,2,2.0,5.3,2.0,4.0,7.0,6.0,6.0,6.0,4.0,5.0,4.0,3.0,0
21,1,1,5.0,9.0,2.0,2.0,4,4.0,6.93,1.0,4.0,5.0,5.0,6.0,5.0,7.0,5.0,5.0,5.0,2
24,1,1,6.0,10.0,4.0,1.0,2,5.0,4.58,2.0,7.0,6.0,7.0,4.0,5.0,4.0,3.0,7.0,1.0,0
18,1,2,3.0,8.0,4.0,0.0,0,6.0,6.09,2.0,5.0,6.0,4.0,4.0,3.0,6.0,5.0,5.0,4.0,0
21,2,1,6.0,10.0,4.0,0.0,0,4.0,6.88,0.0,6.0,6.0,6.0,5.0,4.0,7.0,7.0,6.0,4.0,2
22,0,1,4.0,6.0,2.0,2.0,4,4.0,8.71,2.0,8.0,5.0,4.0,4.0,3.0,9.0,5.0,6.0,5.0,2
25,0,2,2.0,4.0,3.0,2.0,4,5.0,6.66,0.0,3.0,3.0,3.0,6.0,5.0,7.0,6.0,3.0,5.0,2
19,1,1,4.0,7.0,3.0,1.0,0,4.0,5.41,2.0,10.0,7.0,8.0,4.0,3.0,6.0,3.0,6.0,2.0,0
22,2,1,2.0,6.0,3.0,0.0,2,2.0,4.61,2.0,8.0,4.0,5.0,6.0,5.0,7.0,6.0,7.0,4.0,2
23,0,1,5.0,8.0,3.0,2.0,1,4.0,7.42,1.0,7.0,5.0,5.0,5.0,3.0,8.0,4.0,3.0,5.0,2
22,0,2,4.0,7.0,3.0,2.0,1,3.0,7.47,0.0,9.0,4.0,3.0,6.0,5.0,6.0,6.0,5.0,5.0,2
26,2,2,2.0,6.0,1.0,0.0,1,6.0,6.06,1.0,6.0,3.0,4.0,5.0,3.0,6.0,8.0,5.0,5.0,2
18,1,1,6.0,12.0,2.0,0.0,2,4.0,5.68,1.0,3.0,6.0,5.0,5.0,5.0,6.0,5.0,7.0,3.0,0
20,0,2,3.0,6.0,3.0,4.0,1,3.0,5.59,2.0,8.0,5.0,6.0,4.0,3.0,5.0,3.0,5.0,2.0,0
19,2,0,1.0,4.0,3.0,1.0,0,3.0,7.16,0.0,4.0,3.0,3.0,5.0,3.0,9.0,5.0,4.0,5.0,2
20,0,1,6.0,10.0,5.0,0.0,2,1.0,6.34,1.0,7.0,5.0,6.0,5.0,7.0,6.0,2.0,8.0,2.0,0
26,0,2,5.0,9.0,3.0,2.0,0,3.0,6.83,2.0,3.0,5.0,5.0,4.0,6.0,8.0,6.0,6.0,4.0,2
26,1,1,4.0,7.0,4.0,0.0,2,2.0,7.04,0.0,7.0,7.0,6.0,3.0,5.0,6.0,3.0,7.0,2.0,0
19,0,1,4.0,7.0,3.0,2.0,1,3.0,6.63,1.0,3.0,4.0,4.0,4.0,5.0,8.0,5.0,6.0,4.0,2
20,0,1,4.0,8.0,1.0,2.0,1,7.0,8.24,2.0,4.0,4.0,3.0,7.0,5.0,8.0,7.0,4.0,6.0,2
21,1,2,2.0,4.0,4.0,2.0,4,3.0,8.07,1.0,6.0,6.0,4.0,6.0,4.0,8.0,6.0,3.0,5.0,2
26,0,1,2.0,5.0,3.0,1.0,3,1.0,6.7,2.0,6.0,3.0,3.0,6.0,3.0,8.0,5.0,5.0,5.0,2
20,1,1,5.0,10.0,2.0,1.0,0,2.0,8.05,1.0,2.0,4.0,4.0,6.0,7.0,9.0,4.0,6.0,5.0,2
24,1,1,5.0,8.0,1.0,1.0,1,3.0,6.85,2.0,8.0,7.0,6.0,4.0,5.0,6.0,4.0,6.0,3.0,0
20,0,1,5.0,8.0,1.0,4.0,2,2.0,8.67,2.0,8.0,4.0,4.0,5.0,5.0,9.0,7.0,7.0,5.0,2
24,0,2,6.0,9.0,4.0,0.0,4,3.0,7.15,1.0,8.0,8.0,6.0,6.0,5.0,8.0,5.0,7.0,4.0,0
24,1,1,0.0,3.0,2.0,1.0,0,3.0,4.04,0.0,5.0,4.0,5.0,4.0,1.0,3.0,4.0,5.0,2.0,0
26,1,1,3.0,5.0,4.0,0.0,1,4.0,7.51,1.0,7.0,6.0,5.0,4.0,3.0,8.0,8.0,5.0,5.0,2
19,1,1,2.0,5.0,5.0,4.0,4,3.0,6.88,3.0,6.0,8.0,5.0,8.0,2.0,7.0,4.0,5.0,5.0,2
23,1,1,4.0,7.0,3.0,1.0,1,5.0,6.7,0.0,3.0,4.0,3.0,5.0,5.0,6.0,6.0,4.0,4.0,2
26,1,1,1.0,5.0,4.0,2.0,1,4.0,5.03,3.0,6.0,4.0,4.0,6.0,1.0,5.0,5.0,3.0,4.0,0
19,1,2,5.0,8.0,4.0,4.0,1,5.0,6.81,1.0,2.0,5.0,4.0,5.0,5.0,8.0,7.0,5.0,5.0,2
19,1,1,5.0,10.0,4.0,1.0,4,2.0,8.48,2.0,4.0,6.0,6.0,6.0,4.0,7.0,5.0,7.0,4.0,0
22,0,1,7.0,11.0,3.0,0.0,3,4.0,6.67,2.0,4.0,6.0,7.0,4.0,4.0,7.0,6.0,7.0,3.0,0
25,2,1,4.0,8.0,3.0,2.0,1,4.0,6.19,2.0,6.0,6.0,5.0,5.0,4.0,6.0,6.0,7.0,4.0,0
26,0,2,5.0,9.0,4.0,2.0,0,1.0,4.86,2.0,9.0,5.0,7.0,5.0,5.0,5.0,3.0,7.0,2.0,0
19,0,1,5.0,10.0,1.0,4.0,4,2.0,5.8,2.0,2.0,8.0,6.0,5.0,5.0,5.0,4.0,8.0,2.0,0
22,1,2,7.0,10.0,3.0,2.0,1,3.0,6.78,1.0,9.0,7.0,4.0,4.0,7.0,5.0,7.0,7.0,4.0,0
24,0,1,2.0,5.0,1.0,3.0,4,3.0,7.29,4.0,7.0,3.0,3.0,7.0,3.0,8.0,5.0,4.0,6.0,2
23,0,2,5.0,7.0,3.0,2.0,0,4.0,5.44,1.0,7.0,6.0,6.0,5.0,5.0,6.0,5.0,6.0,3.0,0
23,0,1,5.0,8.0,2.0,0.0,0,3.0,5.77,2.0,5.0,5.0,5.0,5.0,5.0,5.0,5.0,5.0,3.0,0
24,1,2,2.0,4.0,5.0,0.0,2,3.0,6.17,2.0,6.0,5.0,7.0,4.0,3.0,7.0,4.0,7.0,3.0,0
20,1,1,5.0,8.0,5.0,3.0,2,3.0,5.54,1.0,5.0,8.0,6.0,3.0,4.0,6.0,7.0,7.0,3.0,0
20,0,1,5.0,8.0,4.0,0.0,3,3.0,7.31,1.0,9.0,7.0,5.0,7.0,5.0,7.0,5.0,8.0,4.0,2
26,1,1,1.0,3.0,5.0,2.0,2,4.0,6.81,1.0,8.0,6.0,5.0,6.0,4.0,7.0,5.0,5.0,4.0,2
25,0,2,4.0,7.0,3.0,2.0,4,2.0,5.52,2.0,7.0,5.0,6.0,6.0,5.0,5.0,4.0,7.0,2.0,0
22,1,1,4.0,7.0,2.0,1.0,2,4.0,6.44,2.0,5.0,4.0,4.0,5.0,5.0,6.0,6.0,5.0,4.0,2
23,1,2,4.0,6.0,4.0,1.0,4,4.0,7.56,2.0,4.0,4.0,2.0,7.0,4.0,8.0,6.0,4.0,6.0,2
18,0,0,5.0,8.0,3.0,0.0,4,5.0,7.01,0.0,4.0,6.0,3.0,7.0,5.0,7.0,5.0,4.0,5.0,2
18,0,1,3.0,8.0,3.0,2.0,3,3.0,4.79,1.0,9.0,4.0,6.0,5.0,5.0,4.0,5.0,7.0,3.0,0
21,1,0,2.0,4.0,4.0,1.0,4,4.0,7.18,0.0,9.0,6.0,5.0,4.0,5.0,7.0,4.0,6.0,3.0,0
19,0,1,5.0,5.0,2.0,2.0,2,0.0,6.71,0.0,5.0,4.0,5.0,4.0,5.0,7.0,6.0,7.0,3.0,0
24,1,2,6.0,11.0,5.0,4.0,2,1.0,6.42,0.0,7.0,4.0,6.0,3.0,6.0,8.0,6.0,7.0,3.0,0
19,0,0,6.0,8.0,0.0,2.0,1,3.0,6.75,3.0,9.0,3.0,5.0,4.0,5.0,6.0,5.0,7.0,3.0,0
19,0,0,8.0,12.0,2.0,1.0,3,4.0,7.27,1.0,2.0,3.0,4.0,5.0,6.0,7.0,7.0,5.0,5.0,2
22,0,1,3.0,8.0,3.0,1.0,0,4.0,7.0,2.0,3.0,7.0,7.0,4.0,5.0,7.0,5.0,8.0,3.0,0
21,1,2,4.0,7.0,3.0,1.0,0,2.0,7.69,3.0,5.0,8.0,5.0,6.0,5.0,8.0,5.0,7.0,4.0,2
25,1,1,1.0,3.0,3.0,0.0,1,1.0,6.96,0.0,6.0,3.0,5.0,5.0,3.0,9.0,6.0,4.0,5.0,2
21,0,1,3.0,7.0,3.0,2.0,2,3.0,9.46,2.0,7.0,3.0,1.0,8.0,3.0,10.0,8.0,5.0,8.0,1
23,1,1,2.0,5.0,1.0,0.0,3,4.0,7.16,0.0,4.0,3.0,2.0,7.0,6.0,6.0,7.0,2.0,6.0,2
22,0,1,3.0,8.0,4.0,2.0,2,4.0,6.21,3.0,8.0,5.0,5.0,4.0,3.0,6.0,6.0,8.0,3.0,0
19,0,2,6.0,10.0,3.0,4.0,1,4.0,5.52,2.0,3.0,7.0,6.0,5.0,5.0,6.0,5.0,6.0,3.0,0
25,1,1,6.0,10.0,3.0,3.0,0,3.0,7.53,2.0,8.0,4.0,4.0,5.0,3.0,8.0,5.0,6.0,5.0,2
19,0,0,4.0,7.0,4.0,0.0,3,3.0,6.24,1.0,7.0,6.0,6.0,4.0,4.0,6.0,5.0,6.0,3.0,0
26,1,2,3.0,7.0,4.0,5.0,2,1.0,6.83,1.0,4.0,5.0,4.0,3.0,5.0,7.0,4.0,6.0,3.0,0
26,2,2,3.0,6.0,2.0,3.0,4,2.0,6.41,1.0,4.0,6.0,5.0,5.0,3.0,7.0,6.0,6.0,4.0,0
20,0,2,5.0,8.0,3.0,0.0,4,5.0,6.34,2.0,7.0,6.0,3.0,7.0,6.0,7.0,6.0,5.0,5.0,2
21,0,2,4.0,6.0,3.0,0.0,4,4.0,4.49,3.0,3.0,6.0,6.0,5.0,4.0,5.0,4.0,7.0,2.0,0
25,1,1,4.0,6.0,4.0,1.0,0,4.0,7.14,2.0,5.0,5.0,5.0,6.0,3.0,7.0,6.0,6.0,5.0,2
26,2,1,5.0,8.0,4.0,2.0,4,2.0,6.75,1.0,2.0,6.0,5.0,6.0,5.0,7.0,5.0,9.0,4.0,0
20,0,1,5.0,7.0,3.0,2.0,4,5.0,5.19,2.0,4.0,5.0,6.0,5.0,4.0,6.0,5.0,5.0,3.0,0
22,1,1,0.0,3.0,4.0,1.0,1,3.0,7.75,3.0,8.0,6.0,5.0,6.0,1.0,7.0,4.0,5.0,4.0,2
25,1,1,5.0,8.0,3.0,1.0,1,2.0,4.52,2.0,9.0,5.0,6.0,4.0,4.0,5.0,4.0,8.0,2.0,0
20,1,2,4.0,8.0,2.0,2.0,1,4.0,7.04,0.0,5.0,5.0,4.0,6.0,5.0,7.0,6.0,6.0,4.0,2
24,2,1,1.0,6.0,2.0,0.0,2,4.0,7.12,0.0,5.0,4.0,4.0,6.0,4.0,5.0,7.0,6.0,4.0,2
25,0,1,6.0,9.0,2.0,2.0,4,4.0,6.59,0.0,6.0,5.0,6.0,6.0,4.0,7.0,4.0,5.0,4.0,0
20,2,1,4.0,8.0,4.0,3.0,0,2.0,9.92,2.0,4.0,5.0,1.0,6.0,5.0,10.0,10.0,5.0,8.0,1
19,0,1,2.0,4.0,2.0,1.0,4,3.0,9.92,0.0,7.0,6.0,4.0,5.0,3.0,9.0,6.0,5.0,5.0,2
24,0,2,3.0,6.0,1.0,4.0,4,5.0,5.37,1.0,4.0,4.0,5.0,5.0,4.0,5.0,3.0,6.0,2.0,0
26,1,2,4.0,7.0,4.0,1.0,2,2.0,5.61,3.0,7.0,6.0,4.0,5.0,3.0,5.0,5.0,6.0,3.0,0
18,1,0,8.0,13.0,3.0,0.0,1,3.0,6.88,1.0,6.0,5.0,3.0,5.0,8.0,6.0,4.0,7.0,3.0,0
20,1,1,3.0,6.0,3.0,4.0,4,1.0,5.59,0.0,9.0,4.0,6.0,5.0,3.0,5.0,5.0,7.0,3.0,0
22,0,1,3.0,5.0,1.0,3.0,3,4.0,7.25,1.0,5.0,4.0,5.0,4.0,3.0,8.0,6.0,4.0,5.0,2
20,2,1,4.0,8.0,1.0,2.0,3,2.0,9.81,1.0,5.0,4.0,3.0,6.0,5.0,9.0,7.0,7.0,6.0,2
18,2,0,7.0,9.0,0.0,2.0,1,6.0,6.72,0.0,6.0,3.0,3.0,5.0,7.0,7.0,5.0,4.0,5.0,2
24,1,1,4.0,6.0,2.0,0.0,1,4.0,7.17,1.0,5.0,4.0,5.0,3.0,4.0,7.0,5.0,4.0,4.0,0
24,0,1,3.0,6.0,6.0,2.0,4,3.0,4.92,2.0,4.0,7.0,7.0,4.0,3.0,6.0,5.0,7.0,3.0,0
25,0,1,4.0,8.0,3.0,1.0,3,0.0,5.59,2.0,3.0,5.0,6.0,3.0,6.0,5.0,2.0,7.0,2.0,0
22,0,1,4.0,7.0,4.0,3.0,0,3.0,4.09,1.0,4.0,6.0,5.0,5.0,6.0,4.0,5.0,5.0,3.0,0
22,0,1,3.0,6.0,3.0,2.0,0,0.0,6.18,2.0,5.0,4.0,5.0,5.0,7.0,4.0,4.0,7.0,3.0,0
22,1,2,5.0,7.0,1.0,2.0,3,2.0,8.03,2.0,6.0,4.0,4.0,6.0,7.0,8.0,7.0,5.0,5.0,2
18,2,2,3.0,6.0,2.0,1.0,1,6.0,5.21,2.0,6.0,3.0,4.0,4.0,4.0,6.0,5.0,5.0,3.0,0
22,0,1,3.0,6.0,4.0,2.0,2,3.0,7.18,1.0,9.0,4.0,3.0,7.0,4.0,7.0,4.0,5.0,4.0,2
23,0,1,6.0,8.0,3.0,0.0,2,2.0,6.27,1.0,8.0,5.0,5.0,4.0,6.0,5.0,4.0,8.0,3.0,0
18,1,1,2.0,5.0,0.0,2.0,0,2.0,6.76,0.0,7.0,3.0,4.0,7.0,2.0,7.0,6.0,4.0,5.0,2
24,1,2,3.0,6.0,5.0,1.0,1,4.0,9.05,2.0,8.0,5.0,3.0,7.0,3.0,9.0,6.0,6.0,6.0,2
18,1,2,2.0,5.0,3.0,1.0,4,3.0,7.91,1.0,9.0,5.0,5.0,5.0,4.0,8.0,5.0,4.0,4.0,2
19,0,2,3.0,7.0,2.0,4.0,3,6.0,6.26,1.0,6.0,4.0,2.0,7.0,5.0,5.0,8.0,3.0,6.0,2
19,2,1,3.0,7.0,3.0,3.0,0,4.0,6.05,1.0,9.0,4.0,4.0,5.0,5.0,7.0,5.0,6.0,4.0,0
22,1,2,4.0,8.0,2.0,0.0,2,3.0,5.62,1.0,8.0,4.0,5.0,6.0,2.0,6.0,4.0,5.0,4.0,0
24,0,0,3.0,7.0,2.0,3.0,2,3.0,8.75,0.0,3.0,5.0,3.0,6.0,4.0,8.0,6.0,5.0,6.0,2
18,0,2,4.0,7.0,4.0,0.0,4,3.0,7.42,1.0,2.0,5.0,3.0,6.0,3.0,8.0,5.0,5.0,5.0,2
18,1,1,2.0,5.0,2.0,0.0,4,5.0,7.71,2.0,2.0,4.0,4.0,7.0,3.0,7.0,6.0,2.0,6.0,2
18,0,2,5.0,8.0,2.0,2.0,2,4.0,5.78,3.0,5.0,6.0,7.0,2.0,6.0,7.0,6.0,6.0,3.0,0
23,0,2,3.0,6.0,3.0,1.0,1,1.0,6.74,1.0,4.0,7.0,5.0,5.0,4.0,6.0,5.0,8.0,3.0,0
19,1,1,5.0,6.0,3.0,1.0,2,4.0,6.5,4.0,10.0,3.0,6.0,4.0,5.0,7.0,4.0,7.0,3.0,0
18,1,1,4.0,6.0,4.0,2.0,3,5.0,5.03,1.0,6.0,6.0,6.0,3.0,3.0,5.0,5.0,6.0,2.0,0
23,0,2,3.0,8.0,4.0,1.0,1,6.0,5.15,2.0,6.0,4.0,5.0,4.0,4.0,5.0,6.0,4.0,4.0,0
19,1,2,2.0,3.0,3.0,2.0,4,3.0,4.9,1.0,3.0,5.0,5.0,3.0,2.0,5.0,6.0,6.0,3.0,0
23,2,0,4.0,8.0,1.0,2.0,4,3.0,6.44,1.0,6.0,3.0,3.0,4.0,6.0,7.0,6.0,5.0,4.0,2
25,0,1,4.0,7.0,4.0,4.0,4,5.0,4.79,2.0,5.0,4.0,5.0,5.0,4.0,6.0,6.0,5.0,4.0,2
19,1,2,6.0,9.0,4.0,2.0,3,3.0,8.71,0.0,6.0,5.0,3.0,6.0,6.0,9.0,5.0,4.0,6.0,2
26,1,1,6.0,9.0,3.0,1.0,4,4.0,8.44,3.0,3.0,5.0,4.0,6.0,7.0,8.0,8.0,5.0,6.0,2
25,2,0,3.0,5.0,3.0,2.0,1,6.0,5.57,2.0,7.0,3.0,4.0,4.0,1.0,4.0,6.0,5.0,3.0,0
18,0,1,0.0,4.0,2.0,0.0,4,3.0,4.94,1.0,7.0,3.0,6.0,4.0,1.0,5.0,7.0,4.0,4.0,0
24,0,1,5.0,8.0,4.0,4.0,4,4.0,6.73,1.0,5.0,5.0,4.0,6.0,6.0,7.0,6.0,6.0,5.0,2
23,1,1,3.0,8.0,1.0,2.0,2,3.0,6.69,1.0,6.0,5.0,3.0,4.0,4.0,7.0,5.0,6.0,4.0,0
23,0,2,3.0,7.0,3.0,6.0,2,1.0,6.18,2.0,6.0,4.0,6.0,4.0,5.0,6.0,3.0,7.0,2.0,0
23,1,1,6.0,8.0,4.0,2.0,3,4.0,7.41,2.0,8.0,5.0,5.0,5.0,7.0,9.0,6.0,7.0,5.0,2
23,0,2,5.0,8.0,0.0,2.0,1,4.0,5.48,0.0,6.0,1.0,3.0,6.0,4.0,5.0,6.0,5.0,5.0,2
24,2,1,5.0,8.0,5.0,0.0,1,4.0,6.63,2.0,7.0,6.0,4.0,6.0,5.0,8.0,6.0,6.0,5.0,2
20,1,1,6.0,8.0,6.0,0.0,2,2.0,5.46,2.0,9.0,7.0,6.0,5.0,4.0,5.0,3.0,8.0,2.0,0
23,0,1,4.0,5.0,6.0,2.0,1,2.0,5.37,1.0,3.0,6.0,5.0,4.0,5.0,4.0,4.0,6.0,2.0,0
20,1,1,5.0,8.0,4.0,1.0,4,4.0,7.23,2.0,7.0,5.0,3.0,6.0,4.0,8.0,7.0,5.0,6.0,2
24,0,1,4.0,8.0,5.0,4.0,3,3.0,6.62,2.0,5.0,7.0,8.0,4.0,3.0,7.0,3.0,6.0,2.0,0
24,1,2,5.0,8.0,3.0,2.0,2,1.0,8.33,0.0,5.0,6.0,5.0,3.0,6.0,9.0,5.0,7.0,4.0,0
25,2,1,4.0,8.0,6.0,1.0,4,1.0,4.75,3.0,8.0,7.0,5.0,5.0,6.0,5.0,5.0,7.0,3.0,0
19,1,1,6.0,10.0,3.0,2.0,2,3.0,4.88,1.0,8.0,6.0,6.0,5.0,7.0,6.0,4.0,6.0,3.0,0
26,0,1,2.0,6.0,1.0,1.0,2,2.0,8.01,3.0,4.0,1.0,2.0,8.0,2.0,7.0,6.0,3.0,7.0,2
22,0,1,3.0,8.0,2.0,2.0,3,1.0,5.76,0.0,1.0,5.0,5.0,3.0,6.0,6.0,5.0,7.0,2.0,0
26,2,1,4.0,8.0,3.0,0.0,3,2.0,6.63,2.0,5.0,5.0,2.0,7.0,5.0,8.0,6.0,7.0,6.0,2
22,0,0,4.0,7.0,3.0,4.0,2,3.0,6.88,3.0,7.0,5.0,6.0,5.0,4.0,7.0,4.0,6.0,3.0,0
24,0,1,2.0,5.0,2.0,2.0,4,3.0,6.03,0.0,6.0,4.0,5.0,2.0,3.0,6.0,4.0,5.0,3.0,0
26,1,2,3.0,5.0,5.0,2.0,0,1.0,6.15,3.0,6.0,4.0,4.0,5.0,2.0,6.0,4.0,7.0,4.0,0
21,1,2,4.0,6.0,4.0,1.0,4,4.0,6.65,0.0,4.0,5.0,4.0,7.0,5.0,7.0,4.0,6.0,4.0,0
19,0,1,3.0,7.0,2.0,3.0,1,4.0,5.52,2.0,6.0,6.0,3.0,6.0,4.0,4.0,3.0,5.0,3.0,0
26,1,1,1.0,4.0,1.0,0.0,2,3.0,6.24,1.0,5.0,3.0,5.0,5.0,3.0,6.0,4.0,4.0,4.0,0
19,1,1,3.0,5.0,4.0,1.0,2,5.0,7.62,0.0,10.0,7.0,6.0,4.0,5.0,9.0,7.0,5.0,5.0,2
20,1,1,2.0,6.0,2.0,2.0,3,4.0,6.28,0.0,8.0,5.0,4.0,6.0,5.0,5.0,4.0,5.0,4.0,0
19,0,2,5.0,7.0,2.0,1.0,1,1.0,5.1,1.0,6.0,6.0,5.0,5.0,5.0,5.0,3.0,6.0,3.0,0
20,1,2,4.0,6.0,2.0,0.0,0,1.0,7.26,4.0,6.0,4.0,6.0,4.0,6.0,8.0,5.0,8.0,3.0,0
23,1,0,5.0,9.0,5.0,1.0,0,4.0,7.3,1.0,4.0,6.0,6.0,5.0,5.0,7.0,5.0,8.0,4.0,0
20,1,2,4.0,8.0,1.0,1.0,3,2.0,5.96,2.0,4.0,5.0,5.0,6.0,4.0,6.0,7.0,6.0,5.0,2
25,0,1,2.0,4.0,2.0,0.0,0,4.0,3.55,1.0,7.0,2.0,5.0,6.0,4.0,4.0,5.0,5.0,3.0,0
23,0,2,0.0,3.0,2.0,4.0,2,4.0,6.76,0.0,6.0,3.0,5.0,7.0,2.0,7.0,7.0,5.0,5.0,2
24,0,2,6.0,8.0,2.0,0.0,0,3.0,9.26,1.0,7.0,7.0,5.0,5.0,5.0,9.0,6.0,8.0,5.0,2
18,0,2,3.0,6.0,0.0,0.0,0,1.0,7.44,3.0,4.0,3.0,4.0,7.0,5.0,7.0,7.0,7.0,5.0,2
20,1,2,1.0,2.0,2.0,0.0,4,3.0,5.62,0.0,7.0,4.0,5.0,5.0,2.0,6.0,6.0,6.0,4.0,0
20,1,0,6.0,9.0,4.0,1.0,0,1.0,4.18,4.0,7.0,5.0,4.0,4.0,5.0,4.0,6.0,4.0,3.0,0
19,1,1,5.0,7.0,3.0,2.0,4,4.0,5.57,1.0,5.0,6.0,5.0,5.0,5.0,7.0,4.0,8.0,3.0,0
24,0,1,6.0,11.0,0.0,2.0,1,5.0,7.27,3.0,8.0,4.0,3.0,7.0,5.0,7.0,7.0,5.0,6.0,2
26,0,2,5.0,8.0,4.0,4.0,4,2.0,6.06,2.0,4.0,5.0,3.0,6.0,4.0,7.0,3.0,5.0,4.0,0
21,1,1,5.0,7.0,4.0,0.0,1,3.0,7.77,2.0,4.0,5.0,4.0,5.0,5.0,6.0,8.0,5.0,5.0,2
22,0,2,3.0,6.0,1.0,0.0,3,5.0,5.23,2.0,7.0,5.0,6.0,4.0,4.0,6.0,4.0,5.0,3.0,0
20,0,1,5.0,7.0,3.0,0.0,2,3.0,5.25,1.0,5.0,6.0,6.0,5.0,5.0,6.0,4.0,8.0,3.0,0
26,2,1,7.0,10.0,1.0,0.0,3,2.0,5.51,0.0,9.0,5.0,5.0,5.0,6.0,6.0,5.0,9.0,3.0,0
21,0,1,5.0,8.0,4.0,0.0,3,4.0,7.27,1.0,5.0,6.0,4.0,5.0,5.0,8.0,5.0,7.0,4.0,2
22,0,2,3.0,7.0,5.0,2.0,3,1.0,6.36,1.0,10.0,7.0,6.0,4.0,3.0,5.0,5.0,8.0,2.0,0
18,0,1,2.0,6.0,4.0,4.0,1,1.0,5.85,1.0,5.0,6.0,5.0,3.0,2.0,4.0,5.0,7.0,2.0,0
19,2,2,6.0,8.0,5.0,3.0,0,0.0,7.45,2.0,7.0,6.0,6.0,4.0,7.0,7.0,5.0,7.0,4.0,0
26,2,0,4.0,7.0,4.0,0.0,4,3.0,8.02,2.0,7.0,6.0,4.0,5.0,6.0,8.0,7.0,7.0,5.0,2
19,0,1,4.0,6.0,3.0,1.0,3,3.0,4.57,3.0,6.0,3.0,5.0,5.0,3.0,6.0,5.0,6.0,3.0,0
22,0,1,1.0,3.0,4.0,1.0,3,2.0,7.74,3.0,6.0,4.0,5.0,4.0,1.0,7.0,6.0,5.0,4.0,2
25,0,1,1.0,5.0,2.0,2.0,0,1.0,6.26,1.0,4.0,5.0,5.0,4.0,3.0,8.0,3.0,6.0,3.0,0
20,1,1,4.0,8.0,2.0,1.0,3,3.0,7.83,1.0,8.0,6.0,5.0,5.0,5.0,8.0,6.0,6.0,5.0,2
23,0,1,3.0,6.0,3.0,1.0,1,2.0,6.68,2.0,2.0,4.0,6.0,5.0,3.0,8.0,3.0,6.0,3.0,0
21,1,1,4.0,8.0,2.0,4.0,1,4.0,7.51,2.0,4.0,7.0,7.0,4.0,3.0,7.0,4.0,6.0,3.0,0
24,2,1,5.0,7.0,2.0,1.0,0,5.0,5.16,3.0,6.0,2.0,4.0,5.0,6.0,5.0,7.0,5.0,4.0,2
20,0,1,3.0,7.0,5.0,1.0,1,5.0,5.42,0.0,2.0,3.0,4.0,5.0,3.0,6.0,7.0,5.0,4.0,2
23,0,2,4.0,9.0,2.0,4.0,3,4.0,6.26,1.0,8.0,3.0,4.0,7.0,4.0,7.0,5.0,4.0,5.0,2
26,0,0,4.0,7.0,1.0,2.0,3,3.0,4.65,2.0,5.0,5.0,6.0,5.0,5.0,5.0,4.0,6.0,3.0,0
18,0,1,8.0,11.0,1.0,2.0,2,2.0,5.13,2.0,5.0,7.0,6.0,3.0,8.0,5.0,4.0,7.0,2.0,0
20,1,2,3.0,5.0,3.0,4.0,2,3.0,7.77,1.0,8.0,5.0,4.0,6.0,3.0,8.0,7.0,4.0,6.0,2
19,0,1,3.0,6.0,5.0,2.0,0,4.0,4.73,2.0,8.0,6.0,5.0,7.0,3.0,4.0,5.0,5.0,4.0,0
25,0,1,3.0,7.0,1.0,0.0,3,5.0,5.39,1.0,7.0,6.0,6.0,6.0,4.0,5.0,6.0,3.0,4.0,2
24,1,1,6.0,10.0,4.0,2.0,3,5.0,6.23,1.0,7.0,6.0,4.0,5.0,5.0,6.0,6.0,6.0,4.0,2
19,0,1,3.0,6.0,5.0,0.0,4,2.0,6.55,1.0,10.0,5.0,5.0,4.0,3.0,6.0,4.0,7.0,3.0,0
23,1,1,5.0,8.0,2.0,5.0,1,5.0,4.73,0.0,9.0,5.0,7.0,3.0,6.0,6.0,3.0,5.0,2.0,0
20,0,1,4.0,6.0,2.0,0.0,0,2.0,5.84,0.0,2.0,5.0,4.0,5.0,6.0,6.0,5.0,4.0,4.0,2
25,1,0,4.0,6.0,5.0,1.0,0,4.0,6.52,1.0,7.0,6.0,5.0,5.0,4.0,7.0,5.0,4.0,4.0,2
20,0,1,6.0,10.0,5.0,2.0,1,3.0,7.1,1.0,7.0,6.0,6.0,4.0,5.0,8.0,5.0,8.0,3.0,0
26,1,2,1.0,4.0,2.0,0.0,4,2.0,5.27,0.0,4.0,5.0,2.0,5.0,3.0,5.0,5.0,3.0,4.0,2
18,0,2,4.0,8.0,3.0,0.0,2,6.0,4.87,2.0,5.0,6.0,6.0,6.0,4.0,3.0,4.0,5.0,2.0,0
22,1,1,5.0,8.0,3.0,4.0,4,5.0,5.06,0.0,10.0,6.0,7.0,3.0,4.0,5.0,4.0,7.0,2.0,0
20,1,1,5.0,7.0,4.0,3.0,2,1.0,6.35,1.0,6.0,6.0,6.0,5.0,5.0,8.0,2.0,6.0,3.0,0
23,0,1,2.0,4.0,3.0,4.0,2,3.0,5.89,1.0,7.0,5.0,4.0,7.0,4.0,6.0,5.0,3.0,5.0,2
19,1,1,2.0,7.0,2.0,1.0,4,3.0,6.37,1.0,6.0,3.0,3.0,6.0,2.0,6.0,6.0,5.0,5.0,2
26,0,1,4.0,8.0,2.0,3.0,0,4.0,6.23,3.0,5.0,5.0,4.0,6.0,4.0,6.0,6.0,5.0,5.0,2
23,1,1,0.0,5.0,5.0,2.0,3,4.0,6.13,2.0,7.0,6.0,6.0,4.0,3.0,6.0,4.0,6.0,3.0,0
24,1,1,3.0,7.0,3.0,1.0,0,4.0,6.2,0.0,10.0,5.0,5.0,5.0,3.0,7.0,3.0,5.0,3.0,0
22,0,1,2.0,5.0,3.0,2.0,3,2.0,6.93,2.0,6.0,4.0,5.0,6.0,3.0,7.0,4.0,4.0,4.0,2
26,0,1,4.0,7.0,4.0,2.0,0,0.0,7.75,0.0,6.0,7.0,6.0,4.0,7.0,8.0,4.0,8.0,3.0,0
18,0,1,4.0,6.0,4.0,2.0,4,4.0,6.67,3.0,7.0,6.0,5.0,6.0,3.0,7.0,6.0,5.0,4.0,2
22,0,0,5.0,9.0,2.0,0.0,4,1.0,7.09,0.0,5.0,3.0,3.0,5.0,6.0,7.0,6.0,7.0,5.0,2
23,1,1,3.0,7.0,2.0,3.0,4,2.0,5.17,1.0,6.0,3.0,4.0,5.0,4.0,4.0,4.0,4.0,3.0,0
24,1,2,4.0,7.0,2.0,0.0,3,3.0,8.19,2.0,6.0,2.0,1.0,8.0,6.0,8.0,7.0,4.0,7.0,2
21,1,0,4.0,8.0,2.0,0.0,0,3.0,7.12,0.0,4.0,4.0,3.0,5.0,4.0,8.0,7.0,4.0,6.0,2
18,0,1,3.0,5.0,5.0,0.0,2,4.0,8.35,2.0,6.0,4.0,4.0,6.0,4.0,8.0,6.0,4.0,5.0,2
25,0,1,6.0,7.0,6.0,5.0,0,1.0,6.2,3.0,7.0,6.0,5.0,5.0,5.0,6.0,4.0,7.0,3.0,0
21,1,1,5.0,7.0,2.0,6.0,0,1.0,6.2,1.0,3.0,6.0,4.0,5.0,5.0,5.0,5.0,5.0,3.0,0
20,1,0,3.0,7.0,2.0,4.0,1,2.0,4.9,1.0,7.0,4.0,3.0,6.0,4.0,6.0,4.0,7.0,4.0,0
24,1,2,3.0,7.0,3.0,3.0,0,3.0,7.51,0.0,1.0,4.0,3.0,7.0,4.0,7.0,6.0,4.0,5.0,2
19,2,1,5.0,8.0,0.0,0.0,2,1.0,4.86,2.0,5.0,4.0,5.0,5.0,6.0,4.0,2.0,7.0,2.0,0
25,0,2,2.0,4.0,6.0,0.0,0,4.0,6.73,1.0,10.0,6.0,5.0,6.0,1.0,6.0,5.0,3.0,4.0,2
23,1,1,2.0,4.0,1.0,2.0,1,1.0,7.78,0.0,8.0,5.0,3.0,7.0,4.0,8.0,5.0,4.0,6.0,2
24,0,1,5.0,7.0,3.0,1.0,1,1.0,6.22,3.0,6.0,4.0,4.0,7.0,5.0,4.0,6.0,7.0,4.0,2
22,1,2,7.0,9.0,3.0,0.0,2,4.0,6.34,3.0,4.0,7.0,6.0,4.0,6.0,8.0,4.0,8.0,3.0,0
26,0,2,3.0,6.0,3.0,1.0,0,2.0,8.85,3.0,8.0,5.0,3.0,4.0,5.0,7.0,7.0,4.0,5.0,2
22,0,1,3.0,5.0,3.0,0.0,4,5.0,3.58,0.0,3.0,4.0,6.0,5.0,3.0,3.0,3.0,5.0,2.0,0
22,1,2,4.0,7.0,3.0,0.0,4,0.0,6.28,3.0,6.0,5.0,4.0,5.0,5.0,6.0,2.0,7.0,3.0,0
20,0,1,3.0,6.0,1.0,0.0,1,2.0,5.2,2.0,7.0,3.0,4.0,5.0,5.0,4.0,3.0,6.0,2.0,0
18,0,2,3.0,6.0,3.0,2.0,2,5.0,7.14,2.0,5.0,4.0,3.0,6.0,4.0,7.0,7.0,3.0,6.0,2
19,1,1,3.0,6.0,5.0,0.0,4,2.0,8.01,0.0,5.0,5.0,5.0,4.0,2.0,8.0,3.0,4.0,4.0,0
25,0,2,4.0,8.0,2.0,1.0,1,4.0,5.13,0.0,6.0,3.0,5.0,7.0,3.0,5.0,5.0,7.0,4.0,0
18,0,2,5.0,9.0,3.0,1.0,1,2.0,7.21,1.0,6.0,5.0,4.0,6.0,6.0,8.0,7.0,6.0,5.0,2
24,2,1,4.0,8.0,4.0,2.0,0,4.0,6.91,1.0,2.0,6.0,5.0,5.0,5.0,9.0,4.0,6.0,4.0,2
22,1,0,4.0,8.0,4.0,2.0,2,3.0,7.47,1.0,12.0,6.0,4.0,5.0,3.0,6.0,5.0,7.0,3.0,0
20,1,1,3.0,7.0,3.0,1.0,4,6.0,5.96,1.0,7.0,6.0,4.0,6.0,3.0,5.0,6.0,4.0,4.0,2
24,0,1,2.0,5.0,3.0,2.0,0,3.0,7.86,1.0,9.0,6.0,4.0,5.0,3.0,8.0,5.0,5.0,4.0,2
26,0,1,2.0,4.0,2.0,0.0,3,2.0,7.38,1.0,6.0,2.0,2.0,6.0,5.0,7.0,6.0,4.0,5.0,2
19,1,1,2.0,6.0,1.0,0.0,2,2.0,6.5,2.0,10.0,7.0,7.0,4.0,4.0,8.0,4.0,5.0,3.0,0
25,2,1,5.0,7.0,3.0,1.0,1,4.0,6.29,2.0,7.0,4.0,4.0,7.0,5.0,6.0,6.0,4.0,5.0,2
26,1,2,3.0,6.0,3.0,4.0,0,5.0,7.37,1.0,7.0,2.0,2.0,7.0,5.0,8.0,6.0,4.0,6.0,2
20,1,2,5.0,7.0,3.0,3.0,4,2.0,7.13,2.0,10.0,6.0,5.0,4.0,7.0,8.0,5.0,5.0,4.0,0
19,0,1,3.0,7.0,3.0,0.0,1,5.0,6.04,1.0,6.0,5.0,6.0,6.0,3.0,6.0,5.0,6.0,4.0,0
24,1,2,4.0,8.0,2.0,2.0,1,4.0,4.23,2.0,5.0,6.0,6.0,3.0,6.0,5.0,3.0,5.0,2.0,0
22,1,2,3.0,7.0,2.0,2.0,4,3.0,4.27,2.0,9.0,6.0,6.0,4.0,3.0,4.0,4.0,8.0,2.0,0
22,0,2,6.0,12.0,1.0,2.0,3,3.0,7.9,0.0,7.0,3.0,3.0,6.0,6.0,9.0,8.0,7.0,6.0,2
22,1,0,3.0,6.0,3.0,0.0,2,5.0,5.6,2.0,9.0,5.0,5.0,5.0,3.0,5.0,5.0,5.0,3.0,0
21,2,1,5.0,9.0,2.0,6.0,2,4.0,5.17,1.0,3.0,5.0,6.0,3.0,6.0,6.0,5.0,5.0,3.0,0
22,0,2,2.0,5.0,4.0,1.0,1,3.0,6.39,2.0,4.0,5.0,3.0,7.0,5.0,6.0,6.0,6.0,5.0,2
21,0,1,6.0,9.0,3.0,2.0,0,2.0,6.78,2.0,6.0,6.0,5.0,5.0,7.0,7.0,5.0,8.0,4.0,0
23,1,2,5.0,8.0,3.0,5.0,3,3.0,5.62,1.0,8.0,5.0,4.0,6.0,3.0,5.0,6.0,6.0,4.0,0
21,1,2,3.0,6.0,3.0,1.0,3,6.0,3.99,2.0,3.0,4.0,8.0,3.0,5.0,5.0,4.0,7.0,1.0,0
19,0,1,3.0,8.0,4.0,1.0,1,3.0,6.07,0.0,8.0,5.0,4.0,7.0,4.0,6.0,5.0,4.0,5.0,2
26,0,0,6.0,9.0,4.0,3.0,0,5.0,5.17,2.0,4.0,5.0,6.0,5.0,6.0,4.0,5.0,8.0,2.0,0
19,0,2,5.0,9.0,3.0,1.0,4,0.0,4.95,1.0,9.0,5.0,5.0,6.0,4.0,4.0,3.0,9.0,2.0,0
26,1,0,4.0,5.0,4.0,2.0,4,2.0,7.44,2.0,6.0,6.0,5.0,5.0,4.0,7.0,5.0,6.0,4.0,0
23,0,1,3.0,6.0,4.0,0.0,1,4.0,4.87,3.0,7.0,6.0,5.0,5.0,3.0,7.0,5.0,3.0,4.0,2
26,1,2,6.0,11.0,3.0,0.0,0,4.0,7.28,1.0,7.0,4.0,4.0,6.0,7.0,7.0,6.0,5.0,5.0,2
26,0,2,3.0,6.0,4.0,2.0,3,2.0,7.12,1.0,7.0,5.0,5.0,4.0,3.0,7.0,5.0,6.0,4.0,0
20,0,1,4.0,7.0,3.0,1.0,3,5.0,6.43,0.0,2.0,6.0,4.0,7.0,4.0,7.0,7.0,5.0,5.0,2
18,1,2,3.0,8.0,4.0,0.0,3,7.0,8.0,1.0,9.0,5.0,4.0,6.0,2.0,8.0,6.0,2.0,6.0,2
18,0,2,4.0,6.0,4.0,1.0,2,6.0,7.66,1.0,5.0,5.0,6.0,5.0,6.0,9.0,6.0,5.0,5.0,2
20,1,2,7.0,9.0,4.0,1.0,3,5.0,4.63,1.0,7.0,7.0,6.0,4.0,5.0,5.0,2.0,7.0,2.0,0
22,0,1,4.0,8.0,1.0,2.0,4,1.0,6.58,2.0,6.0,3.0,5.0,4.0,2.0,6.0,4.0,5.0,3.0,0
20,0,2,6.0,12.0,4.0,2.0,0,4.0,6.34,1.0,5.0,4.0,4.0,3.0,7.0,8.0,8.0,6.0,4.0,2
26,1,2,2.0,6.0,4.0,2.0,3,3.0,7.96,2.0,7.0,5.0,5.0,5.0,4.0,8.0,6.0,6.0,5.0,2
26,2,2,1.0,4.0,5.0,0.0,1,4.0,4.17,0.0,3.0,4.0,6.0,5.0,2.0,4.0,5.0,6.0,3.0,0
20,0,1,5.0,9.0,3.0,0.0,1,1.0,6.55,2.0,4.0,7.0,5.0,6.0,4.0,6.0,6.0,7.0,4.0,2
20,2,1,3.0,6.0,4.0,0.0,4,4.0,6.67,1.0,4.0,5.0,5.0,6.0,5.0,6.0,6.0,5.0,4.0,2
22,1,1,4.0,6.0,3.0,0.0,3,2.0,7.87,2.0,6.0,5.0,4.0,3.0,2.0,8.0,7.0,6.0,4.0,2
19,2,2,1.0,5.0,2.0,1.0,4,2.0,6.74,2.0,7.0,4.0,3.0,6.0,1.0,7.0,6.0,6.0,5.0,2
23,1,1,1.0,5.0,3.0,0.0,4,3.0,6.96,1.0,6.0,2.0,4.0,4.0,3.0,6.0,6.0,6.0,4.0,2
24,0,1,4.0,7.0,3.0,4.0,4,1.0,8.47,2.0,5.0,5.0,3.0,7.0,4.0,9.0,6.0,5.0,6.0,2
26,2,2,3.0,7.0,3.0,2.0,2,5.0,6.11,0.0,8.0,6.0,5.0,5.0,4.0,6.0,5.0,6.0,4.0,0
23,1,1,4.0,8.0,6.0,0.0,3,4.0,6.58,2.0,10.0,5.0,5.0,7.0,5.0,6.0,7.0,5.0,5.0,2
20,1,0,6.0,9.0,3.0,1.0,1,3.0,7.07,2.0,5.0,5.0,2.0,7.0,7.0,6.0,6.0,5.0,5.0,2
22,0,1,5.0,8.0,3.0,1.0,2,1.0,5.29,3.0,5.0,3.0,5.0,6.0,5.0,5.0,4.0,5.0,3.0,0
21,0,0,7.0,9.0,3.0,1.0,4,1.0,4.74,0.0,6.0,6.0,5.0,5.0,6.0,4.0,4.0,8.0,2.0,0
22,0,1,4.0,7.0,4.0,1.0,1,4.0,6.88,1.0,7.0,6.0,6.0,5.0,6.0,6.0,6.0,5.0,4.0,0
25,1,1,6.0,9.0,3.0,3.0,4,2.0,6.6,0.0,5.0,6.0,3.0,7.0,5.0,5.0,4.0,7.0,4.0,2
25,0,1,5.0,8.0,3.0,2.0,2,2.0,8.71,2.0,7.0,5.0,4.0,5.0,6.0,9.0,6.0,5.0,5.0,2
23,1,2,3.0,5.0,3.0,1.0,0,1.0,6.2,1.0,8.0,5.0,5.0,5.0,5.0,5.0,4.0,6.0,3.0,0
18,2,1,4.0,8.0,4.0,4.0,4,3.0,7.02,2.0,6.0,4.0,5.0,6.0,5.0,7.0,4.0,4.0,4.0,2
25,0,1,3.0,8.0,2.0,5.0,4,2.0,5.12,2.0,3.0,5.0,4.0,7.0,3.0,5.0,3.0,4.0,4.0,2
25,0,0,6.0,10.0,2.0,2.0,1,2.0,5.87,2.0,7.0,5.0,5.0,4.0,5.0,7.0,4.0,7.0,3.0,0
19,1,1,4.0,7.0,4.0,2.0,1,4.0,8.42,1.0,4.0,5.0,5.0,4.0,5.0,9.0,4.0,5.0,4.0,2
21,0,2,3.0,5.0,3.0,0.0,4,3.0,4.99,1.0,7.0,4.0,6.0,5.0,2.0,5.0,4.0,3.0,3.0,0
19,0,2,2.0,5.0,2.0,2.0,3,1.0,7.25,1.0,7.0,3.0,5.0,5.0,2.0,8.0,6.0,5.0,5.0,2
21,0,1,2.0,5.0,3.0,3.0,1,2.0,8.05,2.0,4.0,4.0,2.0,7.0,3.0,9.0,7.0,5.0,7.0,2
24,1,2,3.0,7.0,2.0,0.0,0,3.0,6.31,2.0,5.0,4.0,5.0,5.0,3.0,7.0,4.0,5.0,4.0,0
26,0,1,3.0,6.0,2.0,0.0,0,4.0,5.21,3.0,5.0,6.0,6.0,4.0,3.0,4.0,5.0,6.0,2.0,0
25,0,1,2.0,5.0,4.0,5.0,4,6.0,7.86,0.0,8.0,5.0,4.0,7.0,1.0,9.0,7.0,5.0,6.0,2
26,1,1,6.0,9.0,2.0,0.0,1,4.0,7.68,2.0,5.0,4.0,4.0,6.0,5.0,8.0,7.0,6.0,5.0,2
25,1,2,2.0,3.0,3.0,2.0,0,3.0,6.46,2.0,6.0,5.0,4.0,5.0,4.0,6.0,5.0,4.0,4.0,2
19,1,1,5.0,9.0,3.0,2.0,2,5.0,7.12,2.0,2.0,4.0,5.0,5.0,5.0,6.0,6.0,5.0,4.0,2
24,1,1,7.0,11.0,2.0,2.0,0,4.0,5.76,1.0,6.0,6.0,6.0,6.0,7.0,5.0,4.0,7.0,3.0,0
19,1,2,4.0,8.0,3.0,3.0,1,0.0,5.75,1.0,8.0,6.0,4.0,6.0,4.0,5.0,5.0,6.0,4.0,0
19,0,1,4.0,8.0,3.0,3.0,4,2.0,6.51,2.0,9.0,6.0,5.0,4.0,4.0,8.0,4.0,8.0,3.0,0
21,0,0,4.0,8.0,4.0,1.0,0,3.0,6.48,1.0,7.0,5.0,6.0,6.0,3.0,8.0,4.0,6.0,4.0,2
18,0,1,2.0,7.0,3.0,1.0,4,1.0,4.9,1.0,6.0,4.0,5.0,7.0,5.0,3.0,4.0,7.0,3.0,0
22,1,1,5.0,7.0,5.0,0.0,2,2.0,5.73,2.0,5.0,7.0,6.0,5.0,4.0,7.0,5.0,7.0,3.0,0
23,0,2,4.0,9.0,2.0,0.0,0,4.0,5.04,2.0,6.0,7.0,7.0,4.0,6.0,6.0,5.0,7.0,3.0,0
26,2,1,4.0,7.0,3.0,1.0,4,2.0,7.5,3.0,5.0,3.0,3.0,5.0,6.0,8.0,6.0,4.0,5.0,2
25,1,2,1.0,4.0,2.0,0.0,0,4.0,7.06,1.0,6.0,4.0,3.0,5.0,3.0,6.0,6.0,3.0,5.0,2
19,1,0,7.0,11.0,4.0,2.0,0,3.0,7.03,2.0,6.0,6.0,4.0,5.0,6.0,7.0,6.0,7.0,4.0,2
18,0,1,4.0,8.0,4.0,2.0,1,5.0,3.05,2.0,6.0,5.0,8.0,3.0,5.0,3.0,4.0,7.0,1.0,0
19,0,1,2.0,6.0,4.0,0.0,1,3.0,5.08,2.0,8.0,4.0,5.0,3.0,5.0,5.0,4.0,6.0,2.0,0
24,0,1,2.0,6.0,4.0,0.0,3,5.0,6.89,1.0,4.0,5.0,3.0,7.0,3.0,6.0,7.0,5.0,5.0,2
21,0,2,3.0,6.0,3.0,2.0,1,5.0,8.01,1.0,7.0,6.0,5.0,7.0,5.0,8.0,7.0,5.0,6.0,2
22,1,1,6.0,10.0,4.0,0.0,1,1.0,6.98,3.0,8.0,5.0,4.0,5.0,4.0,7.0,5.0,5.0,4.0,2
24,0,1,4.0,6.0,4.0,2.0,3,4.0,7.31,2.0,6.0,5.0,4.0,6.0,4.0,7.0,6.0,4.0,5.0,2
20,1,2,4.0,7.0,4.0,1.0,3,3.0,7.17,2.0,7.0,5.0,4.0,6.0,3.0,6.0,7.0,5.0,5.0,2
19,1,1,3.0,7.0,3.0,1.0,0,2.0,7.04,0.0,7.0,4.0,5.0,6.0,3.0,8.0,6.0,5.0,5.0,2
24,1,1,6.0,8.0,2.0,3.0,0,5.0,6.43,1.0,9.0,8.0,6.0,5.0,5.0,7.0,7.0,6.0,4.0,2
22,1,0,6.0,10.0,5.0,1.0,0,3.0,5.33,1.0,4.0,5.0,4.0,7.0,5.0,6.0,4.0,7.0,4.0,2
18,0,1,2.0,5.0,3.0,1.0,1,1.0,7.55,2.0,6.0,6.0,4.0,7.0,3.0,8.0,5.0,5.0,5.0,2
18,0,1,4.0,8.0,3.0,0.0,4,4.0,7.22,2.0,7.0,6.0,3.0,6.0,5.0,6.0,6.0,4.0,5.0,2
26,2,1,4.0,7.0,2.0,2.0,4,3.0,6.99,2.0,6.0,4.0,4.0,6.0,4.0,8.0,4.0,7.0,4.0,2
22,1,2,3.0,5.0,3.0,0.0,1,2.0,6.8,2.0,8.0,6.0,6.0,6.0,3.0,8.0,4.0,7.0,4.0,0
18,2,1,3.0,6.0,3.0,1.0,2,4.0,5.7,2.0,3.0,5.0,5.0,4.0,4.0,5.0,5.0,5.0,3.0,0
24,0,1,4.0,6.0,2.0,1.0,0,4.0,7.93,3.0,7.0,3.0,5.0,6.0,3.0,9.0,8.0,5.0,6.0,2
26,0,1,2.0,4.0,2.0,2.0,1,1.0,4.36,1.0,7.0,3.0,5.0,4.0,4.0,4.0,5.0,6.0,2.0,0
18,0,0,4.0,8.0,4.0,3.0,2,4.0,6.22,2.0,5.0,7.0,7.0,3.0,5.0,5.0,4.0,5.0,2.0,0
21,0,1,4.0,8.0,3.0,0.0,0,2.0,7.87,2.0,9.0,5.0,4.0,5.0,6.0,7.0,4.0,5.0,4.0,0
20,1,1,5.0,8.0,3.0,2.0,3,3.0,6.36,2.0,6.0,6.0,3.0,6.0,3.0,6.0,4.0,5.0,4.0,0
22,0,1,3.0,6.0,3.0,3.0,1,2.0,6.38,2.0,6.0,4.0,7.0,3.0,4.0,7.0,6.0,7.0,3.0,0
24,0,1,1.0,4.0,2.0,1.0,2,4.0,5.62,2.0,2.0,3.0,4.0,6.0,1.0,6.0,4.0,5.0,4.0,0
25,0,2,3.0,7.0,4.0,3.0,4,4.0,8.62,0.0,9.0,6.0,5.0,6.0,1.0,9.0,6.0,4.0,5.0,2
19,0,2,2.0,7.0,3.0,1.0,1,2.0,7.8,1.0,5.0,5.0,2.0,6.0,3.0,7.0,7.0,5.0,5.0,2
24,1,1,4.0,6.0,4.0,1.0,4,2.0,8.9,1.0,6.0,5.0,3.0,7.0,6.0,10.0,6.0,6.0,6.0,2
18,0,1,5.0,9.0,4.0,0.0,2,3.0,6.25,2.0,5.0,4.0,5.0,3.0,6.0,7.0,3.0,6.0,3.0,0
24,0,1,7.0,10.0,3.0,3.0,1,4.0,5.08,2.0,7.0,7.0,6.0,3.0,6.0,5.0,4.0,7.0,2.0,0
25,0,1,3.0,6.0,2.0,2.0,1,2.0,3.46,1.0,6.0,3.0,7.0,3.0,4.0,3.0,2.0,8.0,1.0,0
19,1,2,4.0,7.0,1.0,0.0,1,3.0,7.99,3.0,5.0,6.0,4.0,5.0,5.0,7.0,6.0,6.0,4.0,2
26,0,1,4.0,9.0,1.0,2.0,1,1.0,6.85,2.0,9.0,4.0,5.0,5.0,4.0,7.0,5.0,6.0,4.0,0
18,1,1,6.0,10.0,4.0,2.0,3,3.0,6.49,0.0,7.0,5.0,5.0,6.0,5.0,7.0,5.0,6.0,4.0,2
23,0,1,4.0,6.0,4.0,2.0,1,2.0,5.42,1.0,7.0,6.0,6.0,6.0,5.0,5.0,5.0,6.0,3.0,0
18,2,2,3.0,5.0,5.0,0.0,2,3.0,7.43,1.0,4.0,7.0,5.0,4.0,6.0,7.0,6.0,5.0,4.0,2
20,1,2,4.0,7.0,3.0,1.0,2,4.0,6.48,2.0,7.0,6.0,7.0,4.0,5.0,6.0,5.0,6.0,3.0,0
23,1,1,5.0,8.0,2.0,0.0,3,4.0,6.61,2.0,4.0,4.0,4.0,6.0,5.0,5.0,7.0,6.0,4.0,2
20,1,1,5.0,8.0,4.0,3.0,1,3.0,4.32,2.0,8.0,5.0,5.0,5.0,4.0,5.0,5.0,3.0,4.0,0
25,0,0,7.0,9.0,4.0,4.0,1,2.0,8.04,3.0,7.0,5.0,6.0,4.0,6.0,7.0,5.0,6.0,3.0,0
22,2,1,6.0,11.0,5.0,2.0,0,5.0,6.23,2.0,5.0,7.0,6.0,5.0,5.0,8.0,4.0,6.0,4.0,0
19,0,1,3.0,6.0,3.0,4.0,0,5.0,6.23,5.0,6.0,6.0,5.0,5.0,4.0,7.0,6.0,4.0,4.0,2
21,1,2,2.0,5.0,4.0,0.0,4,3.0,6.6,2.0,7.0,4.0,4.0,4.0,4.0,7.0,4.0,5.0,4.0,0
26,0,1,2.0,5.0,4.0,3.0,3,5.0,7.33,1.0,8.0,5.0,3.0,8.0,3.0,8.0,5.0,4.0,6.0,2
21,0,1,4.0,9.0,3.0,2.0,0,4.0,6.41,2.0,6.0,6.0,6.0,5.0,4.0,8.0,4.0,8.0,3.0,0
25,1,2,6.0,9.0,2.0,1.0,2,6.0,6.96,4.0,8.0,6.0,6.0,2.0,4.0,7.0,6.0,4.0,3.0,0
22,0,1,4.0,7.0,5.0,4.0,2,4.0,4.7,0.0,9.0,7.0,5.0,5.0,3.0,4.0,5.0,6.0,3.0,0
18,1,2,3.0,7.0,4.0,3.0,2,4.0,6.33,2.0,8.0,5.0,4.0,6.0,5.0,5.0,7.0,4.0,5.0,2
24,0,1,2.0,3.0,3.0,2.0,3,2.0,6.74,3.0,5.0,6.0,4.0,5.0,3.0,7.0,6.0,4.0,5.0,2
20,1,0,6.0,10.0,4.0,1.0,2,3.0,6.17,1.0,8.0,5.0,7.0,2.0,6.0,7.0,3.0,8.0,2.0,0
25,1,1,3.0,5.0,4.0,1.0,0,2.0,8.09,1.0,8.0,6.0,5.0,6.0,4.0,10.0,7.0,6.0,6.0,2
20,0,2,2.0,5.0,4.0,0.0,0,4.0,5.92,1.0,8.0,4.0,4.0,5.0,2.0,6.0,5.0,5.0,4.0,0
18,0,1,4.0,7.0,2.0,0.0,4,2.0,7.44,3.0,4.0,3.0,3.0,4.0,5.0,8.0,3.0,4.0,4.0,0
22,1,1,4.0,8.0,2.0,0.0,4,4.0,6.38,2.0,2.0,7.0,6.0,3.0,2.0,6.0,5.0,6.0,3.0,0
19,2,1,5.0,7.0,3.0,4.0,3,3.0,7.23,1.0,2.0,7.0,6.0,5.0,4.0,7.0,6.0,7.0,4.0,0
21,0,2,2.0,6.0,3.0,1.0,4,4.0,7.85,0.0,3.0,4.0,5.0,5.0,3.0,7.0,6.0,7.0,4.0,2
18,1,1,6.0,10.0,5.0,2.0,3,4.0,7.32,2.0,5.0,4.0,4.0,5.0,6.0,8.0,5.0,5.0,5.0,2
26,0,2,6.0,9.0,1.0,0.0,1,4.0,5.31,2.0,6.0,3.0,5.0,6.0,6.0,6.0,5.0,6.0,4.0,0
23,0,1,4.0,7.0,4.0,4.0,4,3.0,7.11,3.0,2.0,5.0,4.0,4.0,6.0,8.0,5.0,6.0,4.0,2
25,0,2,5.0,8.0,1.0,0.0,3,4.0,7.34,2.0,7.0,3.0,3.0,6.0,6.0,8.0,5.0,3.0,5.0,2
21,1,1,5.0,9.0,3.0,4.0,0,1.0,6.54,3.0,6.0,5.0,7.0,4.0,6.0,6.0,3.0,7.0,2.0,0
26,0,1,3.0,5.0,1.0,3.0,4,5.0,6.32,0.0,7.0,4.0,5.0,4.0,3.0,7.0,6.0,4.0,4.0,2
19,0,1,2.0,5.0,5.0,2.0,4,4.0,7.64,2.0,8.0,4.0,6.0,5.0,3.0,8.0,4.0,5.0,4.0,0
26,0,1,3.0,7.0,3.0,2.0,3,1.0,5.61,2.0,7.0,4.0,5.0,6.0,3.0,7.0,3.0,5.0,4.0,0
22,1,1,1.0,4.0,4.0,1.0,1,5.0,5.9,1.0,5.0,4.0,5.0,5.0,2.0,7.0,5.0,3.0,5.0,2
23,0,2,5.0,9.0,4.0,1.0,4,0.0,6.87,2.0,4.0,5.0,6.0,5.0,5.0,8.0,2.0,7.0,3.0,0
20,1,1,6.0,9.0,3.0,3.0,3,4.0,7.34,1.0,6.0,6.0,5.0,6.0,5.0,7.0,4.0,5.0,4.0,2
21,0,2,3.0,6.0,1.0,2.0,1,2.0,6.15,2.0,2.0,4.0,6.0,5.0,4.0,6.0,3.0,6.0,3.0,0
23,2,1,3.0,7.0,1.0,1.0,3,3.0,8.15,0.0,7.0,3.0,2.0,7.0,4.0,8.0,5.0,4.0,6.0,2
24,1,1,4.0,8.0,4.0,5.0,1,4.0,3.0,2.0,8.0,5.0,8.0,4.0,3.0,4.0,4.0,7.0,2.0,0
18,1,0,7.0,10.0,3.0,1.0,2,5.0,5.85,2.0,6.0,6.0,6.0,6.0,6.0,6.0,4.0,8.0,3.0,0
24,0,1,3.0,6.0,4.0,1.0,4,3.0,5.91,3.0,5.0,8.0,5.0,5.0,4.0,5.0,5.0,6.0,3.0,0
18,0,2,6.0,10.0,3.0,0.0,2,3.0,6.48,0.0,5.0,4.0,4.0,5.0,6.0,5.0,4.0,5.0,3.0,0
22,1,1,4.0,7.0,4.0,1.0,3,1.0,6.62,0.0,5.0,5.0,5.0,6.0,5.0,8.0,4.0,6.0,4.0,2
23,0,1,0.0,4.0,4.0,5.0,2,3.0,8.43,0.0,6.0,5.0,5.0,5.0,3.0,9.0,6.0,4.0,5.0,2
19,0,1,3.0,7.0,4.0,2.0,1,1.0,4.45,3.0,8.0,7.0,8.0,2.0,4.0,3.0,3.0,6.0,1.0,0
26,0,1,5.0,8.0,3.0,3.0,0,4.0,7.0,1.0,10.0,5.0,4.0,6.0,6.0,7.0,5.0,5.0,4.0,2
23,0,1,3.0,5.0,3.0,1.0,2,3.0,7.58,2.0,9.0,5.0,4.0,6.0,5.0,6.0,7.0,6.0,5.0,2
24,1,1,5.0,8.0,4.0,2.0,3,4.0,7.33,2.0,6.0,7.0,5.0,7.0,4.0,7.0,5.0,6.0,4.0,2
25,2,1,7.0,8.0,3.0,4.0,4,5.0,5.53,1.0,8.0,6.0,6.0,5.0,5.0,6.0,4.0,4.0,3.0,0
18,1,1,5.0,7.0,1.0,3.0,2,4.0,6.71,2.0,6.0,3.0,4.0,6.0,6.0,8.0,5.0,5.0,4.0,2
25,1,2,3.0,7.0,0.0,1.0,2,5.0,6.61,1.0,5.0,6.0,4.0,6.0,4.0,7.0,8.0,6.0,5.0,2
21,1,1,5.0,9.0,2.0,2.0,0,2.0,6.22,0.0,8.0,4.0,5.0,5.0,7.0,5.0,5.0,7.0,3.0,0
25,0,2,5.0,8.0,4.0,3.0,3,3.0,7.69,2.0,8.0,7.0,4.0,6.0,5.0,8.0,4.0,6.0,4.0,2
23,0,1,5.0,8.0,3.0,1.0,2,2.0,8.71,1.0,6.0,6.0,4.0,6.0,6.0,8.0,5.0,6.0,4.0,2
26,1,2,4.0,8.0,5.0,2.0,4,1.0,5.9,2.0,5.0,4.0,6.0,5.0,4.0,7.0,4.0,7.0,3.0,0
21,0,1,3.0,5.0,4.0,1.0,1,2.0,6.66,2.0,4.0,5.0,5.0,7.0,4.0,7.0,5.0,5.0,5.0,2
19,0,1,5.0,6.0,1.0,2.0,4,3.0,4.99,0.0,4.0,5.0,5.0,6.0,4.0,5.0,4.0,7.0,3.0,0
19,0,1,5.0,6.0,4.0,2.0,2,4.0,6.36,1.0,5.0,6.0,5.0,5.0,4.0,7.0,5.0,5.0,4.0,0
22,0,1,3.0,6.0,2.0,1.0,2,3.0,5.78,3.0,6.0,3.0,4.0,5.0,4.0,6.0,4.0,6.0,3.0,0
26,1,2,2.0,5.0,5.0,3.0,0,4.0,8.21,2.0,4.0,6.0,5.0,4.0,3.0,7.0,5.0,3.0,4.0,0
20,1,1,3.0,7.0,4.0,3.0,3,6.0,8.22,0.0,4.0,5.0,5.0,3.0,4.0,8.0,9.0,5.0,5.0,2
25,0,0,2.0,6.0,5.0,2.0,0,1.0,5.62,1.0,5.0,7.0,6.0,4.0,4.0,6.0,4.0,6.0,3.0,0
21,0,2,4.0,7.0,4.0,2.0,4,4.0,6.22,1.0,6.0,6.0,7.0,6.0,4.0,5.0,6.0,5.0,4.0,0
23,1,1,5.0,7.0,3.0,3.0,3,2.0,5.68,2.0,4.0,5.0,6.0,5.0,4.0,5.0,5.0,7.0,3.0,0
23,0,1,1.0,3.0,3.0,3.0,0,4.0,6.78,2.0,5.0,2.0,2.0,6.0,2.0,7.0,6.0,2.0,6.0,2
20,0,0,4.0,7.0,2.0,0.0,2,4.0,7.34,2.0,7.0,5.0,5.0,5.0,6.0,7.0,6.0,5.0,5.0,2
22,0,1,5.0,9.0,3.0,0.0,3,1.0,5.77,2.0,5.0,5.0,5.0,4.0,4.0,7.0,5.0,7.0,4.0,0
20,1,2,3.0,6.0,3.0,1.0,1,2.0,5.91,1.0,6.0,5.0,4.0,6.0,4.0,5.0,5.0,4.0,4.0,2
18,0,0,5.0,9.0,4.0,0.0,1,7.0,8.19,3.0,6.0,6.0,4.0,8.0,4.0,8.0,7.0,4.0,6.0,2
24,0,2,6.0,9.0,3.0,1.0,4,1.0,6.29,2.0,6.0,7.0,5.0,5.0,5.0,6.0,4.0,7.0,3.0,0
21,1,2,5.0,8.0,2.0,2.0,0,1.0,5.36,3.0,6.0,5.0,6.0,5.0,5.0,6.0,3.0,6.0,2.0,0
24,1,2,7.0,10.0,3.0,1.0,4,4.0,7.0,1.0,5.0,6.0,4.0,5.0,7.0,5.0,5.0,6.0,3.0,0
20,0,2,4.0,8.0,2.0,1.0,1,3.0,5.55,0.0,8.0,4.0,6.0,5.0,5.0,6.0,6.0,4.0,4.0,0
22,0,1,6.0,7.0,2.0,3.0,2,1.0,6.03,2.0,2.0,4.0,5.0,4.0,4.0,6.0,6.0,8.0,3.0,0
22,1,1,7.0,10.0,1.0,2.0,2,4.0,6.39,1.0,5.0,6.0,7.0,4.0,7.0,6.0,5.0,8.0,2.0,0
19,1,2,5.0,8.0,3.0,1.0,2,4.0,5.93,2.0,8.0,5.0,4.0,5.0,6.0,6.0,6.0,6.0,4.0,0
19,1,0,7.0,10.0,3.0,1.0,2,1.0,7.75,1.0,4.0,4.0,3.0,6.0,7.0,7.0,6.0,5.0,5.0,2
21,1,1,5.0,7.0,2.0,0.0,2,6.0,7.52,3.0,5.0,4.0,4.0,7.0,5.0,7.0,8.0,4.0,6.0,2
21,1,1,6.0,9.0,3.0,5.0,1,5.0,6.98,1.0,11.0,5.0,5.0,4.0,7.0,8.0,4.0,4.0,4.0,0
21,0,1,2.0,6.0,3.0,0.0,3,4.0,6.02,2.0,8.0,5.0,5.0,6.0,4.0,6.0,4.0,4.0,4.0,0
23,0,2,4.0,7.0,3.0,2.0,2,2.0,5.84,2.0,7.0,6.0,6.0,4.0,5.0,5.0,4.0,6.0,2.0,0
19,0,1,8.0,12.0,4.0,0.0,3,2.0,7.18,2.0,6.0,8.0,5.0,5.0,4.0,7.0,3.0,7.0,3.0,0
23,1,2,1.0,4.0,2.0,1.0,2,1.0,6.54,2.0,7.0,4.0,5.0,4.0,2.0,7.0,4.0,6.0,3.0,0
24,1,0,3.0,5.0,3.0,0.0,4,1.0,7.85,2.0,9.0,4.0,4.0,8.0,3.0,8.0,6.0,5.0,6.0,2
20,1,1,7.0,10.0,3.0,1.0,0,3.0,6.67,1.0,8.0,6.0,5.0,6.0,6.0,7.0,5.0,7.0,4.0,0
25,1,0,4.0,6.0,4.0,2.0,3,3.0,6.7,2.0,9.0,5.0,4.0,4.0,3.0,5.0,5.0,5.0,3.0,0
19,1,0,4.0,8.0,2.0,0.0,0,4.0,6.35,1.0,6.0,5.0,4.0,6.0,4.0,7.0,6.0,5.0,5.0,2
25,1,0,5.0,9.0,3.0,0.0,1,4.0,6.62,1.0,5.0,5.0,2.0,6.0,5.0,8.0,6.0,4.0,6.0,2
22,2,1,6.0,9.0,3.0,3.0,4,4.0,6.56,2.0,4.0,5.0,5.0,5.0,6.0,6.0,4.0,6.0,3.0,0
19,1,1,3.0,7.0,4.0,2.0,2,3.0,6.76,4.0,7.0,2.0,3.0,5.0,3.0,7.0,4.0,5.0,4.0,0
24,2,2,2.0,4.0,2.0,2.0,2,2.0,5.87,2.0,7.0,5.0,5.0,4.0,3.0,6.0,6.0,4.0,4.0,2
19,1,1,3.0,4.0,3.0,0.0,1,4.0,5.2,2.0,5.0,3.0,4.0,6.0,4.0,5.0,5.0,5.0,4.0,0
23,1,1,3.0,6.0,5.0,2.0,3,3.0,5.46,1.0,6.0,4.0,5.0,4.0,4.0,6.0,6.0,5.0,4.0,0
20,0,0,2.0,3.0,2.0,3.0,2,3.0,7.8,1.0,3.0,1.0,2.0,7.0,2.0,8.0,7.0,3.0,6.0,2
26,1,2,3.0,6.0,4.0,1.0,3,2.0,6.33,1.0,4.0,3.0,4.0,5.0,2.0,8.0,6.0,4.0,5.0,2
20,1,1,4.0,7.0,3.0,0.0,2,3.0,5.98,2.0,5.0,5.0,7.0,3.0,3.0,6.0,2.0,5.0,2.0,0
20,2,1,3.0,6.0,3.0,1.0,3,2.0,7.35,2.0,5.0,5.0,6.0,7.0,5.0,6.0,4.0,6.0,4.0,0
22,0,2,7.0,9.0,3.0,3.0,0,5.0,6.01,3.0,4.0,5.0,6.0,6.0,5.0,6.0,6.0,5.0,4.0,2
24,1,2,3.0,6.0,2.0,2.0,3,0.0,6.33,1.0,3.0,4.0,3.0,7.0,4.0,5.0,4.0,4.0,4.0,2
25,1,1,2.0,5.0,2.0,1.0,1,3.0,5.57,1.0,7.0,3.0,6.0,5.0,4.0,5.0,5.0,6.0,3.0,0
24,2,1,6.0,9.0,4.0,2.0,2,3.0,7.15,1.0,9.0,6.0,5.0,6.0,6.0,8.0,5.0,6.0,4.0,2
26,0,2,9.0,11.0,2.0,3.0,4,4.0,5.55,0.0,8.0,6.0,5.0,5.0,9.0,6.0,4.0,9.0,3.0,0
22,0,1,4.0,6.0,2.0,1.0,3,2.0,4.6,0.0,6.0,5.0,4.0,5.0,4.0,3.0,3.0,6.0,2.0,0
20,1,1,4.0,8.0,2.0,3.0,4,3.0,8.05,1.0,6.0,5.0,4.0,6.0,6.0,7.0,7.0,7.0,5.0,2
23,0,1,6.0,9.0,1.0,1.0,3,5.0,6.02,2.0,8.0,2.0,4.0,6.0,4.0,5.0,5.0,5.0,4.0,0
22,1,1,3.0,8.0,2.0,3.0,0,2.0,5.68,2.0,7.0,3.0,4.0,4.0,3.0,5.0,5.0,7.0,3.0,0
21,1,1,7.0,9.0,3.0,1.0,4,5.0,6.49,2.0,7.0,6.0,6.0,5.0,6.0,6.0,6.0,6.0,4.0,0
19,0,2,2.0,4.0,2.0,0.0,1,3.0,4.56,0.0,3.0,5.0,5.0,4.0,6.0,6.0,5.0,6.0,3.0,0
24,1,1,4.0,6.0,3.0,0.0,4,4.0,7.51,1.0,8.0,7.0,5.0,5.0,4.0,8.0,6.0,6.0,4.0,2
22,0,0,3.0,6.0,3.0,1.0,3,1.0,5.16,2.0,5.0,6.0,6.0,4.0,6.0,4.0,4.0,7.0,2.0,0
21,0,2,2.0,4.0,2.0,2.0,1,5.0,5.77,3.0,6.0,3.0,6.0,4.0,4.0,5.0,4.0,6.0,2.0,0
25,0,2,3.0,4.0,3.0,3.0,0,6.0,6.12,2.0,4.0,5.0,6.0,4.0,4.0,5.0,7.0,8.0,3.0,0
26,1,1,5.0,8.0,3.0,0.0,4,2.0,5.9,2.0,7.0,3.0,5.0,5.0,5.0,6.0,6.0,7.0,4.0,0
26,1,2,5.0,10.0,4.0,0.0,1,3.0,6.18,0.0,5.0,6.0,7.0,4.0,7.0,9.0,4.0,8.0,3.0,0
20,1,0,5.0,8.0,1.0,0.0,4,5.0,7.42,3.0,12.0,5.0,4.0,6.0,4.0,8.0,6.0,4.0,6.0,2
20,1,1,2.0,5.0,5.0,0.0,0,1.0,7.98,1.0,5.0,4.0,5.0,5.0,4.0,7.0,5.0,6.0,4.0,2
22,0,1,5.0,8.0,3.0,3.0,0,4.0,8.33,2.0,5.0,4.0,3.0,4.0,4.0,8.0,6.0,6.0,4.0,2
22,1,1,4.0,7.0,4.0,2.0,0,1.0,6.04,1.0,8.0,5.0,3.0,7.0,4.0,7.0,4.0,5.0,5.0,2
19,1,1,3.0,6.0,2.0,4.0,0,2.0,6.04,2.0,7.0,5.0,6.0,4.0,5.0,5.0,4.0,6.0,2.0,0
18,1,1,4.0,7.0,3.0,0.0,1,4.0,5.67,1.0,10.0,6.0,6.0,5.0,4.0,6.0,4.0,6.0,3.0,0
25,1,1,6.0,10.0,3.0,3.0,1,5.0,5.47,1.0,6.0,6.0,6.0,4.0,6.0,6.0,5.0,8.0,3.0,0
20,0,1,4.0,6.0,4.0,0.0,0,4.0,5.61,0.0,10.0,7.0,7.0,3.0,3.0,6.0,4.0,6.0,2.0,0
18,0,1,5.0,9.0,5.0,3.0,3,4.0,3.93,1.0,7.0,4.0,7.0,4.0,5.0,4.0,3.0,7.0,1.0,0
18,0,2,6.0,10.0,3.0,0.0,1,2.0,7.85,1.0,6.0,7.0,6.0,3.0,5.0,8.0,4.0,8.0,3.0,0
19,0,2,5.0,10.0,2.0,1.0,0,3.0,4.38,0.0,5.0,6.0,7.0,3.0,7.0,4.0,5.0,7.0,2.0,0
23,0,0,3.0,6.0,3.0,1.0,1,3.0,8.11,1.0,7.0,5.0,4.0,5.0,3.0,6.0,7.0,4.0,5.0,2
23,1,1,3.0,6.0,0.0,2.0,4,4.0,6.3,0.0,2.0,6.0,6.0,4.0,5.0,6.0,4.0,6.0,3.0,0
20,1,1,4.0,7.0,2.0,3.0,3,3.0,5.34,0.0,6.0,4.0,4.0,5.0,4.0,6.0,4.0,4.0,4.0,0
21,0,2,3.0,6.0,1.0,2.0,0,2.0,4.26,0.0,4.0,2.0,4.0,7.0,4.0,4.0,4.0,3.0,4.0,0
19,1,2,3.0,5.0,4.0,2.0,3,4.0,7.09,3.0,4.0,6.0,4.0,4.0,3.0,8.0,7.0,3.0,5.0,2
19,1,1,4.0,8.0,4.0,2.0,1,3.0,4.48,0.0,7.0,5.0,7.0,5.0,3.0,6.0,4.0,7.0,3.0,0
24,2,1,3.0,4.0,4.0,1.0,1,2.0,5.74,2.0,6.0,4.0,3.0,6.0,5.0,5.0,4.0,3.0,4.0,2
18,1,0,3.0,6.0,2.0,2.0,4,3.0,7.55,2.0,4.0,4.0,2.0,8.0,4.0,7.0,7.0,3.0,7.0,2
24,0,1,4.0,6.0,1.0,1.0,0,2.0,6.23,1.0,10.0,3.0,5.0,5.0,5.0,6.0,4.0,6.0,3.0,0
18,0,1,3.0,5.0,4.0,1.0,0,2.0,5.83,2.0,5.0,5.0,5.0,6.0,3.0,6.0,4.0,6.0,4.0,0
23,1,1,4.0,7.0,6.0,1.0,2,5.0,6.4,1.0,6.0,6.0,5.0,4.0,6.0,5.0,4.0,4.0,3.0,0
20,1,0,3.0,6.0,4.0,0.0,4,1.0,7.73,2.0,3.0,5.0,3.0,7.0,5.0,8.0,6.0,5.0,6.0,2
25,0,1,7.0,10.0,5.0,2.0,3,5.0,5.9,1.0,6.0,6.0,7.0,2.0,5.0,5.0,4.0,6.0,2.0,0
23,1,2,7.0,11.0,3.0,3.0,0,5.0,6.63,1.0,8.0,5.0,4.0,6.0,7.0,6.0,5.0,6.0,4.0,2
19,1,1,3.0,6.0,3.0,2.0,2,1.0,7.4,2.0,7.0,4.0,4.0,7.0,4.0,9.0,5.0,6.0,5.0,2
25,2,1,3.0,8.0,5.0,0.0,3,3.0,5.68,1.0,5.0,6.0,4.0,6.0,4.0,6.0,4.0,4.0,4.0,0
22,0,1,4.0,6.0,3.0,3.0,1,4.0,5.76,1.0,10.0,4.0,4.0,6.0,2.0,6.0,5.0,3.0,4.0,2
25,1,1,4.0,4.0,4.0,1.0,1,3.0,6.9,0.0,4.0,6.0,7.0,4.0,4.0,8.0,3.0,5.0,3.0,0
25,1,0,4.0,7.0,3.0,2.0,4,3.0,6.66,1.0,7.0,4.0,5.0,5.0,6.0,8.0,4.0,7.0,3.0,0
23,0,2,4.0,7.0,3.0,2.0,1,2.0,8.08,1.0,8.0,5.0,3.0,5.0,4.0,8.0,5.0,7.0,4.0,2
19,1,1,5.0,9.0,3.0,4.0,1,2.0,5.72,3.0,7.0,5.0,8.0,4.0,5.0,5.0,4.0,7.0,2.0,0
25,1,1,3.0,6.0,4.0,2.0,2,2.0,5.93,1.0,8.0,4.0,3.0,7.0,2.0,4.0,6.0,5.0,4.0,2
23,1,1,3.0,8.0,2.0,2.0,3,5.0,6.14,2.0,6.0,5.0,6.0,6.0,4.0,6.0,4.0,4.0,3.0,0
23,1,2,2.0,5.0,5.0,4.0,3,5.0,5.05,1.0,9.0,6.0,5.0,4.0,2.0,6.0,3.0,6.0,3.0,0
25,0,1,3.0,7.0,3.0,1.0,2,0.0,6.12,0.0,6.0,5.0,4.0,6.0,6.0,6.0,4.0,6.0,4.0,0
18,0,1,4.0,8.0,3.0,3.0,3,3.0,7.58,3.0,7.0,3.0,5.0,5.0,5.0,7.0,7.0,8.0,4.0,2
19,1,1,4.0,6.0,2.0,2.0,3,3.0,5.39,2.0,4.0,5.0,5.0,5.0,4.0,7.0,4.0,6.0,4.0,0
26,1,1,6.0,8.0,4.0,3.0,4,3.0,6.97,1.0,7.0,6.0,4.0,6.0,7.0,7.0,7.0,5.0,5.0,2
25,1,1,3.0,5.0,0.0,0.0,0,2.0,6.34,2.0,4.0,4.0,4.0,7.0,4.0,6.0,5.0,6.0,4.0,2
24,0,1,2.0,7.0,3.0,0.0,3,4.0,5.7,3.0,1.0,3.0,2.0,6.0,2.0,6.0,7.0,3.0,5.0,2
24,1,1,4.0,7.0,4.0,0.0,3,5.0,6.0,0.0,7.0,5.0,4.0,6.0,4.0,5.0,8.0,4.0,5.0,2
22,1,2,4.0,7.0,2.0,0.0,3,4.0,5.95,2.0,7.0,4.0,5.0,5.0,5.0,5.0,5.0,6.0,3.0,0
19,2,0,5.0,8.0,3.0,3.0,1,0.0,6.29,0.0,9.0,4.0,3.0,6.0,4.0,6.0,5.0,5.0,4.0,2
23,1,1,4.0,7.0,4.0,1.0,2,3.0,6.39,0.0,6.0,6.0,5.0,5.0,4.0,5.0,4.0,3.0,3.0,0
20,2,1,6.0,9.0,3.0,0.0,4,2.0,6.73,0.0,7.0,6.0,7.0,3.0,4.0,7.0,5.0,6.0,3.0,0
21,1,2,4.0,6.0,3.0,0.0,1,2.0,8.18,1.0,8.0,4.0,2.0,7.0,4.0,8.0,5.0,4.0,5.0,2
19,1,2,3.0,5.0,3.0,1.0,2,3.0,4.45,2.0,5.0,6.0,6.0,4.0,3.0,5.0,5.0,5.0,3.0,0
19,0,1,5.0,7.0,2.0,2.0,4,1.0,5.37,1.0,4.0,5.0,5.0,5.0,7.0,4.0,4.0,7.0,2.0,0
25,1,1,5.0,8.0,5.0,0.0,1,6.0,7.45,0.0,6.0,6.0,5.0,4.0,4.0,8.0,6.0,4.0,4.0,2
25,1,2,3.0,6.0,4.0,0.0,4,7.0,7.58,2.0,4.0,6.0,6.0,6.0,4.0,7.0,7.0,4.0,5.0,2
23,1,1,5.0,8.0,3.0,5.0,3,4.0,6.57,2.0,8.0,5.0,3.0,5.0,4.0,7.0,7.0,5.0,5.0,2
22,2,1,5.0,9.0,3.0,2.0,1,2.0,5.62,2.0,5.0,5.0,5.0,5.0,6.0,6.0,5.0,6.0,3.0,0
25,1,2,4.0,9.0,4.0,0.0,1,5.0,4.02,2.0,6.0,5.0,6.0,4.0,3.0,4.0,2.0,5.0,2.0,0
21,0,1,6.0,8.0,1.0,2.0,0,2.0,6.83,2.0,9.0,4.0,5.0,3.0,5.0,6.0,4.0,7.0,3.0,0
21,0,2,6.0,11.0,3.0,1.0,3,5.0,7.82,3.0,8.0,5.0,2.0,7.0,5.0,8.0,7.0,4.0,6.0,2
22,0,2,3.0,5.0,1.0,1.0,3,6.0,8.15,0.0,6.0,4.0,5.0,7.0,5.0,8.0,7.0,5.0,5.0,2
18,0,1,5.0,7.0,4.0,0.0,1,3.0,5.87,0.0,8.0,5.0,6.0,5.0,5.0,5.0,3.0,7.0,2.0,0
18,1,2,4.0,7.0,4.0,0.0,1,4.0,6.79,2.0,6.0,5.0,5.0,3.0,5.0,8.0,6.0,6.0,4.0,0
19,1,1,3.0,7.0,3.0,2.0,2,5.0,6.53,0.0,6.0,5.0,5.0,4.0,1.0,7.0,5.0,5.0,4.0,0
25,1,2,4.0,6.0,4.0,1.0,0,2.0,4.79,2.0,8.0,5.0,4.0,5.0,3.0,4.0,5.0,6.0,3.0,0
24,1,2,1.0,4.0,3.0,1.0,1,3.0,6.77,3.0,7.0,6.0,3.0,7.0,4.0,7.0,6.0,6.0,5.0,2
26,1,1,6.0,9.0,5.0,3.0,4,3.0,4.13,1.0,6.0,5.0,6.0,5.0,7.0,5.0,4.0,7.0,3.0,0
22,1,1,5.0,7.0,4.0,2.0,2,4.0,6.18,2.0,6.0,4.0,3.0,8.0,4.0,6.0,7.0,3.0,6.0,2
19,2,1,1.0,5.0,2.0,0.0,1,3.0,7.47,1.0,4.0,2.0,3.0,5.0,3.0,9.0,6.0,3.0,5.0,2
24,2,0,4.0,7.0,2.0,1.0,3,2.0,7.82,2.0,6.0,6.0,5.0,4.0,5.0,9.0,7.0,6.0,5.0,2
25,1,1,4.0,8.0,3.0,2.0,0,6.0,6.34,0.0,8.0,6.0,7.0,5.0,3.0,7.0,5.0,7.0,3.0,0
24,1,1,5.0,8.0,1.0,2.0,2,3.0,8.78,2.0,8.0,3.0,3.0,6.0,4.0,10.0,6.0,3.0,7.0,2
24,1,0,4.0,6.0,4.0,0.0,4,2.0,5.97,1.0,5.0,5.0,4.0,8.0,3.0,6.0,6.0,4.0,5.0,2
22,1,1,4.0,9.0,3.0,0.0,2,5.0,4.88,0.0,7.0,4.0,6.0,5.0,5.0,4.0,6.0,5.0,3.0,0
19,1,1,5.0,7.0,1.0,0.0,0,2.0,7.55,0.0,4.0,4.0,5.0,3.0,6.0,7.0,5.0,6.0,3.0,0
23,2,2,3.0,6.0,3.0,3.0,0,4.0,6.69,1.0,6.0,6.0,6.0,4.0,3.0,8.0,4.0,6.0,3.0,0
21,1,0,6.0,9.0,6.0,1.0,2,3.0,5.09,1.0,8.0,8.0,8.0,3.0,7.0,5.0,3.0,8.0,1.0,0
19,1,1,4.0,7.0,2.0,0.0,4,3.0,6.4,1.0,8.0,5.0,4.0,4.0,4.0,7.0,4.0,5.0,4.0,0
26,1,1,4.0,8.0,1.0,3.0,2,0.0,6.07,1.0,10.0,2.0,3.0,5.0,5.0,6.0,5.0,6.0,4.0,0
24,2,0,6.0,10.0,2.0,0.0,3,4.0,8.25,0.0,6.0,5.0,2.0,7.0,6.0,8.0,7.0,5.0,6.0,2
23,2,1,4.0,6.0,1.0,1.0,2,4.0,7.41,3.0,9.0,4.0,4.0,7.0,4.0,7.0,8.0,6.0,6.0,2
22,0,1,6.0,9.0,3.0,0.0,1,4.0,5.63,1.0,4.0,5.0,7.0,4.0,6.0,5.0,6.0,7.0,3.0,0
20,1,1,2.0,5.0,2.0,2.0,1,6.0,6.53,2.0,8.0,3.0,2.0,5.0,1.0,5.0,6.0,2.0,5.0,2
21,1,1,6.0,7.0,4.0,1.0,4,2.0,5.8,1.0,4.0,7.0,7.0,5.0,6.0,6.0,5.0,7.0,3.0,0
20,1,1,6.0,10.0,3.0,2.0,1,2.0,8.15,4.0,7.0,5.0,5.0,7.0,4.0,8.0,5.0,7.0,5.0,2
25,1,2,1.0,2.0,2.0,0.0,1,4.0,5.81,2.0,8.0,5.0,8.0,4.0,5.0,6.0,4.0,4.0,2.0,0
20,0,1,4.0,7.0,1.0,4.0,2,2.0,5.57,3.0,1.0,5.0,3.0,7.0,6.0,5.0,4.0,5.0,4.0,0
24,1,2,5.0,11.0,3.0,1.0,2,5.0,5.22,3.0,5.0,5.0,7.0,4.0,3.0,5.0,3.0,8.0,1.0,0
24,1,1,5.0,9.0,3.0,3.0,0,4.0,7.21,2.0,5.0,6.0,5.0,5.0,4.0,7.0,4.0,7.0,3.0,0
24,0,1,6.0,10.0,1.0,1.0,1,4.0,6.76,2.0,7.0,4.0,4.0,7.0,6.0,6.0,6.0,5.0,5.0,2
24,1,1,2.0,5.0,2.0,1.0,1,3.0,5.6,1.0,6.0,4.0,6.0,6.0,3.0,7.0,7.0,5.0,4.0,2
19,0,2,4.0,6.0,1.0,2.0,0,3.0,5.59,2.0,4.0,6.0,6.0,4.0,4.0,6.0,3.0,5.0,2.0,0
20,1,1,3.0,6.0,2.0,5.0,0,4.0,8.92,1.0,7.0,3.0,1.0,6.0,4.0,9.0,8.0,2.0,7.0,1
26,1,1,3.0,5.0,3.0,2.0,4,4.0,8.04,2.0,2.0,5.0,3.0,6.0,4.0,7.0,7.0,3.0,6.0,2
20,1,0,5.0,7.0,2.0,1.0,0,4.0,6.52,0.0,9.0,5.0,4.0,6.0,6.0,6.0,6.0,5.0,5.0,2
19,2,0,3.0,5.0,2.0,3.0,0,3.0,7.55,2.0,4.0,4.0,3.0,5.0,3.0,8.0,6.0,5.0,5.0,2
26,1,1,4.0,8.0,3.0,0.0,1,0.0,6.03,1.0,5.0,6.0,4.0,7.0,5.0,7.0,4.0,6.0,4.0,2
26,1,1,3.0,5.0,4.0,5.0,3,2.0,6.54,3.0,5.0,4.0,6.0,5.0,3.0,6.0,5.0,4.0,4.0,0
21,1,2,6.0,9.0,4.0,2.0,4,3.0,7.79,0.0,6.0,6.0,7.0,5.0,5.0,9.0,4.0,7.0,4.0,0
26,0,2,1.0,5.0,5.0,0.0,4,4.0,6.6,0.0,4.0,5.0,5.0,5.0,3.0,6.0,6.0,4.0,4.0,2
20,0,0,6.0,9.0,3.0,0.0,2,6.0,5.13,2.0,2.0,7.0,7.0,4.0,6.0,6.0,5.0,6.0,3.0,0
24,1,1,6.0,8.0,2.0,2.0,4,1.0,5.71,0.0,6.0,5.0,4.0,7.0,7.0,6.0,6.0,6.0,5.0,2
24,1,1,5.0,9.0,2.0,0.0,0,2.0,6.84,2.0,4.0,3.0,3.0,6.0,4.0,8.0,5.0,5.0,5.0,2
25,2,2,4.0,7.0,3.0,3.0,4,2.0,7.26,2.0,7.0,6.0,5.0,6.0,2.0,8.0,5.0,5.0,5.0,2
21,0,1,1.0,4.0,3.0,3.0,4,2.0,8.19,2.0,3.0,6.0,5.0,4.0,2.0,9.0,4.0,4.0,4.0,2
20,0,2,5.0,7.0,2.0,3.0,2,4.0,5.41,0.0,3.0,5.0,4.0,7.0,5.0,5.0,4.0,5.0,4.0,2
20,1,2,6.0,7.0,4.0,1.0,2,4.0,7.04,1.0,5.0,5.0,4.0,7.0,5.0,7.0,7.0,5.0,5.0,2
22,1,1,4.0,6.0,2.0,6.0,4,3.0,5.38,2.0,7.0,4.0,4.0,6.0,3.0,7.0,6.0,7.0,4.0,2
18,0,1,3.0,7.0,1.0,0.0,1,4.0,5.21,2.0,6.0,4.0,8.0,4.0,5.0,6.0,3.0,7.0,1.0,0
20,0,1,6.0,11.0,4.0,1.0,0,7.0,6.76,1.0,10.0,7.0,4.0,5.0,6.0,5.0,6.0,4.0,4.0,0
23,0,1,3.0,6.0,2.0,0.0,0,4.0,5.12,2.0,9.0,5.0,4.0,6.0,2.0,5.0,4.0,4.0,4.0,0
20,1,1,6.0,9.0,2.0,2.0,0,0.0,6.32,0.0,8.0,5.0,6.0,5.0,6.0,5.0,3.0,8.0,2.0,0
22,0,0,5.0,9.0,2.0,1.0,2,4.0,6.18,2.0,6.0,4.0,3.0,6.0,5.0,6.0,4.0,7.0,4.0,0
26,0,1,4.0,8.0,3.0,2.0,0,4.0,5.57,2.0,6.0,5.0,5.0,6.0,3.0,6.0,5.0,6.0,4.0,2
19,2,1,8.0,11.0,3.0,4.0,1,2.0,7.43,1.0,10.0,6.0,6.0,5.0,6.0,7.0,5.0,7.0,4.0,0
19,1,1,5.0,7.0,3.0,3.0,0,3.0,6.05,2.0,5.0,5.0,6.0,6.0,5.0,5.0,5.0,7.0,3.0,0
23,0,1,5.0,6.0,4.0,1.0,2,4.0,6.12,1.0,7.0,4.0,5.0,6.0,4.0,6.0,5.0,7.0,4.0,0
23,0,1,5.0,8.0,2.0,1.0,1,3.0,5.47,3.0,6.0,5.0,4.0,7.0,5.0,6.0,6.0,6.0,5.0,2
25,0,2,4.0,8.0,4.0,1.0,4,5.0,9.12,3.0,5.0,6.0,5.0,4.0,4.0,10.0,6.0,4.0,5.0,2
19,0,2,4.0,9.0,5.0,3.0,3,4.0,5.71,0.0,6.0,8.0,4.0,6.0,5.0,6.0,6.0,7.0,4.0,2
26,2,1,5.0,9.0,2.0,0.0,1,3.0,5.75,2.0,6.0,4.0,3.0,6.0,6.0,6.0,5.0,4.0,4.0,2
19,2,1,4.0,7.0,5.0,4.0,2,1.0,6.9,1.0,8.0,5.0,6.0,3.0,4.0,7.0,5.0,7.0,3.0,0
18,1,1,1.0,3.0,2.0,2.0,1,1.0,6.74,1.0,3.0,4.0,3.0,7.0,4.0,7.0,5.0,4.0,5.0,2
19,0,1,3.0,6.0,2.0,0.0,1,1.0,5.38,1.0,5.0,5.0,5.0,7.0,3.0,6.0,4.0,5.0,4.0,2
24,0,1,6.0,10.0,1.0,1.0,2,4.0,3.16,1.0,5.0,4.0,6.0,3.0,7.0,3.0,4.0,6.0,1.0,0
25,1,2,5.0,8.0,2.0,0.0,3,2.0,7.22,1.0,7.0,5.0,4.0,5.0,6.0,8.0,4.0,4.0,4.0,2
22,1,2,2.0,4.0,3.0,1.0,4,1.0,5.45,3.0,6.0,7.0,7.0,2.0,4.0,5.0,2.0,6.0,1.0,0
23,1,0,3.0,5.0,4.0,1.0,2,3.0,7.12,2.0,4.0,3.0,3.0,4.0,3.0,7.0,7.0,4.0,5.0,2
18,0,2,3.0,5.0,4.0,0.0,4,3.0,6.52,1.0,4.0,5.0,5.0,5.0,3.0,7.0,5.0,4.0,4.0,2
23,1,1,6.0,8.0,0.0,3.0,4,2.0,6.86,2.0,9.0,3.0,5.0,5.0,6.0,8.0,5.0,7.0,4.0,0
25,0,1,2.0,4.0,1.0,4.0,0,3.0,6.23,1.0,8.0,3.0,3.0,6.0,2.0,7.0,5.0,5.0,5.0,2
20,0,1,3.0,7.0,3.0,1.0,1,5.0,7.36,1.0,3.0,3.0,4.0,5.0,5.0,6.0,5.0,3.0,4.0,0
18,0,2,4.0,8.0,4.0,1.0,3,2.0,4.85,1.0,6.0,7.0,6.0,4.0,4.0,4.0,3.0,7.0,2.0,0
21,1,1,2.0,6.0,4.0,1.0,4,4.0,5.77,0.0,6.0,5.0,5.0,4.0,4.0,6.0,5.0,5.0,3.0,0
18,0,2,4.0,7.0,3.0,1.0,4,1.0,4.79,2.0,8.0,6.0,5.0,5.0,5.0,6.0,5.0,8.0,3.0,0
25,1,1,2.0,5.0,2.0,1.0,1,5.0,5.48,0.0,6.0,6.0,6.0,4.0,2.0,6.0,5.0,4.0,3.0,0
22,1,0,3.0,6.0,2.0,4.0,0,1.0,5.25,2.0,7.0,5.0,7.0,4.0,6.0,5.0,3.0,7.0,2.0,0
18,0,1,3.0,6.0,3.0,2.0,0,0.0,6.9,1.0,5.0,5.0,5.0,8.0,4.0,7.0,3.0,7.0,4.0,2
25,0,1,4.0,6.0,1.0,1.0,3,4.0,3.98,3.0,4.0,4.0,5.0,5.0,5.0,5.0,3.0,5.0,3.0,0
26,1,2,3.0,5.0,2.0,2.0,0,2.0,6.82,2.0,3.0,4.0,4.0,6.0,4.0,8.0,4.0,5.0,5.0,2
19,0,1,4.0,8.0,3.0,2.0,3,6.0,8.27,1.0,6.0,5.0,4.0,6.0,4.0,10.0,8.0,2.0,7.0,2
26,1,2,6.0,10.0,3.0,2.0,3,1.0,7.4,2.0,4.0,7.0,4.0,7.0,6.0,9.0,7.0,6.0,6.0,2
25,1,1,5.0,11.0,3.0,0.0,4,1.0,5.03,0.0,6.0,6.0,7.0,3.0,6.0,6.0,4.0,10.0,1.0,0
24,0,2,6.0,8.0,3.0,2.0,3,3.0,7.05,1.0,8.0,5.0,4.0,5.0,6.0,6.0,4.0,6.0,3.0,0
20,1,1,4.0,6.0,1.0,3.0,2,0.0,7.73,1.0,6.0,6.0,4.0,6.0,4.0,7.0,6.0,6.0,5.0,2
19,0,1,4.0,5.0,3.0,0.0,3,1.0,6.22,3.0,4.0,5.0,6.0,5.0,4.0,8.0,5.0,6.0,4.0,0
24,0,2,4.0,7.0,1.0,3.0,3,1.0,8.17,1.0,4.0,6.0,4.0,6.0,5.0,7.0,6.0,7.0,4.0,2
22,0,1,2.0,5.0,3.0,2.0,2,1.0,6.72,1.0,7.0,5.0,6.0,5.0,3.0,7.0,4.0,7.0,3.0,0
23,1,1,6.0,8.0,4.0,3.0,1,2.0,7.33,2.0,5.0,5.0,8.0,5.0,7.0,8.0,4.0,9.0,3.0,0
21,1,2,3.0,5.0,3.0,1.0,0,2.0,5.77,1.0,7.0,4.0,3.0,5.0,5.0,7.0,7.0,4.0,5.0,2
19,1,0,4.0,9.0,2.0,0.0,0,2.0,6.9,2.0,9.0,5.0,4.0,4.0,5.0,8.0,5.0,6.0,4.0,0
26,2,1,5.0,8.0,2.0,2.0,0,4.0,6.15,2.0,4.0,6.0,7.0,3.0,5.0,5.0,5.0,4.0,3.0,0
20,1,1,3.0,5.0,5.0,3.0,1,3.0,6.6,1.0,8.0,5.0,5.0,4.0,3.0,6.0,4.0,5.0,3.0,0
24,1,2,3.0,6.0,4.0,4.0,2,3.0,7.11,1.0,8.0,6.0,5.0,5.0,4.0,7.0,5.0,6.0,4.0,0
25,0,2,5.0,10.0,3.0,0.0,0,3.0,5.47,2.0,8.0,4.0,5.0,4.0,7.0,5.0,5.0,7.0,2.0,0
19,0,0,5.0,9.0,4.0,2.0,0,3.0,6.45,2.0,6.0,6.0,5.0,6.0,3.0,7.0,6.0,6.0,5.0,2
23,0,1,7.0,10.0,3.0,2.0,3,3.0,8.95,1.0,6.0,6.0,5.0,6.0,6.0,8.0,7.0,7.0,5.0,2
25,2,1,4.0,6.0,6.0,3.0,1,4.0,7.75,2.0,6.0,6.0,7.0,3.0,4.0,9.0,6.0,7.0,4.0,0
24,1,1,5.0,9.0,3.0,0.0,0,5.0,7.12,1.0,6.0,4.0,4.0,5.0,6.0,6.0,8.0,3.0,5.0,2
20,1,1,7.0,9.0,6.0,3.0,1,4.0,6.69,0.0,4.0,8.0,4.0,7.0,8.0,8.0,5.0,5.0,5.0,2
18,1,1,5.0,8.0,3.0,0.0,0,7.0,7.65,1.0,3.0,6.0,4.0,5.0,5.0,8.0,8.0,6.0,5.0,2
23,1,1,5.0,8.0,2.0,0.0,0,2.0,5.88,2.0,4.0,5.0,6.0,6.0,3.0,6.0,5.0,5.0,4.0,0
25,0,1,0.0,5.0,3.0,4.0,0,2.0,7.32,0.0,9.0,5.0,5.0,6.0,3.0,9.0,5.0,7.0,4.0,2
23,1,1,3.0,7.0,4.0,0.0,2,4.0,5.24,1.0,10.0,7.0,6.0,4.0,2.0,6.0,3.0,6.0,2.0,0
22,0,2,4.0,8.0,3.0,3.0,3,2.0,5.74,3.0,11.0,6.0,6.0,5.0,5.0,7.0,4.0,7.0,3.0,0
25,1,2,3.0,6.0,2.0,2.0,2,3.0,6.09,2.0,6.0,3.0,5.0,4.0,4.0,6.0,6.0,5.0,3.0,0
19,1,1,4.0,8.0,3.0,3.0,1,6.0,8.26,1.0,5.0,5.0,5.0,4.0,6.0,8.0,7.0,5.0,4.0,2
18,0,2,5.0,10.0,4.0,1.0,3,6.0,8.22,2.0,7.0,5.0,4.0,5.0,3.0,8.0,7.0,6.0,5.0,2
18,1,0,5.0,8.0,2.0,1.0,4,2.0,6.9,0.0,5.0,5.0,4.0,6.0,5.0,7.0,5.0,7.0,4.0,0
21,0,1,4.0,8.0,3.0,2.0,2,1.0,5.95,1.0,9.0,5.0,4.0,6.0,3.0,7.0,5.0,5.0,5.0,2
23,2,1,2.0,4.0,2.0,3.0,3,0.0,5.98,3.0,6.0,6.0,3.0,6.0,2.0,6.0,4.0,4.0,4.0,2
26,0,1,4.0,6.0,3.0,3.0,0,3.0,7.89,2.0,7.0,4.0,4.0,6.0,5.0,8.0,6.0,4.0,5.0,2
18,1,1,3.0,6.0,2.0,1.0,0,2.0,6.48,1.0,3.0,4.0,3.0,5.0,2.0,6.0,6.0,5.0,4.0,2
18,2,1,3.0,6.0,3.0,5.0,2,3.0,7.23,2.0,8.0,5.0,6.0,6.0,2.0,6.0,5.0,3.0,4.0,2
22,1,1,4.0,6.0,4.0,0.0,3,3.0,7.07,3.0,4.0,4.0,4.0,5.0,4.0,8.0,5.0,5.0,5.0,2
22,0,1,3.0,5.0,4.0,1.0,2,2.0,9.0,0.0,8.0,4.0,1.0,7.0,5.0,8.0,7.0,5.0,6.0,2
22,1,1,4.0,8.0,3.0,3.0,4,2.0,5.77,1.0,4.0,4.0,5.0,5.0,5.0,6.0,5.0,8.0,3.0,0
23,1,1,3.0,6.0,1.0,2.0,1,3.0,6.81,2.0,4.0,5.0,4.0,5.0,5.0,6.0,4.0,4.0,4.0,0
25,2,1,6.0,9.0,3.0,4.0,2,5.0,5.3,0.0,7.0,5.0,4.0,5.0,6.0,5.0,5.0,6.0,3.0,0
20,1,1,4.0,7.0,3.0,1.0,1,0.0,6.23,2.0,6.0,6.0,5.0,4.0,6.0,6.0,3.0,7.0,3.0,0
26,0,1,4.0,5.0,3.0,3.0,3,2.0,6.85,1.0,3.0,5.0,4.0,7.0,7.0,6.0,5.0,7.0,4.0,2
18,1,1,5.0,9.0,3.0,0.0,4,1.0,7.31,1.0,4.0,5.0,4.0,4.0,2.0,7.0,5.0,6.0,4.0,0
21,0,2,2.0,4.0,3.0,0.0,2,4.0,5.18,1.0,7.0,5.0,2.0,7.0,4.0,5.0,7.0,1.0,6.0,2
26,2,2,6.0,10.0,2.0,1.0,3,2.0,7.19,3.0,5.0,6.0,5.0,6.0,6.0,8.0,5.0,5.0,5.0,2
25,1,1,9.0,11.0,4.0,0.0,2,5.0,5.32,1.0,5.0,6.0,5.0,5.0,7.0,6.0,7.0,8.0,4.0,0
26,0,0,3.0,6.0,5.0,0.0,0,4.0,6.02,3.0,6.0,5.0,8.0,3.0,3.0,7.0,6.0,5.0,3.0,0
18,0,2,3.0,7.0,3.0,1.0,3,2.0,6.98,1.0,4.0,5.0,4.0,6.0,5.0,6.0,6.0,4.0,4.0,2
26,2,1,3.0,5.0,3.0,2.0,4,3.0,4.58,0.0,5.0,5.0,5.0,4.0,4.0,6.0,3.0,7.0,2.0,0
20,1,1,4.0,7.0,4.0,2.0,3,5.0,6.03,2.0,4.0,7.0,6.0,4.0,3.0,6.0,6.0,7.0,3.0,0
26,0,1,4.0,6.0,3.0,3.0,4,3.0,6.93,2.0,9.0,4.0,4.0,6.0,4.0,7.0,5.0,6.0,4.0,2
18,1,1,3.0,6.0,5.0,1.0,0,3.0,6.31,1.0,8.0,6.0,6.0,5.0,4.0,6.0,5.0,6.0,3.0,0
18,1,1,5.0,9.0,4.0,0.0,0,2.0,6.3,0.0,6.0,6.0,5.0,4.0,6.0,7.0,4.0,7.0,3.0,0
26,1,1,5.0,9.0,0.0,1.0,1,3.0,7.66,4.0,6.0,3.0,2.0,6.0,4.0,8.0,6.0,6.0,5.0,2
23,0,2,6.0,8.0,3.0,2.0,1,3.0,5.29,1.0,8.0,6.0,7.0,3.0,4.0,5.0,4.0,7.0,2.0,0
21,0,1,4.0,7.0,2.0,2.0,0,4.0,5.17,2.0,5.0,5.0,5.0,6.0,2.0,5.0,5.0,7.0,3.0,0
24,1,1,4.0,6.0,4.0,0.0,0,4.0,5.26,1.0,2.0,5.0,5.0,5.0,6.0,4.0,6.0,4.0,4.0,0
22,0,1,3.0,9.0,1.0,0.0,1,3.0,7.59,2.0,5.0,4.0,3.0,7.0,3.0,7.0,6.0,6.0,5.0,2
24,0,0,4.0,8.0,3.0,1.0,1,2.0,5.94,3.0,7.0,3.0,4.0,6.0,4.0,6.0,5.0,5.0,4.0,2
25,1,1,2.0,6.0,3.0,3.0,1,2.0,7.79,1.0,5.0,4.0,5.0,3.0,3.0,6.0,6.0,6.0,3.0,0
25,2,1,6.0,8.0,3.0,1.0,3,5.0,7.38,1.0,7.0,5.0,3.0,7.0,5.0,8.0,7.0,5.0,6.0,2
18,1,1,5.0,9.0,4.0,2.0,0,5.0,7.38,3.0,7.0,7.0,7.0,2.0,7.0,7.0,5.0,6.0,2.0,0
25,1,1,4.0,7.0,6.0,3.0,2,3.0,5.73,0.0,10.0,5.0,6.0,5.0,5.0,5.0,5.0,5.0,3.0,0
23,1,1,3.0,7.0,3.0,2.0,4,3.0,5.79,1.0,6.0,4.0,5.0,6.0,5.0,6.0,6.0,7.0,4.0,0
21,0,2,6.0,9.0,5.0,2.0,4,3.0,9.62,1.0,9.0,6.0,4.0,5.0,5.0,10.0,6.0,8.0,5.0,2
25,2,1,3.0,6.0,5.0,0.0,4,3.0,8.03,1.0,7.0,6.0,5.0,4.0,4.0,9.0,7.0,4.0,5.0,2
20,1,1,3.0,4.0,6.0,0.0,4,0.0,8.52,2.0,5.0,4.0,4.0,5.0,3.0,9.0,4.0,5.0,5.0,2
21,1,1,4.0,7.0,4.0,2.0,1,1.0,4.36,1.0,10.0,8.0,7.0,4.0,2.0,3.0,2.0,9.0,1.0,0
23,0,2,5.0,9.0,4.0,0.0,1,4.0,6.4,1.0,10.0,7.0,8.0,3.0,6.0,7.0,4.0,7.0,2.0,0
24,0,1,6.0,7.0,3.0,1.0,0,3.0,7.66,2.0,5.0,5.0,5.0,6.0,5.0,9.0,6.0,6.0,5.0,2
21,0,2,6.0,7.0,2.0,3.0,1,5.0,7.75,1.0,6.0,5.0,4.0,5.0,4.0,7.0,10.0,5.0,6.0,2
21,2,1,2.0,4.0,4.0,0.0,4,3.0,7.76,2.0,8.0,5.0,4.0,4.0,3.0,6.0,6.0,6.0,4.0,0
24,0,1,4.0,7.0,2.0,2.0,3,1.0,7.32,1.0,8.0,3.0,3.0,6.0,5.0,7.0,5.0,6.0,5.0,2
23,0,2,3.0,3.0,1.0,3.0,3,3.0,7.01,2.0,5.0,4.0,3.0,7.0,6.0,6.0,5.0,2.0,5.0,2
25,0,1,5.0,10.0,5.0,0.0,2,4.0,7.14,3.0,7.0,6.0,5.0,8.0,5.0,7.0,6.0,6.0,5.0,2
18,1,1,4.0,6.0,3.0,0.0,0,3.0,7.46,1.0,6.0,5.0,4.0,8.0,6.0,8.0,6.0,5.0,6.0,2
24,0,1,5.0,11.0,3.0,0.0,3,1.0,6.16,2.0,2.0,6.0,6.0,6.0,6.0,6.0,4.0,7.0,3.0,0
24,1,1,3.0,6.0,2.0,2.0,3,2.0,8.05,1.0,7.0,3.0,4.0,4.0,5.0,10.0,5.0,6.0,4.0,2
24,1,1,3.0,3.0,4.0,1.0,3,2.0,7.67,1.0,8.0,4.0,4.0,4.0,4.0,7.0,5.0,6.0,4.0,0
24,1,1,6.0,7.0,3.0,2.0,4,1.0,6.49,1.0,2.0,6.0,4.0,7.0,4.0,7.0,5.0,6.0,4.0,2
25,0,1,4.0,7.0,3.0,0.0,4,2.0,6.66,1.0,8.0,6.0,5.0,6.0,4.0,7.0,5.0,6.0,4.0,2
26,0,1,5.0,7.0,4.0,1.0,2,4.0,6.26,2.0,5.0,5.0,4.0,5.0,7.0,6.0,6.0,3.0,4.0,2
26,0,1,2.0,4.0,3.0,1.0,1,1.0,5.43,2.0,5.0,5.0,4.0,6.0,5.0,4.0,6.0,6.0,4.0,0
19,1,1,3.0,3.0,2.0,1.0,1,4.0,7.02,3.0,4.0,5.0,3.0,6.0,2.0,6.0,5.0,2.0,5.0,2
24,0,2,2.0,5.0,3.0,2.0,1,4.0,8.42,2.0,8.0,5.0,3.0,8.0,3.0,10.0,8.0,7.0,7.0,1
24,1,1,3.0,7.0,3.0,0.0,3,2.0,5.8,3.0,6.0,5.0,4.0,5.0,4.0,5.0,4.0,4.0,3.0,0
21,0,2,3.0,5.0,0.0,2.0,1,4.0,7.63,3.0,2.0,3.0,1.0,7.0,2.0,7.0,6.0,4.0,6.0,2
26,1,1,3.0,6.0,3.0,2.0,1,2.0,7.83,2.0,5.0,4.0,3.0,6.0,5.0,9.0,4.0,4.0,5.0,2
25,0,1,4.0,6.0,4.0,0.0,4,4.0,7.03,3.0,7.0,5.0,4.0,6.0,5.0,7.0,5.0,4.0,5.0,2
18,0,2,2.0,7.0,1.0,2.0,4,6.0,5.84,2.0,8.0,7.0,5.0,6.0,3.0,6.0,4.0,5.0,3.0,0
19,0,1,3.0,5.0,4.0,2.0,1,6.0,6.86,2.0,6.0,5.0,4.0,5.0,4.0,8.0,8.0,4.0,5.0,2
19,0,1,4.0,8.0,4.0,5.0,4,0.0,5.16,1.0,6.0,7.0,6.0,3.0,4.0,5.0,3.0,8.0,1.0,0
25,0,1,7.0,9.0,4.0,2.0,4,2.0,5.39,1.0,8.0,5.0,7.0,5.0,8.0,5.0,3.0,8.0,2.0,0
18,1,1,5.0,7.0,3.0,1.0,3,2.0,7.38,1.0,6.0,5.0,3.0,6.0,6.0,9.0,5.0,6.0,5.0,2
21,0,1,5.0,6.0,3.0,4.0,2,4.0,7.02,1.0,8.0,4.0,4.0,6.0,5.0,7.0,5.0,5.0,4.0,2
22,0,1,4.0,8.0,3.0,1.0,4,4.0,5.03,1.0,3.0,4.0,4.0,6.0,5.0,5.0,6.0,5.0,4.0,0
26,0,1,1.0,4.0,3.0,0.0,2,4.0,4.6,2.0,5.0,3.0,5.0,5.0,1.0,6.0,4.0,5.0,3.0,0
24,1,2,4.0,6.0,2.0,1.0,0,4.0,8.3,0.0,6.0,5.0,5.0,6.0,4.0,8.0,6.0,6.0,5.0,2
25,2,1,2.0,5.0,3.0,2.0,1,2.0,6.75,2.0,10.0,5.0,4.0,4.0,3.0,8.0,6.0,5.0,5.0,2
26,1,1,6.0,9.0,4.0,4.0,2,5.0,6.02,1.0,5.0,5.0,6.0,5.0,3.0,5.0,5.0,8.0,3.0,0
24,1,0,6.0,10.0,3.0,2.0,2,2.0,5.92,0.0,5.0,5.0,6.0,4.0,7.0,7.0,4.0,7.0,3.0,0
22,2,1,3.0,5.0,2.0,1.0,0,1.0,7.2,2.0,7.0,6.0,5.0,6.0,4.0,6.0,3.0,4.0,4.0,0
22,0,1,4.0,8.0,3.0,1.0,1,0.0,6.68,2.0,7.0,5.0,5.0,6.0,3.0,7.0,4.0,6.0,4.0,0
23,1,2,2.0,5.0,2.0,0.0,1,3.0,6.62,1.0,6.0,3.0,3.0,7.0,2.0,5.0,6.0,5.0,5.0,2
22,2,1,5.0,7.0,3.0,0.0,1,5.0,4.06,1.0,8.0,5.0,5.0,5.0,5.0,4.0,6.0,2.0,3.0,0
26,1,0,6.0,8.0,4.0,1.0,4,1.0,8.43,1.0,6.0,6.0,6.0,6.0,4.0,8.0,5.0,8.0,4.0,2
20,0,1,5.0,7.0,3.0,0.0,3,4.0,8.14,2.0,9.0,5.0,4.0,5.0,5.0,8.0,7.0,7.0,5.0,2
20,0,1,4.0,9.0,2.0,2.0,3,2.0,6.78,2.0,9.0,6.0,5.0,5.0,4.0,7.0,5.0,6.0,4.0,0
24,0,1,4.0,7.0,4.0,1.0,4,2.0,7.83,2.0,8.0,5.0,4.0,6.0,4.0,8.0,5.0,6.0,5.0,2
24,0,1,5.0,8.0,2.0,0.0,1,1.0,8.92,3.0,8.0,5.0,4.0,5.0,4.0,10.0,3.0,9.0,4.0,0
23,1,0,4.0,8.0,3.0,0.0,0,4.0,6.07,0.0,10.0,5.0,6.0,5.0,4.0,6.0,5.0,6.0,3.0,0
20,1,2,3.0,7.0,5.0,0.0,4,2.0,6.41,0.0,6.0,4.0,2.0,7.0,5.0,5.0,6.0,5.0,5.0,2
24,0,2,6.0,10.0,1.0,5.0,4,3.0,6.55,1.0,4.0,6.0,3.0,6.0,4.0,7.0,5.0,7.0,4.0,2
22,1,1,5.0,8.0,2.0,1.0,2,3.0,5.09,0.0,7.0,8.0,6.0,3.0,4.0,4.0,2.0,7.0,1.0,0
24,2,2,3.0,6.0,3.0,1.0,4,3.0,5.21,1.0,7.0,3.0,4.0,5.0,4.0,4.0,4.0,5.0,3.0,0
19,0,2,7.0,9.0,2.0,1.0,1,3.0,7.09,1.0,5.0,6.0,4.0,8.0,7.0,8.0,6.0,7.0,5.0,2
23,1,1,3.0,6.0,1.0,3.0,4,4.0,6.82,4.0,7.0,3.0,3.0,5.0,3.0,8.0,5.0,5.0,4.0,2
25,0,2,7.0,10.0,3.0,2.0,3,4.0,8.9,2.0,3.0,7.0,3.0,5.0,8.0,10.0,7.0,5.0,6.0,2
18,1,2,2.0,4.0,0.0,1.0,3,2.0,6.89,0.0,6.0,2.0,4.0,5.0,4.0,6.0,4.0,4.0,4.0,0
21,1,2,4.0,6.0,6.0,1.0,4,2.0,8.95,0.0,11.0,6.0,5.0,5.0,5.0,7.0,7.0,7.0,4.0,2
18,1,1,5.0,9.0,4.0,1.0,0,6.0,4.35,3.0,8.0,6.0,7.0,4.0,6.0,4.0,4.0,6.0,2.0,0
18,2,0,5.0,9.0,2.0,0.0,2,3.0,5.67,2.0,8.0,6.0,5.0,4.0,5.0,6.0,6.0,5.0,4.0,0
25,1,1,4.0,9.0,3.0,1.0,4,4.0,6.67,2.0,4.0,5.0,6.0,4.0,5.0,6.0,4.0,7.0,3.0,0
24,1,2,6.0,8.0,1.0,4.0,1,2.0,7.87,1.0,3.0,4.0,3.0,6.0,4.0,8.0,4.0,4.0,5.0,2
18,1,1,5.0,6.0,5.0,4.0,0,1.0,6.14,2.0,5.0,5.0,6.0,8.0,5.0,5.0,3.0,4.0,4.0,0
19,1,0,5.0,6.0,3.0,0.0,1,2.0,7.48,3.0,8.0,4.0,3.0,7.0,5.0,6.0,5.0,4.0,5.0,2
21,1,1,3.0,7.0,1.0,0.0,1,2.0,8.11,0.0,8.0,5.0,2.0,5.0,4.0,8.0,7.0,5.0,5.0,2
18,0,1,5.0,9.0,3.0,4.0,2,3.0,8.16,1.0,9.0,5.0,4.0,6.0,6.0,8.0,7.0,6.0,5.0,2
20,2,1,3.0,7.0,4.0,0.0,2,6.0,8.96,1.0,10.0,4.0,5.0,5.0,6.0,9.0,6.0,6.0,5.0,2
25,1,1,6.0,9.0,4.0,0.0,3,4.0,4.72,1.0,8.0,4.0,6.0,5.0,7.0,6.0,4.0,6.0,3.0,0
25,0,0,6.0,10.0,4.0,0.0,1,2.0,6.01,2.0,5.0,5.0,6.0,5.0,6.0,7.0,5.0,8.0,3.0,0
25,2,0,4.0,9.0,3.0,1.0,4,3.0,9.09,0.0,5.0,5.0,4.0,7.0,5.0,9.0,5.0,6.0,5.0,2
23,1,1,5.0,7.0,0.0,2.0,1,2.0,5.57,0.0,6.0,3.0,3.0,4.0,3.0,6.0,5.0,6.0,4.0,0
23,1,1,4.0,7.0,6.0,0.0,3,0.0,5.78,1.0,2.0,6.0,5.0,5.0,4.0,5.0,3.0,7.0,2.0,0
22,2,1,4.0,7.0,3.0,3.0,1,3.0,6.48,1.0,3.0,3.0,5.0,6.0,5.0,6.0,5.0,6.0,4.0,0
26,0,1,4.0,7.0,3.0,0.0,2,1.0,8.47,2.0,6.0,5.0,5.0,5.0,5.0,9.0,3.0,7.0,4.0,0
21,1,2,2.0,4.0,5.0,1.0,3,4.0,5.35,2.0,5.0,6.0,6.0,5.0,3.0,5.0,5.0,5.0,3.0,0
24,1,2,3.0,7.0,3.0,4.0,0,3.0,4.96,3.0,7.0,6.0,4.0,7.0,4.0,5.0,4.0,4.0,4.0,0
18,1,1,4.0,7.0,5.0,4.0,1,3.0,5.74,4.0,6.0,6.0,6.0,5.0,5.0,5.0,4.0,6.0,3.0,0
26,1,1,6.0,10.0,4.0,2.0,1,2.0,8.09,2.0,8.0,6.0,5.0,4.0,6.0,8.0,6.0,7.0,4.0,2
24,0,2,5.0,6.0,5.0,2.0,2,4.0,6.94,3.0,8.0,5.0,5.0,6.0,4.0,7.0,5.0,3.0,4.0,2
26,0,1,6.0,7.0,4.0,0.0,0,5.0,3.56,2.0,6.0,5.0,4.0,8.0,8.0,5.0,6.0,6.0,5.0,2
24,0,1,1.0,5.0,3.0,4.0,1,1.0,6.64,1.0,4.0,6.0,5.0,6.0,3.0,7.0,5.0,6.0,4.0,2
19,1,1,6.0,11.0,2.0,2.0,1,3.0,6.23,1.0,7.0,5.0,3.0,7.0,6.0,6.0,7.0,7.0,5.0,2
23,1,1,5.0,8.0,5.0,2.0,0,5.0,7.33,2.0,9.0,6.0,5.0,5.0,5.0,7.0,7.0,5.0,5.0,2
21,1,1,6.0,10.0,3.0,1.0,2,6.0,6.58,1.0,5.0,6.0,6.0,6.0,7.0,6.0,5.0,6.0,4.0,0
20,0,0,1.0,3.0,4.0,1.0,4,4.0,6.78,1.0,5.0,7.0,6.0,5.0,3.0,6.0,6.0,5.0,4.0,0
19,0,1,3.0,6.0,2.0,0.0,0,3.0,6.44,1.0,4.0,5.0,5.0,5.0,5.0,9.0,4.0,5.0,4.0,2
23,1,2,2.0,6.0,3.0,0.0,2,4.0,5.36,3.0,4.0,4.0,6.0,4.0,3.0,6.0,5.0,4.0,3.0,0
25,1,1,5.0,9.0,3.0,1.0,1,2.0,6.83,2.0,2.0,6.0,6.0,4.0,5.0,8.0,5.0,6.0,4.0,0
23,0,2,5.0,7.0,2.0,0.0,0,1.0,5.75,1.0,6.0,6.0,7.0,4.0,4.0,7.0,3.0,6.0,2.0,0
26,0,1,5.0,9.0,2.0,1.0,2,3.0,6.61,2.0,9.0,4.0,5.0,5.0,6.0,7.0,4.0,5.0,4.0,0
22,1,1,3.0,6.0,3.0,0.0,1,3.0,8.77,2.0,9.0,4.0,4.0,5.0,3.0,9.0,6.0,4.0,5.0,2
19,1,1,5.0,8.0,4.0,1.0,3,3.0,5.71,1.0,5.0,5.0,4.0,5.0,4.0,6.0,3.0,6.0,3.0,0
25,1,2,4.0,7.0,2.0,1.0,2,3.0,6.36,0.0,7.0,4.0,3.0,7.0,5.0,6.0,8.0,5.0,6.0,2
26,0,2,6.0,11.0,3.0,2.0,2,3.0,6.34,1.0,3.0,8.0,6.0,4.0,5.0,6.0,6.0,6.0,3.0,0
21,0,0,5.0,7.0,5.0,4.0,2,5.0,5.55,0.0,7.0,3.0,4.0,5.0,5.0,5.0,5.0,4.0,4.0,0
23,0,1,3.0,7.0,4.0,2.0,1,4.0,7.59,3.0,1.0,4.0,4.0,6.0,4.0,9.0,8.0,5.0,6.0,2
25,0,1,4.0,8.0,5.0,1.0,4,1.0,6.9,0.0,7.0,6.0,6.0,4.0,5.0,7.0,5.0,7.0,3.0,0
26,2,1,2.0,7.0,3.0,4.0,4,2.0,7.74,1.0,5.0,5.0,6.0,7.0,3.0,8.0,5.0,7.0,5.0,2
22,1,1,6.0,10.0,3.0,0.0,3,3.0,3.84,1.0,4.0,5.0,8.0,4.0,5.0,4.0,4.0,6.0,2.0,0
23,1,1,5.0,9.0,5.0,2.0,0,5.0,7.68,1.0,9.0,6.0,3.0,6.0,6.0,7.0,7.0,6.0,5.0,2
21,0,2,5.0,6.0,1.0,3.0,3,2.0,6.64,2.0,5.0,3.0,4.0,5.0,5.0,6.0,4.0,6.0,4.0,0
22,1,1,5.0,9.0,4.0,0.0,0,4.0,7.02,2.0,6.0,5.0,5.0,5.0,6.0,7.0,6.0,6.0,4.0,2
24,0,2,4.0,8.0,5.0,1.0,0,1.0,6.3,0.0,3.0,6.0,4.0,6.0,4.0,6.0,5.0,6.0,4.0,0
26,0,1,2.0,4.0,1.0,1.0,3,2.0,5.6,3.0,5.0,5.0,3.0,7.0,3.0,5.0,6.0,5.0,4.0,2
23,0,1,5.0,8.0,2.0,2.0,3,4.0,6.94,0.0,5.0,5.0,3.0,5.0,3.0,7.0,7.0,3.0,5.0,2
23,1,1,3.0,8.0,3.0,1.0,2,4.0,5.8,0.0,8.0,5.0,4.0,5.0,3.0,5.0,4.0,5.0,3.0,0
25,1,1,3.0,7.0,4.0,1.0,1,5.0,6.49,2.0,10.0,7.0,5.0,5.0,3.0,6.0,4.0,6.0,3.0,0
21,1,0,5.0,7.0,4.0,0.0,4,4.0,6.74,0.0,8.0,5.0,5.0,5.0,6.0,7.0,7.0,6.0,4.0,2
20,0,2,3.0,6.0,2.0,3.0,0,4.0,6.44,3.0,9.0,5.0,4.0,5.0,3.0,5.0,4.0,4.0,3.0,0
24,1,2,4.0,7.0,2.0,1.0,0,3.0,5.88,0.0,9.0,5.0,4.0,6.0,3.0,7.0,5.0,6.0,4.0,2
22,1,0,5.0,10.0,5.0,0.0,2,3.0,7.63,1.0,5.0,6.0,3.0,6.0,4.0,7.0,7.0,6.0,5.0,2
19,1,1,5.0,10.0,4.0,1.0,4,4.0,5.37,1.0,9.0,6.0,5.0,6.0,5.0,6.0,4.0,7.0,3.0,0
19,2,1,6.0,9.0,4.0,2.0,1,5.0,5.1,2.0,6.0,7.0,6.0,5.0,5.0,5.0,4.0,6.0,3.0,0
23,0,2,3.0,5.0,3.0,1.0,2,2.0,4.51,2.0,4.0,5.0,5.0,6.0,4.0,4.0,4.0,5.0,3.0,0
25,2,1,4.0,6.0,3.0,0.0,1,3.0,3.86,0.0,5.0,5.0,6.0,6.0,4.0,5.0,4.0,6.0,3.0,0
18,0,1,5.0,6.0,4.0,1.0,0,3.0,6.28,3.0,5.0,5.0,4.0,6.0,3.0,6.0,5.0,6.0,4.0,2
23,0,1,2.0,4.0,4.0,0.0,4,4.0,6.05,0.0,8.0,5.0,6.0,4.0,1.0,7.0,4.0,5.0,3.0,0
19,1,1,3.0,8.0,3.0,0.0,0,4.0,3.51,1.0,5.0,6.0,6.0,4.0,4.0,4.0,4.0,6.0,2.0,0
19,1,2,3.0,5.0,1.0,0.0,2,1.0,6.56,2.0,7.0,5.0,4.0,5.0,5.0,7.0,4.0,5.0,4.0,0
24,0,1,1.0,4.0,1.0,4.0,1,4.0,7.41,2.0,7.0,2.0,6.0,4.0,2.0,7.0,6.0,5.0,4.0,2
18,0,1,3.0,6.0,4.0,2.0,1,6.0,5.79,3.0,6.0,6.0,4.0,7.0,3.0,6.0,5.0,2.0,5.0,2
23,1,1,4.0,7.0,3.0,1.0,0,1.0,6.39,1.0,6.0,6.0,6.0,3.0,6.0,6.0,6.0,7.0,3.0,0
24,1,1,4.0,8.0,3.0,2.0,2,6.0,7.03,0.0,6.0,5.0,3.0,7.0,3.0,7.0,6.0,4.0,6.0,2
25,0,2,3.0,5.0,1.0,3.0,4,2.0,5.78,1.0,4.0,5.0,4.0,4.0,4.0,6.0,4.0,3.0,4.0,0
24,1,1,3.0,7.0,5.0,0.0,3,2.0,6.36,0.0,5.0,4.0,2.0,7.0,3.0,7.0,6.0,5.0,5.0,2
23,0,1,4.0,6.0,2.0,1.0,2,2.0,7.05,2.0,8.0,5.0,5.0,6.0,1.0,6.0,5.0,5.0,4.0,0
26,1,1,3.0,5.0,3.0,1.0,4,3.0,6.4,1.0,4.0,4.0,3.0,4.0,3.0,6.0,5.0,3.0,4.0,2
20,1,1,0.0,2.0,3.0,0.0,4,3.0,6.77,3.0,7.0,4.0,5.0,4.0,2.0,8.0,4.0,4.0,4.0,0
23,1,1,3.0,6.0,2.0,0.0,1,3.0,6.65,2.0,7.0,4.0,4.0,5.0,3.0,7.0,5.0,6.0,4.0,0
21,0,2,4.0,8.0,1.0,0.0,3,0.0,7.13,3.0,4.0,5.0,4.0,5.0,5.0,7.0,5.0,4.0,4.0,2
19,0,1,4.0,8.0,3.0,1.0,3,4.0,4.64,2.0,8.0,6.0,7.0,4.0,4.0,4.0,3.0,7.0,1.0,0
18,1,1,4.0,9.0,5.0,2.0,3,5.0,6.7,2.0,7.0,6.0,7.0,3.0,5.0,7.0,3.0,5.0,2.0,0
18,0,2,5.0,7.0,6.0,1.0,0,1.0,7.07,2.0,4.0,5.0,5.0,5.0,4.0,8.0,6.0,6.0,5.0,2
20,1,2,4.0,9.0,4.0,0.0,1,3.0,6.88,1.0,4.0,5.0,6.0,5.0,4.0,7.0,7.0,5.0,5.0,2
21,1,1,4.0,8.0,5.0,2.0,2,1.0,8.19,1.0,7.0,6.0,4.0,5.0,4.0,8.0,6.0,6.0,4.0,2
19,0,1,3.0,6.0,4.0,2.0,0,1.0,5.32,1.0,2.0,5.0,4.0,5.0,5.0,6.0,6.0,6.0,4.0,0
18,1,1,3.0,5.0,4.0,1.0,0,4.0,6.25,3.0,5.0,5.0,6.0,4.0,3.0,6.0,6.0,6.0,3.0,0
21,0,1,4.0,6.0,3.0,2.0,3,6.0,8.62,1.0,5.0,4.0,4.0,6.0,4.0,8.0,6.0,2.0,6.0,2
24,2,1,2.0,6.0,3.0,2.0,3,3.0,7.54,2.0,6.0,4.0,4.0,6.0,3.0,7.0,7.0,4.0,5.0,2
23,0,1,5.0,8.0,4.0,1.0,4,4.0,5.53,0.0,8.0,4.0,5.0,6.0,7.0,5.0,5.0,4.0,4.0,2
23,0,1,3.0,4.0,3.0,2.0,4,0.0,6.08,1.0,5.0,5.0,5.0,4.0,3.0,7.0,4.0,3.0,3.0,0
26,0,2,6.0,9.0,3.0,0.0,1,1.0,5.62,1.0,7.0,5.0,5.0,4.0,5.0,6.0,3.0,7.0,2.0,0
19,1,2,4.0,6.0,4.0,0.0,1,1.0,5.24,2.0,6.0,6.0,7.0,5.0,7.0,6.0,3.0,7.0,2.0,0
21,1,1,6.0,10.0,3.0,1.0,2,5.0,5.11,2.0,6.0,5.0,6.0,3.0,6.0,4.0,4.0,9.0,1.0,0
22,1,1,2.0,6.0,4.0,3.0,0,5.0,6.29,1.0,6.0,4.0,4.0,5.0,4.0,7.0,6.0,5.0,5.0,2
18,2,1,6.0,9.0,3.0,1.0,3,5.0,5.45,2.0,4.0,3.0,4.0,6.0,7.0,6.0,5.0,7.0,4.0,0
25,1,1,2.0,5.0,5.0,1.0,3,4.0,7.74,1.0,5.0,7.0,5.0,4.0,4.0,7.0,4.0,5.0,3.0,0
25,0,1,4.0,7.0,4.0,0.0,1,1.0,6.45,1.0,6.0,6.0,3.0,6.0,3.0,6.0,4.0,6.0,4.0,0
23,2,2,2.0,4.0,2.0,3.0,4,2.0,6.25,1.0,6.0,5.0,4.0,6.0,4.0,6.0,4.0,5.0,4.0,0
22,0,1,4.0,6.0,3.0,3.0,2,7.0,7.14,1.0,7.0,6.0,5.0,6.0,4.0,7.0,7.0,4.0,5.0,2
25,2,1,4.0,7.0,3.0,0.0,0,1.0,6.46,1.0,3.0,6.0,4.0,6.0,3.0,5.0,4.0,8.0,3.0,0
20,0,1,1.0,3.0,3.0,3.0,1,1.0,7.17,0.0,8.0,4.0,4.0,4.0,2.0,7.0,6.0,5.0,4.0,2
20,1,2,4.0,7.0,0.0,0.0,4,3.0,6.33,2.0,5.0,3.0,2.0,5.0,6.0,6.0,5.0,7.0,4.0,0
19,0,2,5.0,8.0,4.0,2.0,4,5.0,5.54,0.0,11.0,3.0,4.0,7.0,5.0,6.0,4.0,6.0,4.0,0
22,1,2,3.0,6.0,1.0,4.0,0,5.0,5.51,2.0,5.0,4.0,3.0,7.0,3.0,5.0,6.0,3.0,5.0,2
20,1,1,4.0,5.0,2.0,0.0,0,4.0,3.73,2.0,7.0,6.0,6.0,5.0,5.0,3.0,2.0,6.0,1.0,0
20,0,2,4.0,6.0,4.0,1.0,1,3.0,7.11,0.0,5.0,4.0,4.0,5.0,4.0,8.0,5.0,3.0,5.0,2
23,0,2,6.0,11.0,5.0,0.0,0,3.0,4.58,2.0,3.0,6.0,5.0,5.0,7.0,5.0,4.0,8.0,3.0,0
25,0,1,4.0,8.0,3.0,0.0,3,3.0,5.76,1.0,3.0,5.0,5.0,2.0,4.0,6.0,3.0,9.0,1.0,0
19,2,1,3.0,8.0,4.0,1.0,4,4.0,6.98,0.0,4.0,5.0,5.0,6.0,3.0,7.0,6.0,6.0,5.0,2
21,0,2,2.0,6.0,2.0,0.0,4,3.0,4.63,1.0,4.0,4.0,6.0,3.0,3.0,7.0,4.0,6.0,3.0,0
24,1,0,1.0,5.0,3.0,1.0,3,6.0,6.83,2.0,5.0,5.0,2.0,6.0,3.0,8.0,7.0,3.0,6.0,2
18,0,0,4.0,7.0,2.0,3.0,2,1.0,5.51,3.0,6.0,4.0,5.0,4.0,6.0,6.0,6.0,6.0,3.0,0
18,0,1,4.0,6.0,3.0,1.0,2,1.0,7.13,1.0,5.0,6.0,6.0,5.0,4.0,8.0,5.0,6.0,4.0,0
24,2,0,2.0,6.0,2.0,0.0,0,3.0,6.72,2.0,5.0,4.0,5.0,5.0,4.0,5.0,5.0,5.0,4.0,0
24,1,1,2.0,5.0,4.0,0.0,1,1.0,5.42,1.0,8.0,5.0,5.0,6.0,3.0,5.0,3.0,5.0,3.0,0
18,1,1,5.0,6.0,2.0,2.0,2,5.0,8.12,0.0,9.0,5.0,3.0,7.0,5.0,8.0,6.0,4.0,6.0,2
18,0,0,5.0,9.0,3.0,3.0,1,4.0,8.58,4.0,9.0,5.0,3.0,8.0,6.0,8.0,6.0,6.0,6.0,2
21,1,2,4.0,8.0,2.0,2.0,1,4.0,5.58,4.0,5.0,5.0,6.0,4.0,3.0,6.0,6.0,5.0,3.0,0
22,0,2,5.0,7.0,1.0,0.0,2,2.0,6.57,1.0,5.0,4.0,4.0,6.0,6.0,7.0,4.0,5.0,4.0,2
22,1,2,4.0,6.0,1.0,0.0,1,1.0,6.93,2.0,5.0,4.0,3.0,5.0,5.0,6.0,5.0,7.0,4.0,0
21,1,2,8.0,11.0,0.0,2.0,0,4.0,8.28,3.0,6.0,6.0,4.0,7.0,6.0,8.0,6.0,6.0,5.0,2
25,0,1,4.0,6.0,3.0,5.0,3,4.0,4.49,1.0,5.0,5.0,7.0,4.0,5.0,7.0,3.0,5.0,3.0,0
24,1,0,6.0,9.0,4.0,0.0,3,5.0,7.35,2.0,10.0,7.0,4.0,7.0,5.0,7.0,6.0,6.0,5.0,2
26,0,0,5.0,8.0,2.0,3.0,0,3.0,5.54,3.0,8.0,6.0,7.0,5.0,6.0,6.0,7.0,7.0,4.0,0
24,1,1,3.0,7.0,1.0,0.0,0,4.0,6.04,3.0,5.0,5.0,4.0,6.0,3.0,5.0,4.0,4.0,4.0,0
18,1,1,5.0,8.0,2.0,1.0,4,5.0,6.75,2.0,6.0,6.0,7.0,3.0,4.0,7.0,5.0,7.0,3.0,0
24,1,1,4.0,7.0,3.0,1.0,3,3.0,7.18,0.0,7.0,4.0,5.0,4.0,6.0,7.0,6.0,4.0,4.0,0
18,0,2,2.0,5.0,2.0,3.0,0,3.0,7.61,3.0,4.0,5.0,6.0,5.0,3.0,9.0,3.0,5.0,4.0,0
24,1,2,4.0,7.0,4.0,2.0,2,1.0,5.3,1.0,8.0,4.0,4.0,6.0,4.0,6.0,5.0,5.0,4.0,2
25,0,0,3.0,7.0,5.0,1.0,1,3.0,7.04,0.0,6.0,2.0,3.0,7.0,4.0,7.0,5.0,3.0,5.0,2
26,0,1,4.0,4.0,3.0,1.0,0,2.0,7.45,1.0,5.0,5.0,4.0,5.0,3.0,8.0,5.0,5.0,5.0,2
20,0,2,4.0,6.0,1.0,2.0,2,5.0,5.41,0.0,1.0,3.0,3.0,6.0,5.0,5.0,2.0,4.0,3.0,0
21,0,2,4.0,8.0,2.0,1.0,4,4.0,5.65,2.0,5.0,3.0,5.0,5.0,4.0,4.0,6.0,6.0,3.0,0
21,1,1,3.0,4.0,3.0,0.0,3,1.0,6.23,1.0,7.0,5.0,5.0,7.0,2.0,5.0,3.0,5.0,3.0,0
26,1,2,6.0,9.0,1.0,3.0,2,2.0,5.43,1.0,5.0,3.0,4.0,5.0,7.0,6.0,5.0,6.0,4.0,0
24,0,1,4.0,8.0,3.0,4.0,1,3.0,6.17,2.0,9.0,4.0,5.0,5.0,5.0,7.0,6.0,5.0,4.0,2
20,1,2,4.0,8.0,3.0,2.0,2,1.0,6.49,0.0,6.0,5.0,3.0,5.0,5.0,6.0,5.0,6.0,4.0,0
22,0,2,4.0,8.0,3.0,2.0,4,4.0,6.95,2.0,3.0,5.0,5.0,6.0,4.0,7.0,4.0,6.0,4.0,2
24,0,2,3.0,8.0,3.0,3.0,1,2.0,7.77,1.0,4.0,5.0,5.0,6.0,4.0,7.0,4.0,7.0,3.0,0
25,1,1,4.0,9.0,2.0,2.0,3,2.0,5.56,3.0,4.0,5.0,7.0,3.0,6.0,6.0,4.0,9.0,2.0,0
18,0,1,6.0,9.0,2.0,1.0,1,6.0,6.04,1.0,8.0,6.0,5.0,4.0,5.0,7.0,6.0,4.0,5.0,2
19,2,2,2.0,5.0,3.0,4.0,2,2.0,7.24,0.0,7.0,5.0,3.0,6.0,4.0,7.0,7.0,5.0,5.0,2
24,1,1,2.0,4.0,2.0,2.0,0,5.0,9.14,4.0,11.0,3.0,1.0,5.0,4.0,8.0,7.0,3.0,6.0,2
19,0,1,4.0,7.0,3.0,2.0,0,5.0,6.47,3.0,5.0,4.0,4.0,8.0,6.0,8.0,3.0,6.0,5.0,2
24,1,1,3.0,6.0,2.0,3.0,1,5.0,6.92,2.0,6.0,5.0,7.0,3.0,5.0,7.0,5.0,6.0,2.0,0
26,0,1,7.0,11.0,1.0,2.0,1,2.0,6.77,2.0,3.0,6.0,5.0,6.0,4.0,5.0,7.0,7.0,4.0,0
19,0,2,3.0,7.0,3.0,0.0,4,3.0,6.23,2.0,8.0,4.0,5.0,5.0,4.0,6.0,4.0,4.0,3.0,0
24,0,2,5.0,9.0,4.0,2.0,2,5.0,5.85,0.0,9.0,6.0,5.0,5.0,5.0,5.0,5.0,6.0,3.0,0
21,0,1,4.0,7.0,1.0,2.0,1,3.0,7.39,2.0,2.0,4.0,3.0,5.0,5.0,8.0,6.0,3.0,5.0,2
19,2,2,0.0,3.0,5.0,2.0,0,2.0,9.31,0.0,4.0,5.0,2.0,8.0,3.0,10.0,6.0,3.0,7.0,1
24,0,1,3.0,7.0,5.0,2.0,3,5.0,7.66,1.0,5.0,6.0,5.0,4.0,2.0,8.0,6.0,5.0,4.0,2
22,0,1,2.0,4.0,1.0,1.0,2,3.0,6.57,0.0,7.0,4.0,4.0,5.0,3.0,6.0,7.0,4.0,5.0,2
18,0,2,4.0,7.0,5.0,3.0,4,5.0,6.16,0.0,5.0,6.0,5.0,5.0,6.0,7.0,6.0,5.0,4.0,2
22,0,1,4.0,6.0,1.0,1.0,2,4.0,6.93,1.0,2.0,4.0,5.0,6.0,6.0,6.0,5.0,7.0,4.0,0
20,0,1,3.0,4.0,4.0,2.0,0,3.0,6.62,0.0,7.0,5.0,3.0,6.0,4.0,7.0,5.0,3.0,5.0,2
24,2,2,4.0,6.0,5.0,2.0,2,0.0,6.26,3.0,5.0,6.0,5.0,4.0,5.0,6.0,5.0,7.0,3.0,0
23,0,1,3.0,5.0,3.0,1.0,4,3.0,5.46,2.0,6.0,4.0,5.0,6.0,4.0,6.0,5.0,6.0,4.0,0
25,0,1,6.0,7.0,4.0,4.0,4,4.0,7.06,1.0,8.0,4.0,4.0,5.0,7.0,7.0,7.0,6.0,5.0,2
22,1,1,5.0,7.0,4.0,0.0,3,2.0,8.61,1.0,9.0,6.0,3.0,7.0,7.0,9.0,5.0,6.0,6.0,2
19,0,0,7.0,10.0,7.0,0.0,2,1.0,6.9,3.0,7.0,8.0,6.0,4.0,5.0,8.0,4.0,8.0,3.0,0
26,0,1,5.0,7.0,2.0,3.0,3,3.0,5.26,0.0,6.0,6.0,8.0,3.0,6.0,5.0,4.0,6.0,2.0,0
25,0,1,5.0,8.0,4.0,1.0,1,2.0,5.79,0.0,7.0,5.0,5.0,7.0,6.0,5.0,6.0,8.0,4.0,0
23,1,2,5.0,8.0,1.0,4.0,3,1.0,9.17,2.0,4.0,5.0,3.0,6.0,4.0,10.0,7.0,7.0,6.0,2
24,2,2,5.0,8.0,2.0,1.0,1,5.0,5.5,2.0,4.0,4.0,4.0,6.0,5.0,5.0,5.0,5.0,4.0,0
26,1,1,1.0,5.0,3.0,1.0,1,3.0,7.95,2.0,6.0,5.0,5.0,4.0,1.0,9.0,6.0,4.0,5.0,2
24,1,1,5.0,11.0,4.0,6.0,1,4.0,5.51,0.0,5.0,6.0,7.0,5.0,7.0,5.0,5.0,6.0,3.0,0
20,0,1,2.0,6.0,4.0,1.0,0,2.0,5.78,1.0,6.0,6.0,7.0,5.0,4.0,6.0,4.0,8.0,2.0,0
23,0,1,1.0,3.0,3.0,2.0,4,3.0,8.0,0.0,5.0,5.0,3.0,6.0,1.0,7.0,6.0,2.0,6.0,2
24,1,2,2.0,4.0,3.0,3.0,1,4.0,7.03,3.0,6.0,5.0,6.0,4.0,3.0,7.0,4.0,6.0,3.0,0
19,0,1,4.0,7.0,2.0,2.0,2,2.0,6.52,0.0,6.0,3.0,4.0,7.0,5.0,6.0,5.0,3.0,5.0,2
20,1,1,2.0,6.0,3.0,1.0,0,0.0,5.77,1.0,4.0,6.0,6.0,4.0,3.0,5.0,4.0,4.0,3.0,0
21,1,2,5.0,8.0,4.0,1.0,1,2.0,8.03,2.0,6.0,5.0,5.0,6.0,4.0,8.0,7.0,8.0,5.0,2
23,1,1,6.0,10.0,4.0,0.0,1,3.0,5.74,2.0,9.0,5.0,6.0,4.0,5.0,6.0,3.0,7.0,2.0,0
18,0,0,4.0,7.0,1.0,1.0,4,4.0,5.2,0.0,1.0,4.0,7.0,4.0,6.0,6.0,4.0,4.0,3.0,0
26,1,1,4.0,7.0,7.0,3.0,0,3.0,7.13,3.0,7.0,7.0,7.0,4.0,4.0,7.0,4.0,7.0,3.0,0
22,1,1,3.0,6.0,2.0,3.0,0,2.0,5.73,1.0,8.0,3.0,5.0,4.0,5.0,6.0,4.0,7.0,3.0,0
24,0,2,2.0,6.0,2.0,0.0,3,2.0,6.2,2.0,7.0,4.0,6.0,4.0,2.0,7.0,4.0,6.0,3.0,0
26,1,1,4.0,7.0,3.0,3.0,2,5.0,8.31,0.0,5.0,6.0,3.0,6.0,4.0,8.0,7.0,5.0,6.0,2
26,0,1,3.0,5.0,3.0,3.0,4,5.0,4.46,2.0,7.0,6.0,4.0,5.0,3.0,5.0,5.0,3.0,4.0,0
18,0,2,3.0,7.0,4.0,1.0,3,1.0,6.35,1.0,6.0,5.0,4.0,6.0,6.0,6.0,3.0,6.0,3.0,0
18,0,1,3.0,7.0,4.0,2.0,3,4.0,7.11,2.0,4.0,5.0,4.0,7.0,3.0,7.0,5.0,4.0,5.0,2
20,1,1,2.0,5.0,4.0,3.0,2,1.0,6.44,0.0,4.0,5.0,5.0,4.0,4.0,7.0,3.0,5.0,3.0,0
23,0,2,4.0,7.0,5.0,2.0,4,4.0,4.87,0.0,7.0,4.0,5.0,5.0,4.0,5.0,4.0,6.0,3.0,0
19,0,2,1.0,4.0,4.0,1.0,2,4.0,5.6,0.0,9.0,5.0,5.0,5.0,3.0,6.0,5.0,4.0,4.0,0
18,1,2,5.0,7.0,1.0,0.0,4,5.0,7.52,2.0,2.0,7.0,5.0,5.0,7.0,7.0,6.0,6.0,4.0,2
18,1,2,1.0,4.0,3.0,1.0,1,4.0,7.14,2.0,7.0,5.0,5.0,5.0,5.0,8.0,5.0,5.0,4.0,2
22,0,1,3.0,6.0,2.0,1.0,0,0.0,5.52,3.0,4.0,6.0,5.0,6.0,5.0,6.0,5.0,6.0,3.0,0
21,1,2,6.0,10.0,3.0,0.0,1,3.0,8.88,3.0,4.0,2.0,2.0,7.0,6.0,10.0,7.0,5.0,7.0,2
18,2,0,5.0,8.0,5.0,0.0,1,5.0,6.77,1.0,4.0,5.0,6.0,5.0,5.0,7.0,5.0,5.0,4.0,0
21,0,1,4.0,6.0,4.0,3.0,1,5.0,7.86,2.0,6.0,6.0,4.0,5.0,4.0,8.0,6.0,5.0,5.0,2
20,1,2,7.0,10.0,3.0,1.0,2,1.0,5.91,2.0,5.0,5.0,5.0,5.0,6.0,5.0,4.0,7.0,3.0,0
19,1,1,4.0,8.0,4.0,0.0,4,2.0,8.72,0.0,5.0,6.0,2.0,6.0,4.0,8.0,6.0,5.0,5.0,2
26,2,1,6.0,10.0,4.0,1.0,1,5.0,5.44,2.0,5.0,5.0,4.0,7.0,5.0,6.0,5.0,4.0,5.0,2
18,1,1,3.0,7.0,1.0,1.0,0,3.0,7.89,2.0,8.0,4.0,5.0,5.0,3.0,8.0,7.0,5.0,5.0,2
24,0,1,0.0,3.0,2.0,2.0,1,4.0,4.14,1.0,4.0,4.0,7.0,3.0,1.0,5.0,4.0,6.0,2.0,0
21,1,1,4.0,9.0,3.0,2.0,3,3.0,8.15,2.0,9.0,6.0,3.0,7.0,4.0,9.0,4.0,6.0,5.0,2
22,0,1,5.0,7.0,3.0,2.0,3,1.0,6.86,2.0,10.0,4.0,4.0,5.0,4.0,8.0,4.0,8.0,4.0,0
22,0,0,5.0,7.0,4.0,1.0,2,4.0,6.27,1.0,6.0,5.0,7.0,5.0,3.0,7.0,5.0,6.0,4.0,0
18,1,1,2.0,4.0,3.0,1.0,0,5.0,6.17,2.0,6.0,5.0,5.0,5.0,3.0,6.0,3.0,4.0,3.0,0
23,1,1,8.0,11.0,4.0,0.0,2,2.0,6.58,0.0,9.0,5.0,4.0,5.0,6.0,6.0,5.0,9.0,3.0,0
26,0,1,2.0,4.0,3.0,1.0,2,3.0,4.25,1.0,7.0,4.0,6.0,5.0,4.0,4.0,5.0,6.0,3.0,0
19,2,0,4.0,6.0,4.0,0.0,2,0.0,5.95,2.0,7.0,5.0,7.0,3.0,4.0,6.0,2.0,9.0,1.0,0
24,1,1,4.0,7.0,3.0,2.0,1,2.0,7.69,2.0,8.0,5.0,4.0,4.0,4.0,7.0,3.0,6.0,3.0,0
23,0,2,5.0,8.0,3.0,5.0,4,3.0,8.0,2.0,6.0,3.0,2.0,7.0,5.0,9.0,5.0,5.0,6.0,2
22,1,2,3.0,7.0,5.0,2.0,4,3.0,5.24,0.0,7.0,5.0,6.0,4.0,4.0,4.0,4.0,7.0,2.0,0
21,0,1,5.0,8.0,3.0,3.0,0,2.0,8.12,1.0,4.0,7.0,6.0,5.0,6.0,9.0,6.0,5.0,4.0,2
21,0,1,6.0,10.0,6.0,3.0,1,1.0,4.77,2.0,7.0,6.0,8.0,3.0,5.0,5.0,4.0,10.0,1.0,0
23,1,1,3.0,7.0,1.0,0.0,4,1.0,7.19,1.0,4.0,4.0,1.0,7.0,4.0,6.0,6.0,4.0,5.0,2
21,1,1,3.0,5.0,2.0,2.0,3,6.0,6.85,1.0,5.0,2.0,4.0,7.0,4.0,7.0,7.0,4.0,5.0,2
22,1,1,2.0,5.0,3.0,0.0,2,4.0,5.9,2.0,8.0,4.0,5.0,3.0,4.0,6.0,5.0,6.0,3.0,0
23,0,1,4.0,8.0,1.0,0.0,4,4.0,8.41,1.0,6.0,5.0,3.0,6.0,5.0,7.0,6.0,4.0,5.0,2
22,1,2,3.0,4.0,2.0,3.0,2,2.0,6.15,2.0,9.0,5.0,7.0,7.0,2.0,7.0,4.0,5.0,4.0,2
24,1,1,5.0,6.0,4.0,4.0,1,2.0,8.33,1.0,4.0,6.0,5.0,5.0,7.0,9.0,5.0,4.0,5.0,2
26,2,1,3.0,6.0,3.0,0.0,4,3.0,6.74,2.0,7.0,4.0,5.0,5.0,5.0,6.0,5.0,6.0,4.0,0
24,0,2,4.0,6.0,4.0,1.0,2,1.0,6.02,1.0,3.0,5.0,5.0,4.0,4.0,6.0,4.0,7.0,3.0,0
24,0,1,3.0,2.0,5.0,2.0,4,3.0,7.77,1.0,3.0,4.0,3.0,6.0,3.0,8.0,6.0,5.0,5.0,2
21,1,1,7.0,8.0,4.0,1.0,4,3.0,5.25,1.0,8.0,7.0,6.0,5.0,7.0,6.0,5.0,5.0,3.0,0
18,1,0,4.0,6.0,2.0,2.0,0,4.0,7.27,1.0,5.0,4.0,6.0,5.0,5.0,8.0,5.0,7.0,4.0,0
25,1,1,2.0,6.0,3.0,2.0,0,1.0,7.71,2.0,7.0,5.0,4.0,5.0,4.0,9.0,5.0,6.0,4.0,2
21,0,1,4.0,7.0,3.0,2.0,1,3.0,5.37,3.0,8.0,5.0,6.0,4.0,4.0,6.0,4.0,7.0,3.0,0
18,0,1,1.0,6.0,3.0,3.0,2,3.0,6.95,2.0,7.0,4.0,4.0,7.0,3.0,8.0,5.0,6.0,5.0,2
22,0,2,3.0,5.0,2.0,2.0,0,4.0,7.44,2.0,8.0,5.0,3.0,7.0,5.0,8.0,6.0,4.0,6.0,2
25,1,1,5.0,7.0,3.0,1.0,0,2.0,7.66,1.0,8.0,5.0,5.0,6.0,5.0,9.0,4.0,5.0,5.0,2
21,1,1,5.0,10.0,4.0,3.0,1,2.0,6.94,1.0,9.0,4.0,4.0,6.0,6.0,9.0,4.0,6.0,4.0,2
25,2,2,5.0,9.0,0.0,0.0,3,1.0,7.58,0.0,5.0,5.0,3.0,4.0,5.0,7.0,6.0,8.0,4.0,0
25,1,1,6.0,10.0,4.0,3.0,3,0.0,7.51,2.0,8.0,5.0,6.0,6.0,7.0,7.0,4.0,9.0,3.0,0
20,1,1,4.0,6.0,2.0,1.0,4,5.0,6.24,2.0,4.0,5.0,6.0,5.0,4.0,7.0,5.0,5.0,4.0,0
26,1,2,5.0,8.0,1.0,0.0,1,6.0,5.9,0.0,6.0,4.0,5.0,4.0,6.0,5.0,6.0,6.0,3.0,0
20,0,1,5.0,8.0,1.0,0.0,2,3.0,6.65,1.0,5.0,4.0,2.0,4.0,8.0,6.0,5.0,4.0,4.0,2
18,0,1,5.0,8.0,3.0,3.0,0,5.0,6.55,4.0,6.0,5.0,4.0,6.0,5.0,6.0,6.0,4.0,4.0,2
19,1,1,2.0,5.0,3.0,1.0,3,2.0,6.53,3.0,8.0,5.0,5.0,6.0,3.0,7.0,5.0,6.0,4.0,2
23,1,0,4.0,8.0,5.0,0.0,0,2.0,7.83,2.0,6.0,5.0,4.0,5.0,5.0,8.0,7.0,8.0,5.0,2
19,0,0,4.0,6.0,5.0,0.0,4,3.0,6.11,1.0,6.0,6.0,5.0,6.0,6.0,5.0,5.0,6.0,3.0,0
23,2,2,6.0,9.0,2.0,1.0,0,2.0,5.51,1.0,5.0,6.0,5.0,5.0,5.0,7.0,4.0,7.0,3.0,0
18,1,2,4.0,9.0,3.0,3.0,1,4.0,8.09,2.0,8.0,7.0,4.0,6.0,5.0,8.0,7.0,4.0,6.0,2
18,0,2,3.0,6.0,5.0,3.0,2,4.0,7.36,2.0,3.0,8.0,5.0,5.0,4.0,8.0,6.0,4.0,5.0,2
22,1,2,4.0,6.0,2.0,2.0,0,4.0,6.15,3.0,4.0,6.0,5.0,6.0,3.0,6.0,5.0,4.0,4.0,2
26,1,1,3.0,5.0,5.0,1.0,2,6.0,4.83,2.0,5.0,5.0,5.0,6.0,5.0,4.0,4.0,4.0,3.0,0
25,1,2,4.0,6.0,3.0,0.0,1,1.0,7.94,4.0,5.0,5.0,3.0,5.0,5.0,7.0,6.0,4.0,5.0,2
20,1,2,4.0,7.0,3.0,6.0,4,1.0,5.69,0.0,2.0,4.0,3.0,5.0,5.0,6.0,3.0,6.0,3.0,0
20,1,0,4.0,7.0,3.0,1.0,1,3.0,5.22,1.0,3.0,5.0,7.0,3.0,5.0,6.0,4.0,6.0,3.0,0
18,2,1,4.0,7.0,3.0,1.0,3,3.0,8.53,3.0,7.0,4.0,4.0,6.0,5.0,9.0,8.0,5.0,6.0,2
20,1,1,3.0,6.0,4.0,2.0,4,5.0,7.69,1.0,3.0,6.0,2.0,8.0,3.0,7.0,7.0,4.0,6.0,2
18,1,0,6.0,11.0,2.0,4.0,0,3.0,6.5,3.0,2.0,4.0,4.0,6.0,8.0,6.0,4.0,6.0,4.0,0
25,1,1,4.0,6.0,3.0,2.0,2,2.0,6.78,3.0,8.0,5.0,5.0,5.0,5.0,7.0,4.0,6.0,3.0,0
18,0,0,4.0,6.0,3.0,1.0,4,0.0,6.94,2.0,4.0,6.0,5.0,4.0,4.0,6.0,6.0,7.0,4.0,0
22,2,2,5.0,7.0,3.0,0.0,4,3.0,6.18,3.0,8.0,5.0,6.0,5.0,6.0,6.0,6.0,6.0,4.0,0
26,1,2,4.0,9.0,4.0,1.0,3,4.0,7.51,2.0,6.0,6.0,5.0,4.0,6.0,6.0,4.0,6.0,3.0,0
24,1,1,3.0,7.0,3.0,2.0,0,2.0,8.28,0.0,6.0,5.0,4.0,7.0,3.0,9.0,5.0,5.0,5.0,2
21,1,1,5.0,9.0,4.0,0.0,4,4.0,7.68,2.0,8.0,5.0,6.0,4.0,6.0,8.0,4.0,6.0,4.0,0
26,0,1,6.0,8.0,5.0,2.0,3,5.0,6.36,2.0,6.0,5.0,6.0,4.0,5.0,6.0,5.0,8.0,3.0,0
26,1,2,5.0,8.0,4.0,0.0,2,0.0,6.67,0.0,7.0,5.0,5.0,4.0,6.0,7.0,6.0,7.0,3.0,0
19,0,2,5.0,8.0,3.0,0.0,2,5.0,5.54,1.0,4.0,6.0,7.0,5.0,7.0,6.0,7.0,5.0,4.0,2
23,0,1,5.0,7.0,2.0,1.0,0,5.0,7.26,1.0,7.0,4.0,6.0,4.0,5.0,7.0,5.0,4.0,3.0,0
21,0,2,4.0,7.0,5.0,0.0,0,1.0,4.33,3.0,3.0,8.0,7.0,4.0,5.0,5.0,3.0,7.0,2.0,0
25,1,2,4.0,7.0,2.0,1.0,0,5.0,6.61,1.0,7.0,5.0,4.0,7.0,3.0,7.0,5.0,3.0,5.0,2
24,1,0,7.0,8.0,4.0,2.0,2,3.0,5.41,2.0,3.0,6.0,3.0,5.0,5.0,6.0,4.0,5.0,4.0,0
24,0,1,6.0,11.0,3.0,1.0,1,4.0,5.61,0.0,10.0,4.0,6.0,5.0,6.0,5.0,5.0,6.0,3.0,0
26,0,1,3.0,7.0,3.0,2.0,0,0.0,6.52,1.0,3.0,5.0,4.0,5.0,2.0,7.0,2.0,7.0,3.0,0
22,1,1,6.0,8.0,4.0,0.0,1,2.0,5.89,2.0,5.0,5.0,6.0,5.0,5.0,6.0,5.0,7.0,3.0,0
23,0,1,5.0,8.0,2.0,0.0,1,3.0,6.05,2.0,8.0,5.0,5.0,6.0,3.0,5.0,4.0,6.0,3.0,0
18,0,0,4.0,8.0,2.0,1.0,0,5.0,4.33,1.0,9.0,5.0,6.0,6.0,3.0,4.0,4.0,5.0,3.0,0
23,1,1,6.0,9.0,1.0,2.0,1,2.0,6.25,1.0,8.0,6.0,7.0,5.0,5.0,4.0,5.0,7.0,2.0,0
19,1,0,4.0,7.0,3.0,1.0,1,2.0,9.78,3.0,8.0,7.0,2.0,7.0,4.0,10.0,6.0,3.0,7.0,1
23,2,0,4.0,7.0,4.0,0.0,1,1.0,7.44,1.0,7.0,5.0,5.0,5.0,6.0,7.0,5.0,7.0,4.0,2
26,1,1,5.0,9.0,2.0,1.0,3,3.0,6.72,1.0,5.0,4.0,4.0,6.0,7.0,8.0,4.0,7.0,4.0,2
25,2,2,2.0,6.0,1.0,1.0,4,3.0,6.27,3.0,7.0,4.0,5.0,4.0,3.0,7.0,4.0,4.0,4.0,0
26,1,1,4.0,8.0,2.0,3.0,0,4.0,4.67,1.0,5.0,5.0,4.0,5.0,4.0,6.0,5.0,4.0,4.0,2
25,1,2,2.0,6.0,4.0,2.0,3,2.0,6.8,1.0,6.0,4.0,4.0,7.0,4.0,7.0,6.0,6.0,5.0,2
20,0,1,5.0,8.0,3.0,0.0,0,2.0,7.25,1.0,6.0,4.0,3.0,5.0,3.0,8.0,7.0,6.0,5.0,2
25,1,0,5.0,8.0,4.0,3.0,4,5.0,7.94,3.0,4.0,7.0,5.0,5.0,7.0,8.0,5.0,5.0,4.0,0
23,1,2,6.0,10.0,4.0,0.0,1,4.0,4.92,2.0,6.0,5.0,5.0,4.0,6.0,5.0,5.0,6.0,2.0,0
23,1,2,5.0,8.0,4.0,3.0,3,4.0,7.78,4.0,5.0,6.0,4.0,5.0,7.0,7.0,6.0,5.0,4.0,2
23,0,2,8.0,9.0,2.0,2.0,0,0.0,7.55,1.0,8.0,2.0,2.0,6.0,7.0,7.0,4.0,7.0,4.0,2
20,0,1,2.0,6.0,5.0,1.0,1,2.0,3.68,2.0,7.0,6.0,7.0,4.0,1.0,3.0,2.0,8.0,1.0,0
18,1,1,4.0,7.0,3.0,2.0,2,3.0,4.78,2.0,5.0,6.0,6.0,5.0,5.0,5.0,4.0,7.0,3.0,0
21,1,1,6.0,9.0,4.0,1.0,3,3.0,4.86,3.0,1.0,7.0,9.0,1.0,4.0,5.0,3.0,8.0,1.0,0
23,0,1,6.0,8.0,3.0,1.0,3,2.0,7.84,0.0,6.0,4.0,1.0,8.0,7.0,7.0,7.0,6.0,6.0,2
19,1,2,3.0,4.0,4.0,0.0,2,4.0,6.43,0.0,7.0,5.0,5.0,5.0,4.0,8.0,5.0,3.0,4.0,2
24,1,1,6.0,9.0,2.0,2.0,1,3.0,6.43,0.0,4.0,6.0,6.0,3.0,5.0,5.0,5.0,8.0,2.0,0
24,1,0,2.0,5.0,2.0,0.0,4,4.0,8.21,2.0,5.0,5.0,4.0,5.0,5.0,7.0,5.0,4.0,5.0,2
21,0,2,3.0,6.0,3.0,0.0,2,3.0,5.88,1.0,5.0,5.0,3.0,6.0,4.0,8.0,4.0,4.0,5.0,2
21,1,1,5.0,7.0,4.0,2.0,2,2.0,6.73,1.0,9.0,5.0,5.0,7.0,6.0,6.0,5.0,6.0,4.0,2
18,0,1,4.0,7.0,5.0,2.0,0,4.0,4.97,2.0,8.0,7.0,5.0,2.0,6.0,5.0,2.0,5.0,1.0,0
19,0,0,6.0,8.0,3.0,1.0,3,4.0,7.35,2.0,3.0,5.0,4.0,4.0,4.0,7.0,4.0,7.0,4.0,0
26,2,1,5.0,10.0,4.0,2.0,4,1.0,6.72,2.0,7.0,5.0,4.0,5.0,6.0,6.0,3.0,7.0,3.0,0
25,0,1,3.0,6.0,3.0,1.0,4,3.0,7.07,2.0,8.0,6.0,5.0,6.0,4.0,7.0,5.0,4.0,4.0,2
25,1,1,6.0,10.0,3.0,2.0,4,2.0,7.44,1.0,6.0,5.0,5.0,5.0,7.0,8.0,6.0,5.0,5.0,2
26,0,0,5.0,8.0,3.0,3.0,3,2.0,6.78,1.0,9.0,6.0,6.0,5.0,5.0,8.0,3.0,8.0,3.0,0
24,2,2,5.0,10.0,3.0,0.0,4,3.0,5.89,1.0,6.0,5.0,4.0,5.0,5.0,6.0,4.0,6.0,4.0,0
26,0,1,5.0,8.0,4.0,0.0,0,2.0,8.34,2.0,6.0,6.0,4.0,7.0,4.0,9.0,5.0,5.0,5.0,2
19,1,1,4.0,8.0,1.0,2.0,1,3.0,8.2,2.0,9.0,7.0,3.0,6.0,4.0,9.0,6.0,5.0,6.0,2
23,1,1,5.0,9.0,1.0,2.0,0,5.0,6.78,1.0,5.0,4.0,4.0,4.0,5.0,8.0,4.0,6.0,4.0,0
20,0,1,5.0,9.0,2.0,1.0,1,4.0,6.17,1.0,9.0,2.0,3.0,6.0,5.0,7.0,5.0,5.0,4.0,2
23,1,2,5.0,9.0,4.0,0.0,3,5.0,8.32,1.0,8.0,5.0,5.0,5.0,5.0,8.0,6.0,5.0,5.0,2
20,1,1,6.0,8.0,3.0,0.0,2,2.0,7.07,2.0,7.0,7.0,6.0,5.0,7.0,6.0,5.0,6.0,3.0,0
25,0,2,4.0,7.0,3.0,1.0,2,2.0,7.28,1.0,7.0,5.0,6.0,5.0,6.0,8.0,2.0,6.0,3.0,0
21,0,1,6.0,7.0,5.0,1.0,4,4.0,7.43,2.0,7.0,5.0,5.0,2.0,7.0,8.0,4.0,7.0,3.0,0
23,1,1,3.0,6.0,2.0,3.0,4,0.0,6.39,1.0,3.0,8.0,7.0,5.0,4.0,7.0,4.0,8.0,3.0,0
26,0,1,3.0,5.0,4.0,2.0,3,2.0,4.95,0.0,5.0,4.0,6.0,4.0,5.0,5.0,3.0,7.0,2.0,0
19,0,2,4.0,8.0,3.0,1.0,2,4.0,4.54,3.0,9.0,5.0,6.0,5.0,4.0,3.0,6.0,6.0,3.0,0
19,0,2,4.0,5.0,3.0,3.0,1,3.0,5.52,1.0,4.0,3.0,2.0,5.0,4.0,5.0,3.0,4.0,3.0,0
24,0,1,5.0,7.0,5.0,2.0,3,2.0,7.56,2.0,3.0,6.0,4.0,4.0,3.0,6.0,7.0,6.0,4.0,2
19,0,1,2.0,6.0,3.0,2.0,2,3.0,7.31,1.0,3.0,3.0,2.0,6.0,4.0,6.0,5.0,4.0,5.0,2
19,2,2,5.0,9.0,3.0,0.0,1,2.0,7.25,1.0,9.0,7.0,7.0,4.0,5.0,5.0,5.0,7.0,2.0,0
21,0,1,4.0,5.0,3.0,3.0,4,5.0,5.55,1.0,6.0,4.0,3.0,7.0,3.0,5.0,5.0,4.0,4.0,2
26,2,1,1.0,5.0,3.0,2.0,4,5.0,8.22,2.0,3.0,5.0,3.0,6.0,2.0,8.0,6.0,3.0,6.0,2
25,1,1,5.0,8.0,4.0,1.0,2,1.0,9.53,0.0,7.0,6.0,4.0,4.0,6.0,8.0,5.0,6.0,4.0,0
19,1,1,6.0,7.0,2.0,2.0,1,1.0,4.83,4.0,7.0,5.0,7.0,4.0,5.0,6.0,5.0,7.0,2.0,0
25,1,1,6.0,7.0,2.0,0.0,3,6.0,6.11,1.0,5.0,6.0,3.0,6.0,6.0,6.0,6.0,4.0,5.0,2
21,0,1,4.0,7.0,3.0,0.0,2,3.0,5.39,2.0,7.0,6.0,8.0,3.0,4.0,6.0,3.0,7.0,2.0,0
19,0,1,3.0,7.0,3.0,3.0,2,4.0,5.89,1.0,7.0,5.0,6.0,5.0,4.0,6.0,6.0,5.0,4.0,2
24,1,1,5.0,8.0,4.0,1.0,0,2.0,5.58,2.0,5.0,4.0,5.0,2.0,6.0,6.0,5.0,6.0,2.0,0
23,1,2,3.0,7.0,4.0,0.0,0,2.0,4.04,1.0,9.0,4.0,5.0,4.0,5.0,4.0,5.0,6.0,3.0,0
22,1,1,4.0,7.0,2.0,2.0,0,2.0,8.55,2.0,5.0,4.0,4.0,5.0,3.0,8.0,5.0,4.0,5.0,2
18,1,1,8.0,13.0,2.0,0.0,2,4.0,6.78,3.0,3.0,5.0,4.0,6.0,7.0,6.0,7.0,7.0,5.0,2
19,1,1,6.0,7.0,3.0,1.0,1,3.0,6.6,0.0,5.0,4.0,5.0,5.0,5.0,6.0,7.0,4.0,4.0,2
25,1,2,4.0,6.0,2.0,0.0,3,1.0,6.99,1.0,4.0,3.0,4.0,7.0,5.0,8.0,5.0,6.0,5.0,2
18,0,1,5.0,8.0,3.0,1.0,3,2.0,3.0,1.0,7.0,8.0,9.0,2.0,4.0,2.0,1.0,8.0,1.0,0
20,1,2,6.0,8.0,4.0,3.0,4,2.0,5.93,3.0,3.0,5.0,5.0,5.0,7.0,6.0,6.0,6.0,4.0,0
19,0,2,5.0,8.0,3.0,1.0,2,3.0,6.36,1.0,1.0,5.0,7.0,5.0,4.0,6.0,5.0,7.0,3.0,0
22,0,2,2.0,5.0,4.0,2.0,0,4.0,7.95,3.0,5.0,6.0,6.0,5.0,2.0,8.0,6.0,4.0,5.0,2
21,0,1,5.0,7.0,2.0,3.0,3,3.0,6.63,4.0,7.0,5.0,5.0,5.0,2.0,7.0,6.0,7.0,4.0,0
24,1,1,4.0,5.0,2.0,2.0,1,1.0,8.52,0.0,8.0,4.0,3.0,6.0,5.0,8.0,7.0,5.0,6.0,2
22,2,2,4.0,7.0,2.0,2.0,1,4.0,8.37,0.0,7.0,5.0,4.0,6.0,7.0,8.0,6.0,5.0,5.0,2
25,0,1,3.0,6.0,3.0,0.0,2,2.0,5.23,0.0,7.0,6.0,6.0,5.0,3.0,5.0,4.0,6.0,2.0,0
21,1,2,2.0,5.0,3.0,2.0,1,5.0,6.17,2.0,9.0,4.0,4.0,4.0,2.0,6.0,7.0,5.0,4.0,2
23,1,1,3.0,7.0,3.0,1.0,4,3.0,6.99,2.0,6.0,6.0,6.0,4.0,5.0,7.0,5.0,6.0,3.0,0
21,1,1,5.0,9.0,2.0,1.0,2,2.0,5.46,0.0,5.0,6.0,6.0,3.0,5.0,5.0,4.0,7.0,2.0,0
19,0,2,5.0,10.0,3.0,1.0,2,2.0,5.74,2.0,2.0,5.0,4.0,5.0,4.0,7.0,4.0,4.0,4.0,2
18,0,2,7.0,9.0,2.0,3.0,4,4.0,6.38,3.0,7.0,5.0,4.0,4.0,7.0,7.0,4.0,6.0,3.0,0
18,1,2,3.0,5.0,2.0,3.0,4,1.0,6.32,2.0,5.0,7.0,5.0,6.0,5.0,7.0,5.0,4.0,5.0,2
25,1,2,3.0,6.0,4.0,0.0,1,2.0,5.52,0.0,7.0,6.0,5.0,4.0,4.0,5.0,5.0,7.0,3.0,0
21,0,0,5.0,8.0,3.0,3.0,0,3.0,5.99,2.0,6.0,5.0,5.0,5.0,5.0,6.0,6.0,6.0,4.0,0
22,0,1,2.0,3.0,3.0,4.0,3,4.0,6.92,1.0,7.0,4.0,3.0,7.0,4.0,7.0,6.0,3.0,6.0,2
25,0,1,1.0,3.0,3.0,1.0,2,3.0,6.41,1.0,2.0,3.0,6.0,5.0,1.0,6.0,5.0,5.0,3.0,0
24,0,1,5.0,9.0,3.0,2.0,2,3.0,5.29,2.0,6.0,4.0,4.0,6.0,5.0,5.0,5.0,5.0,3.0,0
25,0,0,3.0,7.0,3.0,2.0,3,4.0,8.45,3.0,5.0,5.0,2.0,6.0,3.0,8.0,8.0,4.0,6.0,2
25,0,1,3.0,7.0,5.0,4.0,1,2.0,10.0,1.0,7.0,6.0,5.0,5.0,4.0,10.0,7.0,5.0,6.0,2
23,1,2,5.0,8.0,4.0,0.0,3,4.0,7.7,2.0,8.0,5.0,5.0,6.0,5.0,9.0,4.0,7.0,4.0,2
19,1,1,4.0,7.0,2.0,2.0,0,4.0,6.51,3.0,3.0,5.0,4.0,8.0,5.0,7.0,5.0,6.0,5.0,2
23,0,1,4.0,6.0,1.0,1.0,1,5.0,6.01,2.0,6.0,2.0,2.0,5.0,4.0,7.0,6.0,2.0,5.0,2
18,1,2,2.0,5.0,4.0,4.0,2,7.0,6.39,0.0,5.0,6.0,7.0,4.0,3.0,7.0,6.0,3.0,4.0,2
18,1,1,3.0,6.0,4.0,2.0,3,4.0,6.48,3.0,6.0,7.0,6.0,2.0,6.0,7.0,6.0,7.0,3.0,0
20,0,1,3.0,5.0,4.0,0.0,3,4.0,6.42,2.0,6.0,6.0,4.0,7.0,5.0,8.0,3.0,6.0,4.0,2
20,0,1,3.0,7.0,2.0,3.0,1,2.0,6.88,2.0,5.0,5.0,4.0,4.0,4.0,7.0,5.0,4.0,4.0,0
22,0,1,5.0,8.0,2.0,1.0,2,4.0,7.21,3.0,6.0,6.0,7.0,2.0,7.0,8.0,5.0,5.0,3.0,0
18,0,1,4.0,5.0,3.0,3.0,3,6.0,8.59,2.0,4.0,3.0,3.0,10.0,4.0,9.0,9.0,3.0,8.0,1
23,2,1,4.0,5.0,3.0,0.0,4,1.0,7.23,2.0,8.0,6.0,4.0,5.0,5.0,7.0,2.0,3.0,4.0,0
24,1,2,4.0,7.0,5.0,2.0,3,5.0,5.88,2.0,3.0,5.0,4.0,6.0,7.0,6.0,4.0,5.0,4.0,0
20,0,1,7.0,10.0,4.0,1.0,3,4.0,5.47,2.0,6.0,7.0,7.0,6.0,7.0,6.0,3.0,5.0,3.0,0
21,1,1,5.0,8.0,3.0,5.0,0,4.0,6.78,1.0,7.0,6.0,6.0,6.0,4.0,6.0,6.0,6.0,4.0,2
20,1,1,6.0,8.0,0.0,0.0,0,4.0,6.38,1.0,11.0,5.0,5.0,6.0,6.0,8.0,6.0,6.0,5.0,2
18,1,1,3.0,7.0,3.0,2.0,3,1.0,8.27,3.0,3.0,4.0,3.0,7.0,5.0,9.0,6.0,6.0,6.0,2
25,0,1,4.0,7.0,3.0,1.0,3,0.0,7.35,0.0,7.0,4.0,3.0,6.0,6.0,8.0,5.0,7.0,4.0,2
19,1,2,4.0,6.0,2.0,0.0,0,3.0,5.47,3.0,7.0,5.0,5.0,4.0,4.0,6.0,5.0,6.0,3.0,0
18,0,2,5.0,6.0,4.0,1.0,4,1.0,6.23,2.0,5.0,5.0,4.0,4.0,8.0,7.0,5.0,6.0,4.0,0
25,1,0,5.0,7.0,5.0,1.0,2,6.0,5.61,1.0,8.0,5.0,7.0,5.0,4.0,5.0,5.0,5.0,3.0,0
24,1,0,5.0,7.0,5.0,0.0,1,2.0,8.64,1.0,5.0,5.0,3.0,7.0,5.0,9.0,7.0,5.0,6.0,2
24,0,2,0.0,2.0,3.0,1.0,3,5.0,5.58,1.0,5.0,6.0,5.0,6.0,3.0,5.0,4.0,4.0,4.0,0
21,2,2,3.0,6.0,2.0,1.0,2,3.0,4.99,2.0,4.0,4.0,4.0,6.0,1.0,5.0,6.0,6.0,4.0,2
26,1,2,4.0,8.0,4.0,2.0,3,4.0,5.92,2.0,5.0,6.0,7.0,3.0,6.0,6.0,4.0,8.0,2.0,0
23,0,2,7.0,9.0,2.0,2.0,0,2.0,4.95,0.0,5.0,5.0,4.0,6.0,6.0,5.0,3.0,6.0,3.0,0
19,2,2,3.0,6.0,3.0,2.0,3,6.0,4.97,1.0,10.0,5.0,5.0,5.0,5.0,5.0,5.0,4.0,4.0,0
18,0,1,7.0,11.0,2.0,0.0,2,3.0,7.08,3.0,7.0,6.0,5.0,4.0,7.0,7.0,4.0,8.0,3.0,0
18,0,1,2.0,6.0,4.0,1.0,1,6.0,6.58,3.0,7.0,5.0,6.0,5.0,3.0,8.0,5.0,4.0,5.0,2
26,1,1,4.0,7.0,2.0,1.0,0,4.0,9.24,2.0,8.0,5.0,4.0,6.0,6.0,10.0,7.0,4.0,6.0,2
21,0,2,4.0,9.0,4.0,1.0,4,2.0,9.17,1.0,8.0,6.0,5.0,5.0,5.0,9.0,6.0,8.0,5.0,2
22,1,1,3.0,7.0,3.0,1.0,3,4.0,6.78,1.0,5.0,6.0,4.0,6.0,5.0,7.0,6.0,5.0,5.0,2
20,0,1,5.0,8.0,4.0,0.0,1,4.0,7.49,1.0,6.0,5.0,4.0,5.0,6.0,7.0,5.0,5.0,4.0,2
21,0,1,4.0,9.0,3.0,0.0,2,2.0,6.28,2.0,5.0,5.0,2.0,7.0,6.0,5.0,5.0,3.0,5.0,2
25,0,0,2.0,3.0,3.0,2.0,0,4.0,7.74,1.0,7.0,6.0,4.0,9.0,4.0,7.0,5.0,3.0,6.0,2
21,1,1,1.0,3.0,4.0,0.0,1,4.0,6.53,0.0,11.0,7.0,7.0,5.0,2.0,6.0,7.0,5.0,4.0,2
26,2,2,2.0,5.0,2.0,1.0,4,2.0,6.04,1.0,4.0,4.0,3.0,5.0,5.0,7.0,5.0,5.0,4.0,2
26,0,0,5.0,9.0,3.0,3.0,3,2.0,5.75,1.0,2.0,7.0,7.0,4.0,6.0,6.0,2.0,8.0,1.0,0
23,2,1,4.0,6.0,5.0,2.0,0,1.0,6.31,3.0,8.0,6.0,5.0,5.0,4.0,5.0,3.0,6.0,2.0,0
19,0,2,6.0,8.0,2.0,2.0,1,6.0,6.55,1.0,8.0,5.0,5.0,4.0,4.0,7.0,6.0,4.0,4.0,2
24,1,2,4.0,6.0,2.0,1.0,2,2.0,7.74,1.0,7.0,6.0,6.0,3.0,6.0,7.0,6.0,5.0,4.0,0
26,0,1,4.0,8.0,2.0,1.0,2,6.0,6.56,1.0,7.0,4.0,4.0,5.0,6.0,7.0,5.0,7.0,4.0,2
23,0,1,6.0,10.0,3.0,0.0,4,3.0,5.1,1.0,7.0,6.0,7.0,5.0,5.0,6.0,4.0,8.0,3.0,0
20,1,1,4.0,5.0,1.0,0.0,3,0.0,8.24,1.0,6.0,5.0,3.0,6.0,4.0,9.0,6.0,8.0,5.0,2
24,0,1,7.0,10.0,3.0,0.0,4,4.0,6.61,2.0,6.0,7.0,7.0,3.0,6.0,6.0,5.0,8.0,2.0,0
22,0,0,5.0,8.0,5.0,3.0,1,4.0,7.66,1.0,6.0,6.0,3.0,6.0,5.0,8.0,5.0,4.0,5.0,2
18,0,1,3.0,5.0,3.0,0.0,0,3.0,4.03,2.0,6.0,5.0,6.0,3.0,3.0,4.0,3.0,2.0,2.0,0
20,1,0,2.0,5.0,6.0,2.0,0,3.0,5.04,2.0,5.0,7.0,7.0,4.0,3.0,4.0,3.0,6.0,1.0,0
22,0,1,2.0,4.0,1.0,2.0,1,5.0,3.28,1.0,11.0,4.0,6.0,3.0,5.0,3.0,4.0,5.0,2.0,0
24,1,0,4.0,8.0,2.0,0.0,0,3.0,5.65,1.0,7.0,5.0,7.0,3.0,5.0,6.0,5.0,8.0,2.0,0
20,1,1,2.0,4.0,1.0,2.0,1,2.0,7.51,0.0,4.0,3.0,3.0,6.0,3.0,8.0,7.0,4.0,6.0,2
23,1,2,7.0,11.0,0.0,0.0,4,0.0,6.76,2.0,6.0,4.0,4.0,6.0,7.0,7.0,4.0,9.0,4.0,0
22,1,1,7.0,10.0,3.0,1.0,3,4.0,6.72,2.0,11.0,4.0,2.0,5.0,6.0,7.0,7.0,6.0,5.0,2
18,1,1,2.0,4.0,2.0,2.0,2,3.0,8.44,0.0,3.0,4.0,3.0,7.0,4.0,9.0,8.0,4.0,7.0,2
23,1,1,4.0,7.0,0.0,0.0,2,3.0,6.94,2.0,4.0,4.0,3.0,6.0,6.0,6.0,6.0,6.0,4.0,2
25,1,1,1.0,4.0,3.0,3.0,2,4.0,6.52,1.0,5.0,7.0,6.0,4.0,3.0,7.0,3.0,4.0,3.0,0
18,2,1,5.0,8.0,3.0,1.0,0,4.0,4.8,0.0,2.0,3.0,5.0,6.0,3.0,6.0,4.0,9.0,3.0,0
19,0,1,5.0,8.0,3.0,2.0,4,1.0,7.73,2.0,6.0,5.0,5.0,4.0,6.0,8.0,5.0,6.0,4.0,0
21,0,1,4.0,6.0,3.0,2.0,4,2.0,9.36,2.0,8.0,5.0,4.0,6.0,5.0,10.0,6.0,6.0,6.0,2
19,2,2,4.0,9.0,4.0,0.0,2,3.0,4.16,2.0,4.0,3.0,6.0,5.0,4.0,3.0,4.0,8.0,2.0,0
26,2,2,3.0,5.0,2.0,1.0,4,3.0,6.81,1.0,9.0,4.0,4.0,6.0,5.0,6.0,7.0,3.0,5.0,2
25,0,2,4.0,6.0,2.0,0.0,1,0.0,5.93,1.0,7.0,4.0,5.0,5.0,5.0,6.0,5.0,6.0,4.0,0
25,1,2,5.0,8.0,4.0,1.0,2,2.0,4.88,2.0,4.0,6.0,8.0,4.0,5.0,4.0,2.0,8.0,1.0,0
21,0,2,4.0,5.0,5.0,0.0,2,5.0,5.58,0.0,6.0,6.0,6.0,5.0,5.0,7.0,5.0,4.0,4.0,0
22,0,1,6.0,9.0,1.0,1.0,3,0.0,5.83,3.0,11.0,4.0,2.0,6.0,5.0,5.0,5.0,6.0,4.0,0
21,0,1,3.0,5.0,3.0,1.0,2,0.0,5.9,3.0,6.0,5.0,4.0,6.0,3.0,6.0,4.0,5.0,4.0,0
26,0,1,4.0,7.0,2.0,1.0,0,3.0,5.77,0.0,7.0,7.0,7.0,6.0,4.0,7.0,4.0,8.0,3.0,0
19,1,1,1.0,4.0,2.0,2.0,1,3.0,6.54,2.0,9.0,3.0,2.0,5.0,1.0,6.0,9.0,2.0,6.0,2
25,2,1,7.0,10.0,3.0,2.0,4,3.0,5.62,0.0,6.0,7.0,7.0,4.0,7.0,4.0,2.0,6.0,1.0,0
19,0,1,1.0,4.0,3.0,3.0,0,4.0,7.4,2.0,9.0,6.0,4.0,5.0,2.0,7.0,8.0,2.0,6.0,2
18,1,1,6.0,9.0,2.0,0.0,1,6.0,5.54,1.0,5.0,5.0,7.0,3.0,6.0,4.0,5.0,8.0,2.0,0
20,1,1,5.0,7.0,3.0,0.0,3,4.0,6.35,2.0,6.0,5.0,3.0,6.0,5.0,5.0,5.0,2.0,5.0,2
26,1,2,4.0,7.0,2.0,1.0,2,0.0,9.21,1.0,6.0,7.0,5.0,7.0,3.0,9.0,6.0,7.0,5.0,2
20,1,1,3.0,7.0,4.0,4.0,4,2.0,5.85,1.0,6.0,7.0,5.0,3.0,5.0,6.0,5.0,7.0,3.0,0
26,1,1,3.0,7.0,3.0,2.0,2,3.0,5.28,0.0,5.0,6.0,5.0,5.0,4.0,6.0,4.0,7.0,3.0,0
24,2,1,3.0,6.0,2.0,3.0,0,1.0,4.97,4.0,9.0,4.0,4.0,6.0,4.0,4.0,6.0,6.0,4.0,0
18,1,1,3.0,6.0,3.0,0.0,2,4.0,4.93,0.0,5.0,4.0,4.0,5.0,4.0,5.0,5.0,5.0,3.0,0
22,0,1,1.0,3.0,3.0,0.0,1,4.0,5.3,1.0,7.0,3.0,5.0,6.0,4.0,5.0,4.0,4.0,3.0,0
26,0,1,5.0,9.0,2.0,3.0,2,0.0,5.35,2.0,7.0,4.0,6.0,4.0,6.0,5.0,4.0,8.0,2.0,0
20,0,1,5.0,6.0,2.0,3.0,2,3.0,7.87,4.0,6.0,3.0,4.0,6.0,4.0,8.0,8.0,4.0,6.0,2
26,1,1,3.0,7.0,2.0,3.0,3,4.0,3.0,3.0,2.0,5.0,7.0,4.0,5.0,1.0,3.0,7.0,1.0,0
22,0,1,4.0,7.0,2.0,2.0,2,1.0,5.52,0.0,7.0,3.0,4.0,6.0,5.0,5.0,5.0,5.0,4.0,0
26,1,1,5.0,7.0,3.0,1.0,3,3.0,8.27,2.0,4.0,4.0,3.0,6.0,4.0,9.0,7.0,5.0,6.0,2
23,1,1,2.0,4.0,3.0,2.0,0,4.0,5.4,2.0,8.0,3.0,4.0,5.0,4.0,6.0,5.0,4.0,4.0,0
26,0,2,2.0,6.0,5.0,1.0,3,2.0,6.8,2.0,8.0,5.0,6.0,5.0,3.0,7.0,4.0,5.0,4.0,0
24,2,1,4.0,7.0,4.0,2.0,3,5.0,7.32,1.0,6.0,8.0,6.0,3.0,5.0,7.0,5.0,5.0,3.0,0
24,0,1,4.0,8.0,3.0,2.0,0,1.0,3.6,2.0,2.0,5.0,6.0,6.0,4.0,2.0,3.0,8.0,2.0,0
25,1,1,3.0,5.0,3.0,2.0,3,3.0,8.73,2.0,3.0,3.0,4.0,6.0,3.0,8.0,7.0,5.0,5.0,2
24,1,1,5.0,8.0,3.0,0.0,2,2.0,3.36,2.0,8.0,5.0,6.0,3.0,5.0,4.0,3.0,7.0,1.0,0
26,1,0,3.0,6.0,1.0,3.0,0,3.0,4.19,3.0,3.0,3.0,2.0,5.0,4.0,5.0,6.0,4.0,4.0,2
26,0,1,5.0,7.0,2.0,0.0,0,3.0,5.98,1.0,8.0,3.0,5.0,6.0,5.0,6.0,5.0,6.0,4.0,0
23,1,1,7.0,10.0,2.0,4.0,3,2.0,6.29,2.0,5.0,4.0,5.0,3.0,5.0,6.0,5.0,8.0,2.0,0
24,0,1,7.0,9.0,1.0,1.0,3,2.0,7.87,1.0,7.0,5.0,4.0,5.0,8.0,8.0,5.0,6.0,4.0,2
19,1,2,5.0,8.0,3.0,0.0,1,1.0,7.6,2.0,6.0,6.0,6.0,4.0,5.0,7.0,3.0,7.0,3.0,0
26,1,0,0.0,3.0,1.0,3.0,0,3.0,5.62,1.0,6.0,4.0,6.0,4.0,2.0,6.0,5.0,4.0,3.0,0
18,0,2,5.0,9.0,3.0,2.0,4,4.0,7.39,2.0,7.0,4.0,3.0,5.0,5.0,7.0,6.0,5.0,5.0,2
18,1,1,6.0,11.0,3.0,0.0,2,3.0,8.16,3.0,8.0,6.0,5.0,5.0,6.0,8.0,5.0,7.0,4.0,2
20,0,0,4.0,9.0,5.0,1.0,3,2.0,8.13,2.0,5.0,5.0,6.0,3.0,4.0,8.0,4.0,8.0,3.0,0
23,2,1,3.0,5.0,3.0,1.0,0,2.0,6.81,0.0,6.0,6.0,7.0,3.0,5.0,6.0,4.0,6.0,2.0,0
22,1,2,3.0,6.0,2.0,0.0,0,4.0,6.06,1.0,5.0,4.0,3.0,8.0,5.0,6.0,4.0,5.0,5.0,2
19,1,0,6.0,9.0,1.0,1.0,2,0.0,6.42,2.0,8.0,6.0,5.0,5.0,5.0,5.0,4.0,5.0,3.0,0
26,2,2,3.0,4.0,5.0,0.0,0,3.0,9.62,2.0,8.0,5.0,2.0,5.0,3.0,10.0,9.0,4.0,7.0,2
21,0,1,3.0,6.0,2.0,2.0,4,2.0,6.44,2.0,5.0,4.0,6.0,3.0,6.0,7.0,3.0,7.0,2.0,0
21,2,2,3.0,6.0,2.0,1.0,1,2.0,5.83,0.0,7.0,6.0,6.0,6.0,3.0,6.0,5.0,6.0,3.0,0
22,1,1,4.0,7.0,3.0,0.0,2,4.0,6.06,0.0,8.0,5.0,5.0,6.0,5.0,6.0,6.0,7.0,4.0,2
25,1,1,4.0,7.0,3.0,0.0,4,3.0,7.72,3.0,4.0,4.0,4.0,5.0,4.0,8.0,4.0,1.0,5.0,2
21,1,2,2.0,4.0,5.0,1.0,0,2.0,6.9,3.0,4.0,5.0,4.0,7.0,3.0,8.0,5.0,5.0,5.0,2
22,1,1,3.0,6.0,3.0,1.0,0,4.0,7.96,2.0,6.0,7.0,4.0,6.0,3.0,8.0,7.0,5.0,5.0,2
21,0,1,7.0,9.0,3.0,1.0,3,4.0,5.66,3.0,3.0,4.0,4.0,5.0,7.0,4.0,4.0,8.0,2.0,0
23,1,1,4.0,6.0,3.0,0.0,2,5.0,4.62,0.0,7.0,5.0,6.0,3.0,5.0,3.0,3.0,6.0,1.0,0
20,0,2,5.0,9.0,3.0,0.0,1,3.0,7.57,2.0,7.0,6.0,4.0,5.0,4.0,8.0,6.0,5.0,5.0,2
25,1,1,2.0,6.0,4.0,2.0,3,2.0,6.83,0.0,9.0,5.0,5.0,4.0,2.0,6.0,6.0,7.0,3.0,0
23,0,1,5.0,7.0,2.0,3.0,0,5.0,5.5,3.0,9.0,7.0,7.0,5.0,5.0,5.0,6.0,6.0,4.0,0
22,1,2,6.0,8.0,2.0,4.0,1,5.0,8.12,2.0,5.0,5.0,3.0,7.0,5.0,8.0,8.0,3.0,7.0,2
19,1,1,4.0,7.0,4.0,3.0,2,7.0,7.39,1.0,6.0,6.0,4.0,6.0,6.0,7.0,9.0,3.0,6.0,2
24,0,1,2.0,4.0,2.0,4.0,4,5.0,4.88,1.0,6.0,6.0,6.0,4.0,4.0,4.0,4.0,4.0,3.0,0
19,1,0,5.0,7.0,2.0,0.0,1,4.0,6.25,2.0,7.0,6.0,5.0,4.0,5.0,6.0,5.0,4.0,3.0,0
18,0,1,5.0,8.0,4.0,2.0,3,0.0,5.66,1.0,3.0,4.0,4.0,5.0,6.0,7.0,5.0,5.0,4.0,2
24,1,1,3.0,7.0,3.0,1.0,4,5.0,7.17,0.0,7.0,6.0,7.0,3.0,5.0,8.0,3.0,6.0,3.0,0
22,0,1,6.0,7.0,3.0,3.0,4,3.0,6.05,4.0,8.0,5.0,5.0,7.0,5.0,6.0,5.0,8.0,4.0,0
18,0,2,5.0,9.0,3.0,1.0,1,3.0,5.51,3.0,5.0,4.0,4.0,6.0,6.0,5.0,3.0,6.0,3.0,0
21,0,2,1.0,4.0,2.0,4.0,1,4.0,6.91,2.0,2.0,4.0,2.0,5.0,1.0,6.0,7.0,1.0,5.0,2
21,2,2,3.0,4.0,3.0,1.0,3,2.0,8.27,2.0,5.0,4.0,5.0,4.0,4.0,8.0,7.0,4.0,5.0,2
24,2,1,4.0,5.0,3.0,3.0,1,5.0,6.57,2.0,5.0,4.0,5.0,4.0,3.0,6.0,5.0,6.0,3.0,0
26,0,1,4.0,7.0,4.0,0.0,2,1.0,6.71,1.0,6.0,7.0,6.0,6.0,5.0,7.0,4.0,7.0,4.0,0
19,0,1,4.0,6.0,2.0,2.0,4,4.0,5.37,1.0,6.0,7.0,7.0,4.0,2.0,6.0,3.0,6.0,2.0,0
18,0,2,5.0,8.0,5.0,0.0,4,4.0,5.6,2.0,3.0,6.0,6.0,5.0,5.0,6.0,5.0,6.0,3.0,0
19,1,1,5.0,8.0,2.0,2.0,3,3.0,7.3,2.0,6.0,6.0,4.0,6.0,6.0,6.0,6.0,6.0,4.0,2
24,2,1,6.0,11.0,4.0,1.0,1,5.0,6.61,1.0,8.0,7.0,5.0,7.0,7.0,6.0,5.0,7.0,4.0,0
23,0,2,5.0,6.0,1.0,3.0,1,4.0,7.41,2.0,5.0,3.0,1.0,8.0,4.0,6.0,8.0,3.0,7.0,2
21,1,2,6.0,10.0,2.0,4.0,4,7.0,4.78,2.0,6.0,5.0,7.0,6.0,6.0,5.0,5.0,8.0,3.0,0
18,1,2,5.0,10.0,3.0,0.0,4,2.0,8.05,1.0,6.0,6.0,5.0,5.0,6.0,7.0,6.0,6.0,4.0,2
18,1,1,6.0,8.0,2.0,1.0,3,3.0,7.1,1.0,9.0,6.0,4.0,7.0,7.0,8.0,4.0,7.0,4.0,2
22,1,1,6.0,10.0,4.0,1.0,1,3.0,8.16,1.0,5.0,5.0,4.0,5.0,6.0,6.0,6.0,6.0,4.0,0
18,1,1,3.0,6.0,4.0,2.0,0,5.0,6.46,3.0,7.0,4.0,4.0,6.0,3.0,8.0,5.0,3.0,5.0,2
24,1,2,4.0,6.0,2.0,0.0,1,3.0,7.52,2.0,7.0,5.0,4.0,5.0,5.0,6.0,5.0,6.0,4.0,0
18,1,2,1.0,4.0,1.0,0.0,3,1.0,8.09,4.0,5.0,3.0,2.0,8.0,2.0,7.0,5.0,3.0,6.0,2
18,0,2,6.0,9.0,4.0,3.0,4,0.0,8.78,2.0,4.0,6.0,4.0,6.0,4.0,10.0,5.0,6.0,5.0,2
19,1,1,6.0,8.0,3.0,0.0,4,2.0,8.5,0.0,6.0,5.0,4.0,6.0,4.0,9.0,5.0,7.0,5.0,2
20,1,2,4.0,8.0,2.0,0.0,0,4.0,7.23,2.0,2.0,4.0,5.0,5.0,4.0,8.0,6.0,6.0,5.0,2
18,0,1,5.0,8.0,2.0,0.0,0,3.0,6.77,1.0,7.0,5.0,4.0,6.0,6.0,7.0,4.0,5.0,4.0,2
26,0,2,6.0,7.0,2.0,0.0,3,2.0,5.46,3.0,4.0,6.0,4.0,4.0,5.0,6.0,4.0,7.0,3.0,0
25,0,1,4.0,7.0,4.0,0.0,1,3.0,4.9,0.0,5.0,8.0,6.0,4.0,4.0,5.0,3.0,7.0,2.0,0
22,1,1,5.0,6.0,3.0,0.0,4,1.0,3.86,2.0,10.0,4.0,5.0,5.0,6.0,4.0,3.0,6.0,2.0,0
19,0,1,4.0,7.0,5.0,1.0,2,2.0,5.35,0.0,6.0,5.0,3.0,5.0,3.0,5.0,4.0,5.0,3.0,0
22,1,1,4.0,7.0,6.0,3.0,2,4.0,6.31,2.0,5.0,6.0,5.0,4.0,7.0,8.0,5.0,4.0,4.0,2
23,1,1,3.0,5.0,4.0,2.0,2,2.0,4.09,2.0,6.0,6.0,6.0,4.0,4.0,5.0,1.0,6.0,2.0,0
18,1,1,2.0,3.0,6.0,0.0,4,5.0,5.23,3.0,7.0,5.0,7.0,4.0,3.0,4.0,4.0,5.0,2.0,0
21,0,1,2.0,4.0,4.0,3.0,4,0.0,7.02,2.0,6.0,5.0,5.0,4.0,2.0,8.0,4.0,6.0,3.0,0
26,0,1,4.0,8.0,3.0,1.0,2,2.0,5.66,1.0,4.0,3.0,3.0,6.0,4.0,5.0,3.0,5.0,3.0,0
19,0,2,2.0,6.0,5.0,3.0,0,6.0,7.08,4.0,6.0,4.0,2.0,6.0,3.0,8.0,7.0,4.0,6.0,2
22,1,1,3.0,6.0,3.0,0.0,2,0.0,6.8,1.0,6.0,4.0,4.0,5.0,4.0,6.0,3.0,7.0,3.0,0
18,0,0,3.0,7.0,6.0,5.0,0,3.0,6.85,0.0,7.0,5.0,3.0,6.0,3.0,8.0,7.0,4.0,6.0,2
21,1,2,4.0,9.0,2.0,1.0,3,4.0,6.87,1.0,8.0,6.0,6.0,5.0,4.0,7.0,5.0,8.0,3.0,0
21,1,1,6.0,9.0,4.0,0.0,2,3.0,6.81,2.0,4.0,6.0,4.0,7.0,4.0,7.0,5.0,4.0,5.0,2
23,1,1,1.0,4.0,3.0,2.0,2,4.0,6.74,2.0,7.0,4.0,5.0,5.0,1.0,5.0,6.0,5.0,4.0,0
26,0,1,4.0,6.0,2.0,3.0,0,4.0,5.51,3.0,6.0,4.0,7.0,3.0,5.0,5.0,4.0,4.0,3.0,0
20,1,1,3.0,6.0,2.0,2.0,0,2.0,6.53,0.0,6.0,5.0,6.0,4.0,4.0,7.0,4.0,6.0,3.0,0
26,0,2,4.0,7.0,0.0,0.0,0,4.0,7.89,2.0,4.0,5.0,5.0,5.0,5.0,10.0,5.0,6.0,5.0,2
23,0,1,3.0,7.0,3.0,0.0,3,3.0,6.77,1.0,3.0,5.0,5.0,4.0,6.0,6.0,5.0,6.0,4.0,0
24,1,1,4.0,6.0,4.0,1.0,2,3.0,7.67,0.0,5.0,6.0,4.0,6.0,5.0,8.0,5.0,6.0,5.0,2
19,0,1,2.0,4.0,0.0,1.0,0,2.0,8.13,2.0,7.0,5.0,4.0,5.0,2.0,7.0,6.0,4.0,4.0,2
23,1,1,5.0,7.0,0.0,3.0,3,7.0,6.92,1.0,6.0,2.0,5.0,4.0,5.0,7.0,6.0,5.0,4.0,0
23,1,0,4.0,7.0,2.0,0.0,3,2.0,7.47,1.0,6.0,5.0,2.0,4.0,6.0,6.0,4.0,2.0,4.0,2
19,1,1,4.0,9.0,3.0,4.0,4,2.0,6.89,2.0,1.0,5.0,3.0,6.0,6.0,7.0,6.0,8.0,4.0,2
19,2,1,5.0,6.0,2.0,1.0,0,4.0,6.28,0.0,7.0,5.0,5.0,5.0,5.0,5.0,7.0,2.0,5.0,2
19,1,1,2.0,4.0,3.0,2.0,0,3.0,7.22,3.0,8.0,4.0,4.0,4.0,5.0,6.0,7.0,6.0,4.0,2
18,0,2,2.0,6.0,2.0,2.0,0,4.0,6.97,1.0,5.0,4.0,6.0,4.0,3.0,8.0,5.0,5.0,4.0,0
22,1,1,6.0,8.0,1.0,2.0,4,3.0,7.08,1.0,7.0,6.0,5.0,5.0,5.0,7.0,3.0,5.0,3.0,0
25,0,1,5.0,8.0,4.0,0.0,0,1.0,4.73,2.0,6.0,6.0,7.0,4.0,4.0,5.0,3.0,8.0,2.0,0
19,0,1,1.0,5.0,3.0,1.0,0,5.0,5.44,0.0,4.0,4.0,5.0,5.0,1.0,4.0,7.0,4.0,4.0,0
22,0,1,4.0,7.0,3.0,1.0,3,1.0,5.08,3.0,5.0,3.0,4.0,4.0,4.0,4.0,6.0,6.0,3.0,0
25,2,2,6.0,9.0,1.0,3.0,0,2.0,7.15,1.0,8.0,6.0,7.0,5.0,6.0,7.0,3.0,7.0,3.0,0
22,1,1,7.0,10.0,2.0,3.0,2,3.0,7.51,3.0,4.0,5.0,2.0,6.0,5.0,6.0,5.0,4.0,5.0,2
19,0,2,6.0,9.0,2.0,1.0,1,2.0,7.28,1.0,8.0,4.0,2.0,7.0,5.0,6.0,4.0,5.0,5.0,2
20,0,1,3.0,6.0,2.0,2.0,0,2.0,6.07,0.0,9.0,5.0,7.0,3.0,4.0,6.0,4.0,9.0,2.0,0
23,0,1,4.0,6.0,2.0,2.0,3,1.0,7.51,0.0,5.0,5.0,4.0,6.0,3.0,5.0,4.0,6.0,3.0,0
22,0,2,1.0,5.0,3.0,2.0,4,4.0,5.75,1.0,7.0,6.0,6.0,5.0,3.0,7.0,4.0,6.0,3.0,0
21,1,1,4.0,6.0,3.0,3.0,4,5.0,6.75,0.0,7.0,5.0,4.0,6.0,6.0,7.0,5.0,3.0,5.0,2
21,1,2,4.0,7.0,4.0,1.0,1,2.0,7.23,0.0,3.0,6.0,6.0,5.0,4.0,5.0,3.0,6.0,3.0,0
22,1,1,5.0,9.0,2.0,1.0,3,5.0,6.7,2.0,7.0,5.0,4.0,7.0,5.0,6.0,4.0,6.0,4.0,2
19,0,0,1.0,2.0,3.0,2.0,0,4.0,7.34,1.0,1.0,4.0,3.0,6.0,1.0,7.0,7.0,2.0,6.0,2
26,2,1,3.0,6.0,2.0,2.0,4,4.0,6.35,1.0,7.0,4.0,3.0,7.0,3.0,7.0,8.0,6.0,6.0,2
19,0,1,4.0,8.0,2.0,0.0,4,4.0,7.35,0.0,3.0,6.0,6.0,3.0,3.0,8.0,6.0,7.0,3.0,0
19,0,1,5.0,8.0,2.0,1.0,2,2.0,5.59,2.0,8.0,4.0,5.0,6.0,5.0,5.0,4.0,5.0,3.0,0
26,0,1,3.0,7.0,4.0,1.0,1,2.0,5.55,1.0,5.0,5.0,4.0,5.0,3.0,4.0,5.0,4.0,4.0,0
20,0,2,8.0,11.0,3.0,2.0,2,3.0,6.54,0.0,5.0,7.0,6.0,4.0,7.0,6.0,6.0,6.0,3.0,0
24,1,1,2.0,6.0,3.0,1.0,4,3.0,4.97,2.0,6.0,3.0,3.0,6.0,3.0,6.0,5.0,4.0,5.0,2
21,0,0,3.0,6.0,2.0,3.0,0,4.0,8.3,1.0,5.0,5.0,4.0,5.0,4.0,7.0,7.0,6.0,4.0,2
23,0,1,2.0,7.0,3.0,0.0,0,3.0,6.78,1.0,4.0,6.0,5.0,7.0,5.0,6.0,7.0,7.0,5.0,2
21,0,1,4.0,7.0,3.0,1.0,2,3.0,7.17,1.0,8.0,4.0,4.0,5.0,4.0,8.0,7.0,4.0,5.0,2
24,1,2,5.0,9.0,2.0,0.0,0,4.0,6.18,2.0,7.0,4.0,4.0,7.0,5.0,6.0,5.0,6.0,4.0,2
18,0,2,4.0,8.0,1.0,1.0,1,1.0,7.12,1.0,8.0,4.0,3.0,6.0,4.0,6.0,6.0,6.0,4.0,2
20,0,1,3.0,7.0,2.0,3.0,2,4.0,7.32,2.0,7.0,6.0,5.0,4.0,4.0,8.0,7.0,5.0,4.0,2
20,0,0,6.0,8.0,3.0,1.0,3,3.0,6.42,2.0,5.0,6.0,4.0,4.0,5.0,7.0,6.0,7.0,4.0,0
18,0,0,6.0,8.0,4.0,0.0,0,7.0,5.82,3.0,6.0,7.0,4.0,5.0,4.0,7.0,6.0,6.0,4.0,2
23,0,0,3.0,7.0,1.0,0.0,0,1.0,5.14,1.0,6.0,5.0,7.0,5.0,5.0,4.0,4.0,8.0,2.0,0
26,0,2,9.0,12.0,1.0,0.0,3,4.0,7.74,1.0,5.0,5.0,6.0,5.0,7.0,7.0,8.0,9.0,4.0,0
25,1,2,2.0,7.0,2.0,0.0,1,2.0,4.64,1.0,8.0,6.0,7.0,3.0,3.0,5.0,3.0,9.0,1.0,0
24,0,1,4.0,5.0,2.0,2.0,2,3.0,6.13,3.0,7.0,4.0,5.0,4.0,3.0,6.0,6.0,4.0,4.0,2
25,0,2,4.0,7.0,0.0,0.0,2,5.0,5.33,2.0,7.0,4.0,5.0,4.0,4.0,5.0,5.0,5.0,3.0,0
23,0,1,2.0,5.0,3.0,1.0,1,6.0,6.04,2.0,5.0,5.0,5.0,4.0,4.0,5.0,7.0,5.0,4.0,0
26,0,1,4.0,8.0,4.0,0.0,2,2.0,6.42,1.0,8.0,6.0,4.0,4.0,4.0,7.0,5.0,7.0,4.0,0
20,0,1,4.0,9.0,2.0,1.0,0,3.0,6.48,0.0,5.0,6.0,4.0,6.0,3.0,7.0,4.0,6.0,4.0,2
26,0,0,5.0,8.0,3.0,2.0,1,0.0,6.63,1.0,7.0,4.0,6.0,4.0,5.0,5.0,4.0,6.0,2.0,0
21,0,1,4.0,7.0,3.0,0.0,0,6.0,5.53,1.0,8.0,5.0,4.0,6.0,6.0,7.0,6.0,5.0,5.0,2
24,0,2,5.0,6.0,3.0,0.0,0,2.0,7.3,1.0,6.0,5.0,3.0,7.0,4.0,8.0,6.0,6.0,6.0,2
26,0,1,5.0,8.0,2.0,1.0,0,0.0,5.08,1.0,8.0,5.0,4.0,5.0,6.0,5.0,6.0,6.0,4.0,0
19,2,1,3.0,6.0,2.0,3.0,3,3.0,5.58,2.0,7.0,4.0,4.0,4.0,2.0,6.0,6.0,5.0,4.0,0
19,0,1,4.0,6.0,3.0,2.0,1,1.0,6.4,1.0,4.0,3.0,3.0,6.0,6.0,7.0,3.0,5.0,4.0,2
26,1,1,3.0,6.0,4.0,2.0,0,2.0,9.17,0.0,7.0,5.0,2.0,7.0,3.0,7.0,7.0,4.0,6.0,2
20,0,0,6.0,10.0,3.0,2.0,1,2.0,7.09,2.0,5.0,6.0,6.0,4.0,6.0,7.0,7.0,6.0,4.0,0
26,0,1,5.0,10.0,4.0,2.0,4,5.0,4.56,1.0,7.0,6.0,5.0,5.0,5.0,4.0,7.0,5.0,4.0,0
22,2,2,4.0,7.0,3.0,0.0,0,6.0,6.96,2.0,8.0,5.0,6.0,4.0,4.0,7.0,7.0,7.0,4.0,0
23,0,1,5.0,7.0,3.0,0.0,2,4.0,6.42,1.0,7.0,5.0,5.0,5.0,5.0,7.0,3.0,5.0,3.0,0
19,1,0,4.0,6.0,4.0,0.0,4,3.0,6.01,1.0,6.0,5.0,5.0,5.0,5.0,6.0,4.0,6.0,3.0,0
25,1,2,4.0,7.0,2.0,1.0,2,1.0,5.84,2.0,6.0,4.0,5.0,6.0,4.0,5.0,5.0,6.0,4.0,0
26,0,1,3.0,4.0,4.0,2.0,4,2.0,6.74,2.0,9.0,6.0,5.0,5.0,4.0,7.0,6.0,5.0,4.0,2
19,0,1,3.0,6.0,3.0,2.0,3,4.0,6.21,2.0,10.0,4.0,6.0,4.0,3.0,6.0,7.0,5.0,4.0,0
23,0,1,5.0,8.0,2.0,0.0,3,4.0,7.26,1.0,7.0,6.0,3.0,6.0,7.0,7.0,8.0,5.0,6.0,2
23,1,1,2.0,7.0,2.0,2.0,4,4.0,4.93,1.0,2.0,6.0,8.0,5.0,3.0,4.0,4.0,7.0,2.0,0
25,0,1,3.0,6.0,3.0,0.0,4,4.0,5.05,4.0,3.0,5.0,5.0,4.0,5.0,4.0,5.0,6.0,3.0,0
22,0,0,4.0,8.0,3.0,2.0,1,4.0,6.74,1.0,5.0,3.0,6.0,5.0,5.0,8.0,7.0,5.0,5.0,2
26,1,2,2.0,6.0,5.0,1.0,3,4.0,6.83,3.0,8.0,7.0,6.0,4.0,4.0,8.0,6.0,4.0,4.0,0
18,1,1,6.0,9.0,3.0,5.0,1,4.0,7.56,1.0,6.0,7.0,4.0,5.0,5.0,8.0,6.0,6.0,5.0,2
26,1,0,5.0,8.0,1.0,0.0,2,1.0,5.45,2.0,9.0,5.0,4.0,3.0,6.0,5.0,5.0,7.0,2.0,0
24,1,1,5.0,8.0,3.0,0.0,3,1.0,5.46,3.0,7.0,7.0,7.0,3.0,4.0,6.0,6.0,9.0,2.0,0
21,1,1,3.0,7.0,4.0,3.0,1,5.0,4.74,3.0,7.0,5.0,6.0,4.0,2.0,5.0,4.0,6.0,2.0,0
20,1,1,6.0,8.0,3.0,0.0,0,3.0,6.61,0.0,2.0,6.0,5.0,7.0,6.0,6.0,6.0,7.0,4.0,2
23,0,1,5.0,8.0,3.0,1.0,2,5.0,5.11,3.0,6.0,4.0,4.0,5.0,4.0,7.0,5.0,4.0,4.0,2
18,1,1,5.0,8.0,1.0,1.0,3,4.0,7.21,1.0,7.0,5.0,5.0,2.0,5.0,8.0,5.0,6.0,3.0,0
20,1,1,6.0,9.0,4.0,2.0,0,2.0,7.72,1.0,6.0,6.0,3.0,7.0,4.0,8.0,5.0,6.0,5.0,2
19,1,2,3.0,8.0,2.0,0.0,4,5.0,8.32,1.0,5.0,3.0,4.0,7.0,3.0,8.0,9.0,2.0,7.0,2
26,0,0,3.0,5.0,1.0,1.0,0,5.0,5.19,4.0,7.0,3.0,5.0,5.0,3.0,5.0,5.0,4.0,3.0,0
20,0,2,2.0,4.0,2.0,2.0,4,3.0,7.29,1.0,5.0,3.0,1.0,8.0,2.0,8.0,8.0,1.0,7.0,1
19,1,1,4.0,7.0,3.0,0.0,4,5.0,9.09,1.0,5.0,6.0,5.0,4.0,4.0,10.0,8.0,4.0,6.0,2
21,0,1,0.0,2.0,2.0,2.0,4,2.0,6.06,2.0,5.0,4.0,5.0,4.0,3.0,5.0,5.0,4.0,3.0,0
19,0,1,2.0,6.0,4.0,2.0,4,4.0,7.12,2.0,8.0,5.0,5.0,5.0,2.0,6.0,3.0,5.0,3.0,0
18,1,2,3.0,5.0,1.0,2.0,2,4.0,5.77,2.0,9.0,5.0,5.0,5.0,5.0,6.0,6.0,3.0,4.0,2
23,0,1,3.0,6.0,3.0,2.0,4,2.0,5.36,1.0,8.0,5.0,4.0,5.0,3.0,7.0,5.0,4.0,4.0,2
25,0,1,5.0,10.0,2.0,0.0,4,3.0,6.13,2.0,1.0,5.0,5.0,7.0,3.0,5.0,4.0,5.0,4.0,0
19,1,1,2.0,7.0,3.0,0.0,4,2.0,6.56,0.0,6.0,4.0,5.0,4.0,2.0,6.0,6.0,5.0,3.0,0
26,0,0,1.0,5.0,4.0,2.0,3,3.0,6.79,1.0,7.0,4.0,5.0,6.0,4.0,7.0,4.0,5.0,4.0,2
20,0,1,1.0,4.0,3.0,1.0,1,5.0,6.91,2.0,6.0,3.0,5.0,4.0,3.0,8.0,6.0,4.0,4.0,2
25,0,0,5.0,9.0,3.0,1.0,0,3.0,7.83,2.0,7.0,6.0,2.0,6.0,8.0,7.0,7.0,4.0,6.0,2
25,1,1,3.0,6.0,2.0,3.0,0,3.0,6.6,3.0,6.0,6.0,4.0,7.0,4.0,6.0,6.0,2.0,5.0,2
20,2,2,3.0,5.0,3.0,3.0,1,4.0,5.47,0.0,5.0,4.0,8.0,3.0,4.0,5.0,5.0,7.0,2.0,0
20,0,1,7.0,12.0,2.0,3.0,2,2.0,6.62,3.0,7.0,8.0,6.0,4.0,5.0,6.0,5.0,8.0,2.0,0
23,1,2,5.0,8.0,0.0,5.0,4,1.0,5.4,0.0,4.0,4.0,5.0,5.0,5.0,5.0,3.0,7.0,2.0,0
18,1,1,3.0,6.0,3.0,4.0,3,2.0,9.8,0.0,5.0,7.0,5.0,5.0,1.0,10.0,5.0,6.0,5.0,2
21,0,1,2.0,5.0,1.0,1.0,0,2.0,5.25,1.0,6.0,4.0,5.0,4.0,2.0,4.0,3.0,5.0,2.0,0
18,0,1,7.0,10.0,3.0,1.0,1,2.0,8.08,3.0,4.0,7.0,5.0,5.0,5.0,8.0,5.0,8.0,4.0,0
20,1,1,4.0,7.0,3.0,0.0,4,4.0,7.13,2.0,6.0,5.0,4.0,6.0,6.0,8.0,5.0,6.0,4.0,2
26,1,2,3.0,6.0,2.0,3.0,0,0.0,6.3,2.0,6.0,4.0,5.0,4.0,4.0,5.0,4.0,6.0,3.0,0
22,0,2,4.0,8.0,2.0,1.0,0,6.0,8.32,2.0,5.0,5.0,3.0,7.0,5.0,9.0,8.0,4.0,7.0,2
22,2,2,3.0,6.0,4.0,1.0,0,5.0,5.88,2.0,6.0,6.0,6.0,5.0,3.0,7.0,5.0,6.0,3.0,0
21,1,1,5.0,7.0,1.0,1.0,4,0.0,5.59,3.0,5.0,4.0,6.0,5.0,5.0,5.0,4.0,7.0,3.0,0
20,0,1,1.0,5.0,2.0,1.0,2,3.0,5.68,2.0,4.0,3.0,4.0,6.0,4.0,7.0,4.0,4.0,4.0,2
22,0,0,3.0,6.0,3.0,0.0,1,1.0,7.82,4.0,5.0,5.0,3.0,7.0,4.0,7.0,6.0,5.0,5.0,2
21,0,2,2.0,5.0,3.0,4.0,1,3.0,6.49,1.0,6.0,7.0,4.0,5.0,4.0,7.0,6.0,4.0,5.0,2
25,0,1,4.0,6.0,3.0,4.0,0,1.0,8.25,2.0,9.0,5.0,4.0,5.0,4.0,8.0,7.0,6.0,5.0,2
21,1,2,3.0,7.0,5.0,1.0,2,2.0,6.67,1.0,4.0,6.0,4.0,5.0,3.0,7.0,4.0,5.0,4.0,0
25,0,2,3.0,7.0,4.0,4.0,2,3.0,8.47,0.0,5.0,3.0,4.0,7.0,4.0,9.0,6.0,5.0,6.0,2
23,2,1,3.0,6.0,4.0,1.0,4,3.0,6.3,0.0,5.0,7.0,5.0,6.0,4.0,7.0,5.0,5.0,4.0,2
22,1,1,4.0,7.0,2.0,4.0,1,3.0,7.42,0.0,9.0,5.0,3.0,7.0,4.0,8.0,5.0,5.0,5.0,2
21,0,1,3.0,7.0,5.0,3.0,0,3.0,5.84,1.0,4.0,7.0,6.0,3.0,4.0,6.0,4.0,6.0,2.0,0
21,1,0,2.0,6.0,2.0,0.0,0,5.0,5.75,3.0,3.0,4.0,6.0,4.0,2.0,7.0,5.0,6.0,4.0,0
21,1,1,5.0,7.0,3.0,2.0,2,4.0,7.31,2.0,7.0,5.0,6.0,5.0,5.0,8.0,5.0,3.0,4.0,2
26,0,1,7.0,10.0,3.0,3.0,3,3.0,7.17,2.0,6.0,5.0,5.0,4.0,6.0,7.0,6.0,7.0,4.0,0
21,1,2,3.0,7.0,2.0,4.0,4,3.0,7.02,1.0,6.0,2.0,3.0,7.0,4.0,7.0,6.0,4.0,6.0,2
26,0,2,6.0,9.0,1.0,4.0,2,6.0,5.87,3.0,6.0,5.0,5.0,6.0,5.0,5.0,6.0,6.0,4.0,0
23,1,0,2.0,5.0,3.0,4.0,4,4.0,7.31,2.0,3.0,4.0,3.0,7.0,4.0,7.0,6.0,3.0,6.0,2
24,2,1,3.0,6.0,2.0,1.0,2,2.0,6.51,0.0,7.0,5.0,4.0,6.0,2.0,6.0,6.0,5.0,5.0,2
20,1,2,6.0,10.0,1.0,2.0,2,4.0,5.97,2.0,8.0,3.0,5.0,5.0,6.0,5.0,2.0,6.0,2.0,0
25,1,1,4.0,7.0,2.0,2.0,2,4.0,6.91,1.0,8.0,4.0,4.0,8.0,5.0,8.0,6.0,3.0,6.0,2
20,1,1,3.0,6.0,4.0,0.0,3,4.0,6.17,2.0,8.0,5.0,5.0,5.0,4.0,6.0,5.0,8.0,3.0,0
18,0,1,5.0,8.0,2.0,2.0,1,3.0,7.08,0.0,10.0,2.0,2.0,7.0,5.0,8.0,6.0,5.0,6.0,2
22,1,2,2.0,5.0,4.0,1.0,0,6.0,5.36,3.0,5.0,5.0,3.0,7.0,3.0,5.0,5.0,2.0,5.0,2
19,1,2,4.0,9.0,3.0,1.0,4,4.0,6.09,0.0,5.0,6.0,5.0,3.0,5.0,7.0,6.0,4.0,4.0,0
23,0,1,5.0,7.0,3.0,0.0,2,0.0,7.0,2.0,4.0,5.0,4.0,7.0,5.0,7.0,4.0,5.0,4.0,2
26,0,1,5.0,8.0,5.0,1.0,0,0.0,4.89,3.0,10.0,6.0,6.0,5.0,5.0,5.0,4.0,7.0,3.0,0
18,0,2,8.0,13.0,2.0,0.0,2,1.0,6.65,2.0,6.0,6.0,5.0,5.0,8.0,6.0,5.0,9.0,3.0,0
21,1,1,3.0,8.0,3.0,4.0,1,4.0,4.78,2.0,7.0,5.0,6.0,3.0,4.0,4.0,5.0,8.0,2.0,0
18,1,1,5.0,9.0,3.0,1.0,1,4.0,7.15,1.0,6.0,5.0,4.0,5.0,5.0,7.0,7.0,6.0,5.0,2
18,0,1,5.0,10.0,3.0,2.0,1,5.0,7.22,1.0,4.0,6.0,5.0,6.0,7.0,8.0,7.0,6.0,5.0,2
25,0,1,4.0,7.0,0.0,0.0,2,3.0,4.17,0.0,5.0,4.0,5.0,3.0,4.0,3.0,2.0,8.0,1.0,0
19,1,1,3.0,5.0,2.0,1.0,0,3.0,6.1,2.0,5.0,3.0,4.0,4.0,4.0,5.0,4.0,4.0,3.0,0
18,1,2,6.0,9.0,2.0,0.0,1,4.0,5.47,2.0,4.0,5.0,6.0,5.0,5.0,6.0,3.0,5.0,3.0,0
25,2,1,3.0,7.0,3.0,4.0,4,3.0,7.64,1.0,2.0,6.0,3.0,7.0,2.0,7.0,5.0,4.0,5.0,2
21,1,2,5.0,10.0,1.0,1.0,3,4.0,4.37,2.0,7.0,4.0,6.0,5.0,4.0,5.0,4.0,5.0,3.0,0
20,0,1,5.0,9.0,3.0,2.0,3,2.0,4.18,2.0,7.0,6.0,4.0,6.0,5.0,5.0,4.0,7.0,3.0,0
21,0,1,4.0,7.0,2.0,1.0,3,3.0,8.02,1.0,7.0,7.0,5.0,5.0,5.0,8.0,6.0,5.0,5.0,2
22,0,2,6.0,8.0,2.0,2.0,3,3.0,6.93,1.0,8.0,6.0,7.0,5.0,5.0,8.0,4.0,6.0,3.0,0
18,0,1,4.0,6.0,1.0,4.0,3,5.0,7.6,4.0,4.0,5.0,3.0,7.0,4.0,8.0,7.0,4.0,6.0,2
18,1,2,5.0,8.0,1.0,2.0,3,4.0,6.87,1.0,10.0,5.0,4.0,5.0,5.0,8.0,5.0,6.0,4.0,0
20,1,2,5.0,7.0,2.0,1.0,2,6.0,8.1,0.0,7.0,4.0,4.0,7.0,4.0,8.0,6.0,3.0,6.0,2
23,0,0,4.0,8.0,4.0,1.0,0,4.0,4.72,0.0,6.0,5.0,5.0,4.0,5.0,5.0,6.0,5.0,3.0,0
18,1,0,3.0,6.0,3.0,0.0,4,2.0,4.74,1.0,7.0,5.0,6.0,6.0,3.0,5.0,6.0,5.0,4.0,0
19,0,1,4.0,8.0,3.0,2.0,0,2.0,7.12,2.0,3.0,5.0,5.0,4.0,3.0,7.0,6.0,6.0,4.0,0
24,0,1,5.0,10.0,3.0,2.0,4,2.0,5.95,1.0,5.0,7.0,6.0,4.0,6.0,6.0,4.0,7.0,2.0,0
18,0,1,5.0,8.0,2.0,3.0,1,4.0,6.97,2.0,8.0,3.0,2.0,8.0,4.0,7.0,7.0,3.0,6.0,2
24,1,2,5.0,8.0,1.0,2.0,4,3.0,6.99,1.0,4.0,4.0,4.0,5.0,6.0,6.0,6.0,8.0,4.0,0
21,1,1,10.0,13.0,3.0,1.0,2,3.0,8.26,1.0,5.0,5.0,3.0,8.0,7.0,7.0,6.0,8.0,5.0,2
23,0,2,3.0,6.0,3.0,3.0,1,5.0,7.23,0.0,4.0,6.0,7.0,4.0,3.0,7.0,5.0,6.0,3.0,0
25,1,1,2.0,5.0,4.0,4.0,3,4.0,6.47,1.0,9.0,3.0,5.0,4.0,3.0,7.0,5.0,3.0,4.0,0
26,2,1,3.0,6.0,2.0,4.0,2,4.0,7.49,0.0,10.0,4.0,4.0,5.0,2.0,8.0,5.0,5.0,4.0,2
23,2,1,3.0,8.0,4.0,1.0,2,2.0,5.36,2.0,5.0,5.0,6.0,4.0,3.0,6.0,3.0,6.0,2.0,0
26,1,1,5.0,7.0,2.0,2.0,0,1.0,3.96,1.0,10.0,2.0,4.0,5.0,4.0,4.0,2.0,6.0,2.0,0
21,1,1,4.0,5.0,3.0,3.0,0,5.0,6.48,4.0,5.0,4.0,5.0,4.0,4.0,7.0,7.0,4.0,4.0,2
23,1,1,5.0,7.0,4.0,0.0,1,4.0,9.1,1.0,6.0,5.0,4.0,6.0,4.0,8.0,6.0,4.0,5.0,2
25,2,1,3.0,5.0,2.0,2.0,2,5.0,7.3,2.0,6.0,4.0,5.0,4.0,5.0,7.0,5.0,5.0,4.0,0
26,1,1,5.0,7.0,1.0,1.0,1,1.0,4.75,2.0,7.0,5.0,5.0,5.0,7.0,6.0,3.0,5.0,3.0,0
20,1,1,2.0,6.0,2.0,3.0,3,4.0,6.62,3.0,2.0,4.0,4.0,7.0,3.0,6.0,5.0,5.0,4.0,2
19,0,1,4.0,8.0,3.0,1.0,0,1.0,9.21,4.0,9.0,4.0,5.0,4.0,4.0,9.0,6.0,7.0,4.0,2
23,1,2,3.0,7.0,2.0,1.0,2,3.0,6.41,1.0,6.0,5.0,7.0,4.0,2.0,6.0,6.0,8.0,3.0,0
21,1,2,3.0,6.0,4.0,0.0,3,3.0,6.23,1.0,4.0,7.0,5.0,3.0,6.0,5.0,6.0,4.0,3.0,0
18,1,1,1.0,5.0,2.0,0.0,2,4.0,5.26,2.0,4.0,3.0,3.0,6.0,3.0,5.0,5.0,2.0,4.0,2
25,0,1,5.0,8.0,4.0,1.0,3,4.0,6.21,0.0,4.0,5.0,5.0,5.0,6.0,7.0,6.0,4.0,4.0,2
26,1,1,3.0,5.0,4.0,3.0,4,2.0,4.87,2.0,4.0,7.0,6.0,5.0,2.0,4.0,4.0,5.0,3.0,0
26,0,0,4.0,8.0,3.0,0.0,3,3.0,5.87,0.0,8.0,4.0,5.0,6.0,4.0,6.0,5.0,7.0,3.0,0
19,0,1,5.0,7.0,1.0,2.0,4,2.0,9.01,1.0,4.0,4.0,3.0,7.0,5.0,9.0,6.0,4.0,6.0,2
26,0,2,3.0,6.0,2.0,2.0,0,0.0,4.92,1.0,5.0,7.0,6.0,4.0,4.0,5.0,4.0,6.0,2.0,0
24,0,1,3.0,6.0,4.0,1.0,4,3.0,7.08,2.0,7.0,6.0,4.0,4.0,3.0,7.0,6.0,5.0,4.0,2
22,1,1,1.0,5.0,3.0,3.0,1,0.0,8.91,2.0,9.0,4.0,2.0,6.0,2.0,8.0,7.0,5.0,6.0,2
24,1,2,4.0,7.0,4.0,1.0,3,2.0,6.94,1.0,5.0,7.0,5.0,5.0,3.0,7.0,5.0,5.0,4.0,2
26,1,1,6.0,9.0,3.0,1.0,0,3.0,7.91,1.0,7.0,6.0,5.0,4.0,5.0,7.0,6.0,7.0,4.0,0
25,0,1,4.0,9.0,1.0,4.0,2,3.0,5.6,1.0,9.0,7.0,6.0,6.0,5.0,6.0,5.0,6.0,4.0,0
23,1,0,2.0,5.0,3.0,0.0,3,4.0,5.45,3.0,8.0,6.0,4.0,6.0,1.0,6.0,7.0,4.0,5.0,2
21,1,1,5.0,7.0,5.0,0.0,3,3.0,6.61,1.0,7.0,5.0,6.0,5.0,3.0,6.0,5.0,6.0,3.0,0
18,1,1,6.0,10.0,2.0,4.0,4,5.0,5.59,3.0,10.0,4.0,4.0,6.0,6.0,6.0,5.0,4.0,4.0,2
23,1,1,2.0,7.0,5.0,3.0,4,4.0,5.78,1.0,7.0,6.0,5.0,4.0,5.0,7.0,5.0,7.0,3.0,0
20,0,0,4.0,8.0,6.0,3.0,3,3.0,6.9,0.0,8.0,7.0,5.0,4.0,4.0,8.0,6.0,7.0,4.0,2
23,0,2,4.0,6.0,2.0,6.0,3,1.0,8.12,0.0,4.0,6.0,5.0,6.0,6.0,7.0,5.0,7.0,4.0,2
23,1,1,4.0,8.0,1.0,3.0,1,6.0,6.34,1.0,2.0,5.0,6.0,7.0,3.0,5.0,8.0,5.0,5.0,2
21,0,0,4.0,7.0,2.0,2.0,2,1.0,7.38,2.0,6.0,5.0,4.0,5.0,6.0,9.0,7.0,6.0,5.0,2
19,0,1,5.0,8.0,2.0,0.0,1,3.0,8.79,1.0,9.0,6.0,5.0,5.0,5.0,8.0,8.0,6.0,5.0,2
26,0,1,4.0,6.0,2.0,2.0,1,6.0,3.8,0.0,7.0,7.0,8.0,3.0,6.0,3.0,6.0,6.0,2.0,0
19,0,1,6.0,9.0,3.0,0.0,2,0.0,7.09,1.0,6.0,6.0,4.0,7.0,4.0,8.0,5.0,6.0,5.0,2
20,1,2,1.0,5.0,1.0,1.0,0,2.0,4.41,2.0,5.0,4.0,6.0,6.0,3.0,5.0,3.0,5.0,3.0,0
18,1,2,2.0,7.0,3.0,0.0,2,0.0,5.87,1.0,5.0,5.0,5.0,5.0,2.0,6.0,5.0,5.0,4.0,0
24,0,1,6.0,10.0,4.0,0.0,0,4.0,7.86,2.0,7.0,5.0,4.0,7.0,5.0,7.0,6.0,6.0,5.0,2
18,2,1,3.0,6.0,3.0,1.0,3,3.0,8.15,1.0,8.0,5.0,3.0,7.0,3.0,8.0,5.0,6.0,5.0,2
26,0,0,5.0,7.0,4.0,2.0,1,2.0,5.72,3.0,11.0,7.0,7.0,3.0,5.0,5.0,5.0,7.0,2.0,0
18,0,2,4.0,5.0,4.0,0.0,3,2.0,5.5,3.0,5.0,5.0,6.0,4.0,5.0,6.0,5.0,6.0,3.0,0
22,0,2,5.0,9.0,5.0,1.0,1,2.0,6.7,2.0,6.0,6.0,4.0,7.0,6.0,6.0,4.0,8.0,3.0,0
24,0,1,5.0,8.0,2.0,0.0,4,4.0,8.83,1.0,6.0,5.0,3.0,6.0,5.0,8.0,7.0,4.0,6.0,2
20,0,2,8.0,10.0,6.0,0.0,1,2.0,7.07,1.0,9.0,7.0,5.0,5.0,8.0,7.0,5.0,6.0,4.0,0
26,1,2,4.0,6.0,2.0,3.0,1,3.0,7.97,1.0,5.0,7.0,4.0,6.0,5.0,7.0,6.0,5.0,5.0,2
25,0,0,3.0,8.0,2.0,0.0,1,3.0,6.99,0.0,2.0,5.0,5.0,5.0,4.0,7.0,6.0,7.0,4.0,0
20,0,1,6.0,10.0,3.0,0.0,0,2.0,4.56,2.0,8.0,6.0,5.0,4.0,3.0,5.0,5.0,7.0,3.0,0
22,0,2,5.0,9.0,3.0,5.0,4,3.0,7.39,0.0,2.0,7.0,5.0,6.0,6.0,8.0,6.0,6.0,5.0,2
24,1,0,3.0,6.0,3.0,2.0,0,1.0,5.72,0.0,8.0,4.0,4.0,7.0,4.0,5.0,4.0,6.0,3.0,0
21,1,1,5.0,9.0,4.0,2.0,2,2.0,6.15,1.0,1.0,8.0,6.0,6.0,5.0,7.0,4.0,7.0,3.0,0
22,0,2,4.0,5.0,5.0,1.0,2,3.0,4.63,0.0,8.0,8.0,6.0,6.0,3.0,6.0,4.0,5.0,3.0,0
20,0,0,4.0,7.0,3.0,3.0,4,1.0,5.62,2.0,6.0,5.0,6.0,4.0,5.0,6.0,2.0,6.0,2.0,0
26,2,1,5.0,10.0,5.0,1.0,2,2.0,6.34,1.0,8.0,6.0,4.0,6.0,4.0,5.0,4.0,4.0,4.0,0
26,1,2,5.0,8.0,4.0,0.0,3,2.0,4.79,2.0,3.0,5.0,4.0,6.0,4.0,4.0,4.0,6.0,3.0,0
24,1,1,4.0,8.0,1.0,4.0,0,4.0,4.44,2.0,8.0,2.0,5.0,5.0,5.0,5.0,4.0,6.0,3.0,0
19,1,1,4.0,8.0,4.0,0.0,1,5.0,7.74,4.0,6.0,6.0,4.0,5.0,3.0,7.0,6.0,5.0,4.0,2
24,0,1,7.0,11.0,0.0,2.0,3,5.0,6.05,1.0,6.0,2.0,4.0,5.0,6.0,6.0,4.0,5.0,4.0,0
24,1,1,4.0,6.0,4.0,0.0,1,3.0,6.32,1.0,3.0,6.0,6.0,5.0,4.0,7.0,4.0,6.0,4.0,0
22,2,2,6.0,8.0,4.0,2.0,2,1.0,6.53,2.0,8.0,6.0,5.0,6.0,6.0,7.0,4.0,9.0,4.0,0
26,1,1,3.0,8.0,4.0,4.0,0,1.0,5.45,0.0,6.0,6.0,6.0,5.0,4.0,6.0,5.0,8.0,3.0,0
20,0,0,3.0,6.0,1.0,0.0,2,4.0,8.5,2.0,5.0,2.0,2.0,7.0,4.0,8.0,7.0,4.0,7.0,2
21,0,1,5.0,9.0,4.0,4.0,0,4.0,7.59,0.0,7.0,8.0,6.0,5.0,5.0,9.0,5.0,5.0,5.0,2
18,0,2,4.0,7.0,3.0,1.0,1,1.0,7.83,2.0,4.0,6.0,6.0,4.0,5.0,8.0,5.0,6.0,4.0,0
23,1,1,1.0,4.0,2.0,2.0,1,5.0,7.55,2.0,9.0,4.0,3.0,7.0,3.0,7.0,6.0,5.0,5.0,2
21,0,1,4.0,6.0,3.0,0.0,1,5.0,7.81,1.0,5.0,5.0,4.0,5.0,5.0,7.0,7.0,3.0,5.0,2
18,1,1,5.0,8.0,2.0,2.0,4,5.0,7.67,0.0,7.0,6.0,4.0,6.0,4.0,8.0,7.0,5.0,6.0,2
19,1,1,3.0,5.0,2.0,0.0,2,3.0,6.39,2.0,5.0,2.0,6.0,4.0,4.0,7.0,6.0,5.0,4.0,0
20,1,2,3.0,5.0,4.0,1.0,4,1.0,5.97,2.0,4.0,5.0,4.0,6.0,4.0,6.0,4.0,4.0,4.0,0
26,0,2,4.0,7.0,3.0,3.0,3,4.0,5.26,0.0,6.0,4.0,5.0,5.0,6.0,6.0,5.0,5.0,3.0,0
25,1,2,2.0,6.0,3.0,1.0,4,3.0,5.72,3.0,7.0,4.0,3.0,7.0,4.0,6.0,5.0,3.0,5.0,2
24,2,2,4.0,7.0,3.0,0.0,1,3.0,7.6,2.0,6.0,5.0,5.0,7.0,5.0,8.0,5.0,4.0,5.0,2
21,1,2,6.0,8.0,3.0,4.0,0,5.0,5.29,2.0,6.0,5.0,8.0,5.0,6.0,4.0,4.0,8.0,2.0,0
18,1,1,6.0,8.0,3.0,1.0,2,2.0,7.46,0.0,9.0,6.0,4.0,5.0,5.0,7.0,6.0,6.0,4.0,2
25,1,1,3.0,6.0,0.0,1.0,2,3.0,6.66,1.0,5.0,4.0,3.0,8.0,4.0,6.0,6.0,5.0,6.0,2
21,0,2,7.0,11.0,2.0,2.0,2,2.0,6.56,1.0,9.0,5.0,3.0,5.0,7.0,7.0,4.0,5.0,4.0,0
20,1,1,5.0,8.0,2.0,3.0,3,2.0,6.3,3.0,6.0,4.0,6.0,4.0,5.0,6.0,3.0,6.0,2.0,0
26,0,1,3.0,6.0,1.0,5.0,2,2.0,3.88,2.0,6.0,4.0,3.0,7.0,3.0,5.0,4.0,5.0,4.0,2
21,0,1,3.0,7.0,3.0,1.0,3,2.0,5.48,1.0,6.0,3.0,3.0,6.0,5.0,5.0,5.0,6.0,4.0,0
21,2,1,3.0,6.0,2.0,0.0,1,1.0,6.24,1.0,6.0,4.0,6.0,4.0,2.0,7.0,2.0,6.0,2.0,0
26,1,1,1.0,3.0,2.0,2.0,0,6.0,6.34,0.0,5.0,3.0,5.0,5.0,3.0,5.0,6.0,2.0,4.0,2
19,0,1,6.0,9.0,1.0,2.0,1,3.0,7.13,3.0,8.0,6.0,4.0,6.0,7.0,6.0,3.0,8.0,3.0,0
22,0,1,4.0,7.0,2.0,2.0,4,4.0,7.12,3.0,3.0,5.0,4.0,5.0,6.0,6.0,7.0,6.0,4.0,2
21,0,1,5.0,8.0,3.0,2.0,2,2.0,4.89,0.0,2.0,6.0,8.0,3.0,5.0,6.0,3.0,8.0,2.0,0
26,1,1,4.0,7.0,3.0,2.0,4,2.0,4.77,1.0,8.0,5.0,5.0,6.0,5.0,5.0,3.0,7.0,3.0,0
22,0,1,2.0,5.0,4.0,1.0,3,2.0,7.39,1.0,2.0,6.0,5.0,4.0,4.0,9.0,4.0,6.0,4.0,2
26,1,1,5.0,7.0,2.0,0.0,1,2.0,5.59,0.0,11.0,5.0,6.0,7.0,4.0,5.0,3.0,6.0,3.0,0
26,0,2,5.0,8.0,4.0,0.0,2,3.0,7.92,2.0,7.0,6.0,2.0,6.0,6.0,7.0,6.0,4.0,5.0,2
19,1,1,5.0,10.0,4.0,0.0,3,3.0,6.3,3.0,9.0,6.0,7.0,3.0,6.0,7.0,4.0,8.0,2.0,0
26,1,2,6.0,9.0,3.0,2.0,1,6.0,7.77,2.0,8.0,7.0,5.0,5.0,6.0,7.0,6.0,6.0,4.0,2
20,1,1,4.0,7.0,3.0,0.0,1,2.0,6.07,6.0,4.0,5.0,4.0,6.0,4.0,6.0,5.0,5.0,4.0,2
21,0,1,0.0,3.0,5.0,3.0,3,4.0,6.36,2.0,5.0,5.0,6.0,5.0,1.0,6.0,5.0,5.0,3.0,0
18,2,1,5.0,9.0,2.0,3.0,0,0.0,7.48,2.0,1.0,5.0,3.0,4.0,5.0,6.0,6.0,7.0,4.0,0
18,1,1,4.0,6.0,5.0,2.0,1,2.0,4.99,1.0,8.0,7.0,7.0,5.0,4.0,5.0,5.0,6.0,3.0,0
18,0,1,7.0,11.0,4.0,0.0,2,7.0,5.73,3.0,7.0,6.0,5.0,4.0,7.0,5.0,5.0,5.0,3.0,0
26,0,2,7.0,8.0,2.0,0.0,4,1.0,8.77,1.0,9.0,5.0,4.0,5.0,6.0,8.0,7.0,7.0,5.0,2
25,0,2,6.0,11.0,3.0,0.0,3,4.0,5.98,2.0,4.0,5.0,5.0,5.0,5.0,6.0,5.0,6.0,4.0,0
22,1,1,2.0,5.0,2.0,0.0,0,4.0,6.32,1.0,7.0,4.0,4.0,6.0,3.0,6.0,6.0,4.0,5.0,2
22,0,1,2.0,4.0,2.0,1.0,1,2.0,6.52,2.0,9.0,5.0,6.0,4.0,4.0,6.0,5.0,5.0,3.0,0
26,1,2,5.0,7.0,3.0,4.0,4,1.0,7.28,0.0,5.0,4.0,6.0,3.0,3.0,7.0,6.0,7.0,3.0,0
20,1,1,2.0,5.0,2.0,3.0,0,3.0,7.34,3.0,8.0,5.0,4.0,8.0,3.0,8.0,5.0,6.0,5.0,2
20,0,0,5.0,8.0,2.0,3.0,3,2.0,6.07,2.0,6.0,6.0,5.0,6.0,4.0,7.0,5.0,6.0,4.0,2
24,0,0,5.0,9.0,3.0,0.0,1,1.0,7.01,1.0,5.0,8.0,5.0,6.0,5.0,7.0,5.0,7.0,4.0,0
26,0,2,6.0,10.0,4.0,4.0,1,0.0,5.59,2.0,6.0,7.0,6.0,3.0,6.0,6.0,4.0,8.0,2.0,0
23,2,1,6.0,12.0,3.0,4.0,3,3.0,6.92,1.0,8.0,4.0,5.0,3.0,4.0,6.0,6.0,6.0,3.0,0
19,0,1,3.0,7.0,3.0,0.0,4,2.0,5.81,0.0,6.0,7.0,8.0,2.0,6.0,8.0,4.0,7.0,2.0,0
18,1,0,4.0,6.0,3.0,0.0,4,1.0,8.1,0.0,4.0,6.0,4.0,5.0,2.0,7.0,5.0,6.0,4.0,0
19,1,1,3.0,6.0,2.0,2.0,2,1.0,8.84,1.0,4.0,4.0,3.0,8.0,3.0,8.0,6.0,5.0,6.0,2
18,0,1,4.0,8.0,5.0,5.0,1,2.0,4.27,1.0,6.0,7.0,7.0,3.0,4.0,4.0,4.0,8.0,1.0,0
26,2,1,1.0,3.0,2.0,2.0,3,4.0,8.74,2.0,6.0,6.0,4.0,5.0,2.0,8.0,6.0,5.0,5.0,2
25,2,1,4.0,7.0,2.0,1.0,1,3.0,6.26,3.0,6.0,5.0,5.0,7.0,4.0,8.0,5.0,5.0,5.0,2
24,0,2,5.0,9.0,4.0,2.0,2,3.0,7.71,1.0,3.0,5.0,6.0,5.0,4.0,7.0,4.0,8.0,3.0,0
20,0,0,5.0,7.0,3.0,3.0,2,2.0,7.64,1.0,5.0,7.0,6.0,4.0,6.0,8.0,5.0,6.0,3.0,0
25,0,2,5.0,8.0,4.0,0.0,0,6.0,4.47,0.0,5.0,4.0,6.0,4.0,6.0,5.0,5.0,6.0,3.0,0
19,1,2,2.0,4.0,2.0,2.0,1,2.0,6.16,2.0,9.0,5.0,4.0,6.0,4.0,5.0,4.0,3.0,4.0,0
19,1,1,2.0,4.0,5.0,4.0,3,4.0,4.75,2.0,2.0,6.0,7.0,2.0,2.0,4.0,4.0,6.0,1.0,0
20,0,1,5.0,8.0,1.0,0.0,0,5.0,4.79,1.0,5.0,6.0,5.0,5.0,6.0,3.0,5.0,6.0,3.0,0
24,0,1,3.0,6.0,4.0,2.0,3,3.0,8.23,2.0,6.0,4.0,3.0,7.0,2.0,8.0,6.0,3.0,6.0,2
18,2,1,2.0,5.0,4.0,3.0,2,0.0,7.51,2.0,4.0,6.0,4.0,6.0,3.0,9.0,5.0,7.0,5.0,2
25,1,1,4.0,6.0,3.0,0.0,4,4.0,4.46,0.0,6.0,6.0,6.0,6.0,4.0,4.0,3.0,5.0,2.0,0
24,0,2,4.0,8.0,4.0,1.0,4,3.0,4.72,2.0,4.0,4.0,6.0,3.0,4.0,6.0,6.0,6.0,3.0,0
21,0,1,8.0,12.0,1.0,0.0,3,1.0,7.69,0.0,7.0,5.0,3.0,6.0,7.0,9.0,5.0,6.0,5.0,2
22,0,0,5.0,9.0,3.0,0.0,3,3.0,7.69,2.0,7.0,6.0,4.0,6.0,3.0,7.0,9.0,3.0,6.0,2
18,1,0,4.0,9.0,4.0,4.0,4,3.0,7.01,3.0,5.0,6.0,6.0,7.0,4.0,7.0,4.0,6.0,4.0,2
21,0,1,3.0,5.0,4.0,3.0,0,4.0,6.55,0.0,8.0,5.0,6.0,4.0,3.0,7.0,4.0,4.0,3.0,0
18,0,1,5.0,9.0,4.0,3.0,4,1.0,5.59,1.0,5.0,6.0,8.0,3.0,5.0,6.0,3.0,8.0,2.0,0
18,0,2,4.0,8.0,0.0,3.0,2,4.0,6.2,2.0,4.0,4.0,5.0,4.0,4.0,4.0,5.0,8.0,2.0,0
18,0,0,3.0,8.0,4.0,2.0,1,2.0,7.0,3.0,8.0,6.0,5.0,6.0,4.0,8.0,4.0,6.0,4.0,0
24,0,2,4.0,8.0,3.0,2.0,3,1.0,6.38,1.0,8.0,5.0,4.0,6.0,4.0,6.0,4.0,5.0,4.0,2
24,1,1,4.0,6.0,5.0,3.0,0,4.0,6.55,1.0,7.0,5.0,4.0,6.0,3.0,7.0,5.0,4.0,5.0,2
21,1,1,4.0,5.0,3.0,1.0,2,4.0,9.27,0.0,7.0,5.0,5.0,3.0,5.0,10.0,6.0,5.0,5.0,2
19,0,1,7.0,9.0,1.0,3.0,1,3.0,6.07,2.0,8.0,3.0,4.0,5.0,8.0,6.0,6.0,7.0,4.0,0
20,1,1,5.0,9.0,3.0,5.0,0,4.0,4.93,0.0,6.0,5.0,5.0,5.0,4.0,5.0,6.0,7.0,3.0,0
25,2,1,4.0,7.0,1.0,3.0,3,2.0,6.69,2.0,6.0,4.0,6.0,5.0,6.0,7.0,4.0,9.0,3.0,0
25,1,2,4.0,6.0,3.0,1.0,0,2.0,6.45,2.0,6.0,5.0,5.0,5.0,6.0,5.0,5.0,5.0,3.0,0
23,0,1,2.0,3.0,2.0,1.0,2,5.0,6.03,1.0,5.0,4.0,6.0,5.0,2.0,6.0,4.0,3.0,4.0,0
26,0,2,1.0,5.0,5.0,1.0,4,0.0,5.94,1.0,6.0,7.0,6.0,6.0,4.0,5.0,4.0,7.0,3.0,0
26,1,1,5.0,7.0,3.0,0.0,3,0.0,5.16,1.0,5.0,4.0,6.0,6.0,4.0,5.0,4.0,6.0,3.0,0
21,0,1,5.0,10.0,1.0,0.0,1,3.0,6.71,0.0,6.0,3.0,4.0,5.0,5.0,7.0,6.0,6.0,4.0,2
18,0,1,5.0,7.0,5.0,0.0,3,2.0,7.95,2.0,4.0,4.0,3.0,6.0,5.0,7.0,5.0,5.0,5.0,2
18,1,1,6.0,9.0,6.0,1.0,2,5.0,6.77,2.0,8.0,6.0,6.0,3.0,4.0,8.0,6.0,7.0,3.0,0
22,2,2,4.0,7.0,2.0,2.0,1,2.0,5.98,1.0,5.0,5.0,5.0,5.0,5.0,6.0,5.0,4.0,4.0,0
19,1,1,5.0,9.0,1.0,2.0,2,3.0,5.83,3.0,6.0,5.0,5.0,4.0,6.0,4.0,6.0,7.0,3.0,0
23,0,2,4.0,6.0,2.0,1.0,3,4.0,6.43,0.0,5.0,3.0,3.0,5.0,3.0,7.0,4.0,6.0,4.0,2
24,1,0,0.0,3.0,0.0,1.0,0,4.0,7.21,1.0,8.0,3.0,3.0,7.0,3.0,6.0,5.0,5.0,5.0,2
18,1,2,6.0,8.0,4.0,4.0,2,1.0,6.91,4.0,6.0,5.0,6.0,5.0,5.0,7.0,5.0,7.0,3.0,0
23,0,1,3.0,5.0,2.0,0.0,4,4.0,6.77,0.0,7.0,6.0,4.0,5.0,3.0,6.0,3.0,4.0,4.0,0
25,0,1,4.0,7.0,2.0,5.0,4,0.0,5.08,2.0,5.0,4.0,5.0,3.0,5.0,5.0,1.0,7.0,1.0,0
22,1,1,3.0,6.0,3.0,0.0,3,4.0,8.22,1.0,6.0,4.0,4.0,5.0,5.0,8.0,8.0,4.0,6.0,2
24,0,1,4.0,8.0,5.0,1.0,1,2.0,6.25,2.0,9.0,7.0,3.0,8.0,4.0,6.0,6.0,6.0,5.0,2
23,0,0,6.0,10.0,3.0,1.0,0,4.0,8.82,1.0,5.0,5.0,3.0,7.0,7.0,8.0,7.0,5.0,6.0,2
21,0,1,5.0,9.0,2.0,0.0,1,2.0,7.19,2.0,4.0,4.0,6.0,4.0,5.0,10.0,5.0,8.0,4.0,0
24,0,2,5.0,6.0,2.0,0.0,2,2.0,4.03,1.0,4.0,4.0,6.0,4.0,6.0,5.0,5.0,6.0,3.0,0
26,0,2,4.0,7.0,4.0,0.0,3,4.0,4.62,2.0,12.0,5.0,6.0,5.0,6.0,5.0,3.0,6.0,2.0,0
24,0,0,4.0,6.0,2.0,4.0,0,3.0,7.08,1.0,4.0,4.0,5.0,6.0,5.0,8.0,5.0,5.0,5.0,2
22,0,1,4.0,7.0,2.0,4.0,3,2.0,5.45,2.0,8.0,4.0,5.0,5.0,3.0,7.0,6.0,3.0,4.0,2
24,2,1,5.0,8.0,4.0,2.0,3,1.0,6.03,1.0,7.0,5.0,6.0,4.0,5.0,6.0,5.0,6.0,3.0,0
20,1,1,4.0,7.0,1.0,1.0,3,2.0,6.0,2.0,5.0,6.0,6.0,4.0,3.0,6.0,2.0,7.0,2.0,0
19,1,2,5.0,6.0,1.0,5.0,1,3.0,3.0,1.0,4.0,6.0,6.0,4.0,5.0,2.0,2.0,6.0,1.0,0
22,1,1,4.0,9.0,2.0,0.0,2,5.0,6.75,0.0,9.0,7.0,7.0,3.0,2.0,6.0,7.0,6.0,3.0,0
21,1,1,6.0,11.0,3.0,1.0,2,3.0,6.89,0.0,4.0,5.0,4.0,6.0,4.0,6.0,7.0,6.0,5.0,2
22,1,1,5.0,7.0,3.0,0.0,1,2.0,9.1,3.0,5.0,6.0,3.0,7.0,6.0,8.0,6.0,5.0,6.0,2
25,0,1,4.0,6.0,3.0,4.0,4,1.0,6.04,1.0,7.0,6.0,6.0,6.0,4.0,5.0,5.0,6.0,3.0,0
21,0,1,5.0,11.0,3.0,3.0,0,3.0,6.31,1.0,3.0,6.0,4.0,6.0,4.0,6.0,4.0,6.0,4.0,0
26,1,1,6.0,10.0,5.0,2.0,0,2.0,6.11,3.0,7.0,5.0,4.0,6.0,6.0,6.0,5.0,7.0,4.0,0
24,1,0,7.0,11.0,4.0,1.0,1,2.0,9.62,1.0,6.0,6.0,4.0,7.0,5.0,10.0,6.0,6.0,6.0,2
24,1,1,3.0,5.0,3.0,4.0,3,5.0,6.78,0.0,3.0,3.0,3.0,6.0,3.0,7.0,6.0,3.0,5.0,2
25,1,2,5.0,10.0,3.0,2.0,3,4.0,5.91,2.0,8.0,5.0,5.0,6.0,5.0,8.0,7.0,7.0,5.0,2
23,0,2,5.0,7.0,3.0,1.0,2,4.0,6.53,1.0,5.0,6.0,5.0,5.0,8.0,8.0,6.0,4.0,5.0,2
25,1,1,5.0,8.0,4.0,4.0,1,2.0,6.17,0.0,9.0,3.0,3.0,6.0,5.0,6.0,6.0,5.0,4.0,2
20,2,2,3.0,8.0,5.0,3.0,4,3.0,6.14,3.0,7.0,5.0,5.0,5.0,3.0,6.0,4.0,7.0,3.0,0
18,1,1,4.0,7.0,3.0,0.0,4,3.0,5.7,2.0,4.0,4.0,4.0,5.0,4.0,6.0,6.0,5.0,4.0,0
23,2,2,3.0,7.0,1.0,3.0,0,2.0,7.51,2.0,5.0,3.0,4.0,6.0,4.0,8.0,5.0,4.0,5.0,2
18,1,2,5.0,9.0,4.0,0.0,0,4.0,5.97,0.0,6.0,6.0,7.0,4.0,6.0,5.0,4.0,6.0,2.0,0
26,0,2,3.0,4.0,2.0,4.0,3,2.0,6.1,1.0,5.0,4.0,5.0,4.0,2.0,6.0,4.0,5.0,3.0,0
19,0,1,6.0,10.0,3.0,4.0,3,5.0,6.52,2.0,5.0,5.0,8.0,5.0,5.0,6.0,4.0,10.0,2.0,0
19,0,1,4.0,9.0,0.0,0.0,1,4.0,6.59,2.0,6.0,5.0,6.0,5.0,3.0,6.0,6.0,7.0,4.0,0
24,0,2,7.0,10.0,2.0,2.0,3,4.0,8.03,2.0,6.0,4.0,4.0,5.0,5.0,8.0,4.0,6.0,4.0,2
19,2,2,3.0,7.0,4.0,1.0,3,3.0,6.1,1.0,4.0,6.0,4.0,5.0,5.0,5.0,7.0,7.0,4.0,0
25,0,2,4.0,7.0,4.0,0.0,2,3.0,6.51,1.0,8.0,5.0,4.0,5.0,5.0,8.0,5.0,8.0,4.0,0
23,0,2,4.0,6.0,2.0,4.0,1,4.0,5.7,2.0,6.0,4.0,5.0,3.0,5.0,6.0,5.0,4.0,3.0,0
24,0,1,5.0,6.0,3.0,0.0,0,2.0,6.69,2.0,7.0,5.0,4.0,5.0,4.0,6.0,6.0,4.0,4.0,2
24,0,1,5.0,9.0,0.0,0.0,1,0.0,6.65,1.0,7.0,3.0,5.0,5.0,6.0,7.0,3.0,8.0,3.0,0
23,0,2,2.0,5.0,2.0,0.0,4,2.0,6.22,3.0,7.0,3.0,3.0,6.0,5.0,7.0,6.0,6.0,4.0,2
26,1,2,6.0,8.0,2.0,0.0,3,2.0,6.03,1.0,5.0,5.0,3.0,7.0,6.0,6.0,5.0,5.0,5.0,2
26,0,1,5.0,10.0,4.0,2.0,0,2.0,3.54,1.0,7.0,7.0,6.0,2.0,6.0,3.0,3.0,6.0,1.0,0
24,0,1,2.0,4.0,3.0,0.0,1,4.0,5.14,0.0,4.0,2.0,6.0,5.0,4.0,5.0,5.0,4.0,3.0,0
26,0,1,6.0,8.0,4.0,2.0,0,1.0,5.36,1.0,6.0,4.0,6.0,6.0,6.0,5.0,3.0,7.0,3.0,0
20,1,1,2.0,4.0,4.0,1.0,3,3.0,7.47,0.0,4.0,6.0,5.0,4.0,1.0,7.0,5.0,4.0,4.0,0
20,0,1,4.0,9.0,3.0,3.0,0,3.0,5.84,2.0,5.0,6.0,5.0,5.0,5.0,5.0,5.0,5.0,3.0,0
18,0,1,4.0,7.0,5.0,3.0,0,2.0,8.28,1.0,7.0,7.0,3.0,6.0,4.0,9.0,6.0,4.0,6.0,2
22,0,1,4.0,7.0,2.0,2.0,0,4.0,6.49,2.0,8.0,5.0,4.0,6.0,3.0,6.0,6.0,3.0,5.0,2
21,1,1,3.0,6.0,3.0,1.0,4,5.0,6.97,2.0,7.0,4.0,3.0,5.0,4.0,6.0,8.0,5.0,5.0,2
19,1,2,5.0,7.0,0.0,0.0,2,3.0,6.99,3.0,5.0,4.0,3.0,6.0,6.0,6.0,6.0,3.0,5.0,2
26,1,1,3.0,3.0,4.0,0.0,1,3.0,5.05,1.0,5.0,6.0,5.0,3.0,6.0,5.0,6.0,5.0,3.0,0
20,0,1,5.0,7.0,4.0,1.0,0,4.0,6.86,3.0,6.0,5.0,4.0,7.0,6.0,6.0,7.0,5.0,5.0,2
25,1,2,5.0,8.0,2.0,0.0,4,3.0,4.77,0.0,4.0,6.0,6.0,4.0,4.0,4.0,5.0,8.0,2.0,0
23,0,2,4.0,7.0,2.0,1.0,0,6.0,7.66,1.0,5.0,6.0,3.0,7.0,1.0,8.0,5.0,3.0,6.0,2
22,0,1,5.0,8.0,4.0,2.0,0,2.0,5.64,1.0,7.0,7.0,5.0,6.0,5.0,4.0,5.0,6.0,3.0,0
18,2,0,3.0,5.0,2.0,1.0,2,4.0,7.27,2.0,5.0,4.0,4.0,5.0,3.0,8.0,6.0,3.0,5.0,2
21,1,1,4.0,9.0,4.0,0.0,4,2.0,5.69,4.0,4.0,5.0,5.0,5.0,3.0,7.0,4.0,8.0,3.0,0
20,1,1,2.0,3.0,2.0,1.0,2,5.0,6.79,0.0,3.0,4.0,4.0,7.0,5.0,7.0,6.0,3.0,5.0,2
18,0,1,3.0,6.0,4.0,2.0,4,2.0,5.76,4.0,9.0,5.0,4.0,5.0,4.0,6.0,5.0,6.0,4.0,0
22,0,2,3.0,6.0,1.0,3.0,1,2.0,7.7,2.0,8.0,4.0,3.0,5.0,2.0,8.0,4.0,4.0,4.0,2
23,1,1,1.0,7.0,2.0,0.0,1,3.0,6.45,2.0,4.0,6.0,5.0,4.0,3.0,7.0,4.0,6.0,3.0,0
19,0,1,4.0,6.0,3.0,3.0,2,5.0,7.05,1.0,6.0,4.0,3.0,4.0,3.0,8.0,6.0,6.0,5.0,2
20,0,1,4.0,7.0,5.0,3.0,1,5.0,5.82,1.0,8.0,4.0,5.0,3.0,3.0,5.0,6.0,6.0,3.0,0
23,1,1,4.0,8.0,4.0,1.0,0,0.0,6.06,1.0,7.0,7.0,7.0,5.0,5.0,4.0,4.0,7.0,2.0,0
21,1,1,5.0,7.0,3.0,2.0,1,4.0,6.46,1.0,7.0,5.0,5.0,5.0,5.0,5.0,6.0,5.0,4.0,0
26,0,1,4.0,7.0,5.0,0.0,1,3.0,6.68,0.0,8.0,5.0,3.0,5.0,5.0,7.0,5.0,4.0,4.0,2
22,1,1,5.0,7.0,3.0,0.0,1,2.0,5.02,2.0,5.0,5.0,6.0,5.0,4.0,6.0,2.0,8.0,2.0,0
21,1,2,5.0,8.0,4.0,0.0,0,5.0,7.88,1.0,7.0,8.0,6.0,5.0,6.0,7.0,6.0,4.0,4.0,2
19,1,1,6.0,8.0,3.0,1.0,4,4.0,6.96,2.0,6.0,6.0,5.0,4.0,6.0,7.0,6.0,4.0,4.0,2
23,0,2,5.0,9.0,2.0,2.0,1,4.0,4.75,2.0,4.0,5.0,6.0,3.0,6.0,4.0,3.0,6.0,1.0,0
19,0,1,5.0,8.0,2.0,0.0,1,4.0,5.97,2.0,7.0,4.0,6.0,5.0,4.0,6.0,6.0,6.0,4.0,0
24,1,0,3.0,5.0,1.0,1.0,3,2.0,3.56,1.0,5.0,4.0,8.0,3.0,3.0,4.0,3.0,6.0,1.0,0
20,1,2,5.0,6.0,2.0,1.0,3,3.0,5.25,1.0,6.0,4.0,4.0,7.0,4.0,7.0,5.0,6.0,5.0,2
26,1,2,3.0,7.0,2.0,4.0,4,3.0,7.68,2.0,6.0,7.0,4.0,4.0,2.0,8.0,7.0,6.0,5.0,2
22,0,2,4.0,8.0,3.0,2.0,1,1.0,6.66,2.0,8.0,6.0,5.0,5.0,8.0,7.0,5.0,5.0,4.0,0
25,1,1,5.0,9.0,4.0,2.0,1,4.0,5.06,1.0,6.0,5.0,6.0,4.0,6.0,5.0,4.0,6.0,2.0,0
23,0,1,5.0,9.0,2.0,2.0,4,5.0,6.91,0.0,7.0,4.0,5.0,3.0,5.0,7.0,6.0,7.0,4.0,0
25,1,2,0.0,4.0,1.0,4.0,4,5.0,5.6,0.0,7.0,6.0,4.0,6.0,3.0,6.0,6.0,4.0,5.0,2
20,1,1,5.0,9.0,4.0,2.0,3,2.0,4.78,3.0,4.0,5.0,6.0,7.0,5.0,4.0,3.0,8.0,2.0,0
20,1,1,6.0,11.0,3.0,3.0,0,3.0,7.09,2.0,4.0,7.0,6.0,5.0,6.0,8.0,4.0,10.0,3.0,0
22,0,2,2.0,4.0,4.0,0.0,4,4.0,5.53,0.0,6.0,5.0,5.0,4.0,2.0,6.0,6.0,6.0,4.0,0
20,0,1,4.0,8.0,3.0,4.0,3,3.0,5.79,0.0,10.0,6.0,5.0,6.0,5.0,6.0,4.0,8.0,3.0,0
25,2,0,4.0,7.0,5.0,1.0,2,2.0,6.11,3.0,7.0,6.0,8.0,3.0,5.0,7.0,3.0,8.0,1.0,0
25,1,2,4.0,6.0,3.0,0.0,0,5.0,7.33,1.0,7.0,4.0,3.0,7.0,3.0,6.0,7.0,3.0,5.0,2
19,1,2,6.0,10.0,1.0,2.0,3,3.0,7.48,3.0,8.0,3.0,2.0,5.0,5.0,8.0,7.0,4.0,6.0,2
21,0,1,4.0,6.0,3.0,1.0,4,1.0,6.24,1.0,5.0,6.0,5.0,5.0,5.0,7.0,4.0,6.0,4.0,0
18,0,2,3.0,6.0,2.0,1.0,2,4.0,6.19,4.0,11.0,5.0,5.0,3.0,2.0,5.0,7.0,7.0,3.0,0
21,0,1,3.0,6.0,2.0,2.0,2,5.0,6.65,3.0,9.0,5.0,6.0,6.0,5.0,7.0,6.0,4.0,4.0,2
21,1,1,3.0,5.0,5.0,0.0,4,2.0,5.2,0.0,7.0,5.0,6.0,4.0,4.0,5.0,3.0,7.0,2.0,0
26,1,0,1.0,6.0,3.0,2.0,4,4.0,6.48,3.0,5.0,4.0,5.0,6.0,1.0,7.0,6.0,6.0,5.0,2
20,1,1,3.0,7.0,2.0,0.0,2,0.0,6.29,0.0,4.0,6.0,5.0,6.0,4.0,7.0,6.0,4.0,5.0,2
19,0,2,5.0,7.0,3.0,2.0,0,3.0,5.16,2.0,7.0,5.0,6.0,5.0,6.0,5.0,3.0,8.0,2.0,0
26,0,2,4.0,9.0,3.0,2.0,2,2.0,6.11,2.0,9.0,3.0,4.0,7.0,4.0,5.0,5.0,5.0,4.0,2
26,0,0,4.0,7.0,1.0,1.0,4,5.0,7.57,1.0,9.0,5.0,6.0,6.0,4.0,7.0,8.0,6.0,5.0,2
18,1,1,4.0,6.0,4.0,0.0,0,5.0,5.22,0.0,10.0,5.0,6.0,4.0,4.0,4.0,5.0,5.0,2.0,0
23,0,1,4.0,8.0,4.0,0.0,3,3.0,7.37,0.0,1.0,4.0,5.0,7.0,5.0,6.0,6.0,7.0,4.0,0
25,1,0,5.0,8.0,3.0,0.0,1,3.0,5.38,1.0,7.0,6.0,7.0,3.0,5.0,5.0,6.0,7.0,2.0,0
20,1,2,5.0,8.0,3.0,0.0,1,6.0,6.22,2.0,7.0,6.0,7.0,3.0,3.0,5.0,5.0,6.0,2.0,0
26,2,2,4.0,9.0,2.0,1.0,1,5.0,6.95,2.0,7.0,4.0,4.0,5.0,4.0,8.0,7.0,4.0,5.0,2
19,0,2,2.0,5.0,5.0,2.0,3,2.0,5.43,2.0,8.0,2.0,4.0,5.0,2.0,5.0,4.0,5.0,3.0,0
23,0,1,3.0,8.0,4.0,2.0,3,3.0,6.02,2.0,7.0,5.0,4.0,4.0,5.0,7.0,5.0,5.0,4.0,0
18,0,1,5.0,7.0,2.0,0.0,2,4.0,7.21,2.0,8.0,6.0,5.0,4.0,5.0,7.0,5.0,2.0,4.0,2
24,1,1,3.0,6.0,2.0,2.0,3,4.0,6.95,0.0,7.0,4.0,2.0,7.0,3.0,6.0,8.0,4.0,6.0,2
20,0,2,3.0,6.0,2.0,0.0,3,5.0,7.23,4.0,7.0,5.0,5.0,5.0,4.0,7.0,5.0,4.0,4.0,2
24,0,1,5.0,9.0,2.0,0.0,4,2.0,7.11,2.0,6.0,5.0,5.0,4.0,7.0,8.0,6.0,5.0,4.0,2
21,1,2,5.0,6.0,3.0,3.0,3,4.0,7.18,2.0,6.0,6.0,5.0,6.0,4.0,7.0,5.0,4.0,5.0,2
26,0,1,3.0,5.0,2.0,0.0,4,3.0,6.82,1.0,3.0,5.0,5.0,4.0,4.0,8.0,4.0,5.0,4.0,0
22,0,1,2.0,6.0,1.0,0.0,2,5.0,6.47,1.0,6.0,5.0,4.0,6.0,4.0,6.0,6.0,5.0,4.0,2
20,1,1,2.0,6.0,2.0,0.0,1,2.0,8.69,1.0,7.0,5.0,3.0,8.0,3.0,10.0,8.0,4.0,7.0,1
25,1,2,5.0,7.0,2.0,2.0,0,2.0,8.2,2.0,7.0,5.0,3.0,7.0,4.0,8.0,6.0,4.0,6.0,2
23,1,0,3.0,7.0,4.0,2.0,1,4.0,9.28,3.0,5.0,6.0,2.0,7.0,5.0,10.0,7.0,5.0,7.0,2
19,0,2,3.0,6.0,5.0,2.0,2,4.0,6.32,2.0,7.0,5.0,6.0,2.0,3.0,6.0,4.0,5.0,2.0,0
20,0,1,2.0,6.0,3.0,2.0,0,3.0,6.35,0.0,7.0,5.0,6.0,6.0,4.0,7.0,5.0,5.0,4.0,2
25,0,1,4.0,7.0,3.0,0.0,1,3.0,4.76,2.0,7.0,6.0,6.0,6.0,3.0,4.0,5.0,8.0,3.0,0
24,1,2,4.0,5.0,2.0,1.0,2,3.0,4.38,0.0,5.0,4.0,5.0,6.0,4.0,6.0,4.0,5.0,3.0,0
23,0,1,5.0,9.0,4.0,0.0,2,4.0,6.08,2.0,1.0,5.0,6.0,4.0,4.0,6.0,4.0,6.0,3.0,0
18,0,1,5.0,7.0,3.0,3.0,4,3.0,8.42,1.0,6.0,4.0,3.0,5.0,4.0,9.0,6.0,5.0,5.0,2
26,1,1,1.0,3.0,3.0,2.0,3,3.0,7.67,1.0,5.0,5.0,5.0,6.0,4.0,7.0,6.0,3.0,5.0,2
20,0,1,5.0,7.0,4.0,0.0,4,2.0,6.09,0.0,5.0,5.0,4.0,5.0,4.0,5.0,3.0,4.0,3.0,0
22,0,1,4.0,6.0,4.0,4.0,4,4.0,7.03,1.0,6.0,6.0,5.0,5.0,3.0,6.0,6.0,6.0,4.0,0
24,1,1,6.0,9.0,3.0,0.0,1,3.0,5.28,1.0,4.0,8.0,7.0,3.0,5.0,6.0,5.0,8.0,2.0,0
24,1,1,3.0,5.0,4.0,2.0,2,6.0,7.23,1.0,9.0,5.0,4.0,6.0,5.0,7.0,6.0,4.0,5.0,2
20,0,1,5.0,7.0,5.0,0.0,3,2.0,6.61,1.0,3.0,6.0,6.0,3.0,6.0,7.0,4.0,6.0,3.0,0
21,0,2,4.0,8.0,3.0,0.0,2,3.0,8.07,1.0,6.0,7.0,4.0,6.0,5.0,8.0,6.0,4.0,5.0,2
24,0,1,3.0,6.0,4.0,0.0,0,3.0,6.59,2.0,5.0,5.0,4.0,6.0,4.0,7.0,4.0,6.0,4.0,2
25,0,1,6.0,9.0,4.0,3.0,1,3.0,3.0,2.0,4.0,7.0,5.0,5.0,5.0,4.0,2.0,7.0,2.0,0
19,1,2,5.0,7.0,2.0,5.0,4,5.0,6.28,2.0,3.0,4.0,4.0,4.0,6.0,7.0,5.0,5.0,4.0,0
26,1,0,3.0,7.0,4.0,0.0,3,0.0,6.3,3.0,7.0,6.0,5.0,5.0,3.0,5.0,3.0,8.0,2.0,0
24,0,1,3.0,4.0,3.0,0.0,3,4.0,6.38,0.0,11.0,5.0,3.0,7.0,5.0,6.0,7.0,4.0,5.0,2
25,1,1,6.0,10.0,5.0,5.0,3,3.0,4.2,1.0,4.0,6.0,8.0,2.0,6.0,5.0,1.0,8.0,1.0,0
23,0,1,5.0,8.0,3.0,0.0,0,4.0,9.08,1.0,1.0,5.0,2.0,8.0,3.0,10.0,8.0,4.0,8.0,1
23,1,2,4.0,7.0,2.0,4.0,4,2.0,6.65,2.0,3.0,6.0,6.0,4.0,4.0,5.0,4.0,5.0,3.0,0
26,1,0,4.0,8.0,3.0,3.0,3,3.0,6.27,3.0,5.0,5.0,5.0,6.0,3.0,6.0,5.0,5.0,4.0,2
21,1,1,2.0,6.0,5.0,3.0,2,3.0,5.88,3.0,5.0,5.0,5.0,4.0,4.0,6.0,6.0,5.0,4.0,0
22,1,2,6.0,10.0,7.0,4.0,3,2.0,5.84,1.0,6.0,6.0,7.0,3.0,6.0,6.0,6.0,6.0,3.0,0
26,0,1,2.0,7.0,3.0,3.0,3,2.0,4.76,2.0,8.0,5.0,7.0,3.0,4.0,4.0,3.0,6.0,1.0,0
18,1,1,5.0,8.0,2.0,0.0,3,6.0,7.94,3.0,4.0,5.0,4.0,7.0,5.0,8.0,7.0,7.0,5.0,2
21,2,2,7.0,10.0,1.0,0.0,0,3.0,6.54,0.0,4.0,4.0,5.0,7.0,5.0,8.0,4.0,6.0,4.0,2
24,0,1,3.0,9.0,2.0,0.0,4,3.0,6.63,0.0,9.0,4.0,5.0,6.0,3.0,6.0,5.0,7.0,3.0,0
26,0,1,3.0,6.0,3.0,0.0,2,5.0,7.86,2.0,7.0,4.0,4.0,5.0,4.0,8.0,7.0,5.0,6.0,2
23,1,0,3.0,5.0,2.0,3.0,1,4.0,5.96,2.0,4.0,5.0,4.0,4.0,3.0,6.0,4.0,5.0,3.0,0
25,0,1,6.0,10.0,2.0,0.0,3,3.0,8.12,1.0,7.0,4.0,1.0,8.0,6.0,8.0,8.0,5.0,7.0,1
26,1,1,4.0,8.0,3.0,2.0,4,3.0,5.97,2.0,7.0,8.0,6.0,5.0,4.0,7.0,4.0,5.0,3.0,0
21,2,1,2.0,6.0,3.0,1.0,0,3.0,5.59,3.0,8.0,4.0,5.0,6.0,4.0,4.0,3.0,5.0,3.0,0
18,0,1,2.0,5.0,3.0,2.0,2,6.0,6.12,2.0,7.0,5.0,3.0,8.0,3.0,6.0,7.0,3.0,6.0,2
25,1,1,5.0,8.0,3.0,0.0,4,2.0,6.35,2.0,8.0,6.0,4.0,7.0,8.0,8.0,6.0,6.0,5.0,2
19,0,1,3.0,6.0,3.0,4.0,3,2.0,7.92,1.0,4.0,5.0,4.0,7.0,2.0,9.0,6.0,4.0,6.0,2
18,1,2,1.0,4.0,7.0,4.0,4,2.0,6.85,2.0,6.0,5.0,4.0,5.0,3.0,8.0,6.0,4.0,5.0,2
24,1,0,5.0,8.0,4.0,0.0,0,1.0,6.96,2.0,4.0,7.0,8.0,2.0,5.0,6.0,3.0,8.0,1.0,0
26,2,1,5.0,7.0,1.0,1.0,1,3.0,5.04,3.0,5.0,4.0,7.0,2.0,2.0,5.0,4.0,6.0,2.0,0
26,1,1,3.0,7.0,4.0,1.0,0,4.0,6.72,0.0,6.0,5.0,6.0,5.0,4.0,7.0,5.0,6.0,4.0,0
20,0,2,3.0,5.0,4.0,3.0,1,2.0,4.57,2.0,7.0,6.0,8.0,4.0,6.0,4.0,3.0,7.0,1.0,0
23,2,1,4.0,8.0,3.0,2.0,3,2.0,5.72,2.0,5.0,7.0,6.0,3.0,4.0,6.0,5.0,7.0,2.0,0
24,1,1,4.0,5.0,5.0,1.0,2,4.0,6.56,3.0,7.0,4.0,5.0,5.0,5.0,6.0,5.0,4.0,4.0,0
26,1,2,6.0,11.0,4.0,0.0,0,3.0,4.97,1.0,6.0,6.0,6.0,5.0,6.0,4.0,4.0,6.0,2.0,0
19,1,2,5.0,9.0,2.0,3.0,2,0.0,9.28,1.0,6.0,5.0,3.0,7.0,4.0,9.0,7.0,7.0,6.0,2
25,1,1,5.0,7.0,2.0,2.0,0,0.0,5.92,2.0,8.0,5.0,5.0,5.0,5.0,6.0,6.0,6.0,4.0,0
24,1,1,4.0,7.0,3.0,2.0,2,4.0,7.94,2.0,6.0,6.0,5.0,6.0,5.0,7.0,6.0,5.0,5.0,2
21,0,1,3.0,7.0,4.0,3.0,1,5.0,7.57,1.0,4.0,4.0,4.0,5.0,5.0,8.0,7.0,3.0,5.0,2
19,0,1,6.0,10.0,2.0,1.0,4,3.0,7.39,1.0,6.0,5.0,3.0,7.0,6.0,7.0,5.0,9.0,4.0,2
25,0,1,4.0,7.0,2.0,4.0,4,3.0,7.09,2.0,4.0,6.0,4.0,6.0,5.0,7.0,5.0,5.0,4.0,2
22,1,1,3.0,5.0,6.0,2.0,1,3.0,5.37,1.0,3.0,6.0,7.0,4.0,4.0,4.0,7.0,5.0,3.0,0
23,0,2,9.0,13.0,3.0,0.0,1,4.0,7.19,0.0,10.0,6.0,6.0,5.0,6.0,8.0,6.0,8.0,4.0,0
24,0,0,4.0,8.0,2.0,1.0,3,1.0,6.4,2.0,5.0,4.0,3.0,5.0,5.0,7.0,6.0,5.0,4.0,2
18,1,0,2.0,7.0,0.0,0.0,0,3.0,4.29,1.0,8.0,4.0,6.0,4.0,5.0,4.0,3.0,8.0,2.0,0
25,1,2,5.0,8.0,2.0,0.0,2,3.0,7.27,3.0,3.0,5.0,5.0,4.0,6.0,7.0,8.0,8.0,4.0,2
21,1,1,5.0,9.0,2.0,0.0,1,3.0,6.32,1.0,9.0,6.0,5.0,6.0,5.0,7.0,4.0,7.0,4.0,0
26,2,1,3.0,8.0,3.0,0.0,2,2.0,4.44,2.0,7.0,5.0,7.0,2.0,4.0,5.0,3.0,7.0,1.0,0
18,0,1,3.0,6.0,3.0,1.0,0,3.0,9.29,2.0,6.0,5.0,3.0,6.0,4.0,9.0,6.0,5.0,6.0,2
19,0,1,4.0,5.0,4.0,2.0,2,2.0,8.67,2.0,6.0,4.0,5.0,5.0,5.0,7.0,6.0,6.0,4.0,2
23,0,0,5.0,7.0,1.0,0.0,4,2.0,7.01,3.0,5.0,6.0,3.0,8.0,5.0,6.0,4.0,6.0,5.0,2
18,0,1,5.0,6.0,5.0,0.0,3,4.0,6.95,3.0,5.0,6.0,5.0,6.0,5.0,7.0,6.0,5.0,5.0,2
21,1,2,3.0,5.0,4.0,1.0,0,3.0,6.71,2.0,5.0,6.0,5.0,5.0,4.0,7.0,5.0,4.0,4.0,2
25,0,0,6.0,9.0,2.0,3.0,0,1.0,3.85,1.0,8.0,6.0,6.0,4.0,6.0,4.0,2.0,9.0,1.0,0
22,0,2,2.0,6.0,5.0,0.0,3,5.0,7.13,2.0,7.0,5.0,4.0,5.0,3.0,8.0,5.0,6.0,4.0,2
26,1,2,3.0,7.0,1.0,3.0,0,2.0,6.93,2.0,6.0,4.0,5.0,5.0,6.0,8.0,4.0,7.0,4.0,0
23,2,1,4.0,5.0,2.0,4.0,3,4.0,7.04,2.0,6.0,3.0,5.0,6.0,5.0,7.0,7.0,4.0,5.0,2
18,1,1,4.0,7.0,2.0,0.0,1,3.0,5.73,2.0,7.0,5.0,5.0,4.0,4.0,7.0,7.0,5.0,4.0,2
23,1,1,3.0,6.0,2.0,4.0,1,3.0,6.31,0.0,6.0,5.0,5.0,5.0,3.0,6.0,5.0,5.0,4.0,0
23,0,2,6.0,9.0,2.0,4.0,2,5.0,6.83,2.0,4.0,6.0,7.0,7.0,5.0,8.0,6.0,5.0,5.0,2
23,0,1,4.0,9.0,2.0,2.0,4,2.0,6.32,3.0,6.0,4.0,4.0,6.0,6.0,5.0,5.0,6.0,4.0,0
25,0,1,5.0,7.0,4.0,4.0,4,3.0,6.5,2.0,8.0,4.0,4.0,5.0,3.0,5.0,4.0,6.0,3.0,0
23,0,1,4.0,8.0,3.0,2.0,0,2.0,6.93,2.0,4.0,5.0,4.0,7.0,5.0,6.0,5.0,5.0,4.0,2
22,0,1,5.0,9.0,7.0,0.0,0,3.0,6.91,5.0,7.0,6.0,5.0,7.0,6.0,6.0,6.0,6.0,4.0,2
19,0,1,4.0,7.0,5.0,0.0,2,0.0,6.77,1.0,6.0,7.0,7.0,5.0,5.0,7.0,5.0,8.0,4.0,0
21,1,0,1.0,4.0,5.0,0.0,4,2.0,6.99,3.0,5.0,4.0,4.0,5.0,4.0,6.0,5.0,4.0,4.0,0
22,1,1,5.0,8.0,2.0,3.0,1,5.0,5.26,1.0,8.0,3.0,5.0,5.0,6.0,6.0,6.0,6.0,4.0,0
21,1,1,4.0,6.0,3.0,3.0,1,0.0,5.87,3.0,2.0,6.0,6.0,5.0,5.0,6.0,4.0,8.0,3.0,0
19,1,1,3.0,7.0,2.0,3.0,3,2.0,5.11,0.0,4.0,5.0,6.0,6.0,3.0,6.0,3.0,7.0,3.0,0
24,1,1,3.0,6.0,2.0,0.0,1,2.0,5.67,3.0,5.0,5.0,4.0,5.0,5.0,5.0,2.0,6.0,3.0,0
19,0,1,4.0,8.0,5.0,4.0,4,3.0,6.4,2.0,10.0,5.0,5.0,5.0,6.0,6.0,6.0,5.0,4.0,2
18,0,2,3.0,7.0,4.0,1.0,3,2.0,5.33,1.0,11.0,5.0,8.0,3.0,4.0,4.0,4.0,6.0,1.0,0
22,1,2,4.0,5.0,3.0,4.0,0,3.0,8.95,0.0,5.0,6.0,4.0,6.0,5.0,10.0,5.0,4.0,5.0,2
18,1,1,5.0,9.0,4.0,2.0,2,2.0,8.48,3.0,6.0,7.0,5.0,5.0,4.0,7.0,8.0,7.0,4.0,2
18,1,2,4.0,10.0,3.0,0.0,4,1.0,4.92,4.0,6.0,5.0,4.0,5.0,5.0,6.0,4.0,5.0,4.0,0
18,1,0,3.0,5.0,2.0,3.0,1,2.0,6.54,2.0,5.0,4.0,3.0,7.0,4.0,6.0,6.0,6.0,5.0,2
23,1,1,5.0,9.0,4.0,2.0,3,3.0,8.52,1.0,7.0,6.0,4.0,7.0,4.0,9.0,6.0,5.0,6.0,2
26,0,1,4.0,8.0,3.0,0.0,1,4.0,5.68,2.0,8.0,3.0,3.0,7.0,4.0,5.0,7.0,4.0,5.0,2
18,1,1,5.0,9.0,2.0,1.0,0,2.0,7.35,0.0,7.0,6.0,3.0,4.0,6.0,7.0,5.0,7.0,4.0,0
22,0,1,3.0,7.0,2.0,0.0,1,2.0,8.35,3.0,4.0,4.0,2.0,6.0,5.0,9.0,7.0,5.0,6.0,2
26,0,1,4.0,6.0,4.0,2.0,1,4.0,6.97,2.0,5.0,6.0,5.0,3.0,3.0,7.0,4.0,3.0,3.0,0
26,1,1,5.0,8.0,3.0,3.0,2,2.0,7.84,3.0,6.0,6.0,4.0,5.0,5.0,9.0,6.0,4.0,5.0,2
18,1,0,3.0,6.0,2.0,0.0,1,2.0,4.92,2.0,8.0,4.0,2.0,4.0,3.0,4.0,4.0,5.0,3.0,0
25,1,1,5.0,9.0,4.0,1.0,2,2.0,5.85,2.0,5.0,7.0,6.0,3.0,5.0,5.0,6.0,6.0,2.0,0
18,1,0,7.0,8.0,3.0,2.0,3,4.0,6.44,1.0,6.0,4.0,6.0,4.0,6.0,8.0,6.0,7.0,4.0,2
25,1,1,5.0,10.0,1.0,0.0,0,3.0,6.33,1.0,3.0,5.0,7.0,4.0,6.0,6.0,4.0,8.0,2.0,0
18,0,1,4.0,9.0,5.0,1.0,2,5.0,7.75,0.0,8.0,6.0,3.0,7.0,6.0,10.0,7.0,5.0,6.0,2
22,1,1,5.0,7.0,1.0,0.0,1,4.0,6.9,2.0,5.0,6.0,3.0,6.0,5.0,8.0,5.0,3.0,5.0,2
25,2,2,5.0,7.0,2.0,0.0,3,2.0,6.6,0.0,3.0,3.0,5.0,6.0,3.0,8.0,5.0,7.0,4.0,2
23,1,1,4.0,8.0,3.0,2.0,2,4.0,4.12,2.0,9.0,5.0,7.0,3.0,4.0,5.0,2.0,4.0,2.0,0
26,0,2,3.0,5.0,2.0,1.0,2,4.0,6.29,2.0,8.0,4.0,5.0,6.0,3.0,6.0,3.0,5.0,3.0,0
18,0,1,3.0,6.0,3.0,0.0,3,2.0,5.06,0.0,6.0,5.0,3.0,7.0,6.0,5.0,5.0,3.0,4.0,2
26,1,1,3.0,7.0,5.0,2.0,0,4.0,5.61,1.0,5.0,8.0,6.0,4.0,4.0,6.0,4.0,7.0,2.0,0
18,1,2,2.0,4.0,5.0,0.0,3,2.0,5.96,4.0,6.0,5.0,4.0,6.0,4.0,6.0,4.0,5.0,4.0,2
20,0,2,6.0,10.0,4.0,0.0,0,3.0,7.27,2.0,6.0,6.0,4.0,7.0,5.0,8.0,5.0,6.0,5.0,2
18,0,1,3.0,4.0,4.0,2.0,0,4.0,6.48,0.0,8.0,5.0,5.0,6.0,2.0,7.0,5.0,6.0,4.0,2
20,1,1,4.0,6.0,4.0,1.0,1,2.0,8.31,1.0,3.0,6.0,3.0,7.0,5.0,9.0,6.0,4.0,6.0,2
19,1,1,3.0,7.0,4.0,1.0,2,3.0,7.42,1.0,7.0,6.0,4.0,5.0,4.0,7.0,4.0,6.0,4.0,0
19,1,1,5.0,9.0,3.0,3.0,3,3.0,6.06,1.0,4.0,6.0,6.0,4.0,5.0,4.0,4.0,7.0,2.0,0
26,1,2,5.0,6.0,3.0,2.0,0,4.0,4.78,0.0,8.0,6.0,8.0,3.0,7.0,5.0,4.0,7.0,2.0,0
25,2,1,2.0,6.0,2.0,0.0,3,2.0,6.27,2.0,3.0,4.0,6.0,4.0,3.0,6.0,4.0,6.0,3.0,0
18,0,2,5.0,10.0,2.0,0.0,2,4.0,7.74,2.0,4.0,4.0,5.0,5.0,7.0,8.0,5.0,5.0,4.0,2
21,1,2,2.0,5.0,1.0,3.0,3,5.0,5.47,1.0,5.0,3.0,5.0,4.0,3.0,5.0,5.0,7.0,3.0,0
18,1,2,3.0,8.0,4.0,2.0,4,3.0,5.92,0.0,7.0,5.0,6.0,2.0,4.0,6.0,5.0,6.0,2.0,0
18,1,1,8.0,11.0,3.0,2.0,3,0.0,5.63,2.0,7.0,5.0,5.0,5.0,7.0,5.0,4.0,8.0,2.0,0
21,0,2,4.0,9.0,3.0,3.0,0,5.0,6.67,3.0,5.0,5.0,4.0,7.0,4.0,6.0,7.0,5.0,5.0,2
19,2,2,5.0,6.0,3.0,4.0,1,3.0,5.86,1.0,5.0,7.0,6.0,4.0,6.0,6.0,3.0,6.0,2.0,0
20,1,2,4.0,7.0,3.0,4.0,4,6.0,5.83,0.0,8.0,6.0,8.0,4.0,5.0,6.0,5.0,7.0,3.0,0
26,1,2,4.0,10.0,3.0,6.0,1,3.0,6.36,3.0,4.0,5.0,5.0,5.0,5.0,5.0,4.0,6.0,3.0,0
19,2,1,3.0,8.0,3.0,3.0,1,5.0,6.48,3.0,10.0,4.0,5.0,5.0,3.0,5.0,6.0,4.0,4.0,2
21,1,1,6.0,9.0,4.0,1.0,2,6.0,7.09,1.0,8.0,7.0,6.0,4.0,6.0,7.0,6.0,6.0,4.0,0
18,1,1,7.0,10.0,3.0,0.0,1,0.0,6.45,2.0,4.0,5.0,4.0,5.0,5.0,7.0,4.0,8.0,3.0,0
19,1,1,4.0,6.0,4.0,2.0,1,2.0,8.12,1.0,6.0,7.0,5.0,6.0,4.0,7.0,5.0,7.0,4.0,2
22,1,2,6.0,9.0,4.0,4.0,3,3.0,6.27,2.0,7.0,7.0,6.0,4.0,4.0,7.0,3.0,6.0,3.0,0
18,1,1,5.0,7.0,2.0,2.0,4,5.0,4.31,1.0,2.0,6.0,8.0,3.0,4.0,5.0,3.0,7.0,1.0,0
24,2,1,4.0,7.0,4.0,0.0,4,2.0,6.07,0.0,9.0,5.0,5.0,6.0,5.0,8.0,3.0,4.0,4.0,2
21,0,1,4.0,7.0,0.0,2.0,3,5.0,5.79,0.0,9.0,3.0,5.0,5.0,5.0,7.0,5.0,6.0,4.0,0
23,1,1,3.0,7.0,4.0,3.0,0,3.0,7.1,0.0,6.0,8.0,5.0,5.0,3.0,7.0,3.0,4.0,4.0,0
25,1,1,7.0,10.0,4.0,1.0,4,2.0,6.99,1.0,10.0,4.0,3.0,5.0,6.0,7.0,5.0,5.0,4.0,2
23,0,1,5.0,8.0,4.0,4.0,4,2.0,6.88,2.0,6.0,7.0,6.0,4.0,4.0,7.0,4.0,7.0,3.0,0
19,1,2,4.0,8.0,4.0,0.0,4,5.0,7.37,3.0,5.0,5.0,6.0,5.0,4.0,7.0,5.0,6.0,4.0,0
18,1,1,3.0,6.0,4.0,1.0,2,4.0,7.21,2.0,5.0,7.0,6.0,5.0,3.0,6.0,4.0,6.0,3.0,0
25,1,1,5.0,7.0,3.0,2.0,4,2.0,7.82,1.0,5.0,6.0,4.0,6.0,6.0,9.0,7.0,5.0,6.0,2
25,0,1,2.0,7.0,4.0,3.0,0,6.0,7.25,1.0,4.0,5.0,4.0,5.0,3.0,7.0,7.0,2.0,6.0,2
26,1,1,3.0,7.0,4.0,2.0,4,4.0,6.59,3.0,5.0,4.0,5.0,5.0,3.0,5.0,4.0,4.0,3.0,0
23,1,1,4.0,8.0,2.0,0.0,0,4.0,7.83,3.0,5.0,4.0,4.0,5.0,5.0,8.0,6.0,6.0,5.0,2
18,1,1,3.0,6.0,1.0,2.0,4,7.0,7.06,0.0,7.0,4.0,2.0,8.0,4.0,7.0,9.0,4.0,7.0,1
26,1,1,4.0,9.0,4.0,4.0,0,4.0,7.14,1.0,7.0,4.0,3.0,5.0,4.0,7.0,5.0,6.0,4.0,2
20,2,1,5.0,9.0,4.0,3.0,3,5.0,5.75,2.0,7.0,6.0,5.0,4.0,5.0,6.0,6.0,6.0,4.0,0
23,0,2,7.0,9.0,4.0,4.0,4,3.0,5.43,3.0,7.0,7.0,8.0,3.0,6.0,5.0,3.0,8.0,1.0,0
26,1,1,5.0,9.0,3.0,0.0,0,3.0,6.19,2.0,6.0,7.0,6.0,5.0,6.0,6.0,4.0,7.0,3.0,0
20,1,1,4.0,6.0,3.0,4.0,2,2.0,7.65,1.0,6.0,7.0,4.0,5.0,4.0,6.0,5.0,4.0,4.0,0
22,0,1,6.0,9.0,3.0,2.0,2,3.0,6.35,2.0,8.0,4.0,2.0,7.0,5.0,7.0,7.0,5.0,6.0,2
22,1,0,4.0,7.0,2.0,1.0,3,4.0,5.9,3.0,7.0,5.0,6.0,5.0,5.0,5.0,4.0,6.0,3.0,0
24,0,2,1.0,4.0,4.0,1.0,1,2.0,5.84,1.0,4.0,5.0,5.0,4.0,3.0,4.0,6.0,5.0,3.0,0
21,0,1,6.0,9.0,4.0,3.0,2,5.0,7.96,1.0,8.0,7.0,6.0,4.0,6.0,6.0,7.0,6.0,4.0,0
21,1,1,2.0,4.0,3.0,4.0,4,4.0,4.69,2.0,7.0,4.0,4.0,5.0,2.0,3.0,4.0,3.0,3.0,0
24,2,1,4.0,7.0,3.0,1.0,3,3.0,5.07,1.0,6.0,5.0,6.0,4.0,5.0,5.0,3.0,5.0,2.0,0
26,1,2,3.0,6.0,3.0,4.0,0,4.0,5.25,2.0,6.0,4.0,6.0,3.0,3.0,6.0,4.0,6.0,3.0,0
21,1,1,2.0,5.0,5.0,3.0,0,3.0,5.8,3.0,4.0,6.0,7.0,5.0,3.0,5.0,3.0,7.0,2.0,0
21,0,1,3.0,6.0,4.0,2.0,0,1.0,7.15,1.0,7.0,6.0,4.0,5.0,4.0,6.0,6.0,8.0,3.0,0
23,0,0,0.0,3.0,1.0,1.0,0,1.0,5.81,1.0,7.0,4.0,3.0,8.0,2.0,5.0,5.0,4.0,5.0,2
23,0,1,3.0,6.0,3.0,4.0,4,2.0,4.74,1.0,8.0,4.0,5.0,6.0,3.0,5.0,4.0,7.0,3.0,0
24,0,1,5.0,9.0,3.0,2.0,2,5.0,7.4,2.0,7.0,4.0,3.0,6.0,5.0,8.0,8.0,6.0,6.0,2
18,1,2,5.0,9.0,3.0,5.0,0,1.0,7.05,3.0,3.0,7.0,4.0,4.0,5.0,7.0,5.0,7.0,3.0,0
20,0,2,1.0,3.0,2.0,0.0,4,2.0,8.13,2.0,8.0,4.0,3.0,6.0,2.0,7.0,7.0,4.0,6.0,2
26,1,2,5.0,7.0,4.0,0.0,3,6.0,9.31,1.0,8.0,6.0,5.0,6.0,6.0,9.0,7.0,5.0,6.0,2
23,0,2,8.0,9.0,3.0,2.0,4,2.0,5.95,1.0,7.0,4.0,3.0,6.0,7.0,5.0,5.0,6.0,4.0,0
23,1,0,7.0,9.0,3.0,1.0,3,0.0,7.79,2.0,4.0,5.0,5.0,5.0,6.0,8.0,5.0,6.0,4.0,2
22,1,0,3.0,7.0,3.0,1.0,2,2.0,5.46,0.0,8.0,6.0,6.0,5.0,2.0,6.0,4.0,6.0,3.0,0
20,2,1,3.0,5.0,3.0,1.0,0,2.0,6.9,0.0,7.0,5.0,5.0,7.0,3.0,5.0,4.0,5.0,4.0,2
22,1,1,3.0,6.0,1.0,2.0,1,3.0,4.66,1.0,5.0,1.0,4.0,6.0,3.0,5.0,5.0,7.0,4.0,0
18,1,1,7.0,11.0,2.0,3.0,3,3.0,6.6,3.0,6.0,4.0,4.0,5.0,6.0,7.0,6.0,7.0,4.0,2
20,1,2,3.0,4.0,2.0,2.0,1,6.0,7.96,1.0,8.0,6.0,6.0,4.0,2.0,9.0,6.0,4.0,5.0,2
21,1,1,3.0,5.0,3.0,1.0,4,3.0,9.14,0.0,2.0,6.0,4.0,5.0,3.0,9.0,5.0,4.0,5.0,2
22,0,1,5.0,7.0,2.0,0.0,4,2.0,6.63,2.0,9.0,5.0,4.0,5.0,5.0,5.0,6.0,7.0,4.0,0
26,1,1,6.0,8.0,2.0,3.0,1,2.0,5.27,3.0,7.0,7.0,6.0,5.0,6.0,5.0,3.0,8.0,2.0,0
21,1,1,5.0,9.0,3.0,1.0,2,2.0,8.01,2.0,7.0,4.0,5.0,3.0,4.0,8.0,7.0,6.0,4.0,2
20,1,2,2.0,4.0,4.0,1.0,0,4.0,7.56,1.0,5.0,5.0,5.0,5.0,5.0,8.0,7.0,3.0,5.0,2
18,1,1,5.0,8.0,3.0,3.0,4,5.0,6.88,1.0,11.0,5.0,3.0,4.0,5.0,7.0,8.0,4.0,5.0,2
23,1,2,6.0,7.0,3.0,1.0,1,2.0,5.95,0.0,5.0,6.0,5.0,6.0,7.0,7.0,4.0,6.0,4.0,0
24,1,1,4.0,6.0,3.0,2.0,1,3.0,5.45,4.0,9.0,4.0,5.0,6.0,5.0,6.0,6.0,4.0,4.0,2
25,1,1,4.0,9.0,6.0,4.0,3,2.0,6.69,1.0,7.0,6.0,4.0,6.0,5.0,8.0,7.0,5.0,6.0,2
18,1,0,4.0,8.0,3.0,2.0,1,2.0,7.07,2.0,11.0,6.0,7.0,5.0,4.0,7.0,5.0,10.0,3.0,0
21,0,1,4.0,5.0,2.0,0.0,1,4.0,6.28,1.0,5.0,6.0,6.0,4.0,5.0,6.0,5.0,6.0,3.0,0
22,0,1,5.0,8.0,0.0,2.0,3,4.0,6.88,3.0,4.0,5.0,6.0,4.0,4.0,7.0,5.0,5.0,4.0,0
19,1,0,5.0,8.0,3.0,1.0,3,2.0,6.63,1.0,4.0,5.0,5.0,6.0,5.0,7.0,5.0,5.0,4.0,2
18,1,1,6.0,9.0,5.0,2.0,4,6.0,8.54,1.0,4.0,7.0,4.0,7.0,5.0,10.0,6.0,6.0,6.0,2
25,0,2,4.0,8.0,1.0,1.0,2,4.0,7.52,3.0,6.0,4.0,3.0,5.0,5.0,8.0,6.0,3.0,5.0,2
23,0,2,4.0,10.0,2.0,2.0,4,5.0,8.82,1.0,6.0,5.0,3.0,6.0,3.0,10.0,6.0,4.0,6.0,2
22,2,1,3.0,6.0,6.0,1.0,2,3.0,5.48,2.0,5.0,6.0,4.0,6.0,5.0,5.0,3.0,5.0,3.0,0
26,1,1,6.0,11.0,1.0,0.0,0,3.0,7.3,1.0,8.0,4.0,5.0,4.0,7.0,7.0,5.0,7.0,3.0,0
19,0,1,3.0,5.0,4.0,0.0,3,4.0,6.51,1.0,6.0,5.0,7.0,3.0,4.0,6.0,5.0,5.0,2.0,0
25,0,1,4.0,7.0,3.0,4.0,4,3.0,7.04,0.0,8.0,3.0,5.0,3.0,6.0,7.0,6.0,6.0,4.0,0
26,1,1,4.0,7.0,2.0,5.0,3,4.0,5.97,1.0,6.0,4.0,4.0,5.0,3.0,6.0,5.0,7.0,4.0,0
18,1,1,4.0,7.0,4.0,0.0,3,4.0,5.4,2.0,5.0,6.0,6.0,5.0,5.0,6.0,4.0,6.0,3.0,0
24,1,2,2.0,5.0,0.0,3.0,2,1.0,5.28,0.0,5.0,2.0,4.0,6.0,2.0,6.0,4.0,4.0,4.0,0
25,1,2,5.0,9.0,4.0,2.0,1,3.0,7.83,2.0,3.0,3.0,5.0,5.0,6.0,8.0,6.0,6.0,5.0,2
20,1,2,5.0,8.0,2.0,2.0,1,2.0,5.95,2.0,10.0,4.0,5.0,5.0,3.0,7.0,4.0,4.0,4.0,2
21,0,1,4.0,8.0,2.0,4.0,3,2.0,6.91,0.0,6.0,4.0,2.0,6.0,6.0,8.0,4.0,6.0,5.0,2
20,1,1,5.0,8.0,5.0,1.0,4,4.0,4.24,2.0,5.0,5.0,5.0,5.0,4.0,4.0,4.0,6.0,2.0,0
24,1,1,4.0,7.0,3.0,2.0,4,4.0,5.8,2.0,4.0,5.0,3.0,6.0,3.0,6.0,5.0,3.0,5.0,2
26,0,0,2.0,5.0,4.0,4.0,2,4.0,6.84,2.0,6.0,4.0,6.0,4.0,2.0,5.0,6.0,6.0,3.0,0
20,1,2,6.0,8.0,5.0,1.0,0,3.0,5.9,1.0,2.0,6.0,5.0,7.0,5.0,6.0,5.0,9.0,3.0,0
23,1,0,2.0,4.0,2.0,1.0,4,3.0,5.75,2.0,7.0,1.0,3.0,7.0,4.0,5.0,5.0,2.0,5.0,2
25,1,1,3.0,7.0,0.0,0.0,0,4.0,7.37,1.0,4.0,4.0,3.0,6.0,4.0,5.0,7.0,5.0,5.0,2
23,1,1,6.0,8.0,4.0,0.0,3,4.0,6.25,1.0,9.0,8.0,6.0,3.0,3.0,7.0,6.0,8.0,3.0,0
19,1,1,2.0,6.0,3.0,1.0,2,2.0,6.8,1.0,9.0,4.0,5.0,4.0,4.0,6.0,6.0,5.0,4.0,0
24,0,1,4.0,8.0,4.0,2.0,2,4.0,6.39,1.0,4.0,5.0,4.0,5.0,3.0,7.0,5.0,5.0,4.0,0
19,1,2,7.0,10.0,5.0,1.0,3,2.0,7.45,1.0,7.0,8.0,6.0,4.0,7.0,6.0,4.0,6.0,3.0,0
19,0,1,4.0,7.0,1.0,0.0,3,2.0,4.92,2.0,9.0,3.0,4.0,7.0,5.0,5.0,4.0,4.0,4.0,0
19,1,2,2.0,7.0,2.0,0.0,0,4.0,7.85,0.0,10.0,6.0,4.0,5.0,4.0,8.0,5.0,5.0,5.0,2
18,2,2,5.0,8.0,3.0,0.0,4,3.0,7.24,4.0,8.0,5.0,4.0,5.0,5.0,8.0,5.0,6.0,4.0,2
18,0,1,5.0,7.0,3.0,0.0,4,3.0,7.08,0.0,7.0,4.0,4.0,7.0,4.0,6.0,6.0,5.0,5.0,2
24,2,0,4.0,9.0,2.0,4.0,1,1.0,7.26,2.0,5.0,5.0,4.0,6.0,5.0,8.0,5.0,6.0,5.0,2
22,1,1,1.0,4.0,4.0,0.0,0,2.0,5.32,3.0,8.0,3.0,4.0,6.0,5.0,6.0,3.0,4.0,4.0,0
20,0,2,6.0,9.0,0.0,1.0,2,4.0,6.84,4.0,4.0,4.0,5.0,5.0,4.0,6.0,5.0,5.0,4.0,0
18,0,2,7.0,9.0,1.0,2.0,0,4.0,6.99,2.0,9.0,4.0,3.0,5.0,5.0,7.0,7.0,5.0,5.0,2
23,0,1,4.0,5.0,4.0,4.0,0,3.0,5.72,2.0,11.0,5.0,4.0,5.0,4.0,6.0,5.0,6.0,4.0,0
18,1,1,3.0,4.0,2.0,1.0,3,3.0,7.34,1.0,5.0,4.0,4.0,5.0,4.0,9.0,5.0,4.0,5.0,2
26,1,2,5.0,7.0,4.0,1.0,3,1.0,6.54,2.0,4.0,6.0,5.0,5.0,3.0,6.0,4.0,8.0,3.0,0
19,1,1,5.0,8.0,5.0,4.0,3,2.0,8.07,2.0,6.0,5.0,4.0,5.0,6.0,8.0,6.0,7.0,5.0,2
18,1,0,5.0,8.0,1.0,3.0,3,3.0,7.34,1.0,8.0,4.0,5.0,5.0,6.0,7.0,4.0,4.0,4.0,2
24,0,1,4.0,7.0,3.0,2.0,3,3.0,7.32,1.0,6.0,5.0,5.0,4.0,4.0,8.0,4.0,4.0,4.0,0
23,0,1,5.0,7.0,1.0,1.0,0,4.0,5.9,2.0,8.0,5.0,4.0,4.0,6.0,8.0,5.0,5.0,4.0,2
23,0,0,5.0,7.0,4.0,3.0,3,4.0,8.32,2.0,6.0,5.0,3.0,6.0,7.0,8.0,4.0,2.0,5.0,2
22,1,1,8.0,14.0,2.0,2.0,4,1.0,6.67,0.0,10.0,5.0,4.0,4.0,6.0,6.0,3.0,7.0,3.0,0
21,1,1,5.0,7.0,5.0,1.0,4,3.0,6.31,3.0,8.0,4.0,4.0,7.0,3.0,6.0,5.0,7.0,4.0,2
21,1,2,4.0,8.0,2.0,0.0,1,3.0,7.57,2.0,4.0,5.0,5.0,3.0,4.0,8.0,6.0,8.0,3.0,0
20,1,1,2.0,6.0,2.0,2.0,4,3.0,5.89,0.0,3.0,4.0,5.0,7.0,4.0,5.0,6.0,5.0,4.0,2
25,0,1,2.0,5.0,4.0,5.0,1,3.0,8.34,2.0,9.0,6.0,4.0,7.0,2.0,7.0,7.0,5.0,5.0,2
24,1,1,4.0,7.0,3.0,2.0,4,1.0,9.35,2.0,7.0,5.0,2.0,7.0,3.0,10.0,6.0,3.0,7.0,2
26,0,2,4.0,6.0,4.0,2.0,2,6.0,4.79,0.0,8.0,5.0,6.0,5.0,6.0,4.0,3.0,6.0,2.0,0
18,0,1,3.0,4.0,1.0,2.0,1,4.0,8.69,2.0,9.0,3.0,2.0,8.0,2.0,9.0,5.0,3.0,6.0,2
24,0,2,3.0,5.0,3.0,2.0,0,2.0,6.74,1.0,6.0,5.0,5.0,5.0,3.0,7.0,6.0,5.0,4.0,2
21,1,1,5.0,8.0,5.0,2.0,3,2.0,5.39,2.0,8.0,6.0,5.0,5.0,7.0,6.0,5.0,7.0,3.0,0
24,0,1,3.0,6.0,3.0,3.0,1,1.0,5.04,2.0,6.0,5.0,5.0,5.0,4.0,5.0,5.0,6.0,3.0,0
18,1,1,3.0,5.0,1.0,0.0,4,3.0,3.7,1.0,6.0,3.0,4.0,6.0,4.0,4.0,4.0,6.0,3.0,0
22,1,0,2.0,5.0,5.0,4.0,0,3.0,5.24,1.0,10.0,6.0,5.0,7.0,3.0,5.0,4.0,4.0,4.0,2
20,0,1,3.0,7.0,2.0,2.0,4,4.0,6.85,2.0,6.0,5.0,3.0,7.0,3.0,5.0,7.0,5.0,5.0,2
22,0,1,3.0,5.0,2.0,2.0,0,2.0,5.54,0.0,4.0,6.0,4.0,5.0,4.0,6.0,5.0,6.0,4.0,0
21,1,1,4.0,6.0,1.0,3.0,4,7.0,5.33,1.0,4.0,6.0,7.0,3.0,4.0,6.0,4.0,7.0,2.0,0
19,1,1,4.0,6.0,4.0,3.0,3,2.0,5.55,0.0,8.0,6.0,6.0,5.0,5.0,6.0,3.0,6.0,3.0,0
21,0,1,3.0,9.0,6.0,2.0,2,2.0,6.21,1.0,6.0,7.0,5.0,4.0,5.0,6.0,3.0,7.0,2.0,0
20,1,1,1.0,2.0,3.0,0.0,4,3.0,5.93,0.0,6.0,3.0,4.0,6.0,3.0,3.0,5.0,5.0,3.0,0
18,0,1,2.0,5.0,5.0,0.0,4,2.0,5.7,1.0,7.0,6.0,4.0,5.0,4.0,6.0,5.0,4.0,4.0,2
25,0,2,3.0,8.0,6.0,1.0,1,4.0,7.78,1.0,6.0,7.0,4.0,6.0,5.0,7.0,3.0,6.0,4.0,0
22,0,1,6.0,10.0,3.0,1.0,3,1.0,7.96,2.0,8.0,6.0,3.0,6.0,6.0,7.0,7.0,5.0,5.0,2
21,0,1,4.0,7.0,3.0,2.0,0,4.0,3.19,3.0,5.0,6.0,6.0,5.0,4.0,3.0,4.0,6.0,2.0,0
22,0,1,5.0,8.0,3.0,0.0,1,3.0,6.46,2.0,8.0,4.0,4.0,4.0,6.0,7.0,7.0,6.0,4.0,2
21,0,1,6.0,8.0,3.0,3.0,3,6.0,6.51,0.0,7.0,7.0,5.0,7.0,4.0,7.0,5.0,4.0,5.0,2
20,0,1,4.0,5.0,5.0,4.0,3,2.0,4.24,1.0,7.0,5.0,5.0,4.0,4.0,5.0,4.0,5.0,3.0,0
22,1,1,4.0,6.0,3.0,1.0,1,5.0,6.06,1.0,5.0,4.0,4.0,6.0,4.0,6.0,5.0,3.0,4.0,2
21,1,2,4.0,7.0,3.0,3.0,0,3.0,6.14,0.0,8.0,6.0,5.0,5.0,6.0,5.0,4.0,6.0,3.0,0
18,2,1,4.0,8.0,3.0,3.0,2,4.0,7.2,3.0,9.0,4.0,5.0,5.0,6.0,8.0,6.0,4.0,5.0,2
20,1,1,2.0,5.0,4.0,4.0,1,1.0,5.78,2.0,3.0,5.0,4.0,6.0,4.0,5.0,5.0,5.0,4.0,0
25,0,1,5.0,9.0,2.0,3.0,4,3.0,5.11,2.0,7.0,6.0,7.0,4.0,4.0,7.0,3.0,6.0,3.0,0
24,0,2,4.0,7.0,3.0,3.0,2,3.0,8.3,0.0,4.0,5.0,4.0,7.0,4.0,9.0,5.0,7.0,5.0,2
19,0,1,3.0,4.0,2.0,2.0,0,4.0,6.11,2.0,6.0,6.0,5.0,5.0,3.0,6.0,5.0,3.0,4.0,2
18,1,1,4.0,5.0,2.0,3.0,0,2.0,5.99,2.0,6.0,5.0,4.0,4.0,5.0,6.0,7.0,4.0,4.0,2
20,1,1,1.0,4.0,4.0,1.0,1,6.0,4.6,2.0,7.0,7.0,6.0,4.0,3.0,4.0,5.0,4.0,3.0,0
22,1,0,2.0,4.0,2.0,3.0,1,3.0,6.04,1.0,6.0,4.0,3.0,5.0,3.0,7.0,6.0,4.0,5.0,2
18,1,1,5.0,8.0,3.0,5.0,2,0.0,6.94,3.0,6.0,4.0,4.0,6.0,4.0,7.0,5.0,7.0,4.0,2
20,2,1,4.0,7.0,3.0,0.0,2,3.0,6.32,3.0,7.0,5.0,5.0,6.0,4.0,7.0,4.0,6.0,4.0,0
20,0,1,6.0,10.0,4.0,0.0,4,3.0,5.22,1.0,4.0,7.0,6.0,3.0,4.0,6.0,4.0,6.0,2.0,0
22,0,2,4.0,6.0,3.0,1.0,4,4.0,6.08,2.0,6.0,4.0,6.0,5.0,5.0,5.0,6.0,5.0,4.0,0
20,1,1,4.0,9.0,4.0,3.0,4,3.0,6.13,1.0,6.0,4.0,5.0,6.0,4.0,7.0,6.0,6.0,4.0,2
26,1,2,4.0,7.0,1.0,1.0,2,6.0,6.38,0.0,5.0,5.0,4.0,6.0,4.0,7.0,6.0,3.0,5.0,2
18,1,0,2.0,6.0,4.0,2.0,3,4.0,8.27,0.0,3.0,4.0,4.0,7.0,4.0,9.0,6.0,3.0,6.0,2
21,1,1,5.0,7.0,4.0,2.0,2,2.0,7.44,0.0,7.0,6.0,5.0,6.0,5.0,8.0,5.0,5.0,4.0,2
21,0,1,3.0,6.0,5.0,2.0,4,2.0,7.89,2.0,4.0,6.0,3.0,7.0,3.0,7.0,6.0,6.0,5.0,2
18,0,1,4.0,8.0,3.0,0.0,3,5.0,3.89,0.0,4.0,6.0,6.0,4.0,3.0,4.0,3.0,6.0,2.0,0
19,1,1,3.0,7.0,3.0,5.0,4,3.0,6.17,1.0,9.0,4.0,5.0,6.0,4.0,7.0,4.0,5.0,4.0,0
18,0,2,5.0,7.0,2.0,2.0,3,4.0,6.92,2.0,5.0,5.0,5.0,6.0,4.0,7.0,7.0,7.0,5.0,2
23,2,1,5.0,8.0,3.0,3.0,0,5.0,5.89,1.0,5.0,4.0,5.0,3.0,5.0,5.0,6.0,8.0,3.0,0
20,1,1,6.0,9.0,2.0,3.0,2,2.0,5.65,2.0,8.0,4.0,5.0,3.0,7.0,6.0,6.0,6.0,3.0,0
24,0,1,5.0,8.0,2.0,3.0,0,2.0,6.99,1.0,4.0,6.0,5.0,7.0,4.0,6.0,5.0,6.0,4.0,2
22,1,0,4.0,8.0,2.0,1.0,1,5.0,6.13,0.0,5.0,6.0,6.0,3.0,3.0,6.0,5.0,7.0,2.0,0
26,0,1,6.0,9.0,3.0,3.0,0,1.0,6.32,3.0,4.0,4.0,4.0,6.0,6.0,7.0,5.0,6.0,5.0,2
24,1,1,5.0,8.0,0.0,2.0,0,4.0,7.23,2.0,7.0,3.0,1.0,8.0,5.0,8.0,6.0,4.0,6.0,2
21,0,1,1.0,4.0,2.0,4.0,1,5.0,9.74,2.0,6.0,3.0,3.0,5.0,3.0,10.0,8.0,4.0,7.0,2
22,1,2,3.0,6.0,1.0,1.0,2,2.0,6.32,2.0,6.0,4.0,5.0,5.0,6.0,6.0,6.0,5.0,4.0,0
22,1,1,4.0,7.0,5.0,1.0,4,5.0,7.35,2.0,6.0,6.0,6.0,5.0,5.0,7.0,6.0,5.0,4.0,0
22,0,1,6.0,9.0,2.0,2.0,2,3.0,7.63,2.0,3.0,3.0,2.0,6.0,5.0,9.0,8.0,7.0,6.0,2
26,1,0,3.0,7.0,2.0,0.0,4,2.0,7.94,1.0,5.0,3.0,3.0,6.0,5.0,8.0,6.0,4.0,6.0,2
20,1,1,3.0,6.0,3.0,0.0,1,2.0,5.89,1.0,7.0,5.0,3.0,8.0,4.0,6.0,7.0,4.0,6.0,2
23,0,1,1.0,3.0,3.0,1.0,3,5.0,7.14,1.0,7.0,4.0,4.0,6.0,3.0,8.0,7.0,3.0,5.0,2
25,1,2,6.0,9.0,3.0,3.0,1,3.0,6.92,2.0,3.0,4.0,5.0,5.0,4.0,6.0,3.0,6.0,3.0,0
26,0,1,6.0,10.0,2.0,3.0,2,3.0,6.04,2.0,7.0,4.0,5.0,5.0,6.0,6.0,4.0,6.0,3.0,0
24,0,1,2.0,4.0,3.0,2.0,3,4.0,6.22,1.0,9.0,4.0,3.0,9.0,5.0,5.0,6.0,2.0,6.0,2
20,1,1,2.0,6.0,5.0,0.0,1,1.0,6.63,4.0,6.0,5.0,4.0,4.0,3.0,8.0,6.0,6.0,4.0,2
18,1,2,6.0,9.0,3.0,1.0,2,3.0,5.35,2.0,6.0,4.0,6.0,4.0,5.0,5.0,4.0,6.0,2.0,0
21,0,0,6.0,9.0,3.0,2.0,3,4.0,6.68,2.0,6.0,4.0,3.0,6.0,8.0,6.0,5.0,5.0,4.0,2
23,1,1,3.0,6.0,4.0,0.0,2,1.0,6.67,1.0,9.0,6.0,7.0,3.0,5.0,7.0,3.0,5.0,2.0,0
20,0,1,4.0,6.0,4.0,3.0,1,2.0,5.39,1.0,5.0,5.0,6.0,4.0,5.0,6.0,5.0,6.0,3.0,0
18,1,1,5.0,8.0,1.0,2.0,0,3.0,6.1,2.0,9.0,5.0,6.0,5.0,4.0,7.0,2.0,7.0,2.0,0
23,0,1,2.0,5.0,3.0,3.0,0,3.0,7.46,1.0,7.0,5.0,5.0,5.0,4.0,8.0,4.0,7.0,4.0,0
18,2,2,3.0,6.0,3.0,1.0,1,3.0,5.13,2.0,8.0,5.0,6.0,3.0,4.0,5.0,4.0,6.0,2.0,0
26,0,2,3.0,6.0,5.0,5.0,4,4.0,7.86,2.0,5.0,6.0,5.0,5.0,6.0,7.0,6.0,6.0,4.0,2
18,1,1,3.0,5.0,2.0,2.0,2,5.0,7.76,1.0,5.0,5.0,6.0,3.0,5.0,8.0,5.0,7.0,3.0,0
23,0,0,8.0,10.0,2.0,0.0,1,4.0,6.79,1.0,7.0,4.0,2.0,6.0,7.0,8.0,8.0,4.0,6.0,2
18,0,1,6.0,7.0,2.0,2.0,0,3.0,7.34,2.0,9.0,6.0,4.0,8.0,6.0,7.0,6.0,5.0,5.0,2
24,0,1,4.0,6.0,4.0,1.0,2,3.0,6.79,2.0,2.0,5.0,5.0,6.0,4.0,6.0,4.0,4.0,4.0,0
20,1,2,4.0,5.0,4.0,4.0,4,5.0,5.33,1.0,4.0,6.0,6.0,4.0,4.0,5.0,5.0,5.0,3.0,0
23,0,1,2.0,3.0,3.0,0.0,0,4.0,5.7,2.0,5.0,4.0,4.0,4.0,4.0,6.0,5.0,5.0,3.0,0
24,1,1,5.0,8.0,4.0,4.0,3,4.0,6.27,2.0,9.0,6.0,5.0,2.0,6.0,6.0,4.0,5.0,2.0,0
18,1,1,5.0,7.0,2.0,0.0,4,3.0,7.49,2.0,6.0,6.0,6.0,3.0,5.0,7.0,4.0,5.0,3.0,0
18,0,1,3.0,7.0,3.0,1.0,2,3.0,5.32,1.0,8.0,5.0,5.0,4.0,5.0,5.0,4.0,6.0,3.0,0
22,1,1,3.0,7.0,4.0,0.0,0,1.0,8.04,2.0,6.0,4.0,3.0,6.0,5.0,8.0,7.0,6.0,5.0,2
23,0,0,3.0,5.0,5.0,2.0,2,2.0,4.89,1.0,6.0,7.0,7.0,4.0,5.0,5.0,3.0,8.0,1.0,0
26,0,1,6.0,10.0,4.0,4.0,0,3.0,6.72,1.0,5.0,5.0,6.0,4.0,8.0,6.0,5.0,7.0,3.0,0
18,2,1,6.0,10.0,4.0,0.0,0,3.0,7.49,3.0,5.0,4.0,1.0,7.0,4.0,7.0,5.0,4.0,6.0,2
21,0,1,5.0,6.0,3.0,0.0,3,3.0,6.34,2.0,5.0,4.0,3.0,5.0,3.0,6.0,7.0,4.0,4.0,2
25,0,2,4.0,8.0,1.0,2.0,3,2.0,6.96,1.0,7.0,4.0,3.0,5.0,4.0,6.0,7.0,4.0,5.0,2
26,1,1,2.0,4.0,6.0,1.0,0,3.0,3.8,3.0,4.0,6.0,6.0,5.0,2.0,4.0,3.0,6.0,2.0,0
20,0,2,3.0,4.0,1.0,0.0,3,4.0,6.86,1.0,8.0,3.0,5.0,5.0,4.0,8.0,6.0,4.0,5.0,2
19,1,1,4.0,7.0,2.0,1.0,3,2.0,5.36,2.0,9.0,5.0,6.0,5.0,5.0,5.0,4.0,4.0,3.0,0
21,1,1,3.0,7.0,3.0,3.0,4,3.0,4.26,2.0,6.0,4.0,3.0,5.0,4.0,4.0,5.0,3.0,4.0,0
19,0,2,5.0,8.0,5.0,3.0,3,4.0,5.62,1.0,4.0,5.0,6.0,2.0,4.0,4.0,4.0,7.0,1.0,0
18,1,1,2.0,6.0,4.0,0.0,4,5.0,8.82,0.0,6.0,6.0,4.0,6.0,2.0,10.0,7.0,6.0,6.0,2
20,1,1,2.0,6.0,2.0,2.0,1,4.0,7.43,3.0,5.0,4.0,3.0,5.0,2.0,6.0,6.0,4.0,4.0,2
24,0,2,3.0,6.0,3.0,1.0,4,4.0,7.78,1.0,4.0,6.0,4.0,7.0,3.0,7.0,7.0,5.0,6.0,2
18,1,1,2.0,5.0,2.0,1.0,4,2.0,7.73,3.0,7.0,3.0,4.0,6.0,2.0,8.0,5.0,3.0,5.0,2
19,1,0,6.0,12.0,2.0,1.0,0,3.0,5.8,1.0,4.0,5.0,6.0,3.0,6.0,7.0,6.0,7.0,3.0,0
18,1,1,6.0,9.0,4.0,0.0,1,4.0,7.25,1.0,9.0,6.0,6.0,6.0,6.0,7.0,7.0,6.0,5.0,2
25,0,2,1.0,6.0,1.0,4.0,1,2.0,8.14,1.0,7.0,3.0,1.0,7.0,3.0,9.0,7.0,4.0,7.0,2
22,0,2,4.0,8.0,3.0,0.0,2,2.0,6.53,0.0,3.0,4.0,3.0,6.0,4.0,6.0,4.0,6.0,4.0,0
25,0,1,3.0,5.0,2.0,2.0,1,3.0,4.86,4.0,8.0,5.0,6.0,4.0,5.0,5.0,5.0,5.0,3.0,0
20,1,1,4.0,6.0,0.0,3.0,2,1.0,6.05,3.0,8.0,4.0,4.0,6.0,5.0,6.0,4.0,5.0,4.0,0
24,0,1,5.0,8.0,3.0,0.0,2,2.0,6.46,2.0,7.0,7.0,6.0,5.0,4.0,7.0,3.0,7.0,3.0,0
25,0,0,1.0,4.0,4.0,2.0,4,2.0,7.84,3.0,6.0,5.0,3.0,7.0,3.0,8.0,6.0,6.0,6.0,2
23,1,2,6.0,9.0,3.0,2.0,4,4.0,4.24,0.0,7.0,5.0,6.0,3.0,5.0,4.0,5.0,6.0,2.0,0
24,1,1,5.0,9.0,2.0,3.0,0,2.0,6.55,4.0,6.0,4.0,5.0,4.0,5.0,7.0,4.0,8.0,3.0,0
19,0,1,6.0,9.0,3.0,0.0,0,3.0,6.18,0.0,7.0,4.0,4.0,5.0,4.0,7.0,4.0,5.0,4.0,0
25,0,1,1.0,3.0,1.0,5.0,3,2.0,6.97,2.0,3.0,1.0,3.0,5.0,3.0,6.0,7.0,4.0,5.0,2
22,0,2,4.0,6.0,6.0,1.0,2,3.0,6.54,3.0,2.0,6.0,7.0,4.0,5.0,7.0,4.0,7.0,3.0,0
24,1,0,5.0,9.0,3.0,4.0,3,3.0,6.97,1.0,8.0,5.0,3.0,6.0,6.0,6.0,7.0,5.0,5.0,2
18,0,1,5.0,8.0,4.0,4.0,0,1.0,6.43,1.0,6.0,4.0,5.0,6.0,4.0,6.0,4.0,7.0,3.0,0
22,0,2,5.0,7.0,5.0,0.0,1,3.0,5.68,2.0,6.0,7.0,7.0,3.0,5.0,5.0,4.0,8.0,1.0,0
18,0,1,5.0,8.0,3.0,1.0,3,3.0,5.96,3.0,8.0,6.0,5.0,5.0,5.0,4.0,6.0,6.0,3.0,0
25,0,2,1.0,2.0,3.0,3.0,0,4.0,6.59,2.0,4.0,3.0,5.0,5.0,3.0,7.0,4.0,3.0,4.0,0
21,0,1,6.0,10.0,2.0,1.0,4,4.0,5.11,2.0,7.0,5.0,4.0,5.0,4.0,5.0,6.0,6.0,3.0,0
21,0,2,3.0,7.0,0.0,3.0,2,4.0,7.36,0.0,7.0,3.0,3.0,7.0,4.0,5.0,7.0,3.0,6.0,2
19,0,0,4.0,7.0,2.0,1.0,3,3.0,6.99,1.0,4.0,4.0,2.0,7.0,5.0,8.0,7.0,4.0,6.0,2
22,0,2,6.0,9.0,3.0,2.0,0,4.0,5.41,1.0,10.0,4.0,5.0,5.0,6.0,4.0,3.0,5.0,2.0,0
18,1,0,4.0,8.0,3.0,0.0,3,1.0,6.79,1.0,5.0,5.0,5.0,4.0,2.0,5.0,6.0,6.0,3.0,0
26,0,1,3.0,8.0,3.0,1.0,3,0.0,6.78,0.0,5.0,5.0,5.0,5.0,3.0,6.0,5.0,7.0,4.0,0
22,0,0,2.0,6.0,2.0,0.0,0,2.0,6.75,1.0,9.0,4.0,4.0,5.0,3.0,6.0,5.0,4.0,4.0,0
23,1,2,2.0,6.0,2.0,2.0,0,0.0,4.05,1.0,6.0,5.0,6.0,4.0,3.0,4.0,4.0,8.0,2.0,0
19,1,1,2.0,6.0,4.0,2.0,2,4.0,8.27,1.0,4.0,5.0,5.0,6.0,3.0,9.0,4.0,4.0,5.0,2
18,1,1,4.0,8.0,3.0,5.0,3,3.0,8.57,3.0,8.0,3.0,3.0,6.0,3.0,8.0,6.0,4.0,6.0,2
21,1,0,7.0,12.0,1.0,2.0,1,1.0,5.31,1.0,6.0,5.0,9.0,2.0,6.0,5.0,2.0,9.0,1.0,0
24,1,1,4.0,6.0,4.0,0.0,3,5.0,5.77,2.0,5.0,5.0,4.0,5.0,3.0,7.0,7.0,5.0,5.0,2
23,1,1,4.0,7.0,5.0,2.0,4,3.0,7.93,1.0,2.0,7.0,5.0,4.0,5.0,8.0,4.0,5.0,4.0,0
18,0,2,5.0,8.0,2.0,0.0,0,1.0,8.35,2.0,6.0,3.0,4.0,8.0,4.0,8.0,7.0,5.0,6.0,2
18,1,1,3.0,5.0,3.0,1.0,4,5.0,5.71,0.0,8.0,5.0,4.0,5.0,5.0,5.0,7.0,3.0,4.0,2
25,1,2,6.0,9.0,3.0,2.0,4,2.0,7.13,1.0,4.0,6.0,5.0,3.0,3.0,7.0,4.0,8.0,2.0,0
21,0,1,3.0,6.0,2.0,0.0,3,4.0,6.79,0.0,6.0,5.0,7.0,6.0,4.0,7.0,6.0,4.0,4.0,2
22,1,1,6.0,9.0,3.0,1.0,3,4.0,5.67,1.0,6.0,4.0,5.0,5.0,6.0,6.0,5.0,6.0,4.0,0
24,0,1,5.0,7.0,3.0,1.0,3,1.0,8.05,0.0,2.0,5.0,3.0,6.0,4.0,10.0,6.0,5.0,6.0,2
25,0,1,4.0,7.0,3.0,0.0,3,5.0,5.63,2.0,5.0,6.0,6.0,4.0,5.0,5.0,5.0,6.0,3.0,0
24,1,2,3.0,6.0,5.0,4.0,2,7.0,6.41,2.0,8.0,5.0,5.0,4.0,2.0,6.0,6.0,5.0,4.0,0
19,1,2,5.0,8.0,2.0,1.0,4,1.0,4.71,2.0,6.0,6.0,7.0,4.0,6.0,5.0,4.0,7.0,2.0,0
21,1,1,4.0,7.0,2.0,0.0,1,4.0,5.88,1.0,7.0,3.0,2.0,5.0,3.0,6.0,5.0,5.0,4.0,2
18,1,2,3.0,5.0,4.0,4.0,2,3.0,7.1,2.0,6.0,6.0,4.0,6.0,4.0,8.0,6.0,4.0,5.0,2
26,1,2,6.0,9.0,4.0,4.0,4,3.0,8.53,1.0,4.0,5.0,3.0,8.0,6.0,9.0,6.0,6.0,6.0,2
20,1,0,1.0,6.0,0.0,1.0,0,6.0,6.71,0.0,2.0,3.0,5.0,5.0,1.0,7.0,6.0,2.0,5.0,2
20,1,2,6.0,9.0,2.0,0.0,3,3.0,7.25,3.0,4.0,7.0,5.0,4.0,7.0,7.0,7.0,6.0,4.0,2
26,0,1,7.0,11.0,1.0,4.0,3,4.0,7.26,0.0,4.0,6.0,6.0,5.0,8.0,7.0,7.0,5.0,5.0,2
20,1,1,3.0,5.0,4.0,1.0,3,5.0,7.17,0.0,7.0,6.0,5.0,4.0,4.0,7.0,7.0,7.0,4.0,0
25,0,2,3.0,6.0,4.0,1.0,4,6.0,5.94,0.0,3.0,5.0,5.0,5.0,5.0,5.0,5.0,3.0,4.0,0
19,1,2,2.0,6.0,3.0,1.0,0,2.0,5.83,2.0,3.0,6.0,7.0,3.0,4.0,6.0,4.0,4.0,3.0,0
20,0,1,5.0,6.0,4.0,2.0,0,3.0,3.0,0.0,7.0,6.0,4.0,6.0,5.0,3.0,4.0,4.0,3.0,0
19,1,2,3.0,7.0,4.0,0.0,2,4.0,6.7,1.0,6.0,6.0,6.0,4.0,4.0,6.0,6.0,6.0,3.0,0
18,0,1,4.0,7.0,3.0,1.0,2,2.0,6.42,2.0,4.0,4.0,5.0,6.0,4.0,6.0,5.0,6.0,4.0,0
19,1,1,5.0,8.0,2.0,0.0,4,5.0,7.22,1.0,9.0,5.0,4.0,7.0,6.0,8.0,6.0,4.0,5.0,2
25,0,1,2.0,6.0,1.0,0.0,2,3.0,8.0,0.0,4.0,3.0,3.0,6.0,3.0,8.0,8.0,3.0,6.0,2
26,1,1,2.0,3.0,3.0,3.0,2,1.0,6.13,1.0,7.0,4.0,5.0,6.0,3.0,7.0,5.0,6.0,4.0,0
19,0,2,4.0,8.0,3.0,1.0,3,3.0,7.62,0.0,6.0,5.0,4.0,6.0,4.0,7.0,7.0,6.0,5.0,2
24,1,1,3.0,7.0,4.0,0.0,2,1.0,5.73,0.0,6.0,4.0,5.0,6.0,4.0,6.0,4.0,7.0,3.0,0
22,0,1,3.0,5.0,3.0,1.0,2,3.0,5.85,2.0,5.0,4.0,5.0,5.0,3.0,7.0,5.0,5.0,4.0,0
20,1,1,4.0,5.0,3.0,1.0,2,0.0,4.74,2.0,9.0,5.0,5.0,5.0,3.0,5.0,3.0,6.0,2.0,0
26,1,1,4.0,7.0,3.0,0.0,4,4.0,6.43,2.0,4.0,8.0,6.0,5.0,3.0,8.0,4.0,4.0,4.0,0
23,1,1,3.0,6.0,2.0,1.0,2,2.0,7.54,2.0,7.0,4.0,4.0,5.0,2.0,8.0,5.0,5.0,5.0,2
18,1,2,4.0,9.0,2.0,1.0,1,2.0,6.28,3.0,8.0,4.0,4.0,6.0,6.0,6.0,6.0,5.0,4.0,2
22,0,1,3.0,4.0,4.0,0.0,1,3.0,7.27,1.0,1.0,5.0,6.0,5.0,2.0,5.0,4.0,7.0,2.0,0
24,2,2,5.0,8.0,2.0,1.0,2,5.0,6.69,1.0,7.0,6.0,2.0,8.0,6.0,5.0,8.0,5.0,6.0,2
21,1,1,4.0,9.0,3.0,1.0,1,4.0,6.2,1.0,2.0,6.0,5.0,6.0,4.0,6.0,5.0,7.0,3.0,0
25,0,0,7.0,10.0,4.0,1.0,3,6.0,7.49,2.0,7.0,7.0,5.0,4.0,4.0,8.0,6.0,5.0,4.0,2
22,0,1,2.0,5.0,2.0,2.0,4,1.0,5.5,3.0,5.0,3.0,5.0,4.0,4.0,4.0,3.0,6.0,2.0,0
26,0,1,3.0,7.0,2.0,2.0,2,1.0,6.97,0.0,3.0,5.0,4.0,2.0,4.0,6.0,6.0,7.0,3.0,0
26,1,2,5.0,8.0,1.0,0.0,1,3.0,6.58,2.0,5.0,3.0,4.0,6.0,6.0,8.0,5.0,7.0,5.0,2
26,1,2,2.0,5.0,4.0,2.0,3,5.0,7.6,2.0,11.0,4.0,4.0,4.0,5.0,9.0,6.0,4.0,5.0,2
18,0,1,4.0,7.0,4.0,1.0,3,4.0,6.29,1.0,6.0,7.0,6.0,2.0,5.0,5.0,4.0,8.0,1.0,0
19,1,1,1.0,5.0,4.0,4.0,2,4.0,5.65,1.0,4.0,5.0,5.0,6.0,1.0,6.0,5.0,5.0,4.0,0
20,0,1,2.0,6.0,3.0,3.0,3,2.0,7.04,1.0,6.0,3.0,3.0,7.0,3.0,8.0,5.0,5.0,5.0,2
21,0,1,3.0,6.0,2.0,1.0,3,2.0,7.58,0.0,4.0,6.0,3.0,7.0,4.0,6.0,7.0,5.0,5.0,2
26,1,1,4.0,5.0,2.0,1.0,2,2.0,8.16,1.0,5.0,5.0,4.0,6.0,4.0,8.0,5.0,4.0,5.0,2
23,1,1,5.0,8.0,2.0,0.0,1,4.0,6.46,3.0,7.0,4.0,5.0,5.0,3.0,7.0,7.0,6.0,5.0,2
18,0,2,4.0,9.0,2.0,1.0,0,4.0,6.99,1.0,6.0,4.0,5.0,5.0,5.0,6.0,6.0,6.0,4.0,0
26,1,0,4.0,6.0,3.0,0.0,4,3.0,8.62,0.0,7.0,6.0,5.0,6.0,4.0,9.0,6.0,5.0,5.0,2
23,1,1,3.0,6.0,2.0,2.0,2,1.0,7.06,0.0,8.0,6.0,4.0,6.0,3.0,7.0,5.0,5.0,5.0,2
21,1,2,2.0,5.0,4.0,0.0,1,2.0,8.38,3.0,4.0,4.0,3.0,6.0,3.0,9.0,5.0,3.0,6.0,2
21,2,1,6.0,7.0,3.0,2.0,3,4.0,8.26,2.0,4.0,5.0,4.0,5.0,6.0,8.0,6.0,4.0,5.0,2
20,1,1,4.0,6.0,5.0,0.0,0,5.0,8.33,2.0,7.0,5.0,3.0,6.0,5.0,7.0,8.0,5.0,6.0,2
24,0,2,4.0,5.0,2.0,2.0,3,4.0,6.18,0.0,5.0,3.0,4.0,5.0,4.0,6.0,5.0,3.0,4.0,2
20,1,2,6.0,8.0,3.0,2.0,0,2.0,5.66,3.0,8.0,5.0,6.0,3.0,6.0,5.0,5.0,7.0,2.0,0
19,1,0,0.0,4.0,3.0,2.0,0,2.0,7.08,2.0,7.0,3.0,4.0,5.0,1.0,7.0,5.0,4.0,4.0,2
25,0,2,6.0,8.0,4.0,2.0,1,3.0,4.53,0.0,5.0,6.0,8.0,3.0,6.0,5.0,3.0,8.0,1.0,0
21,0,1,2.0,7.0,4.0,0.0,2,5.0,7.21,0.0,6.0,5.0,4.0,6.0,3.0,8.0,6.0,4.0,5.0,2
25,1,1,4.0,8.0,4.0,2.0,1,2.0,4.83,3.0,6.0,7.0,6.0,2.0,7.0,4.0,6.0,6.0,2.0,0
18,0,2,5.0,8.0,3.0,0.0,2,2.0,6.85,2.0,4.0,7.0,5.0,5.0,5.0,6.0,4.0,7.0,3.0,0
22,1,1,1.0,5.0,3.0,1.0,1,2.0,6.15,1.0,8.0,5.0,4.0,6.0,2.0,6.0,6.0,6.0,5.0,2
26,0,1,6.0,7.0,4.0,1.0,0,3.0,6.09,0.0,7.0,5.0,4.0,4.0,6.0,6.0,5.0,5.0,3.0,0
18,1,1,4.0,7.0,5.0,0.0,1,2.0,5.49,1.0,7.0,6.0,7.0,4.0,4.0,5.0,3.0,7.0,1.0,0
21,0,0,3.0,7.0,3.0,1.0,4,2.0,6.67,0.0,8.0,5.0,4.0,3.0,4.0,6.0,6.0,6.0,3.0,0
23,0,2,4.0,6.0,3.0,2.0,2,4.0,8.66,2.0,7.0,6.0,3.0,7.0,4.0,7.0,6.0,5.0,6.0,2
25,1,1,5.0,8.0,3.0,3.0,2,1.0,6.69,2.0,8.0,7.0,6.0,5.0,4.0,8.0,5.0,7.0,4.0,0
20,0,0,8.0,11.0,1.0,1.0,1,2.0,8.36,2.0,6.0,6.0,3.0,6.0,5.0,8.0,7.0,7.0,5.0,2
22,2,2,4.0,5.0,3.0,5.0,0,3.0,6.78,2.0,8.0,4.0,5.0,5.0,4.0,7.0,6.0,7.0,4.0,0
24,1,1,5.0,10.0,2.0,0.0,0,4.0,5.43,2.0,8.0,4.0,5.0,6.0,6.0,6.0,7.0,6.0,4.0,2
18,0,1,4.0,8.0,2.0,4.0,3,2.0,6.55,3.0,7.0,5.0,4.0,6.0,3.0,7.0,5.0,7.0,4.0,2
24,0,1,5.0,8.0,4.0,0.0,1,1.0,5.04,2.0,7.0,6.0,5.0,9.0,6.0,5.0,4.0,7.0,4.0,0
25,0,1,4.0,5.0,3.0,1.0,3,4.0,7.93,2.0,7.0,4.0,4.0,7.0,4.0,9.0,8.0,5.0,6.0,2
25,2,2,3.0,5.0,4.0,0.0,0,7.0,6.74,3.0,5.0,3.0,5.0,5.0,6.0,7.0,8.0,4.0,5.0,2
26,0,2,5.0,7.0,3.0,1.0,3,3.0,6.51,2.0,6.0,5.0,3.0,4.0,6.0,6.0,5.0,5.0,4.0,0
23,0,1,3.0,7.0,2.0,3.0,2,4.0,7.47,1.0,9.0,5.0,6.0,5.0,4.0,7.0,5.0,6.0,4.0,0
23,0,2,1.0,4.0,3.0,1.0,2,3.0,5.82,2.0,6.0,5.0,6.0,5.0,2.0,5.0,5.0,6.0,3.0,0
19,0,1,4.0,7.0,1.0,1.0,4,2.0,7.49,1.0,7.0,4.0,4.0,6.0,4.0,7.0,6.0,4.0,5.0,2
20,0,1,3.0,5.0,4.0,3.0,2,4.0,6.65,1.0,5.0,5.0,6.0,4.0,4.0,8.0,5.0,6.0,4.0,0
21,1,2,4.0,8.0,5.0,0.0,4,3.0,6.81,2.0,8.0,5.0,5.0,4.0,4.0,7.0,4.0,7.0,3.0,0
21,0,1,2.0,3.0,3.0,0.0,0,2.0,7.09,0.0,6.0,4.0,3.0,6.0,3.0,9.0,5.0,3.0,6.0,2
25,0,2,5.0,9.0,3.0,0.0,4,3.0,6.79,1.0,9.0,6.0,5.0,5.0,5.0,8.0,4.0,7.0,4.0,0
18,0,1,0.0,5.0,5.0,1.0,1,1.0,6.38,2.0,4.0,6.0,4.0,8.0,2.0,6.0,4.0,7.0,4.0,2
21,1,1,5.0,7.0,3.0,1.0,1,4.0,6.43,2.0,10.0,7.0,6.0,6.0,5.0,7.0,6.0,6.0,4.0,2
21,1,1,5.0,8.0,1.0,0.0,2,4.0,7.05,2.0,7.0,5.0,4.0,6.0,3.0,7.0,6.0,3.0,5.0,2
18,1,1,4.0,6.0,5.0,0.0,4,5.0,6.52,1.0,3.0,6.0,4.0,7.0,6.0,8.0,3.0,3.0,5.0,2
20,0,1,6.0,7.0,2.0,1.0,1,1.0,5.38,3.0,5.0,4.0,5.0,5.0,6.0,6.0,2.0,7.0,3.0,0
22,1,2,2.0,4.0,3.0,3.0,4,3.0,6.47,1.0,7.0,3.0,5.0,4.0,2.0,7.0,5.0,4.0,4.0,0
23,0,1,7.0,12.0,5.0,4.0,0,6.0,5.23,1.0,3.0,7.0,6.0,4.0,5.0,6.0,3.0,6.0,2.0,0
26,0,1,3.0,4.0,6.0,3.0,3,1.0,9.14,3.0,7.0,7.0,3.0,6.0,3.0,10.0,7.0,3.0,7.0,2
26,2,1,5.0,7.0,2.0,5.0,1,2.0,8.18,0.0,7.0,4.0,2.0,6.0,5.0,8.0,8.0,4.0,6.0,2
26,1,2,7.0,8.0,4.0,0.0,4,3.0,8.68,1.0,7.0,6.0,4.0,7.0,7.0,8.0,7.0,6.0,5.0,2
18,2,1,4.0,6.0,3.0,2.0,1,2.0,6.06,0.0,7.0,6.0,6.0,5.0,4.0,6.0,4.0,6.0,3.0,0
26,1,2,3.0,6.0,5.0,2.0,1,2.0,6.87,0.0,2.0,5.0,6.0,4.0,3.0,7.0,5.0,6.0,3.0,0
25,0,1,5.0,8.0,3.0,0.0,0,2.0,5.92,1.0,6.0,6.0,5.0,5.0,5.0,7.0,4.0,7.0,3.0,0
19,0,1,3.0,8.0,3.0,2.0,1,1.0,8.45,2.0,4.0,6.0,4.0,5.0,3.0,10.0,6.0,5.0,5.0,2
18,1,2,3.0,7.0,2.0,1.0,3,1.0,6.02,2.0,6.0,4.0,6.0,2.0,3.0,6.0,6.0,6.0,3.0,0
18,1,1,5.0,9.0,5.0,0.0,1,2.0,6.7,1.0,4.0,8.0,7.0,3.0,5.0,7.0,5.0,9.0,2.0,0
23,1,1,5.0,9.0,2.0,0.0,0,0.0,6.88,3.0,6.0,6.0,4.0,6.0,6.0,8.0,4.0,8.0,4.0,2
26,0,1,4.0,5.0,2.0,1.0,2,1.0,8.32,1.0,7.0,5.0,5.0,5.0,4.0,7.0,6.0,7.0,4.0,2
24,1,2,4.0,7.0,4.0,2.0,0,3.0,7.51,1.0,3.0,5.0,4.0,4.0,4.0,8.0,7.0,6.0,5.0,2
22,2,1,4.0,9.0,2.0,0.0,0,2.0,6.52,2.0,8.0,6.0,5.0,4.0,6.0,7.0,5.0,5.0,4.0,0
19,1,1,4.0,9.0,3.0,1.0,4,2.0,8.56,2.0,8.0,5.0,4.0,6.0,5.0,9.0,6.0,7.0,5.0,2
18,2,1,4.0,8.0,3.0,1.0,4,3.0,6.74,1.0,5.0,4.0,5.0,6.0,6.0,8.0,5.0,6.0,5.0,2
19,1,1,2.0,4.0,2.0,2.0,2,3.0,7.97,2.0,6.0,2.0,1.0,7.0,3.0,8.0,7.0,5.0,6.0,2
18,1,2,3.0,7.0,3.0,1.0,3,4.0,5.2,1.0,8.0,5.0,3.0,7.0,2.0,6.0,5.0,4.0,5.0,2
20,1,1,4.0,6.0,2.0,0.0,1,3.0,8.76,1.0,6.0,5.0,4.0,5.0,3.0,9.0,5.0,3.0,5.0,2
23,0,2,7.0,12.0,2.0,2.0,0,3.0,6.53,0.0,3.0,6.0,6.0,5.0,6.0,6.0,5.0,8.0,3.0,0
25,0,0,2.0,4.0,2.0,1.0,2,1.0,7.25,1.0,7.0,5.0,5.0,4.0,3.0,8.0,5.0,6.0,4.0,0
20,1,1,3.0,5.0,6.0,2.0,3,3.0,5.7,2.0,8.0,7.0,6.0,4.0,4.0,5.0,5.0,6.0,3.0,0
26,1,2,2.0,6.0,2.0,2.0,1,0.0,5.24,2.0,10.0,5.0,5.0,4.0,3.0,6.0,3.0,5.0,3.0,0
22,1,1,1.0,4.0,5.0,2.0,4,6.0,6.74,2.0,3.0,5.0,3.0,7.0,2.0,7.0,9.0,2.0,7.0,2
24,0,2,6.0,10.0,4.0,0.0,2,1.0,7.13,1.0,6.0,6.0,5.0,5.0,7.0,7.0,5.0,6.0,4.0,0
25,1,1,5.0,9.0,3.0,1.0,0,3.0,5.32,3.0,5.0,7.0,5.0,4.0,6.0,5.0,3.0,6.0,2.0,0
20,0,2,6.0,8.0,2.0,0.0,2,2.0,6.59,1.0,7.0,6.0,6.0,5.0,6.0,6.0,5.0,8.0,3.0,0
19,0,1,1.0,4.0,3.0,2.0,1,3.0,3.96,1.0,10.0,4.0,6.0,3.0,3.0,2.0,4.0,5.0,1.0,0
19,0,2,5.0,7.0,5.0,2.0,0,3.0,5.62,2.0,8.0,6.0,4.0,6.0,6.0,5.0,6.0,6.0,4.0,0
22,0,2,7.0,8.0,1.0,0.0,0,1.0,6.02,2.0,5.0,5.0,7.0,3.0,8.0,5.0,4.0,6.0,2.0,0
18,1,1,5.0,8.0,3.0,0.0,3,4.0,4.15,2.0,7.0,6.0,5.0,5.0,5.0,4.0,5.0,6.0,3.0,0
19,2,1,5.0,7.0,4.0,0.0,0,4.0,7.17,4.0,6.0,5.0,4.0,5.0,4.0,7.0,7.0,5.0,5.0,2
26,1,2,3.0,6.0,3.0,2.0,1,3.0,9.08,4.0,9.0,4.0,4.0,6.0,4.0,8.0,8.0,5.0,6.0,2
24,1,1,6.0,10.0,3.0,3.0,1,4.0,7.68,2.0,7.0,6.0,6.0,6.0,4.0,9.0,7.0,9.0,5.0,2
23,0,0,3.0,5.0,0.0,3.0,1,6.0,5.35,2.0,6.0,4.0,5.0,5.0,5.0,7.0,6.0,4.0,5.0,2
26,1,0,5.0,7.0,3.0,0.0,0,4.0,6.5,1.0,5.0,6.0,7.0,5.0,5.0,6.0,5.0,6.0,3.0,0
24,1,2,2.0,5.0,4.0,0.0,4,4.0,6.69,1.0,6.0,5.0,4.0,5.0,4.0,7.0,6.0,5.0,5.0,2
22,1,1,4.0,7.0,3.0,1.0,2,0.0,6.73,2.0,8.0,5.0,4.0,6.0,3.0,6.0,4.0,6.0,4.0,0
26,1,1,5.0,9.0,3.0,2.0,1,4.0,6.58,1.0,4.0,6.0,6.0,2.0,8.0,5.0,5.0,5.0,2.0,0
23,1,2,5.0,10.0,4.0,0.0,3,3.0,6.28,1.0,6.0,5.0,6.0,4.0,4.0,6.0,6.0,9.0,3.0,0
23,1,1,4.0,8.0,4.0,3.0,3,4.0,5.81,1.0,8.0,4.0,5.0,5.0,6.0,6.0,5.0,4.0,4.0,0
21,1,1,7.0,10.0,3.0,0.0,0,3.0,7.32,1.0,2.0,9.0,5.0,6.0,5.0,7.0,5.0,6.0,4.0,2
18,0,1,4.0,9.0,6.0,3.0,0,1.0,8.22,0.0,5.0,6.0,7.0,4.0,4.0,8.0,5.0,7.0,4.0,0
22,0,0,6.0,10.0,3.0,1.0,3,3.0,5.82,0.0,5.0,4.0,5.0,6.0,5.0,5.0,6.0,5.0,4.0,2
26,0,1,3.0,7.0,3.0,3.0,0,5.0,5.09,1.0,8.0,5.0,5.0,5.0,4.0,5.0,4.0,5.0,3.0,0
25,0,2,2.0,7.0,5.0,2.0,3,7.0,7.83,1.0,8.0,5.0,4.0,5.0,4.0,7.0,7.0,2.0,5.0,2
25,0,1,4.0,7.0,3.0,1.0,2,2.0,6.55,2.0,4.0,5.0,5.0,6.0,5.0,7.0,3.0,6.0,4.0,0
22,0,1,1.0,5.0,5.0,2.0,4,1.0,4.8,0.0,4.0,4.0,6.0,5.0,2.0,5.0,3.0,6.0,2.0,0
26,0,2,4.0,8.0,3.0,4.0,1,3.0,5.79,0.0,6.0,6.0,6.0,2.0,6.0,5.0,4.0,7.0,2.0,0
20,0,1,4.0,7.0,4.0,0.0,2,3.0,8.38,2.0,4.0,6.0,4.0,6.0,3.0,8.0,7.0,6.0,5.0,2
20,1,1,5.0,7.0,4.0,3.0,0,4.0,6.42,1.0,9.0,7.0,4.0,4.0,6.0,8.0,3.0,5.0,3.0,0
18,0,2,4.0,6.0,2.0,3.0,2,5.0,7.48,2.0,5.0,6.0,4.0,6.0,3.0,9.0,6.0,5.0,6.0,2
26,0,1,4.0,8.0,3.0,1.0,4,4.0,4.56,3.0,8.0,4.0,5.0,4.0,5.0,6.0,5.0,7.0,3.0,0
23,0,1,4.0,8.0,4.0,0.0,3,2.0,5.58,0.0,4.0,3.0,5.0,4.0,5.0,7.0,5.0,7.0,3.0,0
19,0,1,6.0,8.0,4.0,0.0,3,4.0,8.12,2.0,5.0,5.0,4.0,5.0,5.0,8.0,7.0,5.0,5.0,2
25,1,1,6.0,9.0,6.0,0.0,3,1.0,6.41,1.0,8.0,5.0,5.0,5.0,5.0,6.0,5.0,7.0,3.0,0
26,1,2,6.0,8.0,4.0,1.0,0,1.0,7.49,1.0,9.0,5.0,4.0,4.0,5.0,7.0,5.0,7.0,4.0,0
26,2,1,1.0,4.0,3.0,2.0,4,5.0,7.72,2.0,2.0,4.0,3.0,6.0,2.0,7.0,6.0,3.0,5.0,2
19,0,1,6.0,9.0,2.0,1.0,4,5.0,6.46,2.0,9.0,5.0,4.0,5.0,6.0,6.0,6.0,7.0,4.0,0
19,1,1,5.0,8.0,3.0,1.0,0,0.0,6.69,2.0,5.0,5.0,4.0,5.0,6.0,5.0,3.0,7.0,3.0,0
24,1,1,7.0,10.0,2.0,0.0,1,5.0,5.75,1.0,9.0,8.0,5.0,4.0,7.0,5.0,7.0,6.0,4.0,0
21,0,1,3.0,6.0,2.0,3.0,3,3.0,4.02,1.0,2.0,4.0,7.0,4.0,5.0,5.0,4.0,7.0,2.0,0
18,1,1,4.0,6.0,3.0,2.0,2,5.0,8.01,0.0,5.0,7.0,4.0,7.0,6.0,9.0,6.0,5.0,6.0,2
25,1,2,4.0,8.0,1.0,0.0,2,0.0,8.66,0.0,4.0,5.0,4.0,4.0,5.0,9.0,4.0,4.0,4.0,2
19,1,0,0.0,2.0,1.0,2.0,2,2.0,5.72,1.0,6.0,4.0,5.0,5.0,3.0,6.0,5.0,3.0,4.0,0
20,1,2,0.0,4.0,3.0,3.0,1,2.0,8.78,0.0,6.0,5.0,3.0,8.0,2.0,8.0,5.0,4.0,6.0,2
22,1,1,4.0,9.0,6.0,1.0,0,3.0,7.51,0.0,7.0,6.0,5.0,5.0,5.0,6.0,6.0,6.0,4.0,0
20,0,1,2.0,6.0,4.0,2.0,0,3.0,4.02,2.0,8.0,4.0,5.0,4.0,3.0,4.0,5.0,6.0,2.0,0
24,1,2,2.0,4.0,2.0,1.0,3,0.0,4.98,0.0,6.0,4.0,5.0,7.0,3.0,5.0,4.0,6.0,3.0,0
24,1,1,5.0,7.0,4.0,3.0,1,2.0,3.32,3.0,5.0,6.0,6.0,4.0,4.0,4.0,3.0,5.0,2.0,0
19,0,2,2.0,4.0,6.0,1.0,2,2.0,7.33,2.0,9.0,5.0,2.0,7.0,4.0,7.0,5.0,3.0,5.0,2
24,0,2,5.0,7.0,2.0,0.0,0,2.0,5.92,2.0,7.0,5.0,7.0,4.0,6.0,8.0,3.0,6.0,3.0,0
23,1,1,3.0,6.0,1.0,0.0,1,3.0,6.2,3.0,7.0,5.0,5.0,5.0,5.0,6.0,5.0,7.0,4.0,0
26,0,1,3.0,5.0,4.0,1.0,4,6.0,6.02,0.0,5.0,5.0,7.0,2.0,3.0,7.0,4.0,6.0,2.0,0
26,2,1,5.0,8.0,5.0,1.0,1,3.0,6.54,1.0,7.0,6.0,4.0,6.0,4.0,7.0,6.0,4.0,5.0,2
19,2,1,2.0,5.0,3.0,0.0,3,1.0,7.24,0.0,6.0,5.0,4.0,7.0,3.0,6.0,6.0,5.0,5.0,2
24,0,2,7.0,10.0,3.0,2.0,2,4.0,7.91,1.0,5.0,4.0,4.0,5.0,7.0,7.0,6.0,4.0,5.0,2
22,0,0,4.0,8.0,2.0,4.0,0,4.0,5.73,1.0,6.0,4.0,4.0,4.0,5.0,6.0,8.0,5.0,4.0,2
23,1,0,4.0,7.0,2.0,3.0,0,4.0,5.19,2.0,4.0,3.0,4.0,6.0,5.0,6.0,6.0,6.0,4.0,2
18,0,1,5.0,10.0,2.0,2.0,4,2.0,7.09,3.0,6.0,4.0,5.0,6.0,2.0,7.0,5.0,6.0,4.0,2
24,0,0,6.0,10.0,3.0,0.0,4,5.0,6.23,1.0,8.0,7.0,8.0,3.0,3.0,6.0,4.0,8.0,2.0,0
23,1,2,3.0,5.0,5.0,1.0,4,4.0,6.69,2.0,5.0,5.0,6.0,6.0,4.0,6.0,4.0,5.0,4.0,0
21,0,2,5.0,10.0,0.0,0.0,3,4.0,7.67,1.0,5.0,4.0,3.0,6.0,6.0,8.0,7.0,4.0,6.0,2
18,0,0,5.0,8.0,6.0,2.0,2,4.0,5.77,2.0,9.0,7.0,6.0,6.0,6.0,5.0,7.0,5.0,4.0,2
26,2,1,6.0,10.0,4.0,1.0,4,4.0,3.9,1.0,6.0,6.0,7.0,6.0,5.0,4.0,3.0,6.0,2.0,0
21,1,1,3.0,7.0,3.0,3.0,2,3.0,6.13,1.0,5.0,5.0,6.0,4.0,5.0,6.0,7.0,6.0,4.0,0
19,1,1,5.0,7.0,4.0,1.0,2,4.0,9.87,3.0,5.0,6.0,3.0,6.0,6.0,10.0,6.0,7.0,6.0,2
25,0,1,5.0,10.0,2.0,2.0,4,2.0,6.43,2.0,2.0,5.0,4.0,6.0,5.0,7.0,6.0,5.0,5.0,2
19,1,2,5.0,8.0,6.0,5.0,2,2.0,5.64,2.0,10.0,6.0,7.0,5.0,6.0,6.0,4.0,6.0,3.0,0
22,0,1,1.0,5.0,1.0,5.0,0,6.0,6.3,3.0,7.0,3.0,3.0,5.0,3.0,7.0,6.0,4.0,5.0,2
23,1,1,6.0,9.0,1.0,1.0,2,2.0,7.41,1.0,4.0,5.0,5.0,4.0,8.0,8.0,6.0,6.0,4.0,2
25,0,1,6.0,8.0,4.0,4.0,2,3.0,5.43,2.0,8.0,6.0,7.0,3.0,5.0,6.0,5.0,7.0,2.0,0
18,0,0,5.0,9.0,3.0,1.0,0,2.0,9.9,1.0,6.0,6.0,4.0,5.0,4.0,10.0,8.0,7.0,6.0,2
18,1,1,3.0,5.0,3.0,1.0,0,3.0,5.43,1.0,6.0,5.0,6.0,5.0,2.0,5.0,4.0,6.0,3.0,0
21,1,1,6.0,9.0,3.0,2.0,1,1.0,5.59,1.0,7.0,6.0,5.0,6.0,4.0,6.0,4.0,6.0,3.0,0
22,1,1,4.0,4.0,2.0,2.0,1,2.0,8.78,2.0,8.0,4.0,3.0,6.0,4.0,9.0,6.0,6.0,5.0,2
26,1,1,5.0,9.0,3.0,0.0,4,3.0,7.22,0.0,5.0,4.0,4.0,4.0,4.0,8.0,6.0,7.0,4.0,2
24,0,2,2.0,5.0,4.0,1.0,3,3.0,8.88,1.0,10.0,5.0,3.0,4.0,5.0,8.0,4.0,5.0,4.0,2
24,0,1,4.0,6.0,5.0,0.0,2,1.0,8.5,4.0,4.0,6.0,4.0,5.0,3.0,9.0,5.0,6.0,4.0,2
25,1,1,4.0,7.0,4.0,1.0,2,4.0,7.48,3.0,7.0,5.0,4.0,6.0,4.0,8.0,6.0,5.0,5.0,2
22,0,2,3.0,6.0,2.0,0.0,3,2.0,4.55,0.0,7.0,4.0,6.0,4.0,1.0,4.0,5.0,6.0,2.0,0
22,1,1,3.0,5.0,2.0,1.0,4,3.0,5.9,1.0,6.0,5.0,4.0,5.0,1.0,6.0,5.0,6.0,4.0,0
18,0,2,5.0,6.0,5.0,2.0,2,5.0,5.26,3.0,9.0,8.0,7.0,4.0,5.0,5.0,4.0,6.0,2.0,0
26,1,2,6.0,10.0,1.0,2.0,1,3.0,5.99,1.0,9.0,3.0,5.0,5.0,8.0,6.0,4.0,4.0,4.0,0
23,0,2,2.0,4.0,3.0,2.0,2,4.0,5.41,3.0,9.0,6.0,5.0,5.0,4.0,6.0,3.0,6.0,3.0,0
26,0,1,7.0,11.0,3.0,3.0,0,1.0,5.56,2.0,6.0,6.0,6.0,6.0,7.0,5.0,5.0,7.0,3.0,0
20,0,1,3.0,5.0,7.0,0.0,2,1.0,8.19,2.0,7.0,8.0,5.0,7.0,3.0,7.0,5.0,4.0,5.0,2
22,0,1,2.0,6.0,3.0,1.0,2,4.0,7.63,1.0,9.0,4.0,2.0,8.0,3.0,7.0,7.0,3.0,7.0,2
19,0,1,6.0,9.0,4.0,1.0,0,5.0,4.7,3.0,4.0,6.0,5.0,5.0,5.0,6.0,5.0,7.0,3.0,0
22,2,1,5.0,8.0,4.0,2.0,1,5.0,7.06,1.0,8.0,6.0,6.0,4.0,4.0,7.0,4.0,5.0,3.0,0
25,0,1,5.0,9.0,5.0,1.0,0,1.0,4.57,1.0,9.0,5.0,7.0,5.0,5.0,5.0,4.0,8.0,2.0,0
19,1,1,3.0,6.0,4.0,1.0,3,2.0,6.8,2.0,4.0,6.0,4.0,6.0,4.0,7.0,4.0,7.0,4.0,0
25,0,1,5.0,8.0,4.0,0.0,1,0.0,5.37,1.0,2.0,3.0,4.0,7.0,5.0,6.0,2.0,6.0,3.0,0
21,1,0,8.0,11.0,3.0,3.0,2,2.0,6.05,2.0,4.0,7.0,7.0,5.0,6.0,7.0,4.0,9.0,2.0,0
18,0,2,3.0,4.0,4.0,2.0,0,3.0,5.11,2.0,4.0,4.0,4.0,5.0,3.0,5.0,5.0,5.0,4.0,0
22,0,1,5.0,7.0,3.0,0.0,0,4.0,7.37,2.0,5.0,6.0,4.0,6.0,4.0,7.0,4.0,6.0,4.0,2
18,2,2,3.0,5.0,0.0,4.0,1,3.0,5.73,2.0,7.0,5.0,7.0,4.0,3.0,6.0,6.0,7.0,3.0,0
24,0,0,2.0,5.0,2.0,3.0,0,4.0,6.24,1.0,5.0,5.0,5.0,3.0,3.0,6.0,6.0,5.0,3.0,0
25,1,1,4.0,8.0,4.0,3.0,3,4.0,5.34,2.0,7.0,6.0,5.0,3.0,4.0,4.0,5.0,5.0,2.0,0
20,0,1,4.0,5.0,2.0,0.0,4,3.0,5.99,1.0,3.0,4.0,3.0,8.0,5.0,8.0,7.0,4.0,6.0,2
20,1,1,4.0,7.0,3.0,2.0,2,4.0,6.86,0.0,11.0,5.0,4.0,6.0,6.0,6.0,7.0,3.0,5.0,2
24,1,2,4.0,6.0,3.0,0.0,3,3.0,5.92,2.0,7.0,4.0,6.0,6.0,5.0,7.0,4.0,7.0,3.0,0
21,1,1,7.0,11.0,3.0,2.0,0,5.0,4.22,2.0,7.0,5.0,6.0,4.0,7.0,4.0,2.0,7.0,1.0,0
20,1,2,7.0,11.0,4.0,0.0,4,5.0,7.39,1.0,5.0,8.0,6.0,4.0,6.0,7.0,4.0,7.0,3.0,0
25,0,2,4.0,7.0,3.0,1.0,2,3.0,7.31,2.0,3.0,5.0,5.0,6.0,3.0,7.0,5.0,5.0,4.0,2
20,2,2,4.0,8.0,3.0,1.0,3,4.0,5.97,0.0,5.0,6.0,5.0,7.0,6.0,6.0,5.0,6.0,4.0,0
24,0,1,6.0,9.0,0.0,3.0,1,4.0,7.47,2.0,4.0,4.0,5.0,5.0,6.0,8.0,5.0,6.0,4.0,2
19,1,1,5.0,8.0,1.0,1.0,2,3.0,6.03,3.0,3.0,6.0,7.0,4.0,5.0,6.0,4.0,6.0,3.0,0
18,0,1,4.0,9.0,4.0,1.0,1,5.0,5.11,3.0,5.0,6.0,5.0,2.0,5.0,4.0,6.0,5.0,2.0,0
23,0,1,7.0,12.0,2.0,1.0,2,1.0,7.04,1.0,5.0,3.0,5.0,5.0,7.0,7.0,4.0,8.0,3.0,0
25,0,2,3.0,7.0,4.0,1.0,0,3.0,7.98,1.0,4.0,4.0,5.0,6.0,2.0,8.0,6.0,5.0,5.0,2
18,0,2,4.0,5.0,2.0,1.0,3,4.0,6.92,2.0,7.0,6.0,5.0,2.0,4.0,8.0,6.0,4.0,3.0,0
26,0,2,4.0,6.0,2.0,3.0,2,3.0,7.53,0.0,7.0,5.0,5.0,5.0,4.0,8.0,7.0,6.0,5.0,2
20,1,1,5.0,7.0,1.0,1.0,1,2.0,6.05,2.0,7.0,4.0,5.0,7.0,5.0,7.0,4.0,8.0,4.0,0
20,2,1,2.0,6.0,3.0,3.0,2,5.0,6.39,2.0,6.0,6.0,5.0,5.0,3.0,6.0,6.0,7.0,4.0,0
21,2,2,5.0,7.0,1.0,1.0,2,1.0,8.1,2.0,4.0,4.0,5.0,5.0,4.0,9.0,4.0,6.0,4.0,0
18,0,0,4.0,7.0,2.0,4.0,2,4.0,7.6,2.0,3.0,4.0,5.0,3.0,5.0,8.0,7.0,5.0,5.0,2
26,1,1,6.0,7.0,2.0,3.0,0,2.0,7.65,1.0,5.0,5.0,6.0,5.0,5.0,8.0,5.0,7.0,3.0,0
20,0,2,4.0,8.0,4.0,3.0,3,1.0,5.98,1.0,8.0,5.0,7.0,4.0,4.0,6.0,4.0,7.0,2.0,0
21,0,1,3.0,6.0,3.0,1.0,4,3.0,6.34,4.0,5.0,5.0,3.0,5.0,2.0,6.0,6.0,5.0,4.0,2
18,0,1,5.0,9.0,3.0,2.0,2,1.0,6.85,1.0,6.0,4.0,4.0,5.0,5.0,6.0,4.0,6.0,3.0,0
21,0,2,4.0,5.0,4.0,3.0,2,1.0,5.18,2.0,5.0,6.0,5.0,4.0,5.0,7.0,3.0,6.0,3.0,0
18,1,2,4.0,7.0,2.0,1.0,0,3.0,4.43,3.0,6.0,4.0,5.0,4.0,5.0,5.0,6.0,5.0,3.0,0
22,1,1,4.0,6.0,3.0,2.0,1,5.0,7.55,3.0,6.0,6.0,4.0,5.0,6.0,9.0,5.0,5.0,5.0,2
22,0,2,3.0,6.0,2.0,2.0,4,4.0,4.91,3.0,5.0,5.0,5.0,4.0,4.0,5.0,5.0,4.0,3.0,0
24,0,2,7.0,10.0,3.0,1.0,4,3.0,6.32,2.0,3.0,8.0,6.0,6.0,6.0,6.0,6.0,6.0,4.0,0
25,0,1,5.0,7.0,2.0,0.0,4,4.0,7.52,1.0,3.0,3.0,4.0,7.0,5.0,6.0,6.0,7.0,5.0,2
21,1,2,5.0,8.0,3.0,0.0,0,4.0,5.92,1.0,8.0,5.0,5.0,4.0,3.0,6.0,6.0,8.0,3.0,0
24,0,1,5.0,8.0,3.0,4.0,4,1.0,5.89,1.0,4.0,5.0,6.0,5.0,5.0,4.0,5.0,7.0,3.0,0
21,1,1,4.0,9.0,4.0,3.0,1,6.0,7.65,2.0,6.0,5.0,5.0,4.0,5.0,9.0,6.0,7.0,5.0,2
20,0,1,3.0,6.0,2.0,3.0,3,2.0,7.59,2.0,5.0,5.0,4.0,6.0,6.0,8.0,6.0,5.0,5.0,2
23,1,1,3.0,7.0,4.0,3.0,4,1.0,8.42,1.0,5.0,4.0,4.0,6.0,3.0,10.0,5.0,5.0,6.0,2
21,0,1,3.0,8.0,3.0,2.0,2,0.0,6.32,2.0,7.0,6.0,5.0,4.0,4.0,7.0,4.0,7.0,3.0,0
20,0,1,5.0,7.0,2.0,1.0,1,0.0,4.18,1.0,8.0,5.0,8.0,5.0,6.0,3.0,1.0,8.0,1.0,0
26,2,2,3.0,7.0,3.0,1.0,1,2.0,6.63,2.0,7.0,5.0,5.0,6.0,3.0,8.0,4.0,6.0,4.0,0
22,0,1,6.0,10.0,4.0,0.0,4,2.0,6.56,0.0,8.0,5.0,4.0,6.0,8.0,6.0,5.0,5.0,4.0,2
24,0,1,7.0,9.0,3.0,3.0,2,2.0,5.13,2.0,8.0,5.0,5.0,5.0,6.0,5.0,4.0,6.0,3.0,0
23,1,2,1.0,4.0,2.0,0.0,1,2.0,6.96,2.0,6.0,4.0,5.0,3.0,4.0,6.0,3.0,5.0,3.0,0
22,0,1,6.0,10.0,5.0,1.0,0,2.0,5.07,2.0,9.0,6.0,5.0,4.0,8.0,6.0,3.0,6.0,2.0,0
24,0,1,2.0,5.0,1.0,2.0,4,4.0,8.63,2.0,9.0,1.0,1.0,7.0,4.0,9.0,8.0,2.0,7.0,1
23,1,1,4.0,7.0,2.0,2.0,2,4.0,5.83,1.0,4.0,5.0,5.0,5.0,6.0,5.0,5.0,4.0,3.0,0
19,0,1,4.0,7.0,2.0,3.0,3,4.0,3.69,2.0,9.0,5.0,5.0,5.0,6.0,5.0,3.0,6.0,3.0,0
20,0,1,1.0,3.0,2.0,4.0,1,0.0,7.26,1.0,7.0,3.0,2.0,6.0,3.0,6.0,5.0,4.0,5.0,2
19,1,1,3.0,5.0,2.0,2.0,3,3.0,7.44,1.0,9.0,5.0,4.0,5.0,4.0,7.0,6.0,4.0,5.0,2
20,1,1,4.0,7.0,5.0,3.0,2,3.0,5.49,1.0,9.0,6.0,6.0,3.0,4.0,6.0,6.0,6.0,3.0,0
18,0,1,2.0,5.0,2.0,2.0,0,2.0,4.97,1.0,7.0,5.0,4.0,5.0,4.0,5.0,4.0,4.0,3.0,0
25,0,1,2.0,5.0,3.0,2.0,2,5.0,8.7,3.0,7.0,5.0,2.0,8.0,4.0,9.0,8.0,4.0,7.0,2
23,1,1,7.0,9.0,3.0,2.0,3,4.0,9.36,2.0,7.0,6.0,5.0,4.0,5.0,9.0,6.0,6.0,4.0,2
19,2,1,4.0,6.0,5.0,5.0,2,1.0,7.61,0.0,6.0,5.0,4.0,5.0,3.0,8.0,5.0,5.0,5.0,2
25,2,2,6.0,8.0,4.0,4.0,2,5.0,6.25,1.0,4.0,5.0,4.0,6.0,4.0,7.0,6.0,5.0,5.0,2
23,1,1,7.0,8.0,4.0,2.0,1,1.0,5.9,3.0,8.0,5.0,4.0,5.0,9.0,6.0,4.0,6.0,4.0,0
24,1,1,5.0,9.0,5.0,1.0,2,2.0,6.93,0.0,9.0,7.0,6.0,3.0,5.0,7.0,3.0,8.0,2.0,0
18,0,0,3.0,8.0,2.0,1.0,0,3.0,7.2,1.0,8.0,4.0,5.0,5.0,3.0,7.0,6.0,4.0,5.0,2
24,2,2,3.0,7.0,3.0,1.0,1,1.0,6.22,3.0,4.0,4.0,5.0,6.0,4.0,5.0,5.0,7.0,3.0,0
20,0,1,5.0,7.0,2.0,3.0,0,2.0,5.98,3.0,3.0,6.0,6.0,4.0,4.0,7.0,4.0,6.0,3.0,0
25,1,1,5.0,8.0,1.0,2.0,3,1.0,5.91,2.0,6.0,3.0,5.0,5.0,4.0,7.0,4.0,6.0,3.0,0
23,1,2,4.0,7.0,1.0,1.0,2,2.0,5.01,0.0,4.0,5.0,6.0,4.0,6.0,5.0,5.0,6.0,2.0,0
21,0,0,5.0,7.0,3.0,2.0,4,4.0,6.56,1.0,6.0,7.0,5.0,4.0,5.0,5.0,6.0,5.0,3.0,0
25,0,1,4.0,8.0,2.0,1.0,2,6.0,6.86,0.0,6.0,3.0,4.0,6.0,3.0,7.0,7.0,4.0,5.0,2
26,1,1,4.0,5.0,2.0,1.0,4,6.0,7.02,3.0,6.0,5.0,5.0,5.0,3.0,5.0,6.0,4.0,4.0,0
19,0,2,3.0,6.0,4.0,3.0,1,2.0,5.87,2.0,5.0,6.0,6.0,3.0,3.0,5.0,4.0,7.0,2.0,0
23,1,1,3.0,5.0,3.0,1.0,3,6.0,7.77,2.0,8.0,4.0,4.0,7.0,4.0,7.0,7.0,4.0,6.0,2
22,0,2,3.0,5.0,4.0,0.0,4,2.0,6.8,1.0,9.0,7.0,6.0,7.0,3.0,7.0,6.0,7.0,4.0,2
22,1,1,3.0,6.0,4.0,2.0,2,1.0,7.69,1.0,9.0,4.0,5.0,5.0,5.0,9.0,4.0,6.0,4.0,2
20,1,0,5.0,8.0,3.0,1.0,2,3.0,6.46,2.0,6.0,6.0,5.0,6.0,4.0,8.0,4.0,5.0,4.0,2
25,0,0,4.0,8.0,4.0,1.0,2,2.0,6.49,1.0,8.0,5.0,6.0,4.0,4.0,6.0,5.0,9.0,3.0,0
25,1,1,3.0,7.0,3.0,3.0,3,2.0,7.5,3.0,7.0,4.0,5.0,5.0,5.0,7.0,5.0,8.0,4.0,0
22,0,1,4.0,6.0,3.0,3.0,4,2.0,6.04,1.0,6.0,6.0,6.0,4.0,3.0,7.0,3.0,5.0,2.0,0
25,1,1,1.0,3.0,2.0,1.0,4,5.0,6.32,2.0,5.0,3.0,2.0,7.0,2.0,7.0,6.0,1.0,6.0,2
25,1,1,3.0,8.0,3.0,1.0,3,3.0,6.33,2.0,8.0,4.0,5.0,6.0,3.0,4.0,5.0,7.0,3.0,0
20,1,1,5.0,9.0,2.0,1.0,0,2.0,6.29,1.0,6.0,4.0,4.0,5.0,4.0,6.0,4.0,7.0,3.0,0
19,1,1,2.0,7.0,3.0,6.0,1,1.0,6.22,3.0,5.0,3.0,6.0,4.0,5.0,6.0,4.0,6.0,3.0,0
26,1,1,2.0,5.0,1.0,4.0,3,1.0,5.92,1.0,8.0,5.0,6.0,4.0,3.0,6.0,5.0,5.0,3.0,0
19,0,2,2.0,7.0,3.0,1.0,2,2.0,9.17,2.0,5.0,3.0,2.0,7.0,3.0,8.0,9.0,3.0,7.0,1
26,1,1,3.0,4.0,4.0,2.0,0,3.0,8.2,2.0,5.0,5.0,4.0,5.0,1.0,9.0,7.0,4.0,6.0,2
21,1,2,4.0,6.0,2.0,0.0,4,3.0,5.97,0.0,6.0,5.0,4.0,6.0,5.0,7.0,4.0,5.0,4.0,0
19,0,0,4.0,7.0,4.0,1.0,1,3.0,6.23,2.0,8.0,5.0,5.0,4.0,5.0,6.0,7.0,7.0,4.0,0
18,1,1,5.0,8.0,4.0,3.0,2,4.0,8.44,0.0,6.0,7.0,6.0,5.0,5.0,8.0,6.0,7.0,4.0,2
21,0,1,4.0,6.0,5.0,1.0,2,3.0,7.85,2.0,7.0,6.0,6.0,4.0,5.0,9.0,6.0,6.0,4.0,2
26,1,1,5.0,9.0,1.0,2.0,2,3.0,7.03,2.0,3.0,3.0,4.0,4.0,4.0,7.0,6.0,5.0,4.0,2
26,1,1,2.0,6.0,2.0,2.0,3,2.0,6.74,0.0,4.0,4.0,4.0,6.0,4.0,6.0,5.0,4.0,4.0,2
21,0,2,6.0,10.0,4.0,3.0,4,4.0,6.27,1.0,6.0,6.0,6.0,4.0,5.0,7.0,5.0,9.0,3.0,0
26,2,1,5.0,8.0,2.0,0.0,0,4.0,6.53,4.0,6.0,5.0,4.0,5.0,5.0,7.0,5.0,5.0,5.0,2
23,1,2,1.0,4.0,2.0,0.0,1,5.0,6.34,2.0,5.0,3.0,2.0,5.0,2.0,7.0,5.0,3.0,5.0,2
18,1,2,4.0,9.0,3.0,2.0,2,5.0,5.84,3.0,7.0,4.0,4.0,5.0,5.0,5.0,6.0,4.0,4.0,0
23,1,1,7.0,12.0,3.0,0.0,3,7.0,8.64,1.0,9.0,6.0,5.0,4.0,7.0,9.0,6.0,6.0,4.0,2
26,1,1,7.0,10.0,4.0,3.0,3,5.0,7.38,1.0,5.0,5.0,6.0,3.0,6.0,7.0,6.0,5.0,4.0,0
19,2,1,4.0,6.0,2.0,1.0,1,4.0,7.29,1.0,9.0,5.0,2.0,6.0,5.0,8.0,6.0,3.0,6.0,2
23,1,2,5.0,9.0,3.0,0.0,0,5.0,4.85,2.0,5.0,5.0,5.0,4.0,6.0,4.0,5.0,5.0,3.0,0
19,0,1,2.0,7.0,3.0,1.0,3,6.0,7.56,0.0,9.0,4.0,6.0,5.0,4.0,7.0,5.0,4.0,4.0,0
21,1,0,2.0,8.0,3.0,4.0,3,2.0,4.03,2.0,7.0,4.0,5.0,5.0,4.0,4.0,4.0,7.0,2.0,0
25,0,2,4.0,7.0,2.0,0.0,4,1.0,5.09,2.0,5.0,4.0,4.0,6.0,4.0,6.0,4.0,3.0,4.0,2
24,0,1,3.0,6.0,1.0,2.0,4,1.0,7.46,1.0,7.0,4.0,3.0,4.0,1.0,9.0,6.0,5.0,5.0,2
26,0,1,4.0,6.0,4.0,2.0,0,3.0,7.42,1.0,3.0,7.0,6.0,4.0,4.0,7.0,4.0,6.0,3.0,0
24,1,1,5.0,8.0,2.0,1.0,1,1.0,4.04,1.0,4.0,5.0,7.0,5.0,5.0,3.0,3.0,7.0,1.0,0
18,0,1,5.0,7.0,3.0,1.0,2,6.0,7.47,1.0,5.0,6.0,5.0,5.0,5.0,8.0,8.0,5.0,5.0,2
19,0,1,6.0,7.0,1.0,1.0,3,0.0,8.19,2.0,6.0,4.0,4.0,6.0,5.0,9.0,6.0,7.0,5.0,2
23,0,1,5.0,9.0,4.0,1.0,2,2.0,5.42,3.0,4.0,5.0,5.0,6.0,3.0,5.0,5.0,6.0,3.0,0
24,0,1,6.0,8.0,3.0,3.0,2,5.0,7.43,1.0,2.0,6.0,3.0,7.0,7.0,7.0,8.0,4.0,6.0,2
20,0,1,6.0,9.0,2.0,2.0,2,3.0,6.6,3.0,5.0,5.0,5.0,5.0,6.0,7.0,6.0,7.0,4.0,2
26,0,1,4.0,8.0,5.0,4.0,0,4.0,6.81,1.0,5.0,5.0,4.0,4.0,2.0,6.0,6.0,4.0,4.0,0
24,1,1,1.0,2.0,2.0,2.0,1,1.0,6.81,0.0,3.0,5.0,4.0,7.0,1.0,6.0,6.0,3.0,5.0,2
23,0,2,2.0,4.0,3.0,2.0,1,1.0,6.21,2.0,5.0,5.0,4.0,6.0,3.0,7.0,3.0,5.0,4.0,0
23,0,1,5.0,9.0,3.0,3.0,4,4.0,8.74,1.0,7.0,4.0,3.0,5.0,5.0,10.0,6.0,5.0,6.0,2
18,1,1,4.0,7.0,2.0,0.0,2,4.0,8.0,2.0,4.0,5.0,5.0,5.0,6.0,8.0,4.0,5.0,4.0,0
22,0,1,7.0,10.0,3.0,1.0,2,4.0,8.59,0.0,6.0,5.0,2.0,8.0,6.0,9.0,7.0,5.0,7.0,2
20,2,1,2.0,5.0,3.0,1.0,3,3.0,6.62,1.0,5.0,5.0,4.0,5.0,5.0,6.0,5.0,5.0,4.0,0
24,0,1,5.0,8.0,4.0,0.0,0,6.0,6.36,3.0,5.0,5.0,4.0,5.0,5.0,5.0,6.0,4.0,4.0,0
20,1,2,4.0,5.0,3.0,1.0,2,3.0,7.01,1.0,1.0,4.0,5.0,6.0,5.0,7.0,4.0,7.0,4.0,0
22,1,2,3.0,5.0,3.0,4.0,0,4.0,7.82,2.0,8.0,4.0,3.0,6.0,2.0,8.0,6.0,5.0,5.0,2
24,0,0,7.0,8.0,3.0,0.0,4,4.0,6.8,2.0,7.0,5.0,3.0,5.0,7.0,6.0,6.0,6.0,4.0,2
20,2,1,2.0,6.0,0.0,1.0,0,0.0,6.6,1.0,4.0,4.0,4.0,6.0,4.0,8.0,4.0,6.0,4.0,2
19,2,2,5.0,6.0,2.0,5.0,1,4.0,6.62,2.0,9.0,5.0,3.0,6.0,5.0,8.0,5.0,3.0,5.0,2
23,0,2,6.0,7.0,3.0,2.0,0,4.0,7.35,2.0,7.0,5.0,4.0,6.0,6.0,8.0,4.0,5.0,4.0,2
25,0,2,3.0,4.0,0.0,3.0,2,4.0,6.62,1.0,4.0,3.0,4.0,4.0,3.0,6.0,7.0,5.0,4.0,2
21,1,1,1.0,5.0,3.0,3.0,2,2.0,5.95,0.0,8.0,4.0,4.0,5.0,3.0,5.0,4.0,5.0,3.0,0
26,1,1,5.0,7.0,5.0,1.0,2,4.0,5.88,1.0,5.0,6.0,5.0,5.0,6.0,6.0,6.0,6.0,4.0,0
25,1,2,6.0,10.0,4.0,3.0,2,1.0,5.94,0.0,4.0,5.0,6.0,5.0,4.0,6.0,3.0,8.0,2.0,0
24,1,2,3.0,7.0,2.0,3.0,0,4.0,4.87,2.0,6.0,5.0,6.0,4.0,3.0,4.0,4.0,8.0,1.0,0
24,0,2,2.0,6.0,6.0,4.0,2,2.0,5.48,2.0,6.0,7.0,4.0,5.0,3.0,4.0,4.0,6.0,3.0,0
20,0,1,4.0,7.0,1.0,1.0,1,1.0,8.66,2.0,6.0,4.0,2.0,8.0,3.0,9.0,6.0,4.0,7.0,2
23,0,1,4.0,5.0,2.0,0.0,3,1.0,7.16,2.0,5.0,2.0,4.0,4.0,5.0,6.0,5.0,5.0,4.0,0
22,2,0,1.0,4.0,5.0,2.0,2,5.0,7.23,3.0,7.0,5.0,4.0,5.0,2.0,8.0,5.0,3.0,5.0,2
18,2,1,5.0,5.0,3.0,2.0,4,5.0,6.08,0.0,3.0,5.0,6.0,4.0,4.0,6.0,5.0,6.0,3.0,0
20,0,2,3.0,6.0,4.0,0.0,3,2.0,4.05,1.0,5.0,4.0,7.0,5.0,5.0,3.0,3.0,7.0,2.0,0
18,0,1,5.0,8.0,4.0,3.0,0,3.0,7.19,3.0,6.0,5.0,5.0,6.0,6.0,7.0,7.0,6.0,5.0,2
21,1,2,7.0,10.0,4.0,2.0,1,1.0,7.01,1.0,5.0,7.0,5.0,3.0,7.0,7.0,4.0,6.0,3.0,0
20,0,1,4.0,6.0,1.0,1.0,1,5.0,7.14,2.0,7.0,6.0,6.0,4.0,6.0,7.0,6.0,5.0,4.0,0
21,1,1,4.0,8.0,2.0,2.0,4,5.0,6.78,1.0,8.0,4.0,4.0,6.0,4.0,6.0,5.0,4.0,4.0,2
26,1,1,4.0,8.0,3.0,2.0,2,1.0,4.89,2.0,7.0,5.0,6.0,5.0,4.0,5.0,4.0,8.0,2.0,0
20,2,1,4.0,8.0,4.0,1.0,4,0.0,8.56,1.0,4.0,5.0,5.0,5.0,5.0,7.0,4.0,7.0,3.0,0
23,1,1,2.0,4.0,3.0,2.0,2,6.0,8.19,2.0,3.0,4.0,2.0,7.0,4.0,9.0,9.0,3.0,8.0,1
23,1,2,4.0,6.0,2.0,1.0,2,4.0,8.36,3.0,6.0,4.0,4.0,4.0,4.0,8.0,5.0,7.0,4.0,0
24,0,1,3.0,7.0,2.0,2.0,1,3.0,4.29,1.0,6.0,5.0,7.0,4.0,3.0,4.0,1.0,7.0,1.0,0
26,0,0,3.0,7.0,4.0,4.0,1,2.0,7.1,1.0,9.0,5.0,4.0,5.0,3.0,8.0,5.0,3.0,5.0,2
24,1,1,3.0,6.0,0.0,0.0,2,2.0,7.78,1.0,5.0,4.0,4.0,5.0,6.0,7.0,6.0,7.0,4.0,2
18,1,1,5.0,7.0,3.0,3.0,1,3.0,7.21,2.0,6.0,5.0,5.0,7.0,5.0,8.0,4.0,7.0,4.0,2
25,2,0,3.0,9.0,4.0,1.0,1,5.0,6.5,2.0,6.0,5.0,5.0,6.0,3.0,5.0,5.0,5.0,4.0,0
22,1,2,5.0,10.0,4.0,1.0,1,2.0,7.2,2.0,4.0,4.0,3.0,4.0,3.0,7.0,7.0,6.0,4.0,2
26,0,2,5.0,7.0,1.0,3.0,2,5.0,7.4,1.0,6.0,4.0,5.0,6.0,5.0,7.0,6.0,5.0,5.0,2
22,0,1,4.0,6.0,2.0,2.0,2,2.0,7.25,2.0,8.0,5.0,4.0,5.0,4.0,7.0,7.0,6.0,5.0,2
22,1,0,2.0,4.0,5.0,0.0,3,1.0,5.23,3.0,4.0,5.0,5.0,4.0,4.0,4.0,1.0,6.0,1.0,0
19,1,2,3.0,7.0,1.0,2.0,1,3.0,8.33,0.0,7.0,4.0,3.0,7.0,5.0,8.0,6.0,6.0,6.0,2
20,0,2,4.0,8.0,4.0,2.0,2,4.0,8.27,3.0,8.0,5.0,5.0,6.0,2.0,9.0,6.0,6.0,5.0,2
26,0,0,2.0,6.0,4.0,2.0,1,4.0,7.29,0.0,5.0,6.0,5.0,5.0,5.0,8.0,6.0,4.0,5.0,2
24,1,1,4.0,7.0,4.0,1.0,3,1.0,7.36,2.0,6.0,7.0,5.0,3.0,4.0,6.0,3.0,4.0,3.0,0
18,1,1,6.0,10.0,4.0,1.0,3,5.0,5.05,2.0,6.0,5.0,4.0,5.0,4.0,6.0,4.0,6.0,3.0,0
20,1,1,5.0,8.0,3.0,1.0,0,1.0,6.35,2.0,11.0,6.0,4.0,5.0,6.0,6.0,6.0,6.0,4.0,2
19,0,2,2.0,5.0,3.0,0.0,2,4.0,4.92,1.0,6.0,5.0,5.0,3.0,2.0,4.0,4.0,5.0,2.0,0
18,1,2,8.0,11.0,2.0,3.0,3,1.0,9.84,1.0,6.0,6.0,4.0,5.0,5.0,10.0,5.0,7.0,5.0,2
26,1,2,3.0,8.0,3.0,1.0,2,3.0,7.0,2.0,6.0,5.0,4.0,5.0,3.0,7.0,7.0,6.0,5.0,2
25,1,1,4.0,8.0,4.0,1.0,2,3.0,7.49,2.0,8.0,3.0,2.0,8.0,6.0,8.0,7.0,5.0,6.0,2
22,0,2,3.0,5.0,1.0,1.0,1,3.0,6.4,2.0,6.0,3.0,5.0,7.0,3.0,7.0,4.0,5.0,5.0,2
19,0,2,4.0,6.0,3.0,4.0,2,4.0,3.04,0.0,6.0,5.0,7.0,4.0,4.0,4.0,4.0,9.0,1.0,0
18,0,1,6.0,10.0,2.0,0.0,1,4.0,5.34,2.0,4.0,4.0,6.0,4.0,7.0,5.0,5.0,6.0,3.0,0
24,1,1,2.0,5.0,4.0,0.0,1,4.0,5.03,1.0,1.0,5.0,5.0,4.0,5.0,6.0,4.0,5.0,3.0,0
19,1,0,3.0,7.0,2.0,2.0,1,0.0,6.76,1.0,3.0,3.0,4.0,6.0,4.0,7.0,5.0,6.0,4.0,2
18,1,1,4.0,7.0,6.0,0.0,4,3.0,5.84,2.0,8.0,7.0,6.0,4.0,4.0,5.0,6.0,4.0,3.0,0
19,1,1,1.0,5.0,5.0,1.0,2,5.0,7.96,1.0,5.0,4.0,5.0,4.0,2.0,8.0,5.0,6.0,4.0,2
24,0,1,5.0,7.0,2.0,1.0,3,2.0,5.72,0.0,5.0,5.0,5.0,4.0,5.0,5.0,5.0,5.0,3.0,0
24,1,1,3.0,6.0,2.0,1.0,2,5.0,6.77,1.0,7.0,3.0,3.0,8.0,3.0,7.0,7.0,2.0,6.0,2
23,1,1,4.0,7.0,5.0,1.0,0,4.0,5.62,2.0,7.0,4.0,5.0,5.0,4.0,4.0,5.0,4.0,3.0,0
22,0,2,2.0,5.0,3.0,2.0,2,2.0,7.9,1.0,8.0,6.0,5.0,5.0,5.0,8.0,6.0,6.0,5.0,2
20,0,1,2.0,5.0,2.0,0.0,4,3.0,7.34,3.0,6.0,6.0,5.0,6.0,2.0,8.0,6.0,5.0,5.0,2
20,0,2,4.0,8.0,2.0,2.0,0,0.0,5.39,3.0,7.0,7.0,5.0,5.0,4.0,6.0,2.0,7.0,2.0,0
26,0,1,6.0,9.0,4.0,1.0,0,3.0,6.47,3.0,5.0,6.0,6.0,5.0,6.0,7.0,4.0,7.0,3.0,0
21,0,0,3.0,7.0,3.0,4.0,1,2.0,5.61,3.0,8.0,4.0,4.0,6.0,4.0,5.0,5.0,6.0,4.0,0
26,0,1,5.0,7.0,2.0,3.0,3,1.0,8.21,0.0,8.0,3.0,4.0,6.0,4.0,7.0,4.0,7.0,4.0,2
21,0,2,6.0,7.0,3.0,1.0,0,5.0,5.67,2.0,7.0,7.0,5.0,5.0,5.0,5.0,8.0,7.0,4.0,0
19,1,1,5.0,9.0,3.0,3.0,4,2.0,7.47,2.0,7.0,5.0,4.0,5.0,4.0,7.0,5.0,7.0,4.0,0
21,1,1,4.0,6.0,4.0,0.0,3,6.0,6.85,2.0,10.0,7.0,7.0,4.0,6.0,6.0,4.0,5.0,3.0,0
23,2,1,4.0,6.0,2.0,0.0,2,0.0,5.79,3.0,9.0,6.0,7.0,5.0,5.0,6.0,3.0,7.0,2.0,0
23,2,1,6.0,8.0,2.0,4.0,4,0.0,8.42,0.0,8.0,4.0,3.0,7.0,5.0,9.0,5.0,4.0,6.0,2
22,0,1,5.0,8.0,2.0,1.0,3,4.0,6.25,2.0,10.0,5.0,5.0,6.0,4.0,6.0,5.0,4.0,4.0,2
18,0,2,4.0,7.0,4.0,3.0,4,4.0,4.91,0.0,5.0,7.0,6.0,4.0,5.0,5.0,4.0,7.0,2.0,0
20,1,1,2.0,5.0,1.0,1.0,0,6.0,6.57,2.0,4.0,3.0,5.0,5.0,4.0,6.0,6.0,3.0,5.0,2
22,0,1,7.0,8.0,4.0,2.0,1,2.0,5.75,0.0,7.0,5.0,5.0,4.0,4.0,6.0,3.0,7.0,3.0,0
23,2,1,4.0,7.0,3.0,1.0,1,3.0,8.8,2.0,6.0,5.0,3.0,6.0,6.0,8.0,8.0,5.0,6.0,2
18,0,1,3.0,5.0,4.0,0.0,3,5.0,7.48,4.0,5.0,4.0,3.0,7.0,3.0,9.0,6.0,4.0,6.0,2
26,1,1,5.0,7.0,2.0,3.0,1,3.0,7.95,2.0,5.0,3.0,2.0,6.0,5.0,8.0,6.0,5.0,5.0,2
20,1,1,1.0,5.0,3.0,4.0,0,4.0,4.8,2.0,8.0,2.0,4.0,7.0,2.0,6.0,5.0,5.0,4.0,2
20,0,2,5.0,8.0,2.0,0.0,4,0.0,8.44,1.0,5.0,7.0,7.0,3.0,5.0,7.0,4.0,6.0,2.0,0
19,1,1,5.0,10.0,6.0,2.0,1,5.0,6.21,2.0,7.0,7.0,7.0,4.0,5.0,5.0,5.0,8.0,2.0,0
25,1,2,5.0,8.0,3.0,1.0,0,7.0,5.44,2.0,8.0,5.0,6.0,7.0,5.0,6.0,7.0,5.0,5.0,2
20,0,1,5.0,9.0,2.0,3.0,4,2.0,7.25,1.0,7.0,4.0,4.0,6.0,4.0,7.0,3.0,6.0,4.0,0
23,1,1,4.0,8.0,1.0,2.0,0,7.0,6.09,1.0,7.0,5.0,4.0,4.0,4.0,5.0,7.0,6.0,4.0,0
19,0,0,5.0,9.0,3.0,2.0,3,5.0,5.89,2.0,7.0,6.0,5.0,5.0,6.0,5.0,6.0,6.0,4.0,0
24,0,1,5.0,9.0,2.0,0.0,4,5.0,7.97,1.0,7.0,6.0,6.0,5.0,6.0,9.0,6.0,7.0,5.0,2
21,0,1,6.0,9.0,2.0,2.0,4,3.0,4.68,3.0,8.0,2.0,4.0,5.0,4.0,4.0,5.0,5.0,3.0,0
26,0,2,4.0,4.0,4.0,1.0,0,3.0,5.77,1.0,5.0,7.0,5.0,4.0,5.0,5.0,6.0,3.0,4.0,0
26,0,2,5.0,6.0,3.0,0.0,1,4.0,7.0,1.0,7.0,5.0,5.0,6.0,4.0,9.0,5.0,4.0,5.0,2
24,0,1,3.0,6.0,3.0,2.0,3,3.0,7.17,2.0,5.0,4.0,3.0,6.0,5.0,6.0,6.0,5.0,5.0,2
25,0,1,4.0,8.0,3.0,1.0,1,0.0,4.7,2.0,4.0,3.0,5.0,6.0,5.0,5.0,1.0,8.0,2.0,0
20,2,1,4.0,6.0,3.0,3.0,2,3.0,7.32,2.0,3.0,5.0,5.0,5.0,6.0,7.0,7.0,4.0,5.0,2
22,1,2,3.0,6.0,4.0,1.0,3,6.0,7.16,1.0,2.0,7.0,3.0,5.0,3.0,8.0,7.0,5.0,5.0,2
19,2,2,5.0,8.0,1.0,3.0,3,4.0,5.32,3.0,5.0,5.0,5.0,6.0,7.0,6.0,5.0,5.0,4.0,2
24,1,2,1.0,4.0,1.0,3.0,0,1.0,3.96,0.0,1.0,4.0,4.0,6.0,2.0,6.0,3.0,4.0,3.0,0
25,1,0,2.0,5.0,2.0,2.0,0,2.0,5.09,3.0,7.0,5.0,5.0,5.0,2.0,5.0,2.0,6.0,2.0,0
26,1,1,5.0,6.0,3.0,0.0,3,5.0,7.63,0.0,4.0,6.0,5.0,5.0,5.0,8.0,6.0,7.0,5.0,2
24,0,1,3.0,8.0,4.0,1.0,3,4.0,6.37,2.0,7.0,5.0,7.0,4.0,3.0,6.0,5.0,7.0,3.0,0
25,1,0,5.0,7.0,1.0,0.0,4,5.0,5.52,1.0,7.0,4.0,5.0,6.0,4.0,4.0,5.0,6.0,3.0,0
26,0,1,7.0,11.0,4.0,0.0,1,4.0,7.56,1.0,7.0,5.0,4.0,7.0,5.0,7.0,7.0,6.0,5.0,2
23,0,1,1.0,4.0,6.0,0.0,0,5.0,5.83,4.0,4.0,5.0,6.0,4.0,3.0,4.0,5.0,5.0,3.0,0
19,1,1,4.0,7.0,3.0,0.0,4,4.0,7.7,1.0,6.0,6.0,5.0,4.0,6.0,7.0,5.0,5.0,4.0,0
19,0,0,7.0,10.0,2.0,1.0,2,3.0,6.57,0.0,9.0,4.0,4.0,6.0,6.0,8.0,5.0,4.0,5.0,2
21,1,2,4.0,6.0,4.0,2.0,3,4.0,4.53,1.0,6.0,5.0,7.0,5.0,5.0,5.0,6.0,8.0,3.0,0
26,0,1,4.0,7.0,4.0,2.0,0,0.0,7.37,3.0,5.0,5.0,5.0,4.0,5.0,7.0,3.0,7.0,3.0,0
24,0,1,3.0,6.0,3.0,2.0,3,2.0,6.72,2.0,5.0,6.0,5.0,6.0,3.0,6.0,5.0,7.0,4.0,0
19,1,1,3.0,6.0,2.0,1.0,4,4.0,7.12,2.0,6.0,4.0,3.0,4.0,2.0,8.0,5.0,2.0,5.0,2
25,2,1,1.0,4.0,3.0,0.0,3,0.0,6.04,1.0,8.0,4.0,3.0,7.0,3.0,7.0,5.0,5.0,5.0,2
24,0,0,3.0,7.0,4.0,2.0,3,5.0,5.47,0.0,5.0,5.0,5.0,5.0,4.0,6.0,4.0,4.0,3.0,0
26,0,2,4.0,8.0,4.0,0.0,4,3.0,7.67,1.0,6.0,5.0,6.0,4.0,5.0,9.0,5.0,7.0,4.0,2
25,0,0,4.0,9.0,3.0,1.0,1,2.0,7.06,1.0,10.0,4.0,4.0,6.0,5.0,6.0,4.0,7.0,4.0,0
20,0,1,5.0,9.0,4.0,3.0,4,3.0,6.22,1.0,6.0,5.0,6.0,4.0,4.0,7.0,6.0,5.0,4.0,0
18,1,2,5.0,8.0,2.0,0.0,3,1.0,6.73,2.0,4.0,7.0,5.0,5.0,6.0,8.0,6.0,6.0,5.0,2
19,1,1,4.0,6.0,5.0,1.0,1,4.0,5.67,2.0,6.0,7.0,6.0,5.0,5.0,4.0,4.0,6.0,2.0,0
19,0,2,4.0,7.0,2.0,1.0,4,5.0,6.88,1.0,4.0,4.0,3.0,4.0,5.0,7.0,6.0,3.0,4.0,2
21,0,0,4.0,6.0,4.0,3.0,4,3.0,7.7,2.0,7.0,5.0,5.0,6.0,3.0,9.0,5.0,6.0,5.0,2
23,1,0,3.0,6.0,3.0,1.0,0,6.0,9.72,1.0,9.0,5.0,4.0,5.0,3.0,9.0,7.0,4.0,6.0,2
21,2,1,5.0,9.0,3.0,4.0,4,4.0,6.61,1.0,1.0,4.0,4.0,6.0,4.0,7.0,6.0,5.0,5.0,2
26,1,1,4.0,7.0,3.0,2.0,3,4.0,7.65,3.0,5.0,4.0,4.0,5.0,3.0,6.0,6.0,5.0,4.0,2
21,1,2,4.0,8.0,2.0,2.0,0,4.0,7.34,0.0,5.0,4.0,3.0,7.0,4.0,7.0,6.0,3.0,6.0,2
23,1,1,8.0,11.0,2.0,1.0,1,2.0,7.0,3.0,5.0,7.0,5.0,5.0,5.0,6.0,4.0,7.0,3.0,0
23,0,1,5.0,9.0,2.0,0.0,0,3.0,6.07,3.0,8.0,5.0,6.0,4.0,6.0,5.0,5.0,6.0,3.0,0
18,2,1,4.0,8.0,3.0,3.0,2,3.0,5.58,0.0,6.0,5.0,5.0,5.0,5.0,5.0,5.0,6.0,3.0,0
25,1,1,2.0,4.0,3.0,0.0,1,3.0,5.96,1.0,4.0,4.0,5.0,4.0,2.0,5.0,6.0,6.0,3.0,0
20,0,1,6.0,8.0,2.0,4.0,2,2.0,6.37,1.0,3.0,6.0,6.0,4.0,6.0,7.0,4.0,7.0,3.0,0
23,1,1,0.0,5.0,0.0,3.0,3,2.0,5.99,0.0,6.0,3.0,3.0,7.0,3.0,6.0,7.0,4.0,5.0,2
20,0,1,3.0,6.0,3.0,0.0,1,0.0,5.02,2.0,10.0,3.0,6.0,4.0,6.0,5.0,4.0,7.0,2.0,0
19,1,1,1.0,6.0,3.0,2.0,1,1.0,7.26,1.0,4.0,5.0,5.0,5.0,2.0,8.0,4.0,5.0,4.0,2
22,0,2,3.0,8.0,4.0,0.0,0,2.0,5.37,0.0,6.0,5.0,6.0,5.0,4.0,6.0,5.0,8.0,3.0,0
18,0,2,3.0,6.0,3.0,4.0,2,1.0,7.66,1.0,7.0,4.0,4.0,5.0,3.0,6.0,6.0,4.0,4.0,2
26,0,1,4.0,7.0,3.0,6.0,2,4.0,6.01,1.0,6.0,5.0,4.0,6.0,2.0,7.0,6.0,6.0,5.0,2
24,1,2,4.0,7.0,4.0,0.0,0,5.0,5.01,1.0,4.0,6.0,7.0,4.0,4.0,7.0,3.0,6.0,2.0,0
20,1,2,5.0,10.0,5.0,0.0,0,2.0,5.2,0.0,5.0,5.0,6.0,6.0,5.0,6.0,3.0,7.0,3.0,0
21,0,1,5.0,8.0,3.0,3.0,0,5.0,6.61,2.0,10.0,5.0,3.0,5.0,4.0,7.0,7.0,5.0,5.0,2
23,0,1,5.0,8.0,2.0,2.0,0,5.0,6.51,1.0,1.0,6.0,4.0,5.0,5.0,7.0,7.0,4.0,5.0,2
20,2,1,2.0,6.0,5.0,0.0,4,1.0,5.12,2.0,2.0,5.0,4.0,5.0,3.0,5.0,2.0,6.0,2.0,0
24,0,1,4.0,6.0,0.0,1.0,0,3.0,5.82,2.0,7.0,5.0,6.0,4.0,2.0,5.0,5.0,5.0,3.0,0
23,2,2,5.0,8.0,2.0,2.0,0,1.0,7.27,1.0,7.0,6.0,6.0,5.0,5.0,7.0,5.0,6.0,3.0,0
26,1,1,4.0,5.0,2.0,1.0,0,0.0,6.88,3.0,7.0,5.0,6.0,3.0,6.0,6.0,3.0,5.0,2.0,0
22,1,1,3.0,8.0,4.0,1.0,4,4.0,6.02,1.0,5.0,4.0,4.0,5.0,4.0,6.0,6.0,7.0,4.0,0
21,1,2,3.0,7.0,3.0,0.0,3,1.0,8.12,4.0,7.0,4.0,2.0,6.0,4.0,8.0,6.0,3.0,6.0,2
20,1,2,7.0,10.0,2.0,4.0,3,0.0,3.86,1.0,4.0,5.0,6.0,4.0,7.0,4.0,3.0,9.0,1.0,0
18,0,1,5.0,7.0,6.0,2.0,0,3.0,5.25,1.0,7.0,7.0,6.0,4.0,3.0,5.0,3.0,5.0,2.0,0
20,0,2,1.0,3.0,3.0,4.0,1,2.0,5.43,2.0,6.0,5.0,5.0,6.0,3.0,5.0,5.0,5.0,4.0,0
20,1,1,2.0,6.0,2.0,1.0,4,2.0,7.9,1.0,7.0,5.0,5.0,5.0,2.0,8.0,7.0,5.0,5.0,2
24,0,1,1.0,3.0,2.0,1.0,0,4.0,7.39,2.0,10.0,3.0,3.0,6.0,2.0,7.0,5.0,3.0,5.0,2
24,0,2,2.0,4.0,2.0,2.0,4,5.0,9.45,1.0,4.0,3.0,2.0,5.0,2.0,10.0,8.0,2.0,7.0,2
18,0,1,2.0,4.0,3.0,0.0,4,3.0,7.16,2.0,8.0,6.0,4.0,4.0,2.0,7.0,5.0,4.0,4.0,2
20,1,1,6.0,9.0,2.0,3.0,3,4.0,6.47,1.0,6.0,6.0,5.0,4.0,7.0,5.0,4.0,6.0,3.0,0
25,0,2,5.0,8.0,2.0,0.0,2,3.0,9.1,2.0,9.0,5.0,4.0,6.0,5.0,10.0,6.0,5.0,6.0,2
26,1,2,3.0,8.0,3.0,2.0,2,2.0,5.37,0.0,6.0,6.0,6.0,5.0,4.0,6.0,3.0,6.0,3.0,0
24,2,2,3.0,5.0,3.0,2.0,2,4.0,5.59,1.0,5.0,4.0,5.0,6.0,4.0,7.0,5.0,4.0,4.0,2
24,2,1,3.0,7.0,3.0,2.0,0,2.0,4.88,2.0,6.0,6.0,4.0,7.0,3.0,5.0,3.0,5.0,4.0,0
25,1,2,3.0,5.0,3.0,3.0,2,3.0,7.4,2.0,2.0,6.0,5.0,4.0,2.0,9.0,6.0,5.0,5.0,2
23,1,2,4.0,6.0,3.0,0.0,0,0.0,6.66,0.0,6.0,5.0,7.0,4.0,5.0,7.0,5.0,5.0,4.0,0
20,0,0,3.0,6.0,2.0,0.0,1,0.0,6.35,2.0,9.0,5.0,5.0,6.0,2.0,6.0,5.0,6.0,4.0,0
18,0,0,4.0,8.0,3.0,2.0,3,3.0,6.63,2.0,6.0,6.0,5.0,6.0,4.0,7.0,6.0,6.0,4.0,2
24,1,1,2.0,5.0,4.0,2.0,1,5.0,6.55,0.0,4.0,4.0,6.0,6.0,2.0,6.0,5.0,5.0,4.0,0
18,2,1,4.0,6.0,4.0,1.0,0,3.0,4.61,2.0,7.0,5.0,5.0,6.0,4.0,5.0,4.0,5.0,4.0,0
18,1,1,4.0,8.0,3.0,1.0,1,3.0,8.25,1.0,6.0,4.0,2.0,4.0,4.0,9.0,8.0,6.0,5.0,2
26,1,1,2.0,6.0,0.0,0.0,2,5.0,5.76,4.0,5.0,4.0,6.0,4.0,3.0,4.0,3.0,6.0,2.0,0
24,0,2,3.0,7.0,5.0,3.0,1,3.0,7.06,1.0,6.0,5.0,5.0,7.0,4.0,9.0,5.0,5.0,5.0,2
21,1,2,4.0,8.0,2.0,3.0,4,4.0,5.66,3.0,8.0,4.0,5.0,6.0,3.0,5.0,6.0,4.0,4.0,2
23,1,2,5.0,7.0,3.0,2.0,4,3.0,5.96,3.0,8.0,7.0,5.0,3.0,4.0,5.0,5.0,5.0,3.0,0
18,0,1,6.0,9.0,4.0,0.0,3,3.0,6.11,1.0,7.0,8.0,6.0,6.0,4.0,6.0,4.0,8.0,3.0,0
24,1,1,4.0,7.0,4.0,2.0,1,0.0,6.61,2.0,2.0,5.0,5.0,5.0,1.0,8.0,4.0,6.0,4.0,0
23,0,1,4.0,7.0,6.0,2.0,0,6.0,7.65,3.0,9.0,7.0,5.0,5.0,4.0,8.0,6.0,7.0,4.0,2
21,2,2,4.0,7.0,3.0,0.0,3,4.0,5.9,3.0,9.0,6.0,5.0,6.0,5.0,7.0,5.0,5.0,4.0,2
24,0,2,6.0,9.0,4.0,4.0,2,0.0,6.01,1.0,4.0,5.0,5.0,6.0,5.0,5.0,5.0,9.0,3.0,0
20,1,2,6.0,10.0,3.0,4.0,2,3.0,5.93,3.0,7.0,6.0,8.0,2.0,8.0,6.0,3.0,9.0,1.0,0
18,1,1,5.0,7.0,4.0,2.0,4,6.0,5.65,2.0,4.0,6.0,5.0,7.0,5.0,5.0,7.0,4.0,5.0,2
21,0,0,5.0,9.0,4.0,0.0,3,2.0,6.96,1.0,4.0,7.0,4.0,6.0,5.0,7.0,7.0,5.0,5.0,2
20,0,1,5.0,8.0,5.0,2.0,2,5.0,8.1,1.0,5.0,4.0,4.0,6.0,5.0,8.0,7.0,4.0,6.0,2
18,0,1,4.0,7.0,2.0,2.0,1,7.0,7.03,3.0,6.0,5.0,6.0,4.0,5.0,7.0,7.0,4.0,4.0,2
19,0,1,3.0,6.0,3.0,5.0,3,3.0,6.29,3.0,6.0,6.0,5.0,4.0,4.0,6.0,3.0,4.0,3.0,0
22,1,1,3.0,7.0,4.0,2.0,1,1.0,8.62,3.0,2.0,5.0,3.0,5.0,4.0,9.0,6.0,5.0,6.0,2
25,0,0,4.0,8.0,3.0,0.0,1,1.0,5.68,2.0,6.0,4.0,6.0,3.0,7.0,5.0,2.0,7.0,1.0,0
18,0,2,3.0,6.0,4.0,1.0,1,5.0,6.66,1.0,6.0,5.0,6.0,3.0,4.0,7.0,4.0,4.0,3.0,0
21,2,1,2.0,4.0,3.0,1.0,3,3.0,8.33,2.0,7.0,6.0,3.0,8.0,3.0,8.0,8.0,5.0,7.0,2
21,1,1,4.0,6.0,3.0,2.0,3,2.0,4.99,0.0,7.0,4.0,6.0,5.0,6.0,6.0,2.0,6.0,3.0,0
22,0,1,2.0,6.0,1.0,1.0,4,3.0,6.27,2.0,10.0,3.0,5.0,4.0,3.0,5.0,4.0,5.0,2.0,0
24,1,1,7.0,10.0,2.0,1.0,3,3.0,7.02,3.0,5.0,4.0,4.0,6.0,6.0,7.0,4.0,6.0,4.0,2
25,0,2,3.0,7.0,3.0,0.0,0,6.0,6.86,2.0,7.0,6.0,5.0,6.0,3.0,8.0,6.0,4.0,5.0,2
23,1,1,4.0,7.0,3.0,0.0,3,5.0,6.03,3.0,3.0,8.0,6.0,4.0,4.0,6.0,6.0,6.0,3.0,0
18,2,1,6.0,8.0,3.0,1.0,4,2.0,8.51,2.0,7.0,5.0,4.0,8.0,6.0,8.0,4.0,6.0,5.0,2
24,0,1,8.0,11.0,3.0,1.0,3,4.0,5.96,0.0,6.0,5.0,4.0,6.0,8.0,7.0,5.0,7.0,4.0,2
20,0,1,4.0,7.0,6.0,4.0,0,2.0,5.65,2.0,3.0,7.0,5.0,6.0,5.0,5.0,4.0,6.0,3.0,0
23,2,1,3.0,7.0,3.0,2.0,3,2.0,6.32,2.0,8.0,4.0,5.0,6.0,3.0,7.0,2.0,7.0,3.0,0
25,1,2,5.0,8.0,2.0,0.0,4,4.0,5.2,2.0,4.0,6.0,7.0,4.0,5.0,5.0,4.0,7.0,2.0,0
24,0,0,4.0,6.0,2.0,2.0,0,2.0,4.54,2.0,5.0,5.0,6.0,4.0,4.0,3.0,1.0,8.0,1.0,0
23,0,1,4.0,5.0,4.0,0.0,4,4.0,7.45,2.0,6.0,5.0,5.0,6.0,5.0,7.0,6.0,5.0,5.0,2
26,0,1,4.0,8.0,3.0,0.0,2,1.0,6.57,1.0,8.0,6.0,6.0,3.0,4.0,7.0,5.0,7.0,3.0,0
26,0,1,5.0,8.0,2.0,0.0,1,5.0,5.95,1.0,3.0,4.0,3.0,6.0,5.0,5.0,8.0,5.0,5.0,2
18,1,1,7.0,9.0,1.0,1.0,4,3.0,7.77,0.0,7.0,4.0,2.0,8.0,6.0,8.0,6.0,5.0,6.0,2
18,0,1,2.0,5.0,3.0,3.0,2,1.0,6.71,1.0,5.0,4.0,5.0,4.0,3.0,6.0,5.0,6.0,3.0,0
18,1,0,7.0,9.0,5.0,2.0,3,4.0,6.19,1.0,6.0,6.0,5.0,3.0,7.0,6.0,5.0,6.0,3.0,0
25,0,2,4.0,9.0,4.0,2.0,0,5.0,5.53,1.0,5.0,5.0,3.0,5.0,5.0,7.0,7.0,6.0,5.0,2
24,1,1,5.0,7.0,2.0,3.0,4,3.0,6.09,2.0,5.0,6.0,5.0,5.0,6.0,6.0,5.0,6.0,4.0,0
20,1,1,4.0,7.0,4.0,3.0,0,4.0,6.22,1.0,7.0,6.0,6.0,3.0,6.0,7.0,4.0,6.0,3.0,0
19,1,1,4.0,7.0,1.0,1.0,2,2.0,7.63,3.0,8.0,4.0,6.0,5.0,4.0,7.0,5.0,6.0,4.0,0
21,1,1,4.0,7.0,3.0,0.0,4,0.0,5.76,0.0,6.0,3.0,2.0,4.0,3.0,4.0,3.0,4.0,3.0,0
20,0,2,3.0,6.0,3.0,3.0,3,4.0,6.77,1.0,4.0,6.0,3.0,7.0,4.0,7.0,7.0,4.0,6.0,2
24,1,1,6.0,9.0,1.0,3.0,3,3.0,6.33,2.0,5.0,5.0,3.0,5.0,6.0,7.0,6.0,4.0,5.0,2
25,1,1,5.0,8.0,2.0,2.0,3,4.0,5.78,2.0,3.0,5.0,5.0,4.0,4.0,6.0,2.0,6.0,2.0,0
23,0,2,5.0,7.0,2.0,3.0,1,2.0,6.84,1.0,9.0,5.0,6.0,7.0,5.0,7.0,4.0,7.0,4.0,0
20,0,2,4.0,6.0,3.0,2.0,3,3.0,6.91,2.0,6.0,6.0,3.0,6.0,5.0,8.0,7.0,3.0,6.0,2
23,0,1,2.0,5.0,3.0,4.0,1,3.0,5.78,3.0,7.0,4.0,6.0,3.0,3.0,4.0,5.0,6.0,2.0,0
19,2,1,5.0,10.0,2.0,1.0,4,4.0,5.93,2.0,7.0,5.0,7.0,5.0,4.0,7.0,5.0,9.0,3.0,0
24,1,1,5.0,7.0,4.0,3.0,4,1.0,5.55,2.0,5.0,5.0,3.0,5.0,4.0,4.0,5.0,5.0,3.0,0
24,1,1,5.0,7.0,3.0,1.0,2,4.0,7.77,4.0,7.0,4.0,4.0,6.0,5.0,8.0,7.0,5.0,5.0,2
21,1,1,4.0,8.0,5.0,0.0,2,2.0,8.19,4.0,11.0,7.0,4.0,5.0,4.0,8.0,5.0,7.0,4.0,2
25,2,2,4.0,8.0,1.0,1.0,0,1.0,6.14,2.0,5.0,4.0,4.0,6.0,5.0,6.0,5.0,6.0,4.0,2
21,0,2,6.0,12.0,5.0,2.0,4,2.0,7.36,2.0,3.0,7.0,7.0,4.0,5.0,7.0,5.0,10.0,2.0,0
24,1,2,5.0,9.0,2.0,4.0,0,2.0,5.59,2.0,8.0,3.0,6.0,3.0,5.0,6.0,4.0,6.0,2.0,0
21,1,1,4.0,7.0,5.0,2.0,2,4.0,6.2,2.0,7.0,7.0,5.0,4.0,3.0,6.0,4.0,4.0,3.0,0
22,0,2,2.0,6.0,4.0,1.0,0,3.0,7.42,2.0,6.0,4.0,3.0,6.0,3.0,9.0,6.0,4.0,6.0,2
24,1,2,1.0,5.0,1.0,2.0,2,5.0,5.92,2.0,8.0,4.0,6.0,4.0,3.0,4.0,5.0,4.0,3.0,0
20,0,1,7.0,10.0,3.0,0.0,1,2.0,6.09,0.0,7.0,5.0,6.0,4.0,7.0,6.0,4.0,7.0,3.0,0
22,2,1,5.0,8.0,5.0,2.0,2,4.0,5.34,1.0,7.0,6.0,6.0,5.0,6.0,5.0,6.0,6.0,3.0,0
20,0,1,6.0,7.0,2.0,0.0,4,2.0,5.97,1.0,6.0,6.0,6.0,4.0,8.0,6.0,4.0,5.0,3.0,0
22,2,1,2.0,3.0,4.0,0.0,4,2.0,7.15,1.0,7.0,5.0,4.0,5.0,2.0,8.0,5.0,4.0,4.0,2
20,1,2,5.0,8.0,4.0,0.0,1,2.0,7.16,2.0,7.0,8.0,6.0,5.0,6.0,7.0,4.0,7.0,3.0,0
24,0,1,4.0,7.0,5.0,2.0,1,2.0,5.78,2.0,8.0,7.0,5.0,5.0,4.0,5.0,5.0,6.0,3.0,0
18,0,2,4.0,8.0,4.0,1.0,2,4.0,5.2,1.0,5.0,7.0,6.0,5.0,4.0,6.0,3.0,7.0,3.0,0
26,0,1,5.0,7.0,2.0,0.0,4,4.0,7.24,1.0,7.0,4.0,5.0,5.0,5.0,6.0,5.0,5.0,4.0,0
26,0,0,4.0,6.0,4.0,3.0,2,2.0,4.41,1.0,7.0,6.0,7.0,4.0,4.0,5.0,2.0,6.0,2.0,0
22,0,2,4.0,9.0,4.0,0.0,2,1.0,7.56,0.0,7.0,6.0,5.0,4.0,6.0,7.0,5.0,6.0,3.0,0
26,0,0,3.0,5.0,4.0,2.0,1,4.0,8.37,1.0,8.0,4.0,4.0,6.0,3.0,9.0,6.0,4.0,6.0,2
23,1,1,5.0,7.0,0.0,2.0,2,4.0,7.79,1.0,4.0,4.0,2.0,6.0,5.0,8.0,5.0,6.0,5.0,2
22,1,0,3.0,5.0,3.0,1.0,2,5.0,7.12,1.0,7.0,5.0,6.0,3.0,4.0,7.0,7.0,7.0,3.0,0
20,1,1,3.0,7.0,4.0,1.0,1,2.0,6.84,1.0,10.0,6.0,5.0,4.0,5.0,6.0,4.0,6.0,3.0,0
25,2,2,4.0,8.0,5.0,3.0,1,3.0,6.11,3.0,6.0,5.0,5.0,6.0,5.0,8.0,4.0,4.0,4.0,2
21,2,1,2.0,5.0,1.0,0.0,3,3.0,5.83,3.0,3.0,5.0,5.0,6.0,3.0,6.0,4.0,7.0,3.0,0
20,1,2,6.0,9.0,2.0,4.0,2,5.0,6.21,2.0,8.0,5.0,5.0,4.0,7.0,5.0,5.0,6.0,3.0,0
23,1,0,6.0,9.0,3.0,1.0,3,4.0,5.01,4.0,10.0,5.0,5.0,5.0,6.0,4.0,5.0,6.0,3.0,0
25,2,2,3.0,5.0,6.0,2.0,1,3.0,4.25,0.0,8.0,5.0,6.0,5.0,4.0,2.0,4.0,7.0,2.0,0
26,1,2,4.0,7.0,4.0,0.0,4,3.0,5.57,0.0,4.0,5.0,5.0,6.0,4.0,6.0,5.0,6.0,4.0,0
23,1,1,4.0,7.0,2.0,5.0,3,3.0,6.27,0.0,3.0,3.0,4.0,6.0,5.0,5.0,6.0,4.0,4.0,2
22,1,1,1.0,4.0,3.0,0.0,0,0.0,5.52,2.0,7.0,4.0,6.0,4.0,2.0,4.0,3.0,8.0,2.0,0
19,1,1,2.0,5.0,4.0,2.0,0,2.0,6.29,2.0,5.0,5.0,4.0,5.0,3.0,6.0,4.0,5.0,4.0,0
19,0,1,5.0,9.0,3.0,3.0,3,2.0,6.73,2.0,1.0,4.0,4.0,5.0,4.0,8.0,5.0,6.0,4.0,2
26,1,2,5.0,8.0,3.0,3.0,0,1.0,8.34,0.0,4.0,5.0,3.0,5.0,6.0,8.0,7.0,7.0,5.0,2
19,0,2,3.0,6.0,2.0,3.0,4,4.0,6.26,2.0,6.0,4.0,4.0,6.0,4.0,6.0,5.0,5.0,4.0,2
19,2,0,3.0,7.0,3.0,1.0,2,1.0,6.39,2.0,4.0,5.0,2.0,5.0,5.0,6.0,6.0,6.0,4.0,2
20,1,1,5.0,7.0,3.0,5.0,4,3.0,5.32,1.0,9.0,6.0,6.0,5.0,5.0,5.0,5.0,8.0,3.0,0
20,1,1,1.0,3.0,4.0,1.0,0,3.0,6.51,1.0,8.0,5.0,5.0,5.0,2.0,7.0,5.0,4.0,4.0,2
21,0,1,7.0,10.0,1.0,2.0,2,2.0,7.22,1.0,5.0,5.0,4.0,6.0,8.0,7.0,4.0,6.0,4.0,0
24,0,2,5.0,9.0,3.0,1.0,0,3.0,7.35,0.0,5.0,6.0,6.0,4.0,4.0,7.0,6.0,8.0,4.0,0
26,1,1,3.0,6.0,5.0,1.0,3,6.0,6.36,1.0,4.0,4.0,5.0,6.0,3.0,6.0,8.0,4.0,5.0,2
19,1,2,5.0,9.0,6.0,3.0,4,1.0,6.19,2.0,4.0,5.0,5.0,6.0,4.0,7.0,4.0,7.0,4.0,0
21,1,1,6.0,9.0,4.0,3.0,2,6.0,5.68,4.0,5.0,6.0,3.0,6.0,4.0,7.0,6.0,5.0,5.0,2
26,0,1,2.0,7.0,4.0,2.0,1,2.0,6.6,3.0,8.0,5.0,4.0,4.0,3.0,7.0,6.0,6.0,4.0,2
19,1,2,6.0,9.0,4.0,3.0,4,7.0,7.72,1.0,6.0,5.0,5.0,6.0,7.0,6.0,6.0,5.0,4.0,2
18,0,0,4.0,8.0,3.0,0.0,1,3.0,7.6,2.0,4.0,5.0,3.0,7.0,4.0,7.0,6.0,6.0,5.0,2
25,1,2,5.0,9.0,2.0,0.0,3,3.0,7.02,3.0,4.0,5.0,5.0,4.0,4.0,6.0,5.0,5.0,3.0,0
26,0,1,5.0,9.0,3.0,0.0,0,0.0,6.86,3.0,9.0,6.0,5.0,4.0,6.0,8.0,5.0,6.0,4.0,0
24,1,1,4.0,7.0,1.0,0.0,3,5.0,6.64,1.0,8.0,5.0,4.0,5.0,4.0,7.0,5.0,6.0,4.0,0
25,0,1,6.0,8.0,4.0,4.0,1,2.0,5.2,1.0,5.0,6.0,6.0,4.0,6.0,6.0,4.0,5.0,3.0,0
21,1,0,3.0,7.0,1.0,1.0,2,2.0,7.88,2.0,6.0,5.0,4.0,5.0,4.0,8.0,5.0,6.0,4.0,2
21,1,1,4.0,8.0,3.0,3.0,3,4.0,7.36,1.0,7.0,5.0,5.0,3.0,4.0,5.0,6.0,6.0,3.0,0
19,0,0,3.0,7.0,4.0,2.0,0,7.0,4.87,1.0,7.0,6.0,7.0,4.0,2.0,3.0,5.0,5.0,2.0,0
25,0,0,3.0,5.0,3.0,3.0,2,4.0,6.23,1.0,3.0,5.0,5.0,3.0,5.0,6.0,5.0,4.0,3.0,0
19,0,2,4.0,6.0,0.0,3.0,2,1.0,5.54,1.0,10.0,3.0,4.0,5.0,4.0,3.0,4.0,6.0,2.0,0
26,0,1,5.0,7.0,1.0,0.0,0,2.0,8.91,3.0,7.0,5.0,3.0,6.0,6.0,7.0,7.0,3.0,6.0,2
21,1,1,2.0,4.0,3.0,3.0,2,0.0,4.96,1.0,3.0,5.0,5.0,5.0,3.0,7.0,2.0,5.0,3.0,0
18,0,2,5.0,8.0,4.0,2.0,4,4.0,6.66,2.0,7.0,8.0,6.0,3.0,3.0,7.0,6.0,4.0,4.0,0
21,1,2,6.0,9.0,3.0,0.0,2,3.0,7.24,1.0,3.0,4.0,4.0,6.0,5.0,8.0,5.0,6.0,5.0,2
20,1,0,6.0,10.0,5.0,2.0,1,3.0,5.05,2.0,5.0,4.0,6.0,3.0,8.0,5.0,5.0,7.0,2.0,0
23,0,1,4.0,7.0,4.0,0.0,4,4.0,7.8,0.0,9.0,6.0,4.0,6.0,4.0,8.0,6.0,5.0,5.0,2
24,0,2,2.0,5.0,3.0,4.0,3,4.0,5.46,1.0,4.0,4.0,7.0,4.0,3.0,7.0,4.0,9.0,2.0,0
25,0,1,5.0,10.0,3.0,3.0,2,2.0,5.4,2.0,3.0,4.0,7.0,4.0,4.0,6.0,4.0,8.0,2.0,0
19,0,1,5.0,7.0,2.0,2.0,0,3.0,7.34,3.0,6.0,6.0,6.0,5.0,5.0,7.0,5.0,6.0,4.0,0
23,2,2,4.0,6.0,6.0,2.0,4,0.0,6.32,1.0,7.0,6.0,6.0,4.0,3.0,7.0,3.0,6.0,3.0,0
23,1,1,4.0,6.0,4.0,0.0,2,3.0,5.17,1.0,6.0,5.0,6.0,6.0,4.0,5.0,4.0,7.0,3.0,0
22,2,1,5.0,7.0,3.0,2.0,1,3.0,5.29,2.0,11.0,5.0,5.0,4.0,3.0,3.0,4.0,6.0,2.0,0
24,0,1,5.0,9.0,3.0,1.0,2,1.0,5.15,3.0,7.0,5.0,3.0,6.0,3.0,5.0,3.0,6.0,3.0,0
20,0,1,3.0,6.0,3.0,0.0,2,0.0,5.61,2.0,5.0,6.0,5.0,4.0,5.0,6.0,4.0,6.0,3.0,0
21,0,1,4.0,8.0,1.0,0.0,4,3.0,5.71,1.0,6.0,4.0,5.0,6.0,3.0,6.0,6.0,5.0,4.0,2
26,0,1,2.0,5.0,3.0,0.0,1,2.0,8.35,1.0,9.0,4.0,2.0,6.0,3.0,9.0,4.0,5.0,5.0,2
21,0,1,4.0,8.0,3.0,5.0,2,4.0,8.67,0.0,9.0,6.0,3.0,6.0,5.0,8.0,7.0,5.0,6.0,2
20,1,0,5.0,9.0,0.0,3.0,4,1.0,6.18,1.0,4.0,3.0,3.0,5.0,5.0,6.0,5.0,5.0,4.0,0
19,2,2,2.0,6.0,5.0,3.0,0,4.0,5.19,3.0,6.0,5.0,5.0,6.0,3.0,6.0,4.0,4.0,4.0,0
22,1,2,4.0,7.0,3.0,0.0,2,3.0,8.56,1.0,8.0,6.0,3.0,6.0,3.0,8.0,8.0,5.0,6.0,2
21,1,1,3.0,7.0,3.0,0.0,3,2.0,7.32,2.0,5.0,5.0,6.0,2.0,4.0,8.0,5.0,5.0,3.0,0
25,1,1,6.0,9.0,2.0,1.0,0,3.0,7.11,0.0,5.0,5.0,4.0,4.0,5.0,7.0,6.0,7.0,4.0,0
24,1,2,2.0,6.0,5.0,1.0,2,2.0,5.7,0.0,7.0,5.0,5.0,3.0,6.0,6.0,4.0,6.0,3.0,0
23,1,1,6.0,7.0,3.0,2.0,0,1.0,6.39,2.0,4.0,6.0,7.0,4.0,7.0,6.0,5.0,9.0,2.0,0
19,1,1,6.0,10.0,2.0,5.0,3,1.0,5.51,1.0,9.0,4.0,5.0,5.0,7.0,6.0,4.0,6.0,3.0,0
20,0,1,0.0,3.0,1.0,0.0,0,6.0,5.99,1.0,8.0,6.0,6.0,6.0,2.0,6.0,6.0,5.0,4.0,2
26,0,1,5.0,9.0,2.0,0.0,2,6.0,8.74,0.0,6.0,5.0,5.0,5.0,3.0,9.0,5.0,7.0,4.0,2
26,1,2,5.0,10.0,2.0,0.0,3,2.0,8.02,2.0,6.0,5.0,6.0,5.0,6.0,8.0,4.0,8.0,3.0,0
22,1,2,2.0,3.0,2.0,2.0,1,3.0,4.75,1.0,8.0,5.0,7.0,4.0,3.0,5.0,3.0,3.0,2.0,0
20,2,0,4.0,8.0,2.0,4.0,4,6.0,6.93,2.0,6.0,5.0,3.0,5.0,4.0,7.0,6.0,4.0,5.0,2
19,1,0,3.0,7.0,3.0,3.0,4,3.0,5.53,1.0,8.0,6.0,4.0,6.0,4.0,6.0,7.0,4.0,5.0,2
25,1,2,3.0,5.0,2.0,0.0,2,5.0,5.22,2.0,9.0,4.0,6.0,4.0,3.0,4.0,6.0,6.0,3.0,0
23,1,1,3.0,4.0,4.0,4.0,4,6.0,6.22,2.0,5.0,5.0,4.0,7.0,4.0,7.0,7.0,3.0,6.0,2
24,1,1,5.0,5.0,5.0,1.0,4,3.0,5.1,3.0,5.0,5.0,5.0,5.0,5.0,5.0,4.0,4.0,3.0,0
18,0,2,4.0,8.0,2.0,0.0,2,4.0,7.61,1.0,2.0,5.0,5.0,6.0,3.0,7.0,7.0,5.0,5.0,2
18,1,1,3.0,7.0,5.0,2.0,2,5.0,7.25,1.0,5.0,6.0,7.0,3.0,4.0,7.0,6.0,7.0,3.0,0
19,0,2,2.0,5.0,2.0,1.0,0,3.0,5.6,1.0,8.0,3.0,7.0,4.0,3.0,6.0,4.0,5.0,3.0,0
20,1,1,5.0,7.0,4.0,4.0,4,5.0,9.13,2.0,6.0,6.0,3.0,6.0,5.0,9.0,8.0,4.0,6.0,2
18,0,2,7.0,10.0,4.0,0.0,0,3.0,7.9,1.0,7.0,6.0,3.0,8.0,6.0,8.0,7.0,7.0,6.0,2
22,0,2,4.0,7.0,4.0,4.0,4,7.0,5.72,2.0,11.0,3.0,6.0,4.0,3.0,5.0,7.0,5.0,3.0,0
20,1,1,4.0,8.0,2.0,0.0,4,3.0,9.64,1.0,9.0,5.0,5.0,6.0,6.0,9.0,6.0,6.0,5.0,2
18,1,2,8.0,11.0,4.0,1.0,1,4.0,6.19,1.0,6.0,5.0,3.0,8.0,8.0,4.0,3.0,5.0,4.0,0
25,1,2,5.0,9.0,2.0,1.0,4,3.0,4.99,2.0,4.0,5.0,5.0,5.0,3.0,4.0,3.0,6.0,2.0,0
23,0,2,6.0,8.0,3.0,4.0,2,1.0,5.28,1.0,9.0,7.0,6.0,5.0,6.0,4.0,4.0,8.0,2.0,0
26,1,2,3.0,6.0,2.0,0.0,4,5.0,6.63,1.0,5.0,3.0,4.0,7.0,4.0,6.0,7.0,4.0,5.0,2
20,0,1,3.0,6.0,2.0,0.0,3,5.0,6.8,2.0,6.0,5.0,7.0,4.0,5.0,8.0,5.0,6.0,4.0,0
26,1,0,6.0,9.0,3.0,2.0,1,0.0,6.38,1.0,4.0,5.0,4.0,9.0,6.0,6.0,3.0,9.0,4.0,0
26,1,1,5.0,8.0,4.0,2.0,0,1.0,5.74,3.0,8.0,5.0,4.0,4.0,4.0,5.0,5.0,6.0,3.0,0
18,1,2,4.0,9.0,3.0,3.0,4,4.0,8.63,0.0,5.0,3.0,3.0,6.0,6.0,8.0,6.0,5.0,6.0,2
20,1,2,5.0,9.0,3.0,1.0,4,3.0,6.04,0.0,6.0,6.0,7.0,4.0,4.0,6.0,4.0,8.0,2.0,0
23,1,1,7.0,8.0,3.0,3.0,0,4.0,6.06,2.0,5.0,5.0,4.0,7.0,7.0,5.0,6.0,7.0,4.0,2
25,1,0,3.0,6.0,4.0,0.0,1,0.0,3.76,2.0,8.0,5.0,7.0,3.0,3.0,5.0,3.0,6.0,1.0,0
21,0,0,4.0,5.0,2.0,2.0,0,6.0,4.97,0.0,7.0,5.0,5.0,3.0,5.0,6.0,7.0,4.0,4.0,0
22,1,2,3.0,6.0,4.0,2.0,4,2.0,8.27,1.0,6.0,7.0,4.0,6.0,4.0,8.0,6.0,6.0,5.0,2
26,0,2,4.0,7.0,3.0,0.0,0,3.0,5.71,2.0,6.0,7.0,6.0,5.0,6.0,6.0,5.0,6.0,3.0,0
23,0,0,5.0,8.0,7.0,2.0,0,3.0,7.93,2.0,6.0,6.0,4.0,7.0,4.0,9.0,7.0,5.0,6.0,2
24,0,1,4.0,8.0,3.0,0.0,4,6.0,5.71,2.0,5.0,5.0,4.0,5.0,5.0,6.0,5.0,4.0,4.0,0
24,2,0,7.0,10.0,3.0,1.0,1,1.0,5.55,1.0,5.0,8.0,8.0,4.0,7.0,6.0,1.0,6.0,1.0,0
21,1,2,3.0,5.0,1.0,0.0,2,3.0,6.78,1.0,7.0,4.0,5.0,6.0,4.0,8.0,5.0,5.0,5.0,2
21,1,2,5.0,6.0,5.0,2.0,1,1.0,6.94,0.0,5.0,6.0,5.0,4.0,3.0,7.0,4.0,6.0,3.0,0
21,0,1,6.0,9.0,2.0,3.0,2,5.0,4.95,0.0,3.0,5.0,7.0,1.0,4.0,5.0,2.0,6.0,1.0,0
22,0,1,3.0,6.0,3.0,1.0,4,2.0,5.92,1.0,4.0,5.0,6.0,4.0,4.0,5.0,3.0,7.0,2.0,0
22,0,2,3.0,6.0,3.0,1.0,4,4.0,6.39,0.0,6.0,6.0,7.0,5.0,4.0,7.0,3.0,6.0,3.0,0
25,1,1,4.0,6.0,4.0,2.0,2,2.0,6.64,1.0,5.0,5.0,6.0,3.0,4.0,5.0,4.0,5.0,2.0,0
26,0,1,2.0,3.0,3.0,1.0,4,6.0,7.01,3.0,10.0,5.0,6.0,4.0,3.0,7.0,6.0,6.0,4.0,0
19,2,2,6.0,9.0,2.0,2.0,4,2.0,6.49,2.0,6.0,4.0,6.0,5.0,7.0,6.0,5.0,9.0,3.0,0
24,1,1,4.0,7.0,2.0,5.0,2,4.0,7.75,1.0,7.0,3.0,1.0,8.0,5.0,8.0,7.0,3.0,7.0,2
18,2,1,1.0,4.0,2.0,4.0,0,0.0,9.28,0.0,5.0,4.0,3.0,6.0,3.0,8.0,6.0,5.0,5.0,2
18,1,1,3.0,8.0,3.0,1.0,1,4.0,5.27,3.0,10.0,4.0,6.0,4.0,5.0,6.0,4.0,7.0,3.0,0
21,1,1,6.0,10.0,5.0,2.0,1,1.0,6.25,1.0,6.0,4.0,5.0,4.0,6.0,7.0,5.0,5.0,4.0,0
24,1,1,4.0,7.0,3.0,1.0,3,6.0,5.53,1.0,4.0,6.0,5.0,5.0,4.0,5.0,6.0,5.0,4.0,0
19,0,1,6.0,9.0,4.0,1.0,4,2.0,5.4,1.0,6.0,6.0,7.0,7.0,6.0,5.0,5.0,9.0,3.0,0
19,0,1,4.0,5.0,4.0,3.0,0,2.0,6.14,1.0,10.0,5.0,6.0,4.0,4.0,7.0,5.0,7.0,3.0,0
18,0,2,2.0,5.0,3.0,1.0,0,3.0,5.29,1.0,5.0,5.0,4.0,6.0,2.0,5.0,3.0,5.0,3.0,0
19,0,1,1.0,5.0,2.0,2.0,4,1.0,7.34,1.0,7.0,5.0,4.0,5.0,2.0,9.0,6.0,9.0,5.0,2
24,1,1,7.0,10.0,5.0,6.0,1,2.0,9.13,1.0,8.0,7.0,4.0,6.0,4.0,10.0,7.0,8.0,6.0,2
26,1,2,3.0,7.0,2.0,2.0,3,3.0,6.46,1.0,4.0,3.0,3.0,8.0,2.0,6.0,7.0,6.0,5.0,2
23,1,1,3.0,5.0,3.0,1.0,3,2.0,5.87,1.0,7.0,5.0,5.0,6.0,4.0,5.0,5.0,6.0,3.0,0
19,2,1,4.0,5.0,3.0,2.0,3,4.0,4.62,3.0,7.0,5.0,5.0,6.0,2.0,5.0,4.0,2.0,4.0,2
26,1,1,4.0,7.0,4.0,1.0,2,5.0,5.85,1.0,5.0,6.0,5.0,6.0,5.0,6.0,7.0,6.0,4.0,2
24,0,1,3.0,6.0,3.0,2.0,2,4.0,7.12,0.0,9.0,5.0,5.0,6.0,2.0,7.0,3.0,6.0,4.0,0
18,1,2,6.0,9.0,4.0,0.0,4,1.0,6.71,0.0,7.0,6.0,5.0,5.0,5.0,7.0,5.0,7.0,3.0,0
26,1,1,4.0,7.0,3.0,1.0,3,2.0,5.42,1.0,6.0,5.0,5.0,6.0,4.0,5.0,4.0,6.0,3.0,0
19,1,1,6.0,9.0,4.0,2.0,0,1.0,7.17,3.0,6.0,7.0,6.0,4.0,6.0,6.0,5.0,6.0,3.0,0
21,1,1,1.0,4.0,4.0,2.0,2,3.0,5.35,1.0,8.0,6.0,6.0,5.0,1.0,4.0,4.0,5.0,3.0,0
26,2,0,5.0,6.0,1.0,2.0,2,4.0,7.0,4.0,9.0,4.0,3.0,6.0,4.0,7.0,6.0,4.0,5.0,2
21,0,1,5.0,8.0,5.0,3.0,4,4.0,7.15,1.0,7.0,5.0,4.0,6.0,6.0,7.0,5.0,5.0,5.0,2
20,2,1,4.0,6.0,3.0,2.0,2,6.0,6.57,1.0,5.0,4.0,4.0,6.0,4.0,6.0,8.0,5.0,5.0,2
18,0,0,3.0,6.0,3.0,0.0,4,6.0,8.21,0.0,6.0,7.0,6.0,3.0,4.0,8.0,6.0,5.0,4.0,2
24,0,1,2.0,4.0,3.0,0.0,0,4.0,5.4,1.0,6.0,7.0,3.0,7.0,3.0,5.0,5.0,4.0,4.0,2
23,0,2,2.0,4.0,3.0,4.0,4,4.0,9.2,3.0,4.0,6.0,4.0,6.0,3.0,9.0,7.0,4.0,6.0,2
21,0,1,6.0,9.0,3.0,4.0,3,1.0,4.74,1.0,8.0,4.0,6.0,4.0,5.0,5.0,5.0,5.0,3.0,0
23,0,1,5.0,7.0,3.0,5.0,2,4.0,4.9,2.0,5.0,4.0,6.0,5.0,4.0,4.0,5.0,5.0,3.0,0
23,1,1,4.0,6.0,3.0,1.0,1,4.0,4.35,2.0,5.0,4.0,4.0,6.0,4.0,4.0,4.0,4.0,3.0,0
21,1,1,4.0,6.0,4.0,0.0,4,4.0,5.97,0.0,6.0,5.0,6.0,5.0,3.0,6.0,6.0,3.0,4.0,2
23,0,1,6.0,9.0,4.0,1.0,0,3.0,3.75,2.0,2.0,4.0,5.0,4.0,5.0,4.0,5.0,5.0,3.0,0
25,1,0,5.0,8.0,2.0,0.0,3,5.0,6.6,0.0,10.0,4.0,3.0,6.0,4.0,7.0,8.0,4.0,6.0,2
20,0,1,3.0,5.0,5.0,0.0,4,6.0,6.6,3.0,6.0,7.0,6.0,3.0,4.0,8.0,7.0,5.0,4.0,2
21,0,2,2.0,4.0,1.0,4.0,3,3.0,5.57,1.0,9.0,4.0,3.0,5.0,2.0,6.0,5.0,3.0,4.0,2
18,0,1,5.0,8.0,2.0,1.0,0,4.0,6.11,1.0,6.0,5.0,5.0,5.0,5.0,6.0,7.0,4.0,4.0,2
21,0,0,6.0,9.0,3.0,0.0,3,2.0,6.32,1.0,6.0,5.0,5.0,4.0,6.0,7.0,5.0,6.0,4.0,0
26,1,0,5.0,7.0,3.0,0.0,0,3.0,6.48,1.0,8.0,5.0,5.0,5.0,4.0,6.0,5.0,4.0,4.0,0
25,0,1,6.0,10.0,2.0,2.0,2,4.0,5.95,2.0,4.0,6.0,6.0,4.0,6.0,6.0,4.0,6.0,3.0,0
21,1,1,4.0,8.0,3.0,2.0,3,0.0,6.03,0.0,7.0,5.0,6.0,4.0,4.0,6.0,6.0,8.0,3.0,0
24,2,2,4.0,7.0,2.0,3.0,1,2.0,6.76,1.0,5.0,4.0,6.0,5.0,5.0,6.0,5.0,6.0,3.0,0
20,2,1,4.0,7.0,3.0,0.0,1,4.0,5.15,0.0,6.0,6.0,5.0,5.0,5.0,4.0,3.0,5.0,2.0,0
26,2,2,5.0,9.0,1.0,2.0,1,3.0,5.93,3.0,8.0,4.0,4.0,5.0,5.0,6.0,4.0,7.0,3.0,0
21,1,0,3.0,6.0,3.0,5.0,4,3.0,7.76,1.0,6.0,6.0,6.0,6.0,5.0,8.0,6.0,6.0,5.0,2
19,1,1,4.0,8.0,3.0,1.0,2,3.0,5.47,3.0,3.0,4.0,5.0,5.0,5.0,6.0,4.0,6.0,3.0,0
22,2,2,6.0,8.0,2.0,1.0,2,5.0,5.29,2.0,4.0,4.0,5.0,5.0,8.0,5.0,6.0,5.0,3.0,0
19,0,1,3.0,6.0,5.0,1.0,0,4.0,5.12,3.0,2.0,6.0,7.0,3.0,4.0,5.0,4.0,4.0,2.0,0
23,2,1,1.0,5.0,4.0,1.0,0,2.0,5.5,2.0,7.0,4.0,7.0,4.0,4.0,5.0,5.0,7.0,2.0,0
18,0,1,5.0,7.0,4.0,3.0,4,5.0,7.42,2.0,10.0,7.0,5.0,5.0,5.0,7.0,6.0,4.0,4.0,2
23,0,1,7.0,10.0,3.0,0.0,3,3.0,7.49,0.0,7.0,6.0,4.0,6.0,6.0,6.0,6.0,6.0,4.0,2
21,1,1,3.0,5.0,4.0,0.0,4,1.0,7.43,2.0,5.0,6.0,5.0,5.0,4.0,8.0,5.0,4.0,4.0,2
20,0,1,6.0,9.0,3.0,4.0,1,4.0,7.05,3.0,6.0,5.0,4.0,6.0,4.0,8.0,3.0,6.0,4.0,2
19,0,2,4.0,8.0,3.0,2.0,2,1.0,6.93,1.0,6.0,4.0,3.0,5.0,4.0,7.0,5.0,6.0,4.0,2
24,1,1,3.0,5.0,4.0,1.0,0,4.0,7.57,2.0,7.0,4.0,4.0,6.0,3.0,8.0,6.0,5.0,5.0,2
26,1,1,5.0,9.0,2.0,5.0,0,2.0,5.94,3.0,4.0,6.0,6.0,6.0,6.0,7.0,3.0,7.0,3.0,0
20,0,1,2.0,6.0,3.0,1.0,2,0.0,7.46,1.0,6.0,4.0,3.0,7.0,4.0,6.0,4.0,5.0,4.0,2
23,0,1,6.0,8.0,5.0,0.0,1,3.0,8.02,2.0,5.0,6.0,6.0,6.0,5.0,8.0,7.0,4.0,5.0,2
26,1,2,4.0,6.0,3.0,2.0,1,5.0,4.59,1.0,6.0,4.0,6.0,5.0,5.0,6.0,4.0,5.0,3.0,0
19,1,1,1.0,3.0,3.0,2.0,1,2.0,6.13,1.0,6.0,5.0,4.0,7.0,5.0,5.0,4.0,3.0,4.0,2
24,1,2,7.0,10.0,4.0,2.0,2,4.0,6.07,0.0,9.0,4.0,7.0,4.0,6.0,7.0,4.0,6.0,3.0,0
22,1,1,5.0,9.0,4.0,1.0,4,3.0,6.47,3.0,6.0,7.0,6.0,5.0,4.0,7.0,6.0,7.0,4.0,2
22,2,2,4.0,8.0,4.0,0.0,1,0.0,7.03,2.0,10.0,4.0,4.0,6.0,3.0,6.0,4.0,7.0,4.0,0
24,0,1,5.0,9.0,2.0,1.0,4,3.0,9.0,1.0,7.0,4.0,4.0,6.0,5.0,9.0,7.0,5.0,6.0,2
26,0,2,0.0,3.0,2.0,4.0,3,4.0,4.87,2.0,9.0,4.0,4.0,7.0,1.0,5.0,8.0,3.0,5.0,2
21,0,1,3.0,7.0,5.0,1.0,0,2.0,5.02,2.0,2.0,8.0,8.0,4.0,3.0,3.0,3.0,7.0,1.0,0
26,1,1,8.0,11.0,3.0,1.0,4,2.0,7.52,1.0,7.0,5.0,5.0,6.0,7.0,8.0,6.0,7.0,5.0,2
26,0,2,4.0,8.0,4.0,0.0,3,2.0,7.0,2.0,8.0,5.0,5.0,4.0,6.0,7.0,6.0,7.0,4.0,0
21,2,2,3.0,6.0,4.0,1.0,2,4.0,5.98,2.0,4.0,5.0,4.0,5.0,5.0,6.0,6.0,5.0,4.0,0
20,0,1,4.0,6.0,5.0,3.0,3,1.0,6.08,1.0,7.0,8.0,7.0,4.0,5.0,7.0,2.0,6.0,2.0,0
19,1,0,2.0,4.0,2.0,2.0,3,1.0,6.37,2.0,7.0,6.0,8.0,4.0,3.0,7.0,5.0,7.0,3.0,0
26,0,2,6.0,8.0,3.0,2.0,0,4.0,7.02,3.0,9.0,6.0,5.0,4.0,6.0,6.0,4.0,5.0,3.0,0
19,2,1,3.0,6.0,3.0,3.0,3,2.0,7.29,2.0,3.0,6.0,6.0,3.0,3.0,8.0,5.0,4.0,3.0,0
23,1,1,2.0,6.0,6.0,1.0,3,4.0,7.57,2.0,5.0,5.0,5.0,5.0,3.0,6.0,5.0,4.0,4.0,0
22,1,1,4.0,8.0,2.0,1.0,0,3.0,8.06,0.0,7.0,4.0,3.0,8.0,5.0,8.0,8.0,5.0,6.0,2
22,2,1,6.0,9.0,2.0,0.0,2,2.0,7.62,2.0,6.0,6.0,7.0,3.0,5.0,8.0,5.0,9.0,3.0,0
21,2,1,5.0,9.0,5.0,4.0,1,1.0,6.25,0.0,7.0,7.0,4.0,7.0,6.0,8.0,4.0,6.0,5.0,2
23,0,1,2.0,6.0,6.0,4.0,4,0.0,4.86,3.0,6.0,6.0,5.0,6.0,4.0,3.0,4.0,7.0,2.0,0
22,1,1,3.0,7.0,4.0,2.0,4,2.0,5.55,2.0,5.0,5.0,6.0,6.0,5.0,6.0,4.0,6.0,4.0,0
21,1,1,1.0,3.0,1.0,0.0,3,3.0,4.08,1.0,5.0,4.0,5.0,6.0,2.0,4.0,4.0,6.0,3.0,0
26,0,1,5.0,9.0,2.0,2.0,1,3.0,9.14,2.0,4.0,5.0,3.0,7.0,6.0,8.0,6.0,5.0,6.0,2
23,2,1,5.0,8.0,2.0,2.0,1,1.0,8.01,0.0,6.0,6.0,5.0,4.0,5.0,9.0,5.0,7.0,4.0,0
20,1,1,5.0,8.0,5.0,2.0,3,2.0,5.89,0.0,5.0,6.0,5.0,5.0,5.0,7.0,4.0,7.0,3.0,0
23,1,1,3.0,7.0,3.0,1.0,4,5.0,7.25,2.0,7.0,3.0,4.0,5.0,5.0,8.0,7.0,7.0,5.0,2
18,2,1,1.0,4.0,3.0,3.0,4,6.0,6.33,1.0,5.0,5.0,5.0,4.0,2.0,6.0,5.0,4.0,3.0,0
22,1,2,3.0,5.0,3.0,1.0,1,4.0,7.41,1.0,4.0,6.0,4.0,5.0,3.0,7.0,5.0,6.0,4.0,0
23,0,0,6.0,8.0,1.0,3.0,1,3.0,7.18,3.0,6.0,7.0,6.0,4.0,6.0,7.0,6.0,6.0,4.0,0
25,1,1,5.0,8.0,2.0,3.0,3,1.0,6.35,3.0,7.0,5.0,4.0,6.0,5.0,6.0,4.0,7.0,4.0,0
26,0,1,1.0,4.0,5.0,3.0,4,3.0,6.69,1.0,6.0,5.0,5.0,5.0,2.0,6.0,4.0,5.0,4.0,0
20,2,2,4.0,6.0,3.0,3.0,4,2.0,5.84,1.0,7.0,4.0,5.0,4.0,4.0,5.0,5.0,6.0,3.0,0
19,1,1,5.0,8.0,1.0,2.0,3,5.0,7.15,0.0,5.0,4.0,4.0,6.0,4.0,4.0,6.0,6.0,4.0,0
21,0,1,4.0,7.0,4.0,0.0,3,2.0,4.27,4.0,7.0,4.0,7.0,3.0,5.0,3.0,5.0,7.0,1.0,0
25,2,1,2.0,4.0,3.0,3.0,2,4.0,7.07,0.0,8.0,5.0,5.0,5.0,2.0,5.0,5.0,7.0,3.0,0
25,2,1,3.0,8.0,3.0,1.0,1,3.0,4.72,2.0,7.0,6.0,6.0,5.0,4.0,6.0,4.0,6.0,3.0,0
20,1,1,3.0,6.0,3.0,2.0,1,5.0,6.49,1.0,3.0,7.0,5.0,5.0,5.0,7.0,6.0,6.0,4.0,0
21,0,0,4.0,5.0,2.0,3.0,1,3.0,6.61,2.0,6.0,5.0,7.0,4.0,3.0,5.0,4.0,7.0,2.0,0
20,1,1,4.0,8.0,2.0,3.0,0,4.0,6.81,1.0,4.0,3.0,4.0,6.0,5.0,6.0,6.0,5.0,5.0,2
19,1,2,3.0,7.0,6.0,1.0,0,3.0,5.51,2.0,6.0,6.0,4.0,6.0,5.0,5.0,4.0,6.0,3.0,0
21,0,1,5.0,9.0,4.0,0.0,3,4.0,5.57,1.0,8.0,4.0,5.0,5.0,6.0,4.0,4.0,6.0,2.0,0
23,1,1,6.0,9.0,4.0,0.0,2,2.0,7.04,1.0,5.0,6.0,3.0,7.0,6.0,8.0,6.0,5.0,6.0,2
22,0,1,9.0,11.0,3.0,2.0,0,5.0,5.84,2.0,7.0,7.0,7.0,3.0,7.0,8.0,5.0,7.0,3.0,0
20,0,2,3.0,6.0,3.0,2.0,1,0.0,7.66,1.0,7.0,6.0,5.0,5.0,4.0,7.0,4.0,6.0,3.0,0
19,0,1,4.0,7.0,5.0,0.0,2,4.0,6.44,2.0,6.0,5.0,5.0,6.0,4.0,6.0,6.0,5.0,4.0,2
26,0,1,1.0,5.0,3.0,2.0,4,1.0,6.5,2.0,2.0,3.0,6.0,5.0,2.0,7.0,3.0,5.0,3.0,0
18,1,1,3.0,7.0,3.0,1.0,3,4.0,6.39,0.0,6.0,4.0,5.0,6.0,4.0,6.0,5.0,6.0,4.0,0
26,0,1,6.0,10.0,4.0,3.0,0,5.0,6.95,3.0,8.0,6.0,5.0,5.0,5.0,6.0,8.0,8.0,4.0,2
18,0,1,1.0,5.0,2.0,3.0,2,1.0,6.49,1.0,6.0,2.0,4.0,6.0,2.0,6.0,6.0,5.0,5.0,2
24,1,2,3.0,6.0,3.0,2.0,0,1.0,6.86,1.0,6.0,5.0,4.0,4.0,4.0,6.0,5.0,6.0,3.0,0
23,1,1,4.0,6.0,2.0,0.0,0,2.0,8.59,0.0,7.0,4.0,4.0,7.0,6.0,9.0,9.0,5.0,6.0,2
24,0,1,2.0,6.0,0.0,2.0,3,5.0,8.54,1.0,9.0,3.0,3.0,6.0,2.0,7.0,6.0,4.0,5.0,2
20,1,2,5.0,8.0,1.0,5.0,0,1.0,7.33,1.0,7.0,3.0,3.0,6.0,5.0,8.0,6.0,7.0,5.0,2
20,0,2,4.0,6.0,3.0,0.0,3,2.0,4.12,2.0,8.0,3.0,4.0,5.0,7.0,5.0,6.0,4.0,4.0,0
18,2,1,3.0,6.0,5.0,3.0,3,0.0,5.58,2.0,5.0,6.0,6.0,4.0,4.0,4.0,2.0,6.0,1.0,0
21,0,2,5.0,7.0,3.0,2.0,4,4.0,6.65,1.0,6.0,7.0,7.0,3.0,4.0,6.0,4.0,7.0,2.0,0
19,0,1,3.0,4.0,4.0,1.0,1,4.0,5.81,2.0,6.0,4.0,4.0,6.0,4.0,7.0,4.0,4.0,4.0,2
25,1,2,5.0,7.0,4.0,0.0,4,0.0,6.96,2.0,8.0,6.0,4.0,7.0,3.0,7.0,5.0,8.0,5.0,2
20,0,1,4.0,5.0,5.0,4.0,0,5.0,6.52,0.0,5.0,6.0,4.0,6.0,4.0,7.0,8.0,3.0,5.0,2
24,0,1,4.0,8.0,4.0,3.0,4,4.0,6.39,2.0,5.0,5.0,4.0,6.0,3.0,6.0,5.0,7.0,4.0,0
24,1,2,4.0,7.0,2.0,3.0,2,1.0,6.27,0.0,8.0,6.0,4.0,5.0,3.0,6.0,5.0,5.0,4.0,0
26,0,1,2.0,4.0,3.0,2.0,4,0.0,4.99,2.0,7.0,5.0,5.0,4.0,4.0,5.0,4.0,6.0,2.0,0
23,0,1,2.0,6.0,5.0,0.0,4,6.0,6.23,2.0,5.0,7.0,5.0,5.0,2.0,5.0,6.0,4.0,4.0,0
18,1,1,3.0,4.0,4.0,2.0,4,4.0,7.89,2.0,10.0,5.0,4.0,7.0,4.0,9.0,6.0,5.0,6.0,2
25,2,1,3.0,7.0,2.0,0.0,3,3.0,6.7,2.0,4.0,5.0,4.0,7.0,4.0,5.0,5.0,6.0,4.0,2
18,1,2,4.0,7.0,3.0,3.0,1,5.0,7.59,2.0,6.0,5.0,5.0,3.0,5.0,8.0,6.0,7.0,3.0,0
20,0,1,4.0,7.0,5.0,3.0,4,3.0,6.83,1.0,8.0,7.0,4.0,4.0,4.0,6.0,4.0,5.0,3.0,0
22,1,1,3.0,5.0,4.0,3.0,4,2.0,7.21,3.0,9.0,6.0,5.0,4.0,3.0,7.0,6.0,5.0,4.0,0
25,0,2,1.0,4.0,4.0,4.0,1,0.0,7.88,2.0,8.0,5.0,3.0,6.0,2.0,8.0,4.0,4.0,5.0,2
26,0,0,3.0,6.0,2.0,0.0,4,5.0,5.66,2.0,6.0,4.0,6.0,4.0,3.0,6.0,6.0,5.0,3.0,0
24,0,1,2.0,5.0,2.0,0.0,1,5.0,7.81,0.0,8.0,5.0,5.0,6.0,4.0,7.0,8.0,5.0,5.0,2
26,0,2,7.0,9.0,3.0,3.0,4,3.0,3.62,2.0,5.0,4.0,8.0,4.0,7.0,4.0,2.0,8.0,1.0,0
20,0,1,4.0,8.0,5.0,0.0,4,3.0,6.15,3.0,3.0,5.0,4.0,6.0,3.0,6.0,5.0,5.0,4.0,2
22,1,2,6.0,8.0,4.0,2.0,2,4.0,9.17,2.0,7.0,6.0,4.0,4.0,4.0,8.0,6.0,5.0,5.0,2
25,1,2,4.0,5.0,3.0,1.0,2,2.0,6.44,4.0,6.0,6.0,6.0,4.0,6.0,6.0,5.0,6.0,3.0,0
18,1,2,7.0,10.0,2.0,2.0,2,2.0,7.89,2.0,6.0,4.0,3.0,5.0,5.0,7.0,3.0,7.0,3.0,0
25,1,2,4.0,9.0,4.0,1.0,3,2.0,6.9,1.0,4.0,5.0,4.0,4.0,6.0,7.0,4.0,6.0,3.0,0
24,1,1,5.0,6.0,4.0,2.0,0,3.0,7.06,1.0,6.0,5.0,4.0,6.0,5.0,7.0,5.0,5.0,5.0,2
18,2,1,7.0,10.0,3.0,0.0,2,5.0,5.12,3.0,7.0,8.0,7.0,2.0,7.0,5.0,5.0,8.0,2.0,0
23,2,1,3.0,6.0,3.0,4.0,0,1.0,6.39,3.0,10.0,5.0,4.0,6.0,3.0,6.0,4.0,5.0,4.0,0
18,1,2,3.0,7.0,2.0,1.0,1,2.0,5.52,1.0,4.0,4.0,7.0,5.0,3.0,6.0,4.0,7.0,2.0,0
19,1,2,4.0,7.0,2.0,2.0,0,0.0,7.75,1.0,7.0,5.0,5.0,5.0,6.0,8.0,4.0,8.0,4.0,0
22,1,1,8.0,11.0,1.0,0.0,1,6.0,8.03,3.0,5.0,5.0,3.0,6.0,7.0,7.0,6.0,6.0,5.0,2
19,0,1,3.0,5.0,4.0,2.0,0,3.0,6.02,1.0,1.0,8.0,7.0,3.0,4.0,5.0,4.0,6.0,2.0,0
18,0,2,4.0,8.0,1.0,2.0,1,5.0,6.17,2.0,5.0,5.0,4.0,6.0,6.0,8.0,5.0,5.0,4.0,2
23,0,1,5.0,8.0,4.0,1.0,2,1.0,7.97,2.0,10.0,6.0,6.0,5.0,5.0,7.0,6.0,9.0,4.0,0
25,0,2,6.0,9.0,0.0,1.0,2,5.0,4.58,2.0,5.0,2.0,4.0,4.0,5.0,5.0,6.0,4.0,4.0,0
25,0,2,5.0,8.0,4.0,0.0,2,5.0,7.89,2.0,6.0,5.0,5.0,6.0,6.0,9.0,6.0,7.0,5.0,2
25,1,1,6.0,8.0,2.0,0.0,1,1.0,6.52,1.0,10.0,5.0,4.0,4.0,6.0,8.0,6.0,5.0,4.0,2
23,1,1,5.0,8.0,3.0,1.0,3,3.0,6.68,2.0,8.0,5.0,6.0,5.0,6.0,6.0,5.0,6.0,4.0,0
20,1,2,4.0,8.0,3.0,0.0,0,1.0,6.56,2.0,7.0,4.0,4.0,5.0,6.0,6.0,4.0,5.0,4.0,0
18,1,1,2.0,4.0,2.0,1.0,1,4.0,8.64,4.0,6.0,5.0,4.0,5.0,3.0,9.0,6.0,6.0,5.0,2
19,2,1,3.0,7.0,2.0,5.0,2,5.0,6.42,2.0,9.0,4.0,6.0,5.0,5.0,7.0,6.0,5.0,4.0,2
22,1,1,3.0,6.0,3.0,2.0,0,4.0,4.96,3.0,6.0,4.0,6.0,5.0,4.0,3.0,4.0,4.0,2.0,0
22,1,1,4.0,8.0,5.0,0.0,2,3.0,6.45,1.0,8.0,6.0,6.0,2.0,5.0,7.0,6.0,6.0,3.0,0
18,2,1,5.0,7.0,4.0,0.0,3,5.0,6.3,3.0,4.0,6.0,7.0,4.0,3.0,6.0,6.0,4.0,4.0,0
18,1,2,7.0,12.0,2.0,3.0,4,3.0,6.19,3.0,5.0,4.0,6.0,5.0,6.0,6.0,3.0,6.0,3.0,0
26,1,0,1.0,5.0,3.0,0.0,2,5.0,7.94,2.0,7.0,5.0,3.0,5.0,3.0,7.0,7.0,3.0,5.0,2
19,0,1,4.0,7.0,3.0,0.0,4,1.0,6.84,2.0,4.0,5.0,5.0,5.0,4.0,8.0,5.0,6.0,4.0,0
24,0,2,7.0,10.0,4.0,2.0,3,4.0,7.32,1.0,4.0,6.0,4.0,5.0,6.0,7.0,4.0,6.0,3.0,0
21,1,1,2.0,3.0,1.0,5.0,4,4.0,3.0,0.0,6.0,3.0,5.0,4.0,2.0,2.0,5.0,4.0,2.0,0
24,0,1,3.0,6.0,4.0,2.0,2,2.0,6.33,2.0,4.0,5.0,5.0,4.0,2.0,7.0,4.0,4.0,3.0,0
25,0,1,5.0,8.0,6.0,1.0,3,2.0,6.15,2.0,6.0,6.0,5.0,5.0,6.0,6.0,5.0,6.0,3.0,0
22,1,0,5.0,8.0,3.0,0.0,0,1.0,8.21,3.0,3.0,5.0,5.0,5.0,5.0,8.0,3.0,7.0,3.0,0
18,0,0,2.0,5.0,3.0,0.0,4,2.0,8.1,2.0,5.0,4.0,6.0,4.0,4.0,8.0,5.0,5.0,4.0,0
21,0,1,6.0,10.0,4.0,2.0,4,5.0,7.76,2.0,8.0,6.0,4.0,6.0,5.0,8.0,7.0,6.0,5.0,2
20,2,1,5.0,8.0,2.0,4.0,1,3.0,6.25,2.0,6.0,5.0,4.0,5.0,7.0,6.0,6.0,4.0,4.0,2
22,2,0,2.0,5.0,4.0,2.0,2,3.0,5.39,0.0,3.0,4.0,5.0,4.0,3.0,5.0,6.0,4.0,4.0,0
23,1,1,6.0,8.0,2.0,1.0,2,1.0,5.96,2.0,6.0,5.0,4.0,4.0,3.0,7.0,5.0,6.0,4.0,0
19,0,2,6.0,7.0,6.0,2.0,4,4.0,6.39,2.0,8.0,6.0,6.0,4.0,6.0,6.0,5.0,4.0,4.0,0
24,1,1,4.0,9.0,1.0,3.0,4,5.0,6.76,2.0,7.0,5.0,5.0,4.0,4.0,7.0,5.0,4.0,4.0,0
20,1,2,3.0,5.0,2.0,5.0,4,4.0,6.75,2.0,8.0,4.0,7.0,4.0,4.0,7.0,4.0,4.0,3.0,0
18,1,1,2.0,5.0,3.0,2.0,2,1.0,6.58,3.0,6.0,4.0,5.0,4.0,3.0,7.0,5.0,6.0,4.0,0
20,0,1,3.0,7.0,4.0,4.0,1,3.0,6.51,2.0,5.0,5.0,4.0,6.0,3.0,7.0,4.0,5.0,4.0,2
26,0,2,6.0,8.0,2.0,0.0,4,4.0,7.72,2.0,7.0,6.0,4.0,5.0,5.0,9.0,7.0,6.0,5.0,2
23,1,1,1.0,5.0,5.0,1.0,2,3.0,6.78,0.0,7.0,7.0,5.0,5.0,4.0,7.0,5.0,3.0,4.0,2
23,0,1,3.0,7.0,2.0,1.0,2,0.0,5.97,1.0,6.0,5.0,5.0,3.0,3.0,7.0,3.0,8.0,2.0,0
21,0,1,4.0,8.0,2.0,4.0,1,4.0,6.92,3.0,7.0,6.0,2.0,8.0,5.0,7.0,6.0,4.0,6.0,2
25,0,1,5.0,9.0,1.0,4.0,1,0.0,7.45,2.0,6.0,3.0,4.0,4.0,6.0,7.0,5.0,5.0,4.0,0
22,1,1,5.0,9.0,3.0,2.0,1,6.0,8.9,3.0,4.0,5.0,4.0,5.0,4.0,9.0,7.0,5.0,6.0,2
24,0,1,3.0,5.0,3.0,1.0,0,1.0,5.94,3.0,6.0,5.0,6.0,5.0,2.0,8.0,3.0,7.0,3.0,0
26,2,1,4.0,5.0,2.0,2.0,0,5.0,5.55,2.0,6.0,5.0,5.0,5.0,4.0,6.0,5.0,3.0,4.0,0
22,1,0,3.0,8.0,3.0,1.0,4,3.0,6.88,1.0,6.0,4.0,5.0,6.0,4.0,8.0,4.0,7.0,4.0,0
22,1,1,4.0,8.0,2.0,4.0,2,3.0,5.46,1.0,4.0,4.0,4.0,6.0,5.0,4.0,4.0,4.0,3.0,0
21,2,1,5.0,7.0,3.0,3.0,1,3.0,6.82,1.0,5.0,4.0,3.0,6.0,5.0,8.0,3.0,5.0,5.0,2
23,0,2,4.0,9.0,4.0,1.0,0,3.0,8.37,2.0,4.0,5.0,4.0,5.0,6.0,8.0,6.0,5.0,5.0,2
19,0,2,4.0,6.0,2.0,0.0,4,0.0,5.43,1.0,6.0,4.0,5.0,5.0,6.0,5.0,4.0,5.0,3.0,0
20,1,1,4.0,6.0,3.0,0.0,2,2.0,6.22,1.0,8.0,5.0,5.0,4.0,5.0,7.0,4.0,7.0,3.0,0
18,0,1,2.0,4.0,5.0,3.0,1,2.0,6.62,3.0,7.0,3.0,2.0,7.0,3.0,7.0,7.0,4.0,6.0,2
19,1,1,6.0,10.0,2.0,4.0,0,0.0,7.25,2.0,3.0,5.0,5.0,5.0,6.0,7.0,4.0,6.0,4.0,0
19,1,1,6.0,8.0,2.0,1.0,0,2.0,5.63,3.0,6.0,3.0,4.0,7.0,6.0,5.0,5.0,5.0,4.0,2
25,0,2,1.0,4.0,6.0,0.0,2,3.0,8.43,1.0,4.0,7.0,5.0,5.0,3.0,7.0,6.0,5.0,5.0,2
25,1,2,7.0,9.0,4.0,3.0,0,1.0,7.33,2.0,3.0,6.0,5.0,5.0,7.0,7.0,4.0,6.0,4.0,0
19,0,2,5.0,7.0,3.0,0.0,2,3.0,6.92,3.0,10.0,5.0,7.0,4.0,5.0,7.0,6.0,6.0,3.0,0
23,2,1,5.0,8.0,4.0,1.0,1,3.0,6.01,1.0,7.0,5.0,5.0,6.0,5.0,6.0,3.0,6.0,3.0,0
22,0,1,3.0,5.0,0.0,1.0,2,3.0,4.31,1.0,4.0,6.0,7.0,3.0,2.0,5.0,2.0,8.0,1.0,0
20,0,1,4.0,7.0,2.0,0.0,1,2.0,5.7,2.0,6.0,4.0,7.0,5.0,2.0,7.0,4.0,8.0,3.0,0
22,1,1,5.0,7.0,3.0,2.0,3,3.0,6.66,2.0,7.0,6.0,6.0,4.0,5.0,6.0,6.0,6.0,3.0,0
22,1,1,7.0,11.0,2.0,1.0,0,3.0,7.72,2.0,5.0,6.0,5.0,7.0,5.0,7.0,7.0,7.0,5.0,2
22,2,2,2.0,6.0,2.0,0.0,3,1.0,7.78,2.0,7.0,4.0,5.0,6.0,4.0,8.0,5.0,6.0,5.0,2
20,1,2,6.0,10.0,4.0,2.0,2,3.0,7.18,3.0,7.0,7.0,5.0,6.0,5.0,7.0,3.0,6.0,4.0,0
20,1,1,3.0,4.0,3.0,1.0,1,5.0,5.84,2.0,3.0,3.0,5.0,5.0,5.0,6.0,5.0,4.0,4.0,2
21,0,1,6.0,8.0,3.0,0.0,0,2.0,10.0,3.0,2.0,5.0,2.0,6.0,5.0,10.0,6.0,5.0,6.0,2
24,0,1,2.0,4.0,3.0,2.0,4,4.0,6.0,1.0,4.0,4.0,5.0,5.0,5.0,7.0,5.0,4.0,4.0,2
19,1,2,4.0,6.0,2.0,1.0,0,2.0,8.17,0.0,5.0,4.0,3.0,6.0,5.0,8.0,5.0,5.0,5.0,2
21,1,2,1.0,4.0,4.0,1.0,4,3.0,6.75,2.0,7.0,4.0,3.0,6.0,3.0,6.0,5.0,3.0,5.0,2
21,0,1,3.0,6.0,4.0,0.0,0,2.0,5.69,3.0,8.0,4.0,3.0,6.0,4.0,7.0,5.0,5.0,5.0,2
18,1,0,3.0,5.0,4.0,2.0,1,1.0,6.61,1.0,7.0,5.0,7.0,4.0,3.0,8.0,4.0,8.0,3.0,0
25,1,2,5.0,10.0,3.0,2.0,2,2.0,5.97,1.0,4.0,5.0,4.0,5.0,5.0,6.0,4.0,8.0,3.0,0
18,1,2,2.0,5.0,3.0,0.0,1,3.0,4.18,3.0,5.0,5.0,6.0,5.0,3.0,4.0,6.0,4.0,4.0,0
25,1,1,6.0,7.0,3.0,4.0,0,3.0,6.63,3.0,3.0,6.0,5.0,5.0,6.0,7.0,5.0,6.0,4.0,0
24,0,1,7.0,10.0,4.0,3.0,4,2.0,5.79,1.0,6.0,4.0,6.0,4.0,7.0,6.0,5.0,8.0,2.0,0
26,0,1,4.0,10.0,2.0,1.0,1,2.0,4.05,2.0,6.0,5.0,4.0,5.0,3.0,4.0,3.0,7.0,2.0,0
25,0,1,2.0,6.0,3.0,3.0,1,4.0,3.23,3.0,10.0,5.0,6.0,5.0,3.0,4.0,4.0,4.0,3.0,0
22,1,2,2.0,4.0,3.0,1.0,4,2.0,6.12,2.0,5.0,4.0,8.0,2.0,3.0,6.0,3.0,8.0,1.0,0
25,1,1,4.0,7.0,2.0,1.0,3,3.0,4.57,3.0,7.0,5.0,7.0,5.0,5.0,5.0,4.0,6.0,3.0,0
20,1,2,3.0,7.0,3.0,2.0,0,1.0,5.32,1.0,7.0,5.0,4.0,7.0,5.0,5.0,4.0,6.0,4.0,0
24,1,1,6.0,8.0,3.0,1.0,1,2.0,5.21,2.0,4.0,6.0,7.0,4.0,6.0,6.0,4.0,7.0,2.0,0
21,1,1,3.0,6.0,4.0,2.0,1,0.0,8.61,2.0,6.0,6.0,4.0,5.0,4.0,8.0,6.0,6.0,5.0,2
22,1,1,5.0,7.0,3.0,0.0,0,3.0,7.27,0.0,4.0,6.0,5.0,4.0,5.0,5.0,4.0,5.0,3.0,0
26,1,1,4.0,8.0,4.0,0.0,4,2.0,6.15,1.0,9.0,5.0,4.0,5.0,6.0,6.0,7.0,6.0,4.0,2
24,0,1,3.0,7.0,1.0,1.0,0,2.0,6.11,2.0,7.0,4.0,4.0,5.0,4.0,7.0,5.0,6.0,4.0,0
21,1,2,3.0,7.0,2.0,0.0,2,5.0,6.15,3.0,4.0,2.0,4.0,5.0,4.0,6.0,6.0,7.0,4.0,0
23,1,2,2.0,6.0,4.0,2.0,2,2.0,6.05,2.0,8.0,6.0,4.0,6.0,3.0,6.0,4.0,6.0,3.0,0
24,1,1,3.0,8.0,2.0,2.0,1,4.0,6.83,1.0,8.0,5.0,4.0,5.0,4.0,6.0,5.0,4.0,4.0,2
26,1,0,4.0,9.0,3.0,0.0,2,3.0,5.48,1.0,9.0,5.0,6.0,5.0,6.0,6.0,4.0,6.0,3.0,0
21,0,1,4.0,6.0,2.0,1.0,0,5.0,4.94,3.0,7.0,4.0,6.0,4.0,4.0,6.0,5.0,7.0,3.0,0
20,1,1,4.0,6.0,4.0,3.0,1,5.0,7.7,2.0,6.0,7.0,6.0,4.0,4.0,8.0,6.0,4.0,5.0,2
25,1,1,4.0,6.0,3.0,0.0,2,2.0,5.41,2.0,6.0,6.0,7.0,4.0,4.0,4.0,5.0,7.0,2.0,0
18,1,1,1.0,4.0,3.0,2.0,4,4.0,7.24,2.0,6.0,5.0,3.0,7.0,5.0,7.0,6.0,5.0,6.0,2
26,1,1,6.0,8.0,2.0,0.0,2,6.0,5.32,1.0,7.0,4.0,3.0,8.0,4.0,4.0,7.0,4.0,5.0,2
18,0,2,2.0,4.0,2.0,0.0,4,4.0,7.41,1.0,4.0,4.0,4.0,6.0,4.0,8.0,7.0,4.0,6.0,2
19,2,0,5.0,9.0,4.0,2.0,2,2.0,5.97,3.0,8.0,6.0,7.0,5.0,4.0,6.0,6.0,8.0,3.0,0
25,1,2,6.0,9.0,3.0,0.0,4,1.0,6.05,1.0,5.0,5.0,5.0,7.0,3.0,6.0,3.0,7.0,3.0,0
26,0,2,6.0,8.0,2.0,1.0,0,0.0,7.26,3.0,8.0,6.0,4.0,6.0,6.0,8.0,6.0,6.0,5.0,2
24,1,2,5.0,9.0,4.0,2.0,0,1.0,8.0,1.0,5.0,4.0,1.0,6.0,8.0,9.0,6.0,6.0,6.0,2
20,1,1,4.0,7.0,2.0,0.0,3,7.0,6.97,1.0,7.0,3.0,3.0,4.0,5.0,6.0,7.0,2.0,5.0,2
24,1,1,3.0,6.0,3.0,0.0,0,3.0,6.65,5.0,9.0,6.0,4.0,6.0,2.0,6.0,4.0,4.0,4.0,2
23,0,2,2.0,6.0,3.0,3.0,2,3.0,5.6,3.0,7.0,6.0,5.0,4.0,3.0,6.0,5.0,6.0,3.0,0
19,1,0,4.0,5.0,4.0,0.0,1,2.0,6.44,0.0,7.0,5.0,4.0,5.0,4.0,7.0,2.0,5.0,3.0,0
20,2,1,3.0,5.0,5.0,3.0,4,4.0,6.71,3.0,7.0,7.0,3.0,5.0,5.0,7.0,5.0,4.0,5.0,2
22,1,1,3.0,5.0,3.0,0.0,0,3.0,7.52,3.0,5.0,6.0,4.0,5.0,3.0,8.0,4.0,4.0,5.0,2
21,1,1,5.0,8.0,0.0,2.0,1,1.0,7.29,2.0,4.0,4.0,6.0,5.0,5.0,8.0,6.0,6.0,4.0,0
19,0,1,4.0,8.0,3.0,1.0,4,0.0,7.08,1.0,10.0,6.0,7.0,4.0,2.0,5.0,5.0,6.0,2.0,0
21,2,2,3.0,5.0,2.0,1.0,4,0.0,4.79,1.0,6.0,4.0,6.0,4.0,1.0,5.0,3.0,8.0,2.0,0
25,0,1,8.0,11.0,3.0,2.0,4,2.0,8.23,3.0,8.0,5.0,3.0,8.0,9.0,9.0,5.0,7.0,6.0,2
22,0,1,4.0,4.0,4.0,0.0,0,2.0,5.55,2.0,8.0,5.0,7.0,4.0,3.0,5.0,3.0,9.0,1.0,0
22,1,1,5.0,9.0,2.0,1.0,4,4.0,6.12,0.0,4.0,6.0,5.0,6.0,5.0,7.0,4.0,6.0,4.0,0
20,1,2,5.0,7.0,3.0,2.0,3,5.0,6.09,1.0,4.0,6.0,4.0,7.0,5.0,5.0,5.0,4.0,4.0,2
25,1,1,3.0,7.0,3.0,0.0,0,1.0,6.03,0.0,7.0,5.0,4.0,6.0,4.0,7.0,4.0,5.0,4.0,0
23,1,2,3.0,5.0,4.0,1.0,1,2.0,5.75,1.0,6.0,5.0,6.0,4.0,3.0,6.0,5.0,5.0,3.0,0
19,2,1,2.0,5.0,3.0,0.0,3,6.0,7.18,2.0,4.0,5.0,4.0,8.0,3.0,8.0,6.0,5.0,6.0,2
19,0,1,4.0,8.0,2.0,1.0,3,5.0,5.73,2.0,1.0,5.0,5.0,5.0,5.0,6.0,5.0,7.0,3.0,0
26,0,1,4.0,5.0,4.0,0.0,0,0.0,4.35,3.0,7.0,7.0,6.0,4.0,5.0,4.0,2.0,7.0,1.0,0
24,1,1,2.0,6.0,3.0,2.0,4,5.0,7.95,1.0,5.0,3.0,5.0,4.0,5.0,8.0,6.0,6.0,4.0,2
26,0,1,6.0,9.0,1.0,1.0,3,2.0,7.2,0.0,10.0,4.0,4.0,6.0,5.0,6.0,7.0,7.0,4.0,2
23,0,1,5.0,9.0,2.0,0.0,2,2.0,5.81,2.0,7.0,4.0,4.0,5.0,5.0,5.0,4.0,6.0,3.0,0
22,0,2,4.0,6.0,3.0,0.0,1,4.0,5.27,0.0,7.0,6.0,5.0,5.0,4.0,4.0,4.0,4.0,3.0,0
18,1,1,3.0,5.0,3.0,1.0,2,2.0,8.83,1.0,6.0,5.0,4.0,5.0,6.0,9.0,6.0,3.0,5.0,2
23,0,2,4.0,6.0,4.0,2.0,0,2.0,6.22,1.0,4.0,3.0,5.0,6.0,4.0,5.0,6.0,6.0,4.0,0
23,0,1,2.0,5.0,5.0,0.0,3,2.0,7.97,2.0,9.0,6.0,4.0,5.0,3.0,8.0,5.0,5.0,4.0,2
20,2,1,3.0,6.0,3.0,2.0,4,5.0,6.05,0.0,8.0,4.0,4.0,6.0,4.0,7.0,5.0,5.0,5.0,2
20,1,1,5.0,6.0,3.0,3.0,4,2.0,7.45,2.0,6.0,5.0,2.0,7.0,5.0,6.0,5.0,5.0,5.0,2
20,1,0,4.0,7.0,2.0,3.0,3,2.0,3.83,3.0,2.0,3.0,5.0,6.0,6.0,3.0,3.0,5.0,2.0,0
20,0,1,7.0,10.0,3.0,4.0,3,3.0,3.05,1.0,8.0,5.0,7.0,2.0,5.0,4.0,4.0,7.0,1.0,0
24,1,1,3.0,6.0,3.0,0.0,4,0.0,7.99,1.0,1.0,4.0,3.0,6.0,4.0,7.0,5.0,5.0,5.0,2
19,0,1,4.0,7.0,4.0,1.0,1,3.0,7.42,2.0,3.0,4.0,3.0,5.0,7.0,8.0,8.0,7.0,5.0,2
19,1,2,5.0,8.0,4.0,1.0,0,5.0,7.2,2.0,7.0,7.0,7.0,4.0,4.0,8.0,5.0,7.0,3.0,0
20,2,2,5.0,8.0,3.0,0.0,1,3.0,6.25,2.0,5.0,5.0,5.0,4.0,5.0,6.0,5.0,7.0,3.0,0
24,0,1,4.0,6.0,3.0,2.0,4,2.0,9.24,3.0,8.0,5.0,4.0,7.0,3.0,9.0,8.0,6.0,6.0,2
20,1,2,3.0,5.0,3.0,0.0,0,1.0,4.88,2.0,5.0,3.0,3.0,7.0,2.0,4.0,7.0,5.0,4.0,2
24,1,1,4.0,7.0,3.0,4.0,0,2.0,7.67,1.0,5.0,4.0,3.0,6.0,5.0,8.0,5.0,6.0,5.0,2
26,0,1,5.0,7.0,3.0,0.0,4,3.0,6.79,1.0,4.0,6.0,5.0,6.0,3.0,7.0,5.0,4.0,5.0,2
21,0,2,4.0,5.0,2.0,0.0,4,1.0,5.27,2.0,3.0,3.0,5.0,6.0,5.0,3.0,4.0,4.0,3.0,0
24,1,0,8.0,11.0,2.0,1.0,3,1.0,8.13,1.0,8.0,5.0,5.0,6.0,5.0,9.0,6.0,7.0,5.0,2
26,1,2,4.0,7.0,2.0,2.0,3,2.0,7.24,2.0,8.0,5.0,4.0,6.0,4.0,7.0,7.0,6.0,5.0,2
25,0,1,4.0,9.0,3.0,3.0,3,1.0,6.89,2.0,6.0,6.0,5.0,4.0,5.0,7.0,6.0,7.0,4.0,0
25,0,1,4.0,6.0,4.0,2.0,4,3.0,6.73,1.0,4.0,6.0,4.0,6.0,4.0,6.0,5.0,5.0,4.0,0
26,1,0,4.0,6.0,4.0,3.0,1,4.0,5.94,0.0,5.0,5.0,4.0,7.0,5.0,5.0,5.0,4.0,4.0,2
22,0,1,5.0,9.0,6.0,3.0,0,2.0,6.56,3.0,3.0,5.0,5.0,6.0,6.0,7.0,5.0,8.0,4.0,0
22,2,2,2.0,6.0,3.0,0.0,1,2.0,6.81,0.0,6.0,3.0,4.0,5.0,4.0,7.0,4.0,7.0,4.0,0
20,1,2,8.0,10.0,2.0,4.0,2,4.0,8.86,0.0,8.0,7.0,6.0,3.0,6.0,10.0,6.0,5.0,4.0,2
22,0,1,3.0,7.0,2.0,2.0,1,3.0,4.64,2.0,4.0,5.0,8.0,2.0,3.0,5.0,3.0,7.0,1.0,0
25,1,1,5.0,7.0,4.0,3.0,2,4.0,4.75,2.0,3.0,4.0,5.0,4.0,7.0,5.0,5.0,6.0,3.0,0
22,1,1,4.0,7.0,4.0,2.0,2,1.0,6.22,1.0,5.0,5.0,7.0,3.0,4.0,7.0,5.0,8.0,3.0,0
21,1,1,4.0,6.0,3.0,0.0,0,3.0,5.34,3.0,4.0,5.0,6.0,4.0,6.0,7.0,5.0,5.0,4.0,0
25,1,0,6.0,9.0,2.0,2.0,0,4.0,5.23,0.0,5.0,5.0,4.0,5.0,4.0,4.0,6.0,5.0,4.0,0
24,0,1,7.0,10.0,4.0,2.0,2,7.0,7.89,2.0,8.0,6.0,4.0,7.0,5.0,9.0,7.0,6.0,6.0,2
23,0,1,3.0,6.0,3.0,1.0,4,5.0,6.92,2.0,4.0,4.0,5.0,5.0,6.0,6.0,6.0,7.0,4.0,0
22,1,2,3.0,4.0,3.0,2.0,2,2.0,6.54,2.0,6.0,6.0,5.0,5.0,2.0,6.0,4.0,4.0,3.0,0
22,1,1,5.0,7.0,6.0,3.0,3,1.0,5.72,3.0,6.0,6.0,7.0,4.0,6.0,5.0,2.0,8.0,1.0,0
19,0,1,4.0,7.0,3.0,1.0,0,3.0,7.17,1.0,6.0,6.0,5.0,7.0,4.0,8.0,5.0,5.0,5.0,2
21,1,2,3.0,5.0,1.0,1.0,1,5.0,6.54,1.0,5.0,3.0,4.0,6.0,4.0,6.0,6.0,4.0,5.0,2
25,1,2,4.0,8.0,4.0,3.0,0,2.0,6.01,1.0,6.0,6.0,5.0,6.0,5.0,7.0,5.0,6.0,4.0,2
25,0,1,3.0,9.0,2.0,3.0,4,3.0,7.93,3.0,5.0,4.0,2.0,7.0,5.0,8.0,7.0,6.0,6.0,2
18,2,2,2.0,4.0,1.0,2.0,3,2.0,8.43,2.0,4.0,3.0,5.0,7.0,2.0,8.0,4.0,3.0,5.0,2
19,1,1,4.0,8.0,4.0,2.0,4,3.0,7.85,1.0,7.0,5.0,3.0,4.0,4.0,9.0,6.0,4.0,5.0,2
22,0,2,4.0,7.0,3.0,2.0,1,3.0,7.28,0.0,4.0,6.0,6.0,4.0,2.0,8.0,5.0,5.0,4.0,0
26,1,1,3.0,7.0,2.0,1.0,0,4.0,6.82,0.0,8.0,5.0,5.0,7.0,4.0,7.0,5.0,5.0,4.0,2
24,0,1,1.0,4.0,3.0,3.0,1,2.0,4.81,3.0,5.0,5.0,6.0,3.0,3.0,6.0,3.0,7.0,2.0,0
22,0,1,4.0,6.0,4.0,2.0,3,4.0,6.99,2.0,6.0,4.0,5.0,6.0,4.0,8.0,5.0,5.0,5.0,2
18,0,1,7.0,9.0,5.0,3.0,1,3.0,5.0,3.0,2.0,6.0,6.0,4.0,8.0,6.0,5.0,9.0,2.0,0
23,0,1,4.0,7.0,4.0,4.0,2,1.0,7.31,2.0,5.0,6.0,5.0,6.0,5.0,6.0,6.0,7.0,4.0,0
25,1,2,4.0,5.0,2.0,0.0,3,3.0,6.81,1.0,3.0,6.0,5.0,6.0,4.0,7.0,5.0,4.0,5.0,2
24,1,2,3.0,6.0,1.0,3.0,4,3.0,5.4,2.0,8.0,3.0,5.0,5.0,6.0,6.0,6.0,5.0,4.0,0
19,1,2,5.0,8.0,4.0,3.0,4,4.0,7.5,3.0,3.0,6.0,3.0,7.0,4.0,9.0,5.0,5.0,5.0,2
22,0,1,6.0,8.0,2.0,3.0,1,2.0,4.8,1.0,8.0,5.0,3.0,5.0,7.0,4.0,5.0,4.0,3.0,0
21,0,2,3.0,7.0,2.0,3.0,3,2.0,6.12,2.0,8.0,4.0,5.0,5.0,6.0,7.0,5.0,6.0,4.0,0
26,0,2,2.0,5.0,3.0,0.0,1,1.0,6.85,0.0,4.0,4.0,4.0,6.0,2.0,6.0,3.0,4.0,4.0,0
18,0,1,3.0,5.0,3.0,3.0,2,0.0,6.58,0.0,4.0,3.0,4.0,7.0,5.0,6.0,4.0,5.0,4.0,2
23,1,1,3.0,6.0,3.0,0.0,3,3.0,5.57,2.0,5.0,4.0,4.0,6.0,2.0,5.0,4.0,4.0,4.0,0
20,1,1,4.0,7.0,3.0,0.0,0,3.0,3.34,2.0,4.0,5.0,6.0,6.0,5.0,3.0,4.0,6.0,2.0,0
26,1,1,6.0,9.0,5.0,2.0,4,0.0,7.2,2.0,6.0,6.0,6.0,2.0,4.0,6.0,3.0,7.0,2.0,0
22,1,0,2.0,5.0,4.0,4.0,1,4.0,10.0,1.0,5.0,6.0,3.0,5.0,4.0,10.0,5.0,3.0,6.0,2
23,1,1,5.0,7.0,2.0,3.0,2,4.0,7.11,2.0,6.0,5.0,4.0,5.0,4.0,7.0,5.0,4.0,5.0,2
26,0,1,5.0,9.0,3.0,3.0,4,0.0,5.71,1.0,5.0,4.0,2.0,6.0,4.0,5.0,5.0,7.0,4.0,2
26,1,2,5.0,6.0,3.0,3.0,3,2.0,6.95,2.0,8.0,4.0,5.0,5.0,4.0,7.0,5.0,7.0,4.0,0
25,0,1,5.0,10.0,2.0,1.0,4,4.0,7.13,3.0,7.0,6.0,5.0,6.0,6.0,5.0,4.0,6.0,3.0,0
26,0,1,1.0,4.0,4.0,1.0,4,3.0,6.78,2.0,5.0,6.0,5.0,5.0,1.0,7.0,5.0,5.0,4.0,2
21,1,1,5.0,10.0,2.0,0.0,0,2.0,6.17,3.0,7.0,4.0,6.0,6.0,7.0,6.0,5.0,6.0,4.0,0
23,0,1,4.0,7.0,4.0,2.0,0,5.0,6.97,2.0,4.0,6.0,4.0,6.0,3.0,8.0,5.0,5.0,5.0,2
22,1,1,3.0,8.0,4.0,1.0,2,0.0,6.56,0.0,4.0,6.0,5.0,5.0,3.0,7.0,4.0,7.0,3.0,0
22,1,2,6.0,9.0,4.0,3.0,2,2.0,8.82,3.0,7.0,4.0,2.0,6.0,5.0,9.0,6.0,7.0,6.0,2
21,1,1,5.0,8.0,5.0,2.0,1,4.0,6.08,2.0,8.0,5.0,5.0,4.0,3.0,5.0,5.0,4.0,3.0,0
19,1,1,3.0,7.0,1.0,2.0,0,3.0,6.49,2.0,7.0,3.0,2.0,7.0,3.0,8.0,6.0,3.0,6.0,2
23,0,1,3.0,7.0,3.0,0.0,3,2.0,5.4,0.0,7.0,4.0,3.0,5.0,2.0,6.0,6.0,4.0,5.0,2
26,0,1,6.0,8.0,1.0,1.0,1,6.0,6.57,2.0,9.0,4.0,6.0,4.0,8.0,8.0,5.0,6.0,4.0,0
18,1,2,4.0,6.0,3.0,1.0,3,2.0,7.36,2.0,7.0,6.0,3.0,5.0,5.0,7.0,5.0,4.0,4.0,2
24,1,1,2.0,4.0,3.0,0.0,0,0.0,6.3,1.0,6.0,4.0,4.0,6.0,4.0,6.0,5.0,3.0,4.0,2
23,1,2,7.0,9.0,6.0,1.0,3,1.0,7.71,2.0,6.0,8.0,6.0,6.0,5.0,8.0,6.0,9.0,4.0,2
20,0,1,4.0,6.0,4.0,1.0,3,5.0,7.63,0.0,4.0,5.0,5.0,5.0,5.0,7.0,8.0,4.0,5.0,2
18,1,2,4.0,7.0,4.0,1.0,0,1.0,7.29,2.0,6.0,5.0,6.0,4.0,4.0,8.0,3.0,7.0,3.0,0
21,0,2,5.0,8.0,4.0,0.0,0,5.0,7.9,1.0,8.0,5.0,5.0,4.0,4.0,8.0,6.0,5.0,4.0,2
26,0,1,3.0,6.0,2.0,3.0,4,2.0,6.73,2.0,5.0,4.0,4.0,5.0,4.0,8.0,7.0,5.0,5.0,2
19,1,0,6.0,7.0,4.0,1.0,3,6.0,5.84,1.0,8.0,5.0,5.0,6.0,6.0,5.0,7.0,3.0,5.0,2
20,2,1,3.0,7.0,1.0,0.0,1,4.0,7.03,3.0,10.0,4.0,4.0,6.0,2.0,7.0,5.0,4.0,5.0,2
19,1,2,4.0,9.0,2.0,0.0,2,3.0,4.87,2.0,3.0,3.0,6.0,4.0,5.0,3.0,5.0,8.0,2.0,0
19,2,1,3.0,7.0,4.0,4.0,4,0.0,5.67,1.0,4.0,3.0,3.0,4.0,3.0,5.0,5.0,5.0,3.0,0
25,1,1,6.0,8.0,5.0,1.0,2,2.0,6.88,0.0,9.0,4.0,5.0,6.0,7.0,8.0,5.0,7.0,4.0,2
20,1,1,5.0,8.0,5.0,0.0,1,4.0,4.62,2.0,11.0,7.0,5.0,5.0,5.0,5.0,4.0,5.0,3.0,0
24,0,2,4.0,8.0,3.0,2.0,1,6.0,6.27,1.0,4.0,4.0,5.0,6.0,5.0,6.0,6.0,3.0,5.0,2
25,0,2,2.0,4.0,4.0,0.0,0,1.0,9.89,3.0,5.0,5.0,2.0,6.0,3.0,10.0,7.0,5.0,7.0,2
20,0,1,5.0,7.0,3.0,3.0,3,2.0,7.5,1.0,8.0,4.0,4.0,5.0,4.0,7.0,5.0,6.0,4.0,0
19,1,2,4.0,7.0,2.0,0.0,0,1.0,6.27,2.0,9.0,4.0,5.0,5.0,4.0,6.0,6.0,7.0,4.0,2
25,2,2,2.0,4.0,6.0,0.0,3,3.0,5.64,1.0,7.0,6.0,5.0,6.0,2.0,5.0,6.0,6.0,4.0,0
20,1,2,4.0,10.0,2.0,3.0,4,4.0,7.03,1.0,6.0,6.0,6.0,5.0,4.0,8.0,7.0,6.0,5.0,2
24,1,1,5.0,8.0,3.0,0.0,0,2.0,5.57,3.0,3.0,6.0,5.0,5.0,6.0,6.0,4.0,6.0,3.0,0
18,1,1,4.0,6.0,4.0,2.0,0,3.0,8.41,1.0,5.0,5.0,3.0,7.0,6.0,8.0,6.0,3.0,6.0,2
23,0,1,3.0,5.0,1.0,1.0,1,4.0,5.2,1.0,5.0,2.0,2.0,6.0,4.0,5.0,6.0,1.0,5.0,2
26,0,1,6.0,10.0,2.0,1.0,3,4.0,6.03,1.0,6.0,3.0,5.0,4.0,5.0,5.0,5.0,6.0,3.0,0
20,1,1,7.0,11.0,2.0,2.0,1,1.0,6.25,0.0,8.0,5.0,4.0,4.0,6.0,7.0,4.0,9.0,3.0,0
24,1,1,2.0,6.0,3.0,3.0,0,1.0,7.73,1.0,7.0,4.0,3.0,5.0,3.0,7.0,4.0,6.0,4.0,2
23,1,0,6.0,10.0,4.0,4.0,3,4.0,7.0,3.0,6.0,4.0,5.0,5.0,6.0,7.0,5.0,6.0,4.0,0
25,1,2,5.0,7.0,3.0,0.0,3,3.0,4.98,1.0,4.0,6.0,4.0,5.0,4.0,5.0,3.0,5.0,3.0,0
20,0,2,3.0,5.0,3.0,0.0,4,4.0,4.55,3.0,7.0,7.0,6.0,5.0,4.0,5.0,3.0,5.0,3.0,0
20,0,0,4.0,9.0,2.0,2.0,1,0.0,7.15,2.0,5.0,4.0,5.0,6.0,4.0,6.0,5.0,7.0,4.0,0
21,0,2,4.0,6.0,3.0,2.0,4,4.0,4.4,3.0,8.0,4.0,5.0,5.0,6.0,5.0,7.0,4.0,4.0,2
20,2,1,6.0,9.0,2.0,0.0,1,2.0,6.25,2.0,6.0,5.0,5.0,5.0,6.0,6.0,6.0,7.0,4.0,0
26,1,2,3.0,5.0,4.0,1.0,1,4.0,6.2,3.0,8.0,4.0,4.0,6.0,4.0,8.0,4.0,5.0,5.0,2
21,1,1,1.0,5.0,3.0,0.0,3,3.0,6.09,1.0,8.0,5.0,5.0,4.0,2.0,7.0,5.0,5.0,4.0,0
23,0,1,4.0,5.0,4.0,1.0,3,4.0,6.94,3.0,8.0,6.0,6.0,4.0,4.0,7.0,5.0,5.0,4.0,0
25,0,1,5.0,11.0,1.0,2.0,2,4.0,8.79,2.0,7.0,5.0,2.0,8.0,5.0,9.0,7.0,5.0,7.0,2
25,0,1,6.0,9.0,5.0,2.0,0,2.0,6.31,1.0,4.0,6.0,7.0,4.0,5.0,7.0,4.0,7.0,3.0,0
22,2,2,3.0,5.0,3.0,3.0,4,2.0,6.24,0.0,5.0,5.0,7.0,3.0,3.0,6.0,4.0,7.0,2.0,0
22,0,2,5.0,6.0,3.0,2.0,2,3.0,4.89,1.0,5.0,4.0,4.0,6.0,4.0,5.0,6.0,5.0,4.0,2
23,1,1,6.0,9.0,2.0,0.0,4,2.0,6.61,1.0,5.0,5.0,5.0,5.0,5.0,6.0,6.0,8.0,3.0,0
24,1,1,5.0,9.0,2.0,2.0,4,6.0,5.93,3.0,6.0,5.0,5.0,5.0,3.0,6.0,7.0,6.0,4.0,2
24,0,1,7.0,10.0,4.0,2.0,0,1.0,6.82,2.0,7.0,6.0,6.0,4.0,6.0,8.0,4.0,8.0,3.0,0
21,0,2,6.0,10.0,3.0,0.0,4,3.0,6.92,1.0,9.0,6.0,5.0,6.0,7.0,8.0,5.0,6.0,5.0,2
23,1,1,3.0,5.0,3.0,1.0,4,2.0,6.76,1.0,5.0,5.0,5.0,5.0,4.0,7.0,3.0,6.0,3.0,0
24,1,0,4.0,8.0,2.0,2.0,3,5.0,4.63,2.0,7.0,5.0,4.0,5.0,4.0,4.0,6.0,8.0,3.0,0
22,0,1,7.0,9.0,4.0,0.0,3,4.0,6.35,3.0,7.0,6.0,4.0,3.0,6.0,7.0,5.0,7.0,3.0,0
22,0,0,2.0,6.0,0.0,3.0,3,0.0,6.2,2.0,5.0,4.0,3.0,6.0,3.0,6.0,5.0,5.0,4.0,2
19,1,1,4.0,6.0,3.0,0.0,0,3.0,5.67,2.0,5.0,6.0,6.0,4.0,4.0,5.0,4.0,4.0,3.0,0
24,0,1,7.0,9.0,2.0,1.0,3,3.0,6.28,1.0,7.0,4.0,3.0,5.0,6.0,6.0,7.0,5.0,5.0,2
23,1,1,7.0,9.0,4.0,0.0,2,2.0,6.86,3.0,5.0,7.0,5.0,5.0,5.0,7.0,7.0,5.0,4.0,2
18,2,1,4.0,9.0,3.0,2.0,2,3.0,6.15,1.0,8.0,4.0,4.0,6.0,5.0,7.0,4.0,7.0,4.0,0
21,1,1,2.0,4.0,4.0,2.0,2,4.0,7.33,2.0,6.0,4.0,3.0,6.0,3.0,8.0,6.0,4.0,6.0,2
20,0,2,3.0,6.0,2.0,0.0,0,4.0,6.44,1.0,8.0,5.0,6.0,5.0,5.0,6.0,4.0,5.0,4.0,0
20,0,1,5.0,8.0,3.0,1.0,1,0.0,7.05,1.0,10.0,4.0,5.0,8.0,4.0,6.0,5.0,5.0,5.0,2
24,1,1,3.0,6.0,3.0,2.0,1,0.0,5.39,2.0,7.0,6.0,6.0,4.0,4.0,4.0,4.0,6.0,2.0,0
21,0,1,8.0,8.0,3.0,3.0,2,0.0,7.4,1.0,6.0,7.0,7.0,4.0,6.0,8.0,4.0,8.0,3.0,0
25,1,1,4.0,5.0,3.0,2.0,1,2.0,7.36,1.0,4.0,6.0,4.0,8.0,2.0,7.0,5.0,7.0,5.0,2
26,0,1,6.0,10.0,3.0,5.0,4,2.0,5.72,3.0,7.0,5.0,7.0,5.0,7.0,6.0,3.0,8.0,2.0,0
20,0,0,4.0,7.0,3.0,2.0,0,3.0,7.11,2.0,5.0,7.0,4.0,5.0,3.0,6.0,5.0,5.0,4.0,0
22,1,1,4.0,7.0,2.0,3.0,2,2.0,7.65,3.0,4.0,4.0,5.0,5.0,4.0,9.0,5.0,6.0,5.0,2
21,1,1,4.0,8.0,2.0,0.0,2,2.0,6.34,1.0,5.0,6.0,5.0,5.0,3.0,8.0,7.0,6.0,5.0,2
23,0,1,3.0,6.0,2.0,1.0,2,3.0,4.16,2.0,8.0,4.0,6.0,4.0,6.0,4.0,2.0,6.0,1.0,0
21,1,2,3.0,8.0,4.0,3.0,4,0.0,7.8,3.0,4.0,3.0,5.0,4.0,5.0,8.0,4.0,7.0,3.0,0
25,0,1,5.0,7.0,2.0,2.0,3,4.0,6.54,2.0,9.0,5.0,4.0,6.0,7.0,7.0,6.0,4.0,5.0,2
20,1,2,4.0,6.0,4.0,4.0,2,3.0,6.34,2.0,9.0,6.0,6.0,6.0,5.0,7.0,3.0,6.0,3.0,0
22,2,1,3.0,5.0,4.0,1.0,1,1.0,6.33,3.0,9.0,7.0,7.0,4.0,6.0,5.0,4.0,7.0,2.0,0
18,0,1,5.0,9.0,3.0,0.0,3,2.0,6.72,3.0,5.0,6.0,5.0,7.0,7.0,7.0,2.0,6.0,3.0,0
23,0,1,6.0,10.0,2.0,1.0,4,1.0,5.6,3.0,8.0,6.0,4.0,5.0,6.0,6.0,5.0,8.0,3.0,0
22,1,1,7.0,10.0,4.0,0.0,2,4.0,9.7,1.0,8.0,7.0,5.0,5.0,6.0,9.0,7.0,6.0,6.0,2
25,1,1,3.0,5.0,3.0,3.0,3,4.0,6.43,2.0,5.0,3.0,3.0,6.0,4.0,8.0,8.0,2.0,6.0,2
26,1,1,3.0,4.0,0.0,0.0,2,3.0,8.38,2.0,8.0,3.0,4.0,4.0,2.0,8.0,5.0,5.0,4.0,2
25,1,1,6.0,10.0,4.0,3.0,2,3.0,6.86,1.0,5.0,6.0,4.0,5.0,5.0,6.0,4.0,5.0,4.0,0
25,0,2,3.0,6.0,4.0,2.0,4,5.0,6.37,1.0,7.0,6.0,8.0,4.0,5.0,7.0,4.0,6.0,3.0,0
20,0,1,4.0,6.0,2.0,4.0,1,4.0,5.82,1.0,8.0,5.0,6.0,5.0,4.0,5.0,4.0,6.0,3.0,0
21,1,1,2.0,6.0,4.0,2.0,4,0.0,6.6,0.0,3.0,5.0,6.0,6.0,4.0,7.0,4.0,6.0,4.0,0
21,0,1,5.0,10.0,1.0,5.0,4,2.0,6.6,2.0,8.0,5.0,5.0,6.0,7.0,7.0,6.0,5.0,5.0,2
22,1,1,4.0,7.0,3.0,0.0,1,4.0,3.0,0.0,6.0,6.0,9.0,3.0,4.0,3.0,2.0,8.0,1.0,0
26,1,1,6.0,9.0,5.0,2.0,3,4.0,5.28,1.0,6.0,6.0,6.0,5.0,6.0,5.0,4.0,7.0,3.0,0
26,0,1,5.0,9.0,2.0,5.0,4,6.0,6.45,3.0,7.0,2.0,5.0,5.0,3.0,6.0,5.0,6.0,3.0,0
18,0,1,6.0,10.0,1.0,0.0,2,4.0,6.51,1.0,6.0,7.0,6.0,4.0,4.0,6.0,6.0,6.0,3.0,0
25,0,1,6.0,9.0,3.0,3.0,4,0.0,3.97,2.0,3.0,5.0,6.0,4.0,6.0,4.0,2.0,7.0,1.0,0
18,1,1,3.0,5.0,5.0,1.0,1,2.0,6.37,4.0,6.0,5.0,4.0,7.0,3.0,6.0,6.0,5.0,5.0,2
19,1,1,4.0,8.0,1.0,2.0,3,4.0,7.78,2.0,4.0,2.0,3.0,8.0,3.0,9.0,7.0,5.0,6.0,2
24,1,0,4.0,7.0,3.0,3.0,1,0.0,6.77,2.0,10.0,5.0,4.0,6.0,5.0,6.0,4.0,5.0,4.0,0
25,0,1,4.0,8.0,4.0,0.0,2,3.0,6.93,3.0,5.0,5.0,4.0,6.0,5.0,7.0,6.0,5.0,5.0,2
18,0,2,5.0,9.0,4.0,2.0,3,2.0,8.02,1.0,10.0,7.0,7.0,1.0,6.0,10.0,6.0,8.0,3.0,0
20,1,2,3.0,7.0,3.0,0.0,4,4.0,8.31,0.0,8.0,5.0,5.0,5.0,4.0,8.0,6.0,4.0,5.0,2
24,0,2,4.0,8.0,3.0,2.0,3,4.0,6.0,2.0,6.0,6.0,5.0,5.0,5.0,7.0,5.0,6.0,4.0,0
26,1,2,3.0,6.0,3.0,2.0,4,1.0,8.52,2.0,5.0,5.0,4.0,6.0,5.0,9.0,6.0,4.0,6.0,2
25,0,1,4.0,7.0,4.0,6.0,4,6.0,4.8,1.0,6.0,4.0,6.0,6.0,5.0,4.0,7.0,5.0,4.0,0
25,1,1,5.0,8.0,2.0,1.0,0,0.0,6.03,1.0,6.0,4.0,5.0,6.0,5.0,5.0,6.0,7.0,4.0,0
26,1,2,2.0,4.0,4.0,2.0,4,4.0,8.68,2.0,6.0,5.0,3.0,6.0,4.0,10.0,5.0,3.0,6.0,2
20,1,1,5.0,8.0,4.0,0.0,4,5.0,7.15,2.0,5.0,5.0,5.0,2.0,6.0,8.0,5.0,4.0,4.0,0
25,1,1,6.0,10.0,3.0,4.0,4,3.0,5.45,1.0,5.0,5.0,5.0,6.0,4.0,6.0,3.0,6.0,3.0,0
18,0,1,6.0,9.0,2.0,2.0,0,2.0,5.58,3.0,8.0,6.0,5.0,3.0,6.0,8.0,4.0,6.0,3.0,0
25,0,1,2.0,5.0,2.0,3.0,3,3.0,6.9,1.0,5.0,3.0,3.0,7.0,4.0,8.0,5.0,4.0,6.0,2
24,0,2,2.0,3.0,5.0,3.0,0,1.0,6.06,0.0,10.0,5.0,4.0,7.0,5.0,7.0,6.0,6.0,5.0,2
25,0,1,5.0,7.0,5.0,2.0,1,2.0,8.16,1.0,10.0,7.0,7.0,3.0,4.0,8.0,3.0,5.0,3.0,0
18,1,2,4.0,7.0,3.0,1.0,4,3.0,4.24,1.0,6.0,5.0,6.0,5.0,4.0,4.0,5.0,6.0,2.0,0
23,2,1,4.0,7.0,6.0,1.0,0,3.0,8.75,1.0,6.0,7.0,5.0,5.0,5.0,9.0,8.0,5.0,6.0,2
24,2,1,0.0,3.0,3.0,3.0,0,3.0,6.97,1.0,3.0,7.0,4.0,5.0,3.0,7.0,5.0,4.0,4.0,2
22,1,1,2.0,6.0,2.0,2.0,3,4.0,4.74,0.0,4.0,3.0,3.0,5.0,3.0,4.0,3.0,5.0,2.0,0
22,1,1,6.0,10.0,1.0,2.0,3,3.0,7.28,2.0,7.0,3.0,5.0,3.0,6.0,8.0,7.0,4.0,4.0,2
24,0,1,5.0,8.0,2.0,5.0,3,2.0,4.69,1.0,5.0,6.0,8.0,4.0,6.0,5.0,4.0,7.0,2.0,0
20,1,1,7.0,9.0,4.0,3.0,2,4.0,4.91,0.0,1.0,5.0,6.0,5.0,8.0,5.0,5.0,7.0,3.0,0
23,0,1,5.0,6.0,2.0,1.0,3,3.0,6.17,2.0,5.0,6.0,5.0,5.0,7.0,7.0,5.0,5.0,4.0,2
24,1,2,4.0,8.0,2.0,0.0,4,1.0,8.25,0.0,6.0,5.0,5.0,4.0,4.0,7.0,5.0,5.0,3.0,0
18,0,1,2.0,4.0,3.0,0.0,0,3.0,5.42,1.0,11.0,5.0,5.0,5.0,2.0,6.0,4.0,3.0,4.0,0
19,0,1,4.0,6.0,5.0,3.0,1,0.0,7.8,3.0,5.0,6.0,3.0,6.0,5.0,7.0,5.0,5.0,5.0,2
21,1,2,4.0,7.0,5.0,0.0,1,1.0,8.86,0.0,5.0,6.0,7.0,4.0,6.0,10.0,5.0,7.0,4.0,0
25,1,1,2.0,8.0,3.0,2.0,1,5.0,6.96,3.0,7.0,6.0,5.0,7.0,4.0,6.0,5.0,7.0,4.0,2
23,1,1,6.0,11.0,4.0,3.0,4,6.0,7.56,1.0,8.0,5.0,5.0,5.0,6.0,7.0,5.0,6.0,4.0,0
18,0,2,4.0,9.0,4.0,0.0,0,4.0,5.11,2.0,6.0,6.0,6.0,5.0,4.0,5.0,3.0,7.0,3.0,0
22,0,2,5.0,7.0,4.0,4.0,2,4.0,6.87,2.0,7.0,5.0,6.0,4.0,4.0,7.0,6.0,7.0,4.0,0
24,1,2,3.0,5.0,2.0,0.0,2,3.0,8.01,0.0,6.0,6.0,6.0,5.0,5.0,8.0,7.0,6.0,4.0,2
23,0,1,5.0,9.0,4.0,2.0,3,1.0,7.15,0.0,8.0,4.0,4.0,7.0,6.0,7.0,5.0,6.0,5.0,2
26,1,0,4.0,7.0,2.0,1.0,2,5.0,5.95,0.0,8.0,5.0,4.0,6.0,3.0,6.0,5.0,5.0,4.0,2
25,0,1,7.0,11.0,2.0,2.0,0,3.0,6.99,1.0,8.0,6.0,5.0,6.0,5.0,7.0,5.0,7.0,4.0,0
21,2,0,3.0,5.0,4.0,2.0,3,2.0,6.15,1.0,8.0,5.0,6.0,7.0,3.0,5.0,4.0,7.0,3.0,0
22,1,0,3.0,6.0,5.0,1.0,4,5.0,8.15,0.0,6.0,6.0,4.0,6.0,4.0,9.0,6.0,4.0,6.0,2
24,2,1,4.0,6.0,3.0,2.0,1,6.0,5.33,2.0,9.0,4.0,4.0,5.0,4.0,4.0,6.0,4.0,3.0,0
25,0,1,4.0,4.0,3.0,1.0,1,0.0,6.47,2.0,3.0,5.0,7.0,4.0,4.0,6.0,2.0,6.0,2.0,0
22,1,2,4.0,7.0,3.0,1.0,3,4.0,8.61,1.0,2.0,5.0,4.0,6.0,3.0,8.0,6.0,3.0,5.0,2
26,0,1,6.0,10.0,4.0,1.0,3,3.0,6.01,0.0,9.0,5.0,5.0,5.0,6.0,7.0,6.0,4.0,5.0,2
21,1,1,3.0,6.0,3.0,0.0,3,4.0,7.77,1.0,8.0,3.0,2.0,6.0,4.0,9.0,7.0,3.0,6.0,2
21,1,0,4.0,7.0,3.0,1.0,0,5.0,6.77,2.0,4.0,5.0,4.0,7.0,5.0,8.0,6.0,3.0,6.0,2
25,0,1,3.0,4.0,2.0,1.0,3,4.0,7.85,1.0,7.0,6.0,5.0,5.0,4.0,9.0,4.0,2.0,5.0,2
18,0,0,3.0,4.0,2.0,2.0,0,3.0,6.43,3.0,9.0,4.0,4.0,4.0,4.0,6.0,6.0,6.0,4.0,0
25,0,2,4.0,7.0,4.0,2.0,3,2.0,5.82,2.0,11.0,6.0,4.0,6.0,5.0,6.0,4.0,5.0,4.0,0
22,1,2,4.0,7.0,3.0,4.0,0,3.0,5.81,2.0,5.0,4.0,4.0,7.0,5.0,6.0,5.0,5.0,4.0,2
18,2,1,7.0,10.0,2.0,4.0,0,4.0,7.43,1.0,3.0,4.0,4.0,6.0,7.0,7.0,7.0,7.0,5.0,2
21,0,1,3.0,8.0,3.0,0.0,2,0.0,6.01,1.0,8.0,5.0,5.0,5.0,4.0,7.0,3.0,8.0,3.0,0
19,2,0,4.0,7.0,4.0,4.0,2,2.0,8.63,1.0,6.0,5.0,4.0,5.0,3.0,8.0,6.0,5.0,5.0,2
21,1,1,1.0,6.0,2.0,0.0,3,3.0,7.32,4.0,4.0,4.0,4.0,6.0,2.0,8.0,7.0,6.0,5.0,2
25,0,2,5.0,7.0,4.0,2.0,3,2.0,6.1,1.0,4.0,7.0,5.0,4.0,6.0,7.0,5.0,3.0,4.0,0
22,0,2,4.0,5.0,4.0,2.0,0,5.0,8.46,3.0,6.0,6.0,6.0,7.0,5.0,9.0,6.0,3.0,6.0,2
18,1,1,5.0,9.0,5.0,3.0,0,1.0,6.35,0.0,4.0,4.0,6.0,4.0,4.0,7.0,3.0,7.0,2.0,0
24,2,2,4.0,9.0,4.0,1.0,2,0.0,4.23,2.0,4.0,5.0,7.0,5.0,5.0,4.0,2.0,6.0,1.0,0
18,1,1,1.0,6.0,1.0,2.0,4,6.0,6.08,3.0,7.0,4.0,3.0,7.0,3.0,6.0,6.0,4.0,5.0,2
26,1,1,7.0,9.0,4.0,1.0,1,3.0,4.92,2.0,7.0,8.0,7.0,5.0,6.0,7.0,4.0,8.0,2.0,0
20,2,1,4.0,7.0,3.0,4.0,1,2.0,6.92,2.0,6.0,5.0,4.0,8.0,4.0,8.0,4.0,6.0,5.0,2
20,2,2,5.0,7.0,3.0,2.0,4,5.0,5.58,2.0,8.0,5.0,5.0,4.0,4.0,6.0,7.0,5.0,4.0,0
23,1,2,7.0,10.0,4.0,3.0,4,2.0,7.53,2.0,9.0,4.0,4.0,5.0,7.0,7.0,5.0,7.0,4.0,0
23,1,1,3.0,5.0,4.0,0.0,1,3.0,6.15,1.0,6.0,4.0,4.0,8.0,3.0,6.0,5.0,3.0,5.0,2
23,0,1,2.0,5.0,4.0,3.0,2,3.0,9.85,1.0,1.0,5.0,4.0,6.0,5.0,10.0,7.0,5.0,6.0,2
18,2,1,2.0,6.0,2.0,0.0,1,5.0,6.93,2.0,6.0,4.0,4.0,5.0,4.0,7.0,5.0,3.0,4.0,2
22,0,1,4.0,8.0,4.0,3.0,4,3.0,7.1,2.0,9.0,5.0,5.0,3.0,5.0,6.0,6.0,6.0,3.0,0
23,0,1,4.0,6.0,2.0,2.0,1,5.0,7.23,2.0,9.0,5.0,5.0,5.0,4.0,7.0,7.0,4.0,5.0,2
25,0,2,6.0,10.0,2.0,2.0,1,4.0,6.85,0.0,6.0,6.0,5.0,5.0,6.0,7.0,6.0,6.0,4.0,2
18,1,0,5.0,8.0,3.0,5.0,4,1.0,8.02,1.0,5.0,5.0,4.0,5.0,5.0,10.0,6.0,5.0,6.0,2
22,2,1,2.0,4.0,1.0,1.0,2,3.0,6.92,1.0,5.0,4.0,4.0,6.0,3.0,6.0,8.0,4.0,5.0,2
20,1,2,3.0,7.0,3.0,3.0,1,2.0,6.92,2.0,7.0,5.0,4.0,5.0,3.0,8.0,7.0,7.0,5.0,2
19,0,2,3.0,6.0,3.0,2.0,3,4.0,6.98,0.0,2.0,5.0,5.0,4.0,5.0,6.0,7.0,5.0,4.0,0
25,0,0,4.0,8.0,2.0,4.0,3,3.0,7.94,0.0,8.0,5.0,3.0,6.0,6.0,8.0,7.0,6.0,5.0,2
24,0,1,3.0,7.0,5.0,4.0,1,3.0,5.92,2.0,7.0,5.0,4.0,6.0,6.0,6.0,5.0,4.0,4.0,2
24,0,2,2.0,6.0,3.0,4.0,4,1.0,3.96,1.0,4.0,5.0,6.0,5.0,3.0,4.0,2.0,6.0,2.0,0
22,2,0,4.0,7.0,3.0,2.0,3,2.0,6.89,3.0,5.0,4.0,4.0,5.0,4.0,5.0,6.0,6.0,4.0,0
26,0,0,3.0,5.0,2.0,0.0,1,1.0,7.27,2.0,4.0,5.0,3.0,7.0,4.0,7.0,2.0,4.0,4.0,2
22,0,1,2.0,4.0,5.0,1.0,4,1.0,5.31,2.0,5.0,7.0,8.0,4.0,2.0,5.0,2.0,8.0,1.0,0
19,1,1,6.0,12.0,2.0,0.0,3,2.0,5.21,2.0,5.0,6.0,7.0,2.0,5.0,4.0,4.0,9.0,1.0,0
20,0,2,4.0,7.0,3.0,0.0,2,4.0,5.43,2.0,6.0,5.0,5.0,3.0,4.0,5.0,4.0,5.0,2.0,0
21,1,1,7.0,11.0,4.0,1.0,4,0.0,4.68,3.0,7.0,5.0,5.0,4.0,7.0,5.0,4.0,9.0,2.0,0
22,1,1,6.0,9.0,2.0,3.0,3,1.0,7.18,1.0,6.0,5.0,4.0,5.0,6.0,7.0,6.0,6.0,4.0,2
20,1,1,3.0,6.0,3.0,0.0,0,4.0,7.9,0.0,4.0,4.0,5.0,4.0,5.0,7.0,6.0,4.0,4.0,0
24,0,1,7.0,10.0,3.0,0.0,0,3.0,5.25,2.0,6.0,10.0,8.0,2.0,7.0,5.0,4.0,8.0,1.0,0
22,2,1,6.0,9.0,3.0,0.0,4,4.0,7.12,0.0,5.0,4.0,6.0,4.0,6.0,9.0,5.0,7.0,4.0,2
22,0,1,3.0,6.0,4.0,4.0,3,4.0,6.75,0.0,4.0,5.0,5.0,3.0,3.0,7.0,5.0,6.0,3.0,0
23,1,1,4.0,8.0,3.0,1.0,2,4.0,5.8,1.0,5.0,5.0,5.0,4.0,4.0,5.0,6.0,5.0,3.0,0
24,1,1,4.0,8.0,4.0,3.0,4,2.0,7.83,2.0,8.0,5.0,5.0,5.0,4.0,8.0,5.0,8.0,4.0,2
25,0,1,4.0,7.0,2.0,2.0,4,1.0,9.4,2.0,6.0,5.0,2.0,7.0,3.0,10.0,8.0,5.0,7.0,2
26,1,2,6.0,9.0,4.0,0.0,2,5.0,4.95,4.0,8.0,7.0,6.0,5.0,4.0,5.0,4.0,5.0,3.0,0
21,1,1,5.0,9.0,3.0,2.0,1,3.0,6.72,2.0,7.0,5.0,4.0,6.0,3.0,5.0,6.0,4.0,5.0,2
22,0,2,6.0,9.0,3.0,3.0,1,4.0,6.45,3.0,7.0,6.0,7.0,4.0,5.0,6.0,4.0,7.0,2.0,0
22,2,1,5.0,9.0,3.0,0.0,2,6.0,6.61,1.0,5.0,6.0,6.0,4.0,4.0,8.0,7.0,7.0,4.0,2
25,1,2,3.0,7.0,2.0,3.0,2,3.0,6.15,1.0,3.0,5.0,6.0,6.0,3.0,6.0,4.0,7.0,3.0,0
26,1,0,2.0,5.0,3.0,1.0,3,4.0,7.27,3.0,4.0,4.0,2.0,7.0,2.0,7.0,4.0,4.0,5.0,2
24,0,1,3.0,6.0,4.0,3.0,2,4.0,6.71,1.0,8.0,7.0,5.0,5.0,4.0,9.0,5.0,5.0,5.0,2
22,0,1,7.0,11.0,2.0,1.0,0,4.0,4.86,2.0,7.0,6.0,6.0,4.0,6.0,3.0,5.0,7.0,2.0,0
20,0,2,5.0,7.0,3.0,4.0,0,4.0,6.45,3.0,10.0,5.0,4.0,5.0,5.0,7.0,5.0,5.0,4.0,2
18,1,2,4.0,7.0,3.0,4.0,1,1.0,6.86,2.0,9.0,6.0,5.0,6.0,5.0,5.0,6.0,8.0,3.0,0
26,1,1,6.0,9.0,3.0,3.0,0,3.0,8.05,3.0,4.0,4.0,2.0,7.0,5.0,8.0,7.0,4.0,7.0,2
22,2,0,4.0,8.0,0.0,5.0,0,2.0,6.03,0.0,9.0,1.0,6.0,5.0,5.0,6.0,4.0,6.0,3.0,0
26,1,1,4.0,6.0,5.0,3.0,3,2.0,6.7,0.0,7.0,6.0,7.0,4.0,5.0,7.0,5.0,7.0,3.0,0
21,0,2,5.0,7.0,2.0,0.0,1,4.0,5.46,2.0,3.0,6.0,4.0,6.0,5.0,6.0,4.0,4.0,4.0,2
22,1,1,3.0,6.0,5.0,0.0,3,4.0,8.19,1.0,5.0,5.0,2.0,7.0,4.0,8.0,5.0,3.0,6.0,2
21,0,1,3.0,6.0,2.0,5.0,4,2.0,6.65,2.0,3.0,6.0,5.0,4.0,4.0,9.0,5.0,7.0,4.0,0
19,0,1,5.0,6.0,4.0,0.0,0,3.0,8.5,1.0,8.0,5.0,3.0,5.0,4.0,9.0,7.0,4.0,6.0,2
18,0,1,4.0,6.0,2.0,1.0,0,5.0,6.29,1.0,8.0,4.0,4.0,6.0,4.0,6.0,7.0,7.0,5.0,2
25,0,0,4.0,5.0,2.0,0.0,3,3.0,6.33,0.0,4.0,5.0,6.0,5.0,6.0,7.0,4.0,6.0,3.0,0
21,1,2,5.0,7.0,6.0,1.0,4,3.0,6.75,2.0,6.0,5.0,3.0,6.0,5.0,6.0,5.0,3.0,5.0,2
22,2,2,3.0,6.0,3.0,3.0,0,4.0,7.19,1.0,8.0,6.0,3.0,6.0,4.0,7.0,7.0,5.0,5.0,2
23,1,0,5.0,9.0,1.0,3.0,2,4.0,8.41,3.0,10.0,5.0,3.0,8.0,6.0,9.0,7.0,6.0,6.0,2
25,1,1,2.0,7.0,5.0,2.0,3,2.0,8.27,3.0,9.0,4.0,5.0,4.0,2.0,9.0,5.0,6.0,4.0,0
25,1,1,2.0,4.0,4.0,0.0,1,7.0,5.56,1.0,6.0,5.0,5.0,5.0,1.0,6.0,6.0,6.0,4.0,0
24,0,0,2.0,5.0,5.0,3.0,4,4.0,6.17,2.0,10.0,7.0,7.0,7.0,3.0,5.0,4.0,5.0,3.0,0
21,0,1,4.0,7.0,1.0,3.0,0,4.0,3.54,1.0,7.0,4.0,4.0,6.0,4.0,5.0,4.0,6.0,4.0,0
23,0,2,2.0,5.0,2.0,2.0,0,5.0,5.22,1.0,5.0,4.0,4.0,6.0,1.0,5.0,5.0,4.0,4.0,0
21,0,1,7.0,9.0,3.0,2.0,1,4.0,6.5,2.0,3.0,5.0,3.0,6.0,6.0,5.0,5.0,6.0,4.0,0
24,0,2,7.0,8.0,3.0,1.0,0,3.0,8.79,2.0,8.0,7.0,4.0,3.0,4.0,8.0,4.0,4.0,4.0,0
18,0,1,5.0,6.0,2.0,1.0,2,2.0,4.68,2.0,4.0,4.0,4.0,6.0,3.0,5.0,3.0,5.0,3.0,0
22,0,2,5.0,10.0,4.0,0.0,2,1.0,7.99,1.0,5.0,5.0,3.0,6.0,6.0,9.0,6.0,6.0,5.0,2
21,0,0,3.0,7.0,2.0,3.0,4,1.0,6.3,0.0,5.0,2.0,2.0,6.0,4.0,7.0,7.0,6.0,5.0,2
24,0,2,6.0,11.0,2.0,3.0,2,4.0,7.38,1.0,7.0,4.0,4.0,4.0,7.0,8.0,6.0,7.0,4.0,2
26,1,1,4.0,7.0,3.0,2.0,4,5.0,6.31,1.0,5.0,5.0,5.0,4.0,4.0,5.0,5.0,6.0,3.0,0
22,1,1,4.0,6.0,2.0,1.0,4,2.0,7.07,0.0,3.0,4.0,4.0,8.0,5.0,7.0,6.0,4.0,6.0,2
21,2,1,4.0,7.0,2.0,4.0,3,2.0,5.56,1.0,6.0,5.0,5.0,6.0,4.0,6.0,6.0,7.0,4.0,2
26,1,2,3.0,6.0,3.0,3.0,0,3.0,4.32,1.0,6.0,5.0,5.0,7.0,4.0,5.0,4.0,6.0,3.0,0
22,1,1,5.0,9.0,2.0,3.0,0,5.0,7.09,1.0,6.0,5.0,5.0,5.0,5.0,7.0,6.0,7.0,4.0,2
26,2,0,3.0,6.0,2.0,3.0,2,4.0,7.93,2.0,5.0,5.0,5.0,4.0,3.0,9.0,6.0,5.0,5.0,2
25,1,2,4.0,6.0,5.0,2.0,0,4.0,6.95,1.0,4.0,6.0,3.0,4.0,4.0,8.0,6.0,5.0,5.0,2
21,0,0,1.0,4.0,3.0,1.0,4,5.0,8.23,2.0,6.0,4.0,4.0,5.0,3.0,8.0,6.0,3.0,5.0,2
24,0,1,5.0,7.0,4.0,0.0,4,2.0,5.26,2.0,5.0,5.0,5.0,6.0,6.0,5.0,4.0,4.0,4.0,0
22,2,0,4.0,8.0,2.0,0.0,1,4.0,7.4,3.0,6.0,4.0,3.0,6.0,4.0,7.0,6.0,6.0,5.0,2
21,1,2,3.0,5.0,3.0,0.0,0,4.0,6.15,2.0,1.0,6.0,5.0,4.0,3.0,5.0,4.0,5.0,3.0,0
22,1,2,4.0,5.0,3.0,2.0,0,3.0,8.94,0.0,8.0,5.0,4.0,5.0,5.0,7.0,7.0,4.0,5.0,2
22,2,1,3.0,6.0,3.0,3.0,2,2.0,4.8,1.0,6.0,5.0,6.0,5.0,4.0,5.0,4.0,7.0,2.0,0
26,1,1,2.0,5.0,3.0,2.0,2,5.0,6.79,3.0,2.0,6.0,7.0,4.0,3.0,8.0,5.0,6.0,3.0,0
26,0,1,6.0,10.0,6.0,0.0,3,3.0,5.85,0.0,10.0,5.0,7.0,3.0,6.0,6.0,4.0,9.0,2.0,0
23,0,1,6.0,10.0,4.0,1.0,2,4.0,5.3,0.0,7.0,7.0,7.0,3.0,7.0,5.0,4.0,6.0,1.0,0
21,1,1,5.0,7.0,4.0,2.0,4,5.0,8.03,0.0,3.0,5.0,6.0,5.0,4.0,9.0,6.0,5.0,5.0,2
19,2,0,6.0,9.0,4.0,0.0,4,0.0,4.57,3.0,5.0,5.0,4.0,6.0,6.0,5.0,4.0,6.0,3.0,0
20,0,1,3.0,6.0,2.0,2.0,0,2.0,5.78,2.0,3.0,5.0,5.0,4.0,6.0,5.0,5.0,5.0,3.0,0
19,1,1,4.0,8.0,5.0,2.0,1,2.0,6.25,0.0,5.0,6.0,7.0,3.0,4.0,6.0,6.0,8.0,2.0,0
22,1,1,3.0,6.0,1.0,2.0,0,2.0,5.95,0.0,6.0,4.0,4.0,7.0,4.0,5.0,4.0,6.0,4.0,0
23,1,0,4.0,9.0,4.0,0.0,1,2.0,6.98,1.0,6.0,5.0,4.0,5.0,5.0,6.0,5.0,6.0,4.0,0
22,1,1,5.0,9.0,5.0,4.0,2,4.0,6.31,1.0,5.0,7.0,5.0,5.0,5.0,6.0,6.0,7.0,3.0,0
19,0,1,4.0,7.0,1.0,2.0,3,3.0,5.92,3.0,5.0,4.0,5.0,5.0,4.0,6.0,6.0,6.0,4.0,2
22,1,1,2.0,5.0,3.0,1.0,3,3.0,7.67,2.0,7.0,3.0,3.0,5.0,3.0,8.0,7.0,4.0,5.0,2
26,1,2,5.0,8.0,2.0,1.0,3,6.0,6.39,1.0,6.0,4.0,5.0,4.0,5.0,6.0,7.0,6.0,4.0,0
21,2,1,3.0,6.0,1.0,4.0,2,3.0,7.12,2.0,10.0,4.0,2.0,6.0,5.0,8.0,5.0,4.0,5.0,2
19,0,1,5.0,9.0,3.0,1.0,1,1.0,4.7,1.0,3.0,5.0,4.0,5.0,7.0,4.0,4.0,4.0,3.0,0
20,1,1,7.0,10.0,3.0,1.0,0,4.0,5.77,0.0,6.0,6.0,6.0,5.0,7.0,4.0,4.0,7.0,2.0,0
20,2,1,6.0,8.0,4.0,2.0,3,3.0,6.07,1.0,9.0,6.0,6.0,6.0,3.0,7.0,3.0,6.0,3.0,0
26,1,1,4.0,9.0,3.0,0.0,0,7.0,8.08,0.0,11.0,4.0,3.0,7.0,5.0,7.0,5.0,4.0,5.0,2
21,2,2,4.0,7.0,2.0,4.0,3,2.0,7.37,3.0,4.0,3.0,2.0,6.0,6.0,7.0,7.0,6.0,5.0,2
18,0,2,4.0,6.0,3.0,0.0,1,4.0,4.09,2.0,7.0,5.0,4.0,6.0,5.0,3.0,5.0,5.0,3.0,0
18,0,1,3.0,6.0,2.0,3.0,2,3.0,7.15,1.0,6.0,6.0,5.0,5.0,4.0,7.0,4.0,5.0,4.0,0
24,0,1,3.0,5.0,5.0,2.0,1,4.0,8.84,2.0,2.0,5.0,4.0,5.0,4.0,9.0,9.0,5.0,6.0,2
24,0,1,4.0,7.0,3.0,1.0,1,2.0,7.23,1.0,5.0,4.0,2.0,7.0,4.0,7.0,6.0,5.0,6.0,2
19,0,1,4.0,7.0,3.0,2.0,4,5.0,5.24,2.0,8.0,5.0,3.0,6.0,4.0,6.0,5.0,5.0,4.0,2
26,0,1,2.0,5.0,5.0,1.0,3,2.0,6.24,3.0,3.0,6.0,6.0,4.0,3.0,6.0,4.0,7.0,2.0,0
26,1,2,4.0,6.0,3.0,2.0,1,7.0,7.1,2.0,8.0,4.0,5.0,4.0,6.0,6.0,8.0,3.0,4.0,2
22,1,1,4.0,7.0,2.0,0.0,4,2.0,5.51,3.0,6.0,5.0,5.0,5.0,4.0,6.0,4.0,5.0,3.0,0
20,0,2,1.0,4.0,3.0,0.0,0,2.0,6.72,2.0,5.0,4.0,4.0,6.0,2.0,8.0,5.0,4.0,5.0,2
20,0,1,4.0,7.0,4.0,0.0,1,0.0,8.08,1.0,8.0,5.0,4.0,5.0,4.0,9.0,7.0,5.0,5.0,2
20,0,1,0.0,5.0,2.0,1.0,2,7.0,7.15,3.0,9.0,2.0,3.0,7.0,3.0,8.0,7.0,4.0,6.0,2
23,0,1,2.0,5.0,7.0,2.0,4,4.0,5.86,0.0,13.0,5.0,3.0,6.0,3.0,5.0,5.0,2.0,4.0,2
21,0,1,2.0,5.0,3.0,2.0,2,5.0,8.27,1.0,5.0,5.0,2.0,9.0,4.0,9.0,6.0,3.0,7.0,1
25,1,2,4.0,5.0,3.0,1.0,4,2.0,5.2,1.0,6.0,5.0,5.0,5.0,5.0,5.0,3.0,5.0,3.0,0
22,1,2,3.0,4.0,1.0,2.0,3,2.0,6.91,2.0,5.0,3.0,3.0,7.0,4.0,8.0,4.0,5.0,5.0,2
18,0,1,3.0,6.0,0.0,1.0,0,6.0,4.59,1.0,7.0,5.0,5.0,6.0,4.0,4.0,5.0,5.0,4.0,0
26,0,2,7.0,11.0,2.0,2.0,2,4.0,5.1,3.0,11.0,6.0,6.0,6.0,8.0,5.0,5.0,7.0,3.0,0
18,0,1,3.0,4.0,2.0,0.0,1,7.0,5.64,2.0,4.0,3.0,7.0,3.0,5.0,7.0,5.0,5.0,3.0,0
23,0,2,6.0,9.0,2.0,2.0,0,7.0,7.27,1.0,4.0,5.0,4.0,6.0,5.0,8.0,6.0,4.0,6.0,2
18,0,0,5.0,9.0,3.0,1.0,0,4.0,6.98,3.0,6.0,5.0,4.0,6.0,6.0,6.0,4.0,5.0,4.0,0
20,0,2,5.0,9.0,1.0,2.0,1,5.0,6.3,1.0,4.0,5.0,4.0,6.0,3.0,8.0,6.0,5.0,5.0,2
22,1,1,6.0,10.0,4.0,1.0,2,0.0,7.75,1.0,2.0,5.0,4.0,6.0,4.0,8.0,4.0,9.0,4.0,0
24,0,2,3.0,6.0,3.0,3.0,2,4.0,6.55,2.0,7.0,4.0,3.0,6.0,3.0,6.0,4.0,4.0,4.0,2
25,1,0,4.0,6.0,4.0,2.0,3,2.0,7.57,1.0,6.0,5.0,5.0,5.0,4.0,8.0,6.0,5.0,5.0,2
26,0,1,3.0,4.0,3.0,3.0,4,3.0,8.0,2.0,10.0,4.0,3.0,8.0,3.0,8.0,7.0,4.0,7.0,2
23,1,1,0.0,5.0,2.0,2.0,0,3.0,5.65,3.0,3.0,5.0,6.0,4.0,3.0,5.0,4.0,6.0,2.0,0
26,1,1,4.0,8.0,3.0,1.0,0,3.0,5.71,1.0,5.0,7.0,6.0,4.0,5.0,5.0,5.0,6.0,3.0,0
25,1,1,7.0,10.0,5.0,3.0,3,6.0,4.62,1.0,5.0,6.0,7.0,4.0,6.0,4.0,5.0,9.0,2.0,0
26,1,1,2.0,3.0,2.0,0.0,4,3.0,6.45,0.0,6.0,5.0,6.0,6.0,2.0,6.0,7.0,6.0,4.0,2
21,0,1,2.0,6.0,4.0,1.0,4,1.0,8.23,2.0,5.0,6.0,4.0,6.0,3.0,7.0,4.0,6.0,4.0,0
26,2,1,4.0,8.0,5.0,1.0,4,3.0,7.0,4.0,8.0,7.0,4.0,6.0,4.0,7.0,6.0,4.0,5.0,2
24,1,1,4.0,7.0,3.0,2.0,1,3.0,6.95,0.0,6.0,4.0,4.0,6.0,6.0,8.0,4.0,4.0,5.0,2
22,0,2,6.0,9.0,3.0,0.0,3,5.0,7.71,2.0,4.0,7.0,6.0,5.0,5.0,7.0,7.0,4.0,5.0,2
22,0,1,3.0,6.0,3.0,3.0,1,2.0,8.38,1.0,7.0,5.0,6.0,3.0,4.0,7.0,7.0,7.0,4.0,0
18,1,0,6.0,8.0,3.0,4.0,4,4.0,7.12,1.0,5.0,7.0,5.0,4.0,6.0,7.0,7.0,5.0,4.0,2
19,1,1,5.0,8.0,6.0,1.0,1,4.0,7.34,1.0,6.0,7.0,5.0,5.0,3.0,8.0,4.0,4.0,4.0,2
20,1,2,6.0,7.0,2.0,1.0,0,4.0,6.46,3.0,7.0,5.0,3.0,6.0,5.0,5.0,5.0,4.0,4.0,2
25,0,1,3.0,7.0,4.0,2.0,1,1.0,6.96,3.0,4.0,6.0,7.0,5.0,5.0,8.0,4.0,6.0,3.0,0
23,1,1,4.0,8.0,3.0,0.0,1,2.0,7.68,2.0,7.0,4.0,4.0,6.0,5.0,8.0,7.0,6.0,5.0,2
22,1,1,4.0,8.0,4.0,1.0,2,4.0,5.89,2.0,3.0,4.0,3.0,5.0,3.0,6.0,7.0,6.0,4.0,2
18,1,2,5.0,6.0,3.0,1.0,3,2.0,6.46,1.0,2.0,5.0,3.0,7.0,3.0,7.0,5.0,4.0,5.0,2
26,0,2,3.0,6.0,3.0,1.0,4,4.0,5.77,1.0,7.0,6.0,5.0,4.0,5.0,6.0,5.0,7.0,3.0,0
20,0,2,3.0,7.0,2.0,1.0,3,3.0,7.32,1.0,6.0,5.0,4.0,6.0,5.0,6.0,7.0,6.0,5.0,2
20,1,1,6.0,10.0,2.0,3.0,0,5.0,6.35,3.0,8.0,5.0,5.0,5.0,5.0,5.0,5.0,7.0,3.0,0
19,0,1,5.0,10.0,3.0,1.0,4,1.0,6.96,2.0,2.0,7.0,5.0,4.0,7.0,8.0,3.0,8.0,3.0,0
21,0,1,2.0,4.0,1.0,2.0,0,5.0,4.14,0.0,8.0,4.0,6.0,5.0,3.0,4.0,5.0,5.0,3.0,0
19,1,1,4.0,7.0,3.0,0.0,1,3.0,4.73,2.0,5.0,4.0,4.0,4.0,5.0,5.0,5.0,6.0,3.0,0
26,1,1,6.0,9.0,4.0,3.0,2,3.0,7.52,2.0,5.0,6.0,5.0,6.0,4.0,10.0,6.0,6.0,6.0,2
24,0,1,3.0,6.0,4.0,0.0,4,3.0,5.5,1.0,10.0,6.0,6.0,4.0,3.0,4.0,4.0,4.0,2.0,0
25,0,1,5.0,9.0,2.0,2.0,0,4.0,5.32,2.0,6.0,5.0,3.0,6.0,4.0,4.0,6.0,5.0,4.0,0
20,0,1,5.0,6.0,3.0,2.0,1,0.0,5.46,1.0,5.0,5.0,5.0,7.0,4.0,5.0,3.0,7.0,3.0,0
23,0,1,1.0,4.0,3.0,0.0,4,3.0,6.74,1.0,5.0,4.0,5.0,4.0,3.0,7.0,4.0,4.0,4.0,0
23,1,2,3.0,6.0,2.0,0.0,4,1.0,5.93,2.0,4.0,4.0,5.0,5.0,4.0,6.0,5.0,6.0,3.0,0
18,1,1,3.0,7.0,3.0,2.0,3,3.0,5.97,1.0,6.0,5.0,5.0,5.0,5.0,6.0,5.0,4.0,4.0,0
23,0,0,4.0,8.0,4.0,1.0,4,3.0,5.73,1.0,10.0,4.0,6.0,5.0,5.0,7.0,5.0,7.0,3.0,0
20,0,1,3.0,6.0,6.0,1.0,0,4.0,7.39,3.0,2.0,5.0,6.0,4.0,5.0,6.0,5.0,5.0,4.0,0
20,1,1,5.0,10.0,3.0,1.0,2,5.0,5.99,3.0,8.0,5.0,5.0,4.0,5.0,5.0,6.0,4.0,4.0,0
20,2,2,4.0,6.0,4.0,0.0,4,3.0,6.11,2.0,6.0,5.0,4.0,6.0,4.0,7.0,5.0,6.0,4.0,2
25,0,2,2.0,4.0,1.0,5.0,0,0.0,5.57,2.0,4.0,1.0,3.0,7.0,4.0,6.0,6.0,4.0,5.0,2
22,1,2,0.0,5.0,3.0,2.0,1,3.0,7.02,1.0,7.0,3.0,4.0,7.0,3.0,6.0,6.0,5.0,5.0,2
21,0,2,3.0,6.0,5.0,3.0,1,0.0,8.61,3.0,6.0,5.0,2.0,6.0,3.0,10.0,8.0,5.0,7.0,2
26,1,2,4.0,6.0,4.0,0.0,4,0.0,7.23,2.0,5.0,7.0,3.0,6.0,4.0,7.0,6.0,6.0,5.0,2
26,0,2,4.0,8.0,3.0,1.0,2,2.0,7.23,1.0,7.0,6.0,4.0,6.0,6.0,8.0,5.0,6.0,4.0,2
18,0,2,2.0,5.0,4.0,2.0,4,0.0,7.67,1.0,6.0,4.0,2.0,6.0,4.0,9.0,6.0,4.0,6.0,2
19,1,2,5.0,9.0,3.0,0.0,3,1.0,5.98,2.0,7.0,6.0,5.0,6.0,5.0,5.0,3.0,7.0,3.0,0
25,0,1,3.0,8.0,1.0,2.0,4,4.0,6.3,2.0,6.0,4.0,5.0,4.0,4.0,6.0,5.0,6.0,3.0,0
22,0,2,5.0,8.0,2.0,3.0,3,2.0,4.29,1.0,3.0,5.0,3.0,6.0,5.0,6.0,5.0,3.0,5.0,2
24,1,1,5.0,10.0,4.0,2.0,3,4.0,7.11,2.0,3.0,4.0,3.0,6.0,4.0,6.0,8.0,5.0,5.0,2
18,1,0,5.0,9.0,3.0,2.0,3,4.0,6.5,1.0,5.0,6.0,5.0,5.0,6.0,6.0,5.0,5.0,4.0,0
22,1,1,5.0,6.0,1.0,3.0,3,3.0,5.74,0.0,5.0,5.0,5.0,5.0,6.0,5.0,6.0,4.0,4.0,0
20,0,1,2.0,6.0,3.0,1.0,3,2.0,6.71,1.0,6.0,4.0,5.0,5.0,2.0,6.0,5.0,8.0,3.0,0
19,1,0,4.0,8.0,2.0,3.0,1,3.0,8.68,2.0,4.0,4.0,4.0,6.0,3.0,9.0,7.0,7.0,5.0,2
19,1,1,6.0,10.0,0.0,1.0,4,6.0,6.55,0.0,5.0,4.0,3.0,7.0,5.0,6.0,4.0,4.0,4.0,2
26,1,2,4.0,6.0,3.0,0.0,4,4.0,6.74,3.0,7.0,5.0,4.0,5.0,6.0,7.0,6.0,3.0,5.0,2
21,1,1,2.0,5.0,1.0,2.0,3,3.0,8.68,0.0,3.0,3.0,1.0,5.0,3.0,8.0,10.0,2.0,7.0,1
21,0,1,5.0,8.0,3.0,3.0,3,3.0,7.91,3.0,7.0,4.0,3.0,7.0,6.0,8.0,8.0,6.0,6.0,2
24,0,0,5.0,9.0,3.0,0.0,3,3.0,7.57,2.0,3.0,6.0,4.0,6.0,5.0,8.0,6.0,6.0,5.0,2
19,0,1,4.0,7.0,6.0,0.0,4,3.0,8.72,0.0,5.0,7.0,4.0,4.0,4.0,10.0,6.0,7.0,5.0,2
20,0,2,4.0,7.0,4.0,0.0,3,4.0,5.44,3.0,6.0,5.0,7.0,3.0,2.0,7.0,5.0,8.0,2.0,0
20,0,1,4.0,7.0,3.0,0.0,3,1.0,8.97,2.0,4.0,6.0,6.0,4.0,5.0,9.0,5.0,5.0,4.0,0
23,1,2,5.0,9.0,5.0,2.0,2,5.0,7.7,1.0,8.0,6.0,5.0,4.0,5.0,9.0,5.0,8.0,4.0,0
20,1,2,4.0,6.0,2.0,2.0,4,3.0,8.0,2.0,10.0,3.0,2.0,7.0,5.0,8.0,7.0,2.0,7.0,2
22,1,2,5.0,10.0,2.0,1.0,2,5.0,7.3,3.0,1.0,3.0,3.0,6.0,4.0,7.0,7.0,7.0,5.0,2
21,0,0,6.0,10.0,2.0,0.0,0,0.0,5.53,0.0,8.0,5.0,5.0,6.0,6.0,6.0,4.0,6.0,3.0,0
20,2,1,4.0,7.0,4.0,1.0,2,0.0,4.31,2.0,8.0,8.0,7.0,5.0,2.0,4.0,2.0,6.0,1.0,0
25,1,2,8.0,10.0,3.0,3.0,2,5.0,6.98,0.0,6.0,6.0,5.0,4.0,7.0,6.0,6.0,6.0,3.0,0
20,1,2,7.0,11.0,2.0,3.0,0,3.0,5.78,3.0,6.0,4.0,5.0,4.0,6.0,5.0,6.0,6.0,3.0,0
23,1,1,3.0,7.0,4.0,0.0,2,2.0,5.65,0.0,5.0,6.0,7.0,2.0,3.0,7.0,3.0,7.0,2.0,0
24,0,1,7.0,11.0,2.0,0.0,2,2.0,6.01,0.0,6.0,4.0,3.0,5.0,8.0,6.0,5.0,5.0,4.0,0
24,0,2,3.0,6.0,2.0,3.0,3,3.0,3.47,1.0,8.0,6.0,6.0,3.0,4.0,3.0,4.0,4.0,2.0,0
19,1,2,8.0,12.0,3.0,4.0,0,6.0,5.29,3.0,5.0,7.0,6.0,4.0,7.0,6.0,3.0,8.0,2.0,0
20,0,1,4.0,6.0,3.0,2.0,3,0.0,4.7,2.0,4.0,5.0,5.0,5.0,3.0,4.0,5.0,7.0,3.0,0
21,0,1,5.0,9.0,3.0,0.0,1,1.0,5.05,1.0,8.0,6.0,5.0,6.0,5.0,4.0,6.0,6.0,4.0,0
24,1,1,5.0,7.0,3.0,0.0,4,1.0,5.53,2.0,7.0,5.0,8.0,2.0,4.0,5.0,3.0,10.0,1.0,0
19,1,1,3.0,5.0,3.0,2.0,2,5.0,6.32,2.0,6.0,5.0,5.0,4.0,4.0,5.0,7.0,4.0,4.0,0
20,0,1,5.0,7.0,4.0,1.0,1,5.0,7.11,2.0,8.0,7.0,6.0,3.0,7.0,8.0,7.0,5.0,4.0,2
24,1,1,6.0,8.0,5.0,1.0,0,3.0,8.7,1.0,5.0,5.0,4.0,7.0,5.0,9.0,6.0,5.0,6.0,2
24,1,1,4.0,7.0,3.0,1.0,1,4.0,4.87,0.0,7.0,6.0,6.0,4.0,3.0,5.0,5.0,6.0,3.0,0
20,1,2,4.0,9.0,5.0,3.0,0,2.0,7.9,3.0,9.0,4.0,2.0,6.0,5.0,9.0,6.0,5.0,6.0,2
18,0,2,5.0,10.0,3.0,0.0,0,5.0,6.04,3.0,7.0,4.0,4.0,5.0,5.0,6.0,7.0,6.0,4.0,2
20,0,1,2.0,8.0,3.0,2.0,0,4.0,3.93,0.0,4.0,4.0,8.0,4.0,3.0,5.0,4.0,6.0,2.0,0
22,0,1,4.0,7.0,2.0,0.0,2,3.0,5.33,2.0,4.0,6.0,6.0,5.0,6.0,5.0,6.0,6.0,3.0,0
24,1,2,6.0,9.0,1.0,1.0,0,0.0,7.38,3.0,5.0,3.0,4.0,5.0,5.0,6.0,5.0,9.0,3.0,0
21,1,2,4.0,7.0,2.0,1.0,2,2.0,6.65,3.0,7.0,6.0,6.0,6.0,3.0,6.0,3.0,6.0,3.0,0
18,0,2,5.0,6.0,4.0,2.0,1,2.0,4.2,2.0,7.0,5.0,6.0,5.0,3.0,5.0,3.0,6.0,2.0,0
23,1,2,2.0,4.0,2.0,0.0,1,3.0,6.92,4.0,6.0,5.0,3.0,7.0,1.0,8.0,4.0,4.0,5.0,2
19,0,1,4.0,7.0,2.0,0.0,2,3.0,5.19,2.0,6.0,3.0,6.0,6.0,7.0,5.0,3.0,5.0,3.0,0
20,1,1,4.0,6.0,2.0,1.0,1,2.0,5.81,4.0,8.0,4.0,5.0,6.0,3.0,6.0,6.0,5.0,4.0,2
21,0,2,4.0,7.0,4.0,3.0,3,2.0,6.14,2.0,5.0,5.0,4.0,4.0,4.0,7.0,6.0,5.0,4.0,2
23,0,1,4.0,5.0,2.0,1.0,1,4.0,6.6,1.0,2.0,3.0,3.0,6.0,4.0,7.0,5.0,3.0,5.0,2
23,0,1,6.0,9.0,1.0,0.0,3,1.0,7.28,1.0,10.0,5.0,6.0,5.0,5.0,7.0,4.0,6.0,3.0,0
24,1,1,3.0,4.0,1.0,2.0,1,2.0,6.87,1.0,8.0,3.0,4.0,6.0,5.0,7.0,6.0,6.0,5.0,2
22,0,1,3.0,6.0,2.0,2.0,1,2.0,7.68,1.0,7.0,5.0,4.0,6.0,4.0,8.0,6.0,7.0,5.0,2
24,1,1,3.0,4.0,3.0,1.0,0,2.0,7.02,0.0,9.0,4.0,5.0,5.0,4.0,8.0,4.0,4.0,4.0,2
19,0,1,2.0,6.0,3.0,2.0,3,4.0,6.76,4.0,8.0,5.0,4.0,5.0,4.0,8.0,5.0,7.0,4.0,2
18,1,1,4.0,9.0,3.0,3.0,2,2.0,6.04,1.0,5.0,3.0,6.0,5.0,4.0,6.0,6.0,7.0,3.0,0
25,0,1,3.0,5.0,5.0,1.0,0,2.0,5.61,3.0,9.0,6.0,5.0,6.0,3.0,6.0,4.0,4.0,4.0,0
18,1,0,4.0,7.0,5.0,1.0,3,4.0,7.95,1.0,3.0,9.0,6.0,5.0,6.0,8.0,6.0,5.0,4.0,2
19,0,2,4.0,8.0,2.0,1.0,0,4.0,5.81,1.0,4.0,3.0,3.0,6.0,4.0,5.0,7.0,4.0,5.0,2
23,0,2,4.0,7.0,1.0,1.0,4,3.0,8.61,1.0,6.0,5.0,3.0,8.0,5.0,9.0,6.0,6.0,6.0,2
18,1,1,5.0,7.0,4.0,0.0,0,3.0,7.66,1.0,8.0,6.0,4.0,5.0,5.0,7.0,4.0,5.0,4.0,0
20,2,1,0.0,2.0,3.0,2.0,2,2.0,7.8,0.0,6.0,6.0,5.0,4.0,5.0,8.0,5.0,5.0,4.0,2
24,1,1,6.0,8.0,3.0,4.0,4,4.0,5.64,2.0,6.0,4.0,3.0,5.0,5.0,6.0,5.0,5.0,4.0,2
25,2,1,4.0,8.0,2.0,1.0,2,3.0,7.67,1.0,5.0,4.0,3.0,6.0,3.0,7.0,6.0,5.0,5.0,2
21,0,1,5.0,9.0,1.0,0.0,2,4.0,8.78,4.0,5.0,5.0,2.0,9.0,5.0,8.0,8.0,5.0,7.0,1
20,2,1,2.0,5.0,0.0,0.0,3,3.0,7.87,1.0,6.0,3.0,4.0,6.0,2.0,9.0,7.0,6.0,6.0,2
18,1,1,2.0,6.0,3.0,0.0,1,3.0,9.14,1.0,1.0,4.0,2.0,8.0,3.0,10.0,7.0,3.0,7.0,1
26,1,2,5.0,9.0,4.0,1.0,0,0.0,7.15,3.0,5.0,6.0,5.0,6.0,5.0,6.0,3.0,5.0,3.0,0
23,0,2,5.0,7.0,4.0,0.0,2,1.0,8.17,1.0,4.0,7.0,7.0,4.0,5.0,9.0,5.0,7.0,3.0,0
23,2,1,2.0,5.0,3.0,2.0,4,2.0,7.22,3.0,7.0,5.0,5.0,4.0,5.0,7.0,4.0,6.0,3.0,0
26,1,2,5.0,6.0,2.0,4.0,3,0.0,4.83,1.0,8.0,6.0,7.0,2.0,5.0,4.0,3.0,7.0,1.0,0
18,1,1,5.0,8.0,1.0,2.0,0,2.0,7.94,2.0,3.0,4.0,5.0,5.0,6.0,10.0,6.0,7.0,5.0,2
23,1,2,5.0,9.0,4.0,3.0,0,3.0,5.64,0.0,4.0,6.0,6.0,5.0,4.0,6.0,3.0,7.0,3.0,0
22,0,1,4.0,9.0,2.0,4.0,3,1.0,4.82,1.0,8.0,4.0,4.0,7.0,5.0,4.0,3.0,8.0,3.0,0
23,0,1,4.0,8.0,2.0,0.0,0,4.0,6.1,1.0,5.0,4.0,6.0,5.0,3.0,7.0,6.0,8.0,3.0,0
25,1,2,7.0,7.0,2.0,3.0,1,6.0,7.0,1.0,10.0,5.0,5.0,5.0,7.0,8.0,6.0,5.0,5.0,2
22,1,1,3.0,5.0,3.0,3.0,1,3.0,5.85,2.0,12.0,4.0,5.0,5.0,3.0,7.0,4.0,5.0,4.0,0
19,0,0,5.0,8.0,3.0,0.0,0,2.0,7.9,2.0,8.0,6.0,5.0,5.0,5.0,8.0,4.0,5.0,4.0,2
19,1,1,5.0,8.0,4.0,2.0,0,4.0,5.44,2.0,5.0,6.0,6.0,2.0,4.0,6.0,3.0,6.0,2.0,0
22,0,2,2.0,5.0,3.0,0.0,3,4.0,7.0,2.0,4.0,3.0,1.0,9.0,2.0,8.0,6.0,1.0,7.0,1
20,1,1,2.0,4.0,3.0,0.0,4,2.0,6.35,1.0,5.0,4.0,6.0,6.0,5.0,6.0,5.0,5.0,4.0,0
20,0,1,4.0,8.0,4.0,4.0,2,2.0,6.36,1.0,9.0,5.0,5.0,5.0,5.0,8.0,5.0,9.0,4.0,0
25,0,2,2.0,5.0,2.0,1.0,2,2.0,7.08,0.0,5.0,4.0,4.0,7.0,2.0,7.0,5.0,4.0,5.0,2
24,0,2,0.0,2.0,3.0,1.0,4,4.0,7.49,3.0,5.0,4.0,4.0,7.0,2.0,8.0,4.0,3.0,6.0,2
18,1,2,9.0,11.0,2.0,0.0,0,2.0,6.85,0.0,6.0,5.0,4.0,5.0,8.0,6.0,5.0,8.0,4.0,0
22,0,1,3.0,8.0,3.0,2.0,2,4.0,7.57,3.0,3.0,4.0,5.0,4.0,4.0,7.0,8.0,6.0,5.0,2
26,1,1,5.0,10.0,4.0,0.0,1,3.0,7.01,1.0,7.0,6.0,5.0,5.0,5.0,8.0,3.0,6.0,4.0,0
21,0,1,4.0,8.0,2.0,0.0,3,4.0,9.12,4.0,6.0,3.0,1.0,7.0,6.0,8.0,7.0,3.0,7.0,2
18,1,1,7.0,11.0,5.0,4.0,4,2.0,4.15,3.0,5.0,7.0,6.0,6.0,6.0,5.0,3.0,7.0,2.0,0
25,0,2,7.0,9.0,3.0,0.0,2,2.0,3.0,3.0,5.0,4.0,6.0,4.0,8.0,1.0,4.0,9.0,1.0,0
22,1,1,5.0,8.0,4.0,0.0,4,4.0,7.04,0.0,4.0,6.0,5.0,6.0,5.0,7.0,4.0,6.0,4.0,0
19,1,2,2.0,4.0,1.0,1.0,0,1.0,4.81,0.0,9.0,4.0,5.0,4.0,3.0,4.0,6.0,5.0,3.0,0
18,1,1,6.0,9.0,5.0,3.0,2,2.0,6.7,2.0,5.0,6.0,5.0,2.0,5.0,6.0,5.0,6.0,3.0,0
20,2,1,2.0,4.0,4.0,0.0,4,0.0,6.78,1.0,6.0,5.0,2.0,5.0,3.0,7.0,5.0,5.0,5.0,2
26,2,1,6.0,9.0,1.0,1.0,2,5.0,4.56,2.0,8.0,4.0,5.0,4.0,4.0,5.0,6.0,5.0,4.0,0
18,1,1,3.0,5.0,1.0,4.0,2,3.0,7.04,2.0,7.0,3.0,3.0,8.0,2.0,7.0,7.0,3.0,6.0,2
21,1,1,3.0,6.0,4.0,3.0,2,3.0,7.28,1.0,6.0,4.0,2.0,7.0,4.0,7.0,6.0,5.0,5.0,2
25,1,1,7.0,11.0,4.0,1.0,4,4.0,5.89,2.0,7.0,7.0,6.0,3.0,6.0,6.0,5.0,8.0,2.0,0
25,1,2,4.0,9.0,1.0,2.0,3,2.0,8.11,1.0,4.0,4.0,4.0,5.0,6.0,9.0,4.0,6.0,4.0,2
25,0,2,3.0,5.0,4.0,2.0,3,2.0,4.64,2.0,7.0,6.0,7.0,4.0,3.0,4.0,4.0,7.0,2.0,0
25,1,2,4.0,6.0,2.0,0.0,4,3.0,6.15,0.0,4.0,6.0,4.0,6.0,4.0,6.0,5.0,8.0,4.0,0
21,0,1,4.0,7.0,3.0,1.0,1,4.0,7.53,2.0,8.0,4.0,2.0,5.0,5.0,6.0,7.0,6.0,4.0,2
25,0,1,3.0,5.0,3.0,2.0,0,3.0,7.62,3.0,6.0,4.0,5.0,3.0,2.0,8.0,6.0,5.0,4.0,0
26,0,1,5.0,6.0,2.0,0.0,4,3.0,7.26,0.0,6.0,5.0,4.0,7.0,5.0,5.0,7.0,5.0,5.0,2
24,0,1,3.0,7.0,3.0,1.0,1,2.0,6.1,2.0,7.0,5.0,5.0,6.0,3.0,7.0,4.0,7.0,3.0,0
19,1,1,1.0,3.0,2.0,0.0,4,3.0,3.46,1.0,4.0,5.0,7.0,5.0,4.0,3.0,4.0,8.0,2.0,0
26,1,0,4.0,7.0,2.0,3.0,0,5.0,5.54,3.0,6.0,4.0,4.0,5.0,4.0,5.0,5.0,3.0,4.0,2
25,0,1,3.0,7.0,2.0,5.0,4,2.0,7.24,1.0,8.0,4.0,3.0,8.0,4.0,8.0,7.0,4.0,6.0,2
22,1,1,4.0,6.0,4.0,2.0,2,2.0,8.06,3.0,4.0,5.0,4.0,6.0,3.0,8.0,5.0,6.0,5.0,2
20,1,2,4.0,7.0,2.0,1.0,4,5.0,7.85,1.0,7.0,6.0,5.0,6.0,5.0,7.0,7.0,5.0,5.0,2
24,2,1,5.0,9.0,4.0,0.0,1,3.0,8.38,2.0,9.0,7.0,5.0,2.0,6.0,8.0,7.0,3.0,4.0,2
19,0,2,5.0,6.0,4.0,2.0,4,1.0,8.91,1.0,9.0,6.0,5.0,6.0,3.0,9.0,8.0,7.0,6.0,2
20,1,2,1.0,4.0,4.0,3.0,3,6.0,6.58,2.0,7.0,5.0,5.0,5.0,3.0,7.0,6.0,4.0,5.0,2
26,0,1,4.0,7.0,2.0,2.0,4,1.0,6.79,2.0,6.0,4.0,6.0,5.0,5.0,7.0,7.0,5.0,4.0,2
21,1,2,3.0,7.0,3.0,3.0,1,0.0,5.99,3.0,9.0,4.0,6.0,4.0,4.0,6.0,4.0,8.0,2.0,0
21,2,1,4.0,5.0,3.0,2.0,4,2.0,5.71,3.0,5.0,6.0,5.0,5.0,4.0,6.0,4.0,5.0,3.0,0
20,1,2,1.0,4.0,2.0,1.0,3,1.0,5.44,2.0,6.0,4.0,4.0,4.0,1.0,6.0,5.0,3.0,4.0,0
22,0,1,0.0,4.0,3.0,0.0,4,4.0,5.69,3.0,6.0,4.0,5.0,6.0,3.0,6.0,4.0,6.0,4.0,0
20,0,1,6.0,10.0,3.0,2.0,0,5.0,6.58,2.0,6.0,6.0,5.0,5.0,6.0,6.0,7.0,6.0,4.0,0
26,0,2,4.0,7.0,4.0,0.0,3,3.0,7.85,3.0,4.0,4.0,3.0,4.0,4.0,7.0,7.0,5.0,4.0,2
20,0,1,4.0,8.0,5.0,2.0,0,4.0,6.88,2.0,6.0,5.0,8.0,5.0,5.0,7.0,2.0,7.0,2.0,0
19,2,2,3.0,5.0,5.0,4.0,3,3.0,6.48,1.0,5.0,6.0,6.0,4.0,4.0,6.0,4.0,7.0,3.0,0
22,0,1,2.0,6.0,1.0,4.0,1,5.0,6.43,2.0,5.0,5.0,4.0,7.0,5.0,8.0,4.0,5.0,5.0,2
23,1,2,3.0,7.0,4.0,0.0,4,3.0,5.83,1.0,6.0,5.0,6.0,3.0,3.0,6.0,3.0,6.0,2.0,0
18,0,1,2.0,5.0,3.0,3.0,4,1.0,6.07,0.0,6.0,6.0,5.0,6.0,4.0,5.0,4.0,6.0,3.0,0
23,2,0,5.0,8.0,2.0,2.0,0,3.0,4.81,1.0,6.0,4.0,6.0,5.0,6.0,7.0,4.0,6.0,3.0,0
20,1,1,4.0,8.0,5.0,2.0,3,0.0,6.27,1.0,9.0,5.0,5.0,6.0,7.0,5.0,3.0,6.0,3.0,0
21,0,1,5.0,9.0,2.0,1.0,1,2.0,6.28,1.0,5.0,4.0,3.0,6.0,3.0,6.0,4.0,5.0,4.0,2
23,0,2,5.0,7.0,3.0,0.0,3,2.0,5.78,3.0,6.0,7.0,3.0,6.0,6.0,6.0,7.0,6.0,5.0,2
25,1,0,1.0,4.0,2.0,1.0,2,1.0,6.05,1.0,6.0,4.0,6.0,4.0,1.0,7.0,4.0,7.0,3.0,0
26,1,0,3.0,8.0,0.0,3.0,0,5.0,8.31,2.0,3.0,3.0,4.0,6.0,4.0,9.0,7.0,5.0,6.0,2
23,2,1,3.0,5.0,1.0,2.0,3,3.0,6.28,2.0,3.0,3.0,3.0,8.0,3.0,7.0,5.0,2.0,6.0,2
24,0,2,4.0,9.0,0.0,1.0,0,4.0,4.28,2.0,5.0,4.0,6.0,4.0,5.0,4.0,4.0,7.0,2.0,0
22,1,1,3.0,5.0,2.0,2.0,2,3.0,7.16,2.0,6.0,3.0,3.0,5.0,5.0,8.0,5.0,5.0,4.0,2
26,0,2,4.0,7.0,1.0,4.0,3,3.0,7.91,1.0,6.0,2.0,2.0,5.0,4.0,8.0,6.0,4.0,5.0,2
21,0,1,5.0,8.0,4.0,3.0,3,1.0,8.58,2.0,3.0,6.0,5.0,5.0,4.0,9.0,3.0,6.0,4.0,0
23,0,1,4.0,8.0,4.0,1.0,0,3.0,4.39,2.0,3.0,5.0,8.0,3.0,5.0,4.0,2.0,8.0,1.0,0
22,1,2,4.0,8.0,2.0,1.0,2,5.0,7.83,3.0,6.0,5.0,6.0,5.0,4.0,8.0,7.0,7.0,5.0,2
18,2,2,5.0,6.0,2.0,1.0,1,1.0,6.68,1.0,3.0,7.0,6.0,4.0,4.0,8.0,3.0,7.0,3.0,0
22,0,2,4.0,7.0,2.0,0.0,4,6.0,7.73,2.0,3.0,5.0,4.0,6.0,5.0,9.0,7.0,7.0,5.0,2
22,0,2,5.0,7.0,3.0,3.0,0,5.0,4.97,3.0,9.0,6.0,5.0,6.0,3.0,5.0,5.0,4.0,4.0,0
26,1,2,5.0,8.0,4.0,2.0,0,3.0,8.88,0.0,7.0,4.0,3.0,7.0,4.0,10.0,6.0,4.0,6.0,2
18,1,1,3.0,8.0,2.0,0.0,4,4.0,5.62,2.0,5.0,5.0,5.0,5.0,4.0,5.0,5.0,5.0,3.0,0
22,1,2,3.0,5.0,3.0,3.0,3,4.0,5.64,1.0,10.0,4.0,5.0,5.0,4.0,6.0,4.0,5.0,4.0,0
24,2,2,5.0,7.0,2.0,3.0,0,1.0,6.37,2.0,6.0,5.0,5.0,3.0,5.0,8.0,6.0,8.0,4.0,0
23,1,1,3.0,6.0,4.0,3.0,1,3.0,7.37,1.0,7.0,4.0,4.0,6.0,4.0,7.0,5.0,5.0,4.0,2
23,0,2,4.0,7.0,4.0,2.0,2,3.0,6.25,3.0,6.0,6.0,5.0,5.0,5.0,6.0,5.0,4.0,4.0,0
24,1,2,4.0,6.0,4.0,0.0,3,2.0,7.82,1.0,7.0,6.0,4.0,6.0,4.0,8.0,5.0,4.0,5.0,2
23,1,0,7.0,10.0,4.0,3.0,0,4.0,6.03,1.0,10.0,5.0,4.0,6.0,5.0,5.0,5.0,6.0,3.0,0
22,1,1,5.0,8.0,0.0,0.0,1,2.0,6.43,0.0,5.0,4.0,4.0,6.0,6.0,7.0,4.0,5.0,4.0,2
22,0,1,6.0,8.0,1.0,0.0,4,2.0,5.21,1.0,9.0,3.0,4.0,7.0,5.0,4.0,6.0,5.0,4.0,2
26,0,0,5.0,7.0,3.0,3.0,3,1.0,6.34,1.0,8.0,5.0,4.0,6.0,4.0,6.0,6.0,7.0,4.0,2
25,2,1,4.0,7.0,3.0,3.0,1,2.0,9.19,2.0,6.0,5.0,4.0,6.0,5.0,9.0,6.0,5.0,6.0,2
21,2,2,5.0,7.0,3.0,1.0,0,5.0,7.43,1.0,7.0,6.0,5.0,6.0,4.0,8.0,4.0,3.0,5.0,2
21,1,0,3.0,6.0,4.0,1.0,4,2.0,10.0,1.0,6.0,6.0,4.0,5.0,3.0,10.0,6.0,4.0,5.0,2
22,0,2,2.0,4.0,5.0,3.0,0,4.0,8.24,2.0,8.0,5.0,4.0,6.0,4.0,8.0,5.0,4.0,5.0,2
20,0,0,5.0,10.0,2.0,3.0,2,3.0,6.9,2.0,7.0,7.0,5.0,5.0,6.0,8.0,4.0,7.0,4.0,0
25,0,1,5.0,8.0,1.0,1.0,0,3.0,5.13,1.0,8.0,4.0,5.0,4.0,4.0,4.0,5.0,6.0,3.0,0
24,1,1,6.0,9.0,4.0,0.0,4,0.0,8.05,1.0,5.0,6.0,6.0,6.0,4.0,8.0,6.0,9.0,4.0,2
22,0,1,5.0,9.0,2.0,0.0,2,4.0,5.47,2.0,5.0,5.0,6.0,7.0,5.0,6.0,3.0,6.0,3.0,0
20,1,2,3.0,7.0,0.0,1.0,2,2.0,5.18,0.0,4.0,6.0,7.0,4.0,3.0,5.0,4.0,6.0,2.0,0
22,1,1,2.0,6.0,3.0,4.0,3,3.0,6.29,3.0,4.0,5.0,5.0,5.0,4.0,6.0,6.0,5.0,4.0,2
20,1,2,5.0,8.0,4.0,3.0,0,4.0,5.53,1.0,9.0,5.0,5.0,5.0,5.0,4.0,4.0,4.0,3.0,0
22,1,1,4.0,9.0,2.0,0.0,3,4.0,8.0,2.0,4.0,4.0,4.0,5.0,3.0,9.0,6.0,5.0,5.0,2
18,1,0,3.0,9.0,3.0,3.0,4,2.0,5.75,3.0,6.0,5.0,6.0,4.0,3.0,5.0,4.0,6.0,2.0,0
23,0,1,5.0,10.0,3.0,3.0,3,0.0,8.12,0.0,6.0,5.0,4.0,4.0,6.0,8.0,5.0,9.0,3.0,0
21,0,1,2.0,2.0,5.0,1.0,3,5.0,6.86,1.0,10.0,5.0,3.0,5.0,3.0,6.0,7.0,2.0,5.0,2
21,1,2,3.0,5.0,4.0,4.0,4,5.0,6.17,1.0,8.0,3.0,3.0,6.0,3.0,7.0,4.0,2.0,5.0,2
25,1,2,8.0,11.0,1.0,0.0,2,1.0,6.32,2.0,5.0,3.0,4.0,6.0,8.0,6.0,6.0,8.0,4.0,0
19,1,1,3.0,7.0,5.0,2.0,0,4.0,5.91,1.0,6.0,6.0,6.0,5.0,3.0,7.0,5.0,8.0,3.0,0
21,0,0,5.0,7.0,5.0,0.0,3,3.0,7.4,2.0,3.0,6.0,6.0,5.0,6.0,7.0,6.0,7.0,4.0,2
19,1,1,6.0,8.0,4.0,0.0,1,5.0,6.9,0.0,8.0,7.0,4.0,6.0,4.0,7.0,7.0,5.0,5.0,2
18,0,1,5.0,8.0,4.0,0.0,2,3.0,5.23,2.0,5.0,6.0,6.0,3.0,5.0,5.0,6.0,6.0,3.0,0
20,1,1,5.0,8.0,2.0,2.0,3,2.0,5.47,2.0,3.0,6.0,7.0,4.0,6.0,6.0,3.0,7.0,2.0,0
25,0,2,5.0,8.0,3.0,2.0,1,1.0,5.24,1.0,7.0,5.0,6.0,4.0,5.0,6.0,4.0,5.0,3.0,0
23,1,1,4.0,8.0,4.0,3.0,4,3.0,7.43,2.0,10.0,6.0,5.0,5.0,3.0,7.0,5.0,7.0,4.0,0
24,1,2,6.0,9.0,3.0,1.0,3,3.0,8.3,2.0,5.0,5.0,4.0,7.0,6.0,8.0,6.0,6.0,6.0,2
19,1,1,6.0,9.0,2.0,2.0,0,6.0,7.93,2.0,5.0,5.0,4.0,8.0,7.0,7.0,6.0,7.0,5.0,2
23,1,1,6.0,8.0,2.0,3.0,2,0.0,7.01,1.0,5.0,4.0,4.0,5.0,5.0,6.0,5.0,8.0,3.0,0
25,1,1,6.0,10.0,3.0,2.0,3,1.0,8.0,0.0,6.0,5.0,4.0,6.0,6.0,7.0,5.0,7.0,4.0,2
25,0,0,5.0,7.0,4.0,0.0,0,1.0,6.78,0.0,5.0,5.0,4.0,6.0,6.0,5.0,4.0,7.0,3.0,0
21,1,2,4.0,5.0,2.0,0.0,3,1.0,7.11,2.0,7.0,4.0,4.0,6.0,5.0,8.0,6.0,8.0,5.0,2
23,1,1,3.0,5.0,2.0,3.0,1,1.0,5.9,2.0,7.0,5.0,5.0,4.0,4.0,7.0,5.0,6.0,3.0,0
22,1,1,5.0,8.0,6.0,3.0,2,4.0,5.9,2.0,7.0,5.0,4.0,8.0,3.0,6.0,5.0,5.0,5.0,2
26,0,1,4.0,6.0,4.0,2.0,0,0.0,6.66,2.0,6.0,6.0,5.0,3.0,5.0,6.0,3.0,7.0,2.0,0
25,0,2,5.0,9.0,3.0,3.0,0,3.0,8.53,1.0,7.0,4.0,4.0,5.0,6.0,8.0,6.0,6.0,5.0,2
19,0,1,6.0,9.0,4.0,2.0,4,5.0,8.4,0.0,5.0,6.0,5.0,5.0,5.0,9.0,5.0,6.0,5.0,2
24,1,1,3.0,5.0,4.0,6.0,2,3.0,7.22,2.0,7.0,5.0,3.0,7.0,5.0,7.0,7.0,5.0,5.0,2
24,1,1,4.0,7.0,3.0,0.0,3,2.0,6.13,3.0,7.0,4.0,4.0,5.0,6.0,6.0,5.0,5.0,4.0,2
18,1,2,4.0,7.0,3.0,2.0,1,3.0,5.37,0.0,10.0,6.0,6.0,2.0,3.0,6.0,5.0,5.0,2.0,0
18,0,1,4.0,7.0,2.0,1.0,3,2.0,7.1,1.0,3.0,2.0,5.0,4.0,3.0,8.0,5.0,6.0,4.0,0
21,0,1,1.0,4.0,4.0,1.0,1,4.0,9.98,3.0,6.0,4.0,3.0,7.0,4.0,10.0,7.0,3.0,7.0,1
22,0,2,3.0,7.0,2.0,0.0,4,2.0,5.57,5.0,6.0,4.0,4.0,8.0,4.0,6.0,3.0,4.0,4.0,2
21,0,1,3.0,6.0,4.0,0.0,0,2.0,6.21,1.0,10.0,6.0,5.0,3.0,3.0,7.0,5.0,6.0,3.0,0
24,1,2,6.0,10.0,4.0,1.0,1,2.0,7.56,1.0,8.0,6.0,5.0,5.0,7.0,7.0,4.0,6.0,3.0,0
20,1,1,3.0,7.0,2.0,3.0,0,7.0,8.48,3.0,5.0,4.0,1.0,6.0,4.0,8.0,8.0,2.0,7.0,2
24,1,1,4.0,8.0,1.0,1.0,0,3.0,7.39,0.0,10.0,4.0,3.0,6.0,5.0,8.0,7.0,4.0,6.0,2
25,1,1,4.0,7.0,4.0,3.0,3,6.0,6.34,1.0,8.0,6.0,3.0,5.0,3.0,7.0,5.0,3.0,5.0,2
23,2,2,5.0,6.0,4.0,1.0,1,6.0,5.67,3.0,10.0,4.0,5.0,7.0,5.0,6.0,6.0,3.0,5.0,2
23,1,1,4.0,7.0,4.0,0.0,1,3.0,8.07,1.0,8.0,4.0,6.0,3.0,5.0,8.0,5.0,7.0,3.0,0
25,2,1,4.0,5.0,1.0,1.0,0,3.0,5.06,3.0,7.0,5.0,5.0,5.0,5.0,4.0,5.0,6.0,3.0,0
25,0,1,3.0,4.0,3.0,2.0,1,3.0,3.4,2.0,10.0,5.0,6.0,4.0,3.0,2.0,2.0,7.0,1.0,0
24,0,1,4.0,7.0,5.0,4.0,2,4.0,8.62,2.0,2.0,5.0,3.0,7.0,4.0,9.0,5.0,6.0,5.0,2
23,1,1,2.0,4.0,5.0,3.0,4,4.0,7.65,0.0,7.0,4.0,3.0,7.0,3.0,7.0,7.0,4.0,6.0,2
23,0,1,5.0,8.0,4.0,3.0,2,4.0,4.68,1.0,5.0,7.0,7.0,4.0,5.0,4.0,3.0,7.0,1.0,0
23,0,1,3.0,6.0,4.0,1.0,3,3.0,7.4,2.0,6.0,4.0,5.0,5.0,1.0,6.0,5.0,6.0,4.0,0
25,1,1,6.0,9.0,4.0,0.0,3,0.0,5.94,2.0,6.0,5.0,4.0,5.0,7.0,6.0,6.0,7.0,4.0,2
18,1,1,1.0,4.0,2.0,0.0,2,2.0,4.9,1.0,3.0,3.0,5.0,5.0,3.0,4.0,3.0,5.0,2.0,0
22,1,1,7.0,10.0,5.0,2.0,4,3.0,6.82,0.0,8.0,6.0,6.0,5.0,6.0,7.0,5.0,8.0,3.0,0
20,0,1,4.0,7.0,3.0,0.0,1,4.0,5.53,2.0,6.0,6.0,6.0,5.0,4.0,6.0,2.0,4.0,2.0,0
25,1,1,4.0,6.0,4.0,5.0,4,4.0,5.64,0.0,8.0,4.0,5.0,5.0,3.0,6.0,5.0,4.0,4.0,0
23,0,1,5.0,8.0,3.0,2.0,4,0.0,5.21,2.0,4.0,5.0,6.0,4.0,6.0,7.0,3.0,8.0,2.0,0
19,0,2,6.0,9.0,4.0,0.0,1,2.0,6.76,2.0,2.0,5.0,5.0,5.0,6.0,7.0,5.0,5.0,4.0,0
24,1,2,7.0,9.0,3.0,1.0,1,4.0,7.84,2.0,4.0,5.0,4.0,6.0,6.0,7.0,7.0,5.0,5.0,2
24,0,1,4.0,7.0,1.0,2.0,1,2.0,5.31,1.0,7.0,4.0,5.0,3.0,4.0,4.0,4.0,7.0,2.0,0
22,1,2,1.0,3.0,2.0,0.0,1,4.0,7.05,3.0,5.0,4.0,5.0,6.0,3.0,8.0,4.0,4.0,4.0,2
25,0,0,4.0,7.0,3.0,3.0,0,3.0,7.01,2.0,5.0,6.0,7.0,4.0,5.0,8.0,5.0,5.0,4.0,0
22,1,1,3.0,7.0,5.0,2.0,2,1.0,4.98,3.0,7.0,4.0,4.0,6.0,5.0,5.0,4.0,7.0,3.0,0
18,1,1,5.0,7.0,2.0,3.0,0,3.0,6.61,3.0,5.0,5.0,6.0,7.0,3.0,7.0,4.0,7.0,4.0,0
26,1,0,3.0,7.0,2.0,1.0,2,0.0,7.55,2.0,5.0,7.0,6.0,5.0,5.0,8.0,4.0,8.0,3.0,0
21,0,2,2.0,6.0,2.0,0.0,2,5.0,7.87,2.0,6.0,3.0,4.0,6.0,3.0,7.0,7.0,6.0,5.0,2
19,1,2,3.0,5.0,4.0,2.0,2,3.0,6.38,4.0,7.0,4.0,4.0,5.0,3.0,8.0,5.0,6.0,4.0,2
21,1,1,6.0,9.0,3.0,1.0,4,4.0,5.21,1.0,4.0,4.0,4.0,6.0,5.0,5.0,5.0,6.0,4.0,0
26,1,1,4.0,8.0,3.0,0.0,2,0.0,6.7,1.0,7.0,5.0,6.0,4.0,6.0,6.0,5.0,8.0,3.0,0
19,1,1,5.0,8.0,4.0,1.0,1,2.0,6.87,2.0,8.0,4.0,3.0,7.0,5.0,7.0,4.0,6.0,4.0,2
21,0,2,3.0,6.0,5.0,5.0,4,2.0,5.57,2.0,7.0,4.0,6.0,3.0,4.0,5.0,4.0,3.0,3.0,0
19,0,1,6.0,8.0,5.0,3.0,4,2.0,4.4,1.0,5.0,4.0,6.0,4.0,4.0,5.0,4.0,8.0,2.0,0
22,2,2,3.0,6.0,5.0,3.0,0,2.0,7.46,2.0,6.0,6.0,3.0,5.0,3.0,8.0,3.0,4.0,4.0,2
20,1,0,3.0,4.0,3.0,0.0,3,4.0,6.81,2.0,9.0,5.0,4.0,5.0,5.0,7.0,4.0,3.0,4.0,0
19,1,1,6.0,8.0,3.0,2.0,4,3.0,5.1,3.0,5.0,7.0,6.0,3.0,5.0,6.0,5.0,7.0,3.0,0
26,0,1,6.0,8.0,3.0,4.0,1,3.0,8.48,2.0,6.0,4.0,5.0,4.0,5.0,8.0,6.0,6.0,4.0,2
22,0,2,1.0,2.0,1.0,4.0,4,3.0,6.97,1.0,5.0,3.0,4.0,6.0,2.0,7.0,4.0,3.0,4.0,2
22,1,1,5.0,7.0,1.0,0.0,0,5.0,4.57,1.0,8.0,5.0,7.0,4.0,6.0,4.0,4.0,6.0,2.0,0
18,0,0,2.0,4.0,4.0,2.0,4,0.0,7.19,3.0,7.0,5.0,6.0,4.0,3.0,6.0,4.0,6.0,3.0,0
23,0,2,6.0,8.0,1.0,2.0,3,3.0,8.14,1.0,8.0,5.0,3.0,5.0,5.0,6.0,7.0,5.0,5.0,2
24,1,1,6.0,10.0,2.0,5.0,2,4.0,6.15,1.0,7.0,4.0,3.0,7.0,6.0,5.0,5.0,4.0,5.0,2
18,0,1,6.0,10.0,3.0,1.0,4,4.0,8.74,2.0,7.0,6.0,2.0,5.0,5.0,9.0,7.0,6.0,6.0,2
26,1,2,7.0,10.0,2.0,1.0,0,0.0,6.35,0.0,6.0,6.0,7.0,4.0,7.0,7.0,2.0,9.0,2.0,0
25,2,1,4.0,9.0,2.0,3.0,3,2.0,7.85,2.0,6.0,2.0,2.0,7.0,4.0,8.0,8.0,5.0,7.0,2
25,0,1,4.0,7.0,2.0,2.0,2,3.0,3.81,0.0,5.0,4.0,6.0,5.0,5.0,4.0,2.0,5.0,2.0,0
24,1,1,4.0,8.0,0.0,4.0,4,4.0,6.48,0.0,4.0,4.0,5.0,5.0,4.0,6.0,5.0,7.0,4.0,0
22,1,2,4.0,6.0,3.0,0.0,1,0.0,8.03,2.0,4.0,4.0,4.0,4.0,5.0,10.0,4.0,7.0,4.0,2
20,2,1,4.0,7.0,3.0,2.0,4,2.0,4.14,2.0,4.0,5.0,4.0,5.0,5.0,5.0,4.0,6.0,3.0,0
26,0,2,4.0,6.0,3.0,3.0,1,4.0,8.42,2.0,4.0,5.0,3.0,6.0,3.0,9.0,8.0,4.0,6.0,2
24,1,1,6.0,7.0,1.0,2.0,0,4.0,7.7,1.0,10.0,6.0,7.0,4.0,7.0,9.0,5.0,5.0,4.0,0
25,0,1,2.0,5.0,2.0,4.0,2,4.0,7.56,2.0,8.0,3.0,5.0,5.0,3.0,7.0,4.0,5.0,3.0,0
23,0,1,6.0,10.0,2.0,0.0,4,3.0,6.98,2.0,5.0,3.0,5.0,5.0,6.0,7.0,7.0,6.0,5.0,2
22,1,1,4.0,5.0,2.0,1.0,2,4.0,5.27,2.0,5.0,6.0,8.0,4.0,6.0,4.0,5.0,6.0,2.0,0
25,1,0,2.0,4.0,2.0,2.0,1,4.0,6.73,1.0,3.0,4.0,3.0,5.0,3.0,8.0,5.0,5.0,5.0,2
20,0,0,5.0,8.0,6.0,3.0,3,5.0,6.79,1.0,5.0,5.0,4.0,7.0,5.0,7.0,4.0,5.0,4.0,2
24,1,1,2.0,5.0,3.0,3.0,0,5.0,3.94,1.0,8.0,6.0,6.0,4.0,4.0,4.0,3.0,5.0,2.0,0
19,1,1,4.0,8.0,2.0,1.0,4,3.0,5.92,1.0,5.0,6.0,6.0,4.0,4.0,6.0,4.0,8.0,2.0,0
20,0,0,7.0,11.0,3.0,1.0,3,5.0,6.31,2.0,7.0,5.0,5.0,6.0,6.0,7.0,6.0,7.0,4.0,2
19,0,1,3.0,6.0,4.0,2.0,0,3.0,7.14,2.0,5.0,3.0,4.0,5.0,2.0,6.0,4.0,5.0,4.0,0
22,1,1,3.0,5.0,2.0,2.0,1,3.0,5.83,2.0,5.0,5.0,6.0,4.0,3.0,6.0,4.0,5.0,3.0,0
24,1,1,5.0,9.0,3.0,2.0,0,6.0,5.95,0.0,7.0,3.0,4.0,4.0,5.0,5.0,6.0,6.0,4.0,0
18,0,2,5.0,7.0,5.0,0.0,2,6.0,5.37,3.0,7.0,6.0,6.0,5.0,5.0,5.0,5.0,5.0,3.0,0
26,0,1,5.0,7.0,3.0,4.0,1,3.0,9.36,1.0,4.0,6.0,2.0,6.0,4.0,9.0,7.0,4.0,7.0,2
18,0,2,3.0,8.0,3.0,0.0,0,4.0,5.06,0.0,6.0,4.0,6.0,7.0,5.0,6.0,2.0,6.0,3.0,0
18,1,1,5.0,7.0,5.0,0.0,2,0.0,4.76,0.0,3.0,6.0,7.0,4.0,7.0,5.0,2.0,7.0,1.0,0
25,0,1,3.0,6.0,4.0,0.0,2,3.0,7.28,2.0,10.0,5.0,4.0,4.0,4.0,7.0,5.0,5.0,4.0,0
23,2,1,5.0,9.0,4.0,1.0,4,4.0,5.56,2.0,6.0,7.0,7.0,4.0,5.0,6.0,4.0,6.0,2.0,0
23,1,0,4.0,7.0,3.0,2.0,4,3.0,4.83,1.0,3.0,4.0,5.0,5.0,4.0,4.0,6.0,4.0,4.0,0
26,1,2,5.0,8.0,2.0,1.0,0,3.0,6.25,2.0,8.0,5.0,3.0,5.0,4.0,7.0,5.0,6.0,4.0,2
21,0,2,5.0,10.0,5.0,1.0,2,3.0,6.47,4.0,4.0,6.0,4.0,6.0,6.0,7.0,5.0,7.0,4.0,2
25,1,1,5.0,7.0,4.0,0.0,3,4.0,7.13,0.0,6.0,5.0,5.0,5.0,7.0,7.0,8.0,6.0,5.0,2
21,1,1,3.0,6.0,3.0,0.0,2,1.0,6.76,0.0,7.0,5.0,4.0,6.0,3.0,7.0,4.0,5.0,4.0,2
19,1,1,2.0,5.0,4.0,2.0,1,6.0,6.6,1.0,6.0,4.0,5.0,8.0,3.0,5.0,6.0,4.0,5.0,2
25,1,1,2.0,3.0,4.0,1.0,0,4.0,7.1,1.0,8.0,5.0,4.0,7.0,4.0,7.0,7.0,3.0,6.0,2
24,1,0,3.0,5.0,2.0,3.0,0,3.0,7.51,2.0,6.0,4.0,4.0,5.0,3.0,8.0,5.0,5.0,5.0,2
21,1,1,8.0,10.0,3.0,2.0,4,3.0,5.81,1.0,6.0,5.0,7.0,4.0,8.0,6.0,4.0,6.0,3.0,0
26,0,2,5.0,9.0,4.0,1.0,2,1.0,5.87,3.0,5.0,6.0,8.0,3.0,4.0,5.0,3.0,8.0,1.0,0
26,0,1,4.0,7.0,2.0,4.0,4,3.0,7.4,2.0,3.0,4.0,6.0,3.0,4.0,8.0,5.0,7.0,3.0,0
25,0,1,3.0,6.0,4.0,1.0,2,1.0,6.17,1.0,5.0,5.0,3.0,5.0,5.0,5.0,5.0,6.0,3.0,0
18,1,2,5.0,8.0,3.0,3.0,0,5.0,5.57,1.0,4.0,6.0,6.0,4.0,8.0,6.0,7.0,5.0,3.0,0
24,0,1,4.0,8.0,2.0,4.0,1,4.0,5.69,3.0,5.0,5.0,4.0,6.0,4.0,4.0,6.0,5.0,4.0,0
22,1,1,5.0,7.0,2.0,1.0,1,4.0,4.74,2.0,7.0,3.0,6.0,4.0,6.0,5.0,3.0,6.0,2.0,0
24,0,1,5.0,8.0,3.0,3.0,1,1.0,7.0,3.0,4.0,6.0,4.0,5.0,6.0,7.0,6.0,7.0,4.0,2
26,0,0,5.0,7.0,3.0,3.0,0,1.0,8.7,1.0,7.0,4.0,2.0,7.0,3.0,8.0,6.0,5.0,6.0,2
19,0,1,4.0,8.0,2.0,2.0,4,1.0,7.65,2.0,5.0,5.0,5.0,5.0,5.0,8.0,4.0,7.0,4.0,0
21,0,1,2.0,7.0,3.0,2.0,2,3.0,5.72,2.0,5.0,6.0,6.0,3.0,6.0,5.0,5.0,7.0,2.0,0
21,0,2,4.0,5.0,3.0,1.0,4,5.0,4.01,1.0,3.0,5.0,5.0,5.0,5.0,5.0,6.0,5.0,3.0,0
19,0,1,6.0,8.0,6.0,3.0,0,4.0,5.25,2.0,4.0,8.0,9.0,3.0,5.0,5.0,6.0,8.0,2.0,0
20,1,1,5.0,7.0,3.0,1.0,4,4.0,6.39,1.0,4.0,4.0,3.0,6.0,6.0,6.0,5.0,5.0,4.0,2
25,1,1,4.0,8.0,3.0,1.0,3,3.0,7.44,2.0,7.0,4.0,6.0,4.0,6.0,7.0,5.0,8.0,3.0,0
26,2,1,5.0,8.0,3.0,0.0,2,3.0,7.41,1.0,8.0,6.0,4.0,7.0,5.0,7.0,7.0,6.0,5.0,2
23,1,1,2.0,6.0,6.0,3.0,0,4.0,6.0,2.0,3.0,6.0,6.0,4.0,3.0,6.0,5.0,4.0,3.0,0
19,0,2,4.0,6.0,1.0,0.0,3,3.0,6.43,0.0,3.0,6.0,4.0,6.0,3.0,7.0,5.0,4.0,5.0,2
19,1,1,4.0,7.0,2.0,1.0,4,3.0,5.77,1.0,8.0,3.0,5.0,6.0,5.0,5.0,6.0,6.0,4.0,0
24,1,1,2.0,5.0,2.0,2.0,1,1.0,5.9,1.0,8.0,4.0,4.0,6.0,3.0,5.0,5.0,5.0,4.0,0
25,0,1,5.0,6.0,4.0,3.0,4,6.0,6.8,2.0,9.0,5.0,5.0,5.0,3.0,8.0,6.0,6.0,4.0,2
25,1,1,5.0,7.0,2.0,1.0,0,1.0,5.88,2.0,9.0,4.0,6.0,4.0,6.0,5.0,4.0,7.0,2.0,0
23,0,1,4.0,5.0,4.0,0.0,1,3.0,5.0,2.0,5.0,7.0,5.0,5.0,4.0,6.0,4.0,3.0,3.0,0
25,0,1,4.0,9.0,0.0,0.0,4,3.0,6.61,2.0,8.0,3.0,3.0,7.0,5.0,7.0,7.0,5.0,5.0,2
18,0,1,3.0,5.0,3.0,3.0,0,4.0,7.23,0.0,7.0,6.0,6.0,6.0,2.0,7.0,4.0,5.0,4.0,0
26,0,1,3.0,6.0,2.0,3.0,3,4.0,5.92,3.0,8.0,5.0,4.0,6.0,3.0,5.0,5.0,5.0,4.0,0
18,1,1,2.0,6.0,4.0,3.0,3,5.0,9.39,0.0,6.0,5.0,4.0,5.0,4.0,8.0,9.0,4.0,6.0,2
20,1,1,4.0,6.0,2.0,1.0,1,2.0,6.4,3.0,9.0,3.0,5.0,6.0,5.0,5.0,4.0,7.0,3.0,0
26,1,1,3.0,7.0,2.0,0.0,4,5.0,5.52,3.0,3.0,5.0,3.0,7.0,3.0,6.0,5.0,5.0,5.0,2
22,1,1,3.0,5.0,1.0,0.0,3,3.0,8.68,3.0,8.0,4.0,3.0,7.0,3.0,9.0,8.0,6.0,6.0,2
26,2,1,4.0,7.0,2.0,2.0,4,4.0,8.21,2.0,3.0,5.0,3.0,6.0,5.0,8.0,6.0,6.0,5.0,2
26,0,2,3.0,6.0,3.0,1.0,3,5.0,9.39,1.0,6.0,4.0,4.0,7.0,5.0,9.0,6.0,4.0,6.0,2
23,0,2,2.0,4.0,3.0,2.0,0,4.0,6.46,2.0,3.0,5.0,4.0,6.0,3.0,5.0,4.0,6.0,3.0,0
18,0,1,3.0,8.0,2.0,1.0,1,1.0,6.06,1.0,4.0,5.0,5.0,7.0,3.0,6.0,5.0,7.0,4.0,0
24,1,0,4.0,8.0,1.0,0.0,1,3.0,6.41,1.0,4.0,3.0,3.0,6.0,4.0,7.0,6.0,5.0,5.0,2
23,0,0,2.0,5.0,2.0,3.0,2,4.0,7.26,2.0,5.0,3.0,4.0,7.0,3.0,7.0,5.0,3.0,5.0,2
26,0,1,5.0,7.0,4.0,0.0,3,3.0,7.95,0.0,7.0,5.0,3.0,6.0,4.0,7.0,6.0,6.0,5.0,2
24,1,1,4.0,6.0,3.0,3.0,3,5.0,7.73,3.0,8.0,5.0,4.0,5.0,3.0,8.0,6.0,4.0,5.0,2
